{"p_array": [0.001, 0.053526315789473686, 0.10605263157894737, 0.15857894736842104, 0.21110526315789474, 0.26363157894736844, 0.3161578947368421, 0.3686842105263158, 0.4212105263157895, 0.4737368421052632, 0.5262631578947369, 0.5787894736842105, 0.6313157894736842, 0.6838421052631579, 0.7363684210526316, 0.7888947368421053, 0.841421052631579, 0.8939473684210526, 0.9464736842105264, 0.999], "mean_sharpness": [0.05338222102213135, -0.6095121164054526], "sharpness_error_true_minus_model": [], "posterior_variance": [0.06378223341945516, 0.24395238667847294], "bias_mse": [], "bias_nmse": [], "f_calibration": [], "f_calibration_mse": [], "f_calibration_nmse": [], "y_calibration": [[0.25200000405311584, 0.4047999978065491, 0.4422000050544739, 0.46619999408721924, 0.4875999987125397, 0.5049999952316284, 0.5216000080108643, 0.5324000120162964, 0.545799970626831, 0.5595999956130981, 0.5717999935150146, 0.5856000185012817, 0.6046000123023987, 0.6205999851226807, 0.6322000026702881, 0.6460000276565552, 0.6656000018119812, 0.6868000030517578, 0.7142000198364258, 0.8267999887466431], [0.024399999529123306, 0.19939999282360077, 0.303600013256073, 0.3944000005722046, 0.4772000014781952, 0.5455999970436096, 0.6033999919891357, 0.6592000126838684, 0.7039999961853027, 0.7411999702453613, 0.781000018119812, 0.8112000226974487, 0.8357999920845032, 0.8546000123023987, 0.871399998664856, 0.8894000053405762, 0.9079999923706055, 0.9282000064849854, 0.9485999941825867, 0.9876000285148621]], "y_calibration_mse": [0.040808128447341684, 0.04045712931822201], "y_calibration_nmse": [0.4448372499361689, 0.4410111130054086], "calibration_local_dist_to_nearest_train_sample": [[0.5014892658615698, 0.6580701632790278, 0.8146510606964859, 0.9712319581139439, 1.127812855531402, 1.2843937529488598, 1.4409746503663179, 1.597555547783776, 1.754136445201234, 1.910717342618692, 2.06729824003615, 2.223879137453608, 2.3804600348710663, 2.5370409322885243, 2.6936218297059824, 2.8502027271234405, 3.0067836245408985, 3.1633645219583566, 3.3199454193758147, 3.4765263167932727], [0.5014892658615698, 0.6580701632790278, 0.8146510606964859, 0.9712319581139439, 1.127812855531402, 1.2843937529488598, 1.4409746503663179, 1.597555547783776, 1.754136445201234, 1.910717342618692, 2.06729824003615, 2.223879137453608, 2.3804600348710663, 2.5370409322885243, 2.6936218297059824, 2.8502027271234405, 3.0067836245408985, 3.1633645219583566, 3.3199454193758147, 3.4765263167932727]], "calibration_local_y": [[0.0483108929595258, 0.02937537807304392, 0.02394591874613313, 0.02673576893591556, 0.0357577587449051, 0.04060713080420689, 0.05093729375897284, 0.047868510877186174, 0.04391081316169146, 0.04474632407333382, 0.05272925734157948, 0.05101266194365137, 0.042027747975953086, 0.039058841786948385, 0.0446302667077028, 0.04630705868682636, 0.10903131048192138, 0.14486814987176563, 0.1484257529711768, 0.13663915711679647], [0.025985925458072306, 0.0274660986417073, 0.028486317275649202, 0.039508506195554946, 0.04051241865205765, 0.04339192444200195, 0.03439506721020444, 0.043250024434609555, 0.046159198616800956, 0.051946092750449535, 0.04377911564354885, 0.04824165658714721, 0.05360142326760098, 0.05059658228420934, 0.08934048463666, 0.06715078656203512, 0.15380190493046572, 0.1613765486843003, 0.20234117679989141, 0.1684851627322171]], "elpd": [-9.730576805801164, -1.227581551642098], "expected_improvement": [null, null], "actual_improvement": [null, [[0.0043798098784342265]]], "mse": [0.8893342263626537, 0.6082961607316333], "nmse": [0.9065509743089334, 0.6200722527401911], "y_regret_pool": [0.10392094347921743, 0.10392094347921743, 0.10392094347921743, 0.10392094347921743, 0.10392094347921743, 0.10392094347921743, 0.028468764209823583, 0.018315568582544017, 0.018315568582544017, 0.018315568582544017, 0.018315568582544017, 0.0035834808096280035, 0.0035834808096280035, 0.0035834808096280035, 0.0035834808096280035, 0.0035834808096280035, 0.0035834808096280035, 0.0035834808096280035, 0.0035834808096280035, 0.0035834808096280035, 0.0035834808096280035, 0.0035834808096280035, 0.0035834808096280035, 0.0035834808096280035, 0.0035834808096280035, 0.0035834808096280035, 0.0035834808096280035, 0.0035834808096280035, 0.0035834808096280035, 0.0035834808096280035, 0.0035834808096280035, 0.0035834808096280035, 0.0035834808096280035, 0.0035834808096280035, 0.0035834808096280035, 0.0035834808096280035, 0.0035834808096280035, 0.0035834808096280035, 0.0035834808096280035, 0.0035834808096280035, 0.0035834808096280035, 0.0035834808096280035, 0.0035834808096280035, 0.0035834808096280035, 0.0035834808096280035, 0.0035834808096280035, 0.0035834808096280035, 0.0035834808096280035, 0.0035834808096280035, 0.0013935758704104462, 0.0013935758704104462, 0.0013935758704104462, 0.0013935758704104462, 0.0013935758704104462, 0.0013935758704104462, 0.0013935758704104462, 0.0013935758704104462, 0.0013935758704104462, 0.0013935758704104462, 0.0013935758704104462, 0.0013935758704104462, 0.0013935758704104462, 0.0013935758704104462, 0.0013935758704104462, 0.0013935758704104462, 0.0013935758704104462, 0.0013935758704104462, 0.0013935758704104462, 0.0013935758704104462, 0.0013935758704104462, 0.0013935758704104462, 0.0013935758704104462, 0.0013935758704104462, 0.0013935758704104462, 0.0013935758704104462, 0.0013935758704104462, 0.0013935758704104462, 0.0013935758704104462, 0.0013935758704104462, 0.0013935758704104462, 0.0013935758704104462, 0.0013935758704104462, 0.0013935758704104462, 0.0013935758704104462, 0.0013935758704104462, 0.0013935758704104462, 0.0013935758704104462, 0.0013935758704104462, 0.0013935758704104462, 0.0013935758704104462, 0.0013935758704104462, 0.0013935758704104462, 0.0013935758704104462, 0.0013935758704104462, 0.0013935758704104462, 0.0013935758704104462, 0.0013935758704104462, 0.0, 0.0, 0.0, 0.0],