{"p_array": [0.001, 0.053526315789473686, 0.10605263157894737, 0.15857894736842104, 0.21110526315789474, 0.26363157894736844, 0.3161578947368421, 0.3686842105263158, 0.4212105263157895, 0.4737368421052632, 0.5262631578947369, 0.5787894736842105, 0.6313157894736842, 0.6838421052631579, 0.7363684210526316, 0.7888947368421053, 0.841421052631579, 0.8939473684210526, 0.9464736842105264, 0.999], "mean_sharpness": [-0.03349002762950558, -0.1501627926216862], "sharpness_error_true_minus_model": [], "posterior_variance": [0.07023008578307621, 0.08360094536408494], "bias_mse": [], "bias_nmse": [], "f_calibration": [], "f_calibration_mse": [], "f_calibration_nmse": [], "y_calibration": [[0.039000000804662704, 0.15700000524520874, 0.21240000426769257, 0.24779999256134033, 0.2831999957561493, 0.31060001254081726, 0.335999995470047, 0.35920000076293945, 0.382999986410141, 0.4041999876499176, 0.42579999566078186, 0.4449999928474426, 0.46239998936653137, 0.48159998655319214, 0.4973999857902527, 0.5175999999046326, 0.5356000065803528, 0.5576000213623047, 0.5889999866485596, 0.6764000058174133], [0.004399999976158142, 0.06120000034570694, 0.10279999673366547, 0.14219999313354492, 0.18119999766349792, 0.23080000281333923, 0.28119999170303345, 0.33239999413490295, 0.38499999046325684, 0.4410000145435333, 0.5022000074386597, 0.5532000064849854, 0.6086000204086304, 0.6643999814987183, 0.7268000245094299, 0.7817999720573425, 0.8302000164985657, 0.8763999938964844, 0.9186000227928162, 0.9919999837875366]], "y_calibration_mse": [0.035612580916664235, 0.0005386273074483894], "y_calibration_nmse": [0.38820213425225514, 0.0058714158012672345], "calibration_local_dist_to_nearest_train_sample": [[0.49685635761900515, 0.6476408845226915, 0.7984254114263778, 0.9492099383300642, 1.0999944652337506, 1.2507789921374368, 1.4015635190411233, 1.5523480459448096, 1.7031325728484958, 1.8539170997521823, 2.0047016266558684, 2.155486153559555, 2.3062706804632414, 2.4570552073669276, 2.6078397342706143, 2.7586242611743, 2.909408788077987, 3.0601933149816727, 3.2109778418853594, 3.3617623687890457], [0.43133481677299795, 0.5165978028306772, 0.6018607888883565, 0.6871237749460357, 0.7723867610037151, 0.8576497470613943, 0.9429127331190736, 1.0281757191767529, 1.1134387052344321, 1.1987016912921113, 1.2839646773497906, 1.3692276634074698, 1.454490649465149, 1.5397536355228287, 1.625016621580508, 1.7102796076381872, 1.7955425936958664, 1.8808055797535457, 1.966068565811225, 2.051331551868904]], "calibration_local_y": [[0.005359111523833881, 0.009934599999166575, 0.02472645926852724, 0.015340565262675354, 0.026074730447069965, 0.022193348912912265, 0.029277589416932377, 0.03062668590930036, 0.03471875429510628, 0.03884790513544452, 0.04464360720569862, 0.04353367221159461, 0.05387982828811978, 0.07511677810360703, 0.0617406872144262, 0.06142312095904129, 0.13599642918773155, 0.2898950397579868, 0.23342171216862698, 0.3417372105263158], [0.003700453248222666, 0.0007460993067367526, 0.0008859217565410301, NaN, 0.002436756902152458, 0.0010937303153140969, 0.00018633835835922422, 0.0003511045935264097, 0.00020046102693592138, 0.00028437195070865975, 0.003846302893724499, 0.0009550717951476963, 0.0012743840929963202, 0.0005371766367564351, 0.001920837631449255, 0.008264952007928025, 0.03343428528032043, 0.009080388860406232, 0.08914130120460687, 0.025437208547441765]], "elpd": [-6.273550361177233, -0.278199714764754], "expected_improvement": [null, null], "actual_improvement": [null, [[0.32908668705387967]]], "mse": [1.200754376587461, 0.13332901444770762], "nmse": [1.1754001142541173, 0.13051373525750334], "y_regret_pool": [0.10695317329251108, 0.10695317329251108, 0.10695317329251108, 0.10695317329251108, 0.10695317329251108, 0.10695317329251108, 0.10695317329251108, 0.10695317329251108, 0.10695317329251108, 0.10695317329251108, 0.05317559272517003, 0.05317559272517003, 0.05317559272517003, 0.05317559272517003, 0.05317559272517003, 0.0012039756843436056, 0.0012039756843436056, 0.0012039756843436056, 0.0012039756843436056, 0.0012039756843436056, 0.0012039756843436056, 0.0012039756843436056, 0.0012039756843436056, 0.0012039756843436056, 0.0012039756843436056, 0.0012039756843436056, 0.0012039756843436056, 0.0012039756843436056, 0.0012039756843436056, 0.0012039756843436056, 0.0012039756843436056, 0.0012039756843436056, 0.0012039756843436056, 0.0012039756843436056, 0.0012039756843436056, 0.0012039756843436056, 0.0012039756843436056, 0.0012039756843436056, 0.0012039756843436056, 0.0012039756843436056, 0.0012039756843436056, 0.0012039756843436056, 0.0012039756843436056, 0.0012039756843436056, 0.0012039756843436056, 0.0012039756843436056, 0.0012039756843436056, 0.0012039756843436056, 0.0012039756843436056, 0.0012039756843436056, 0.0012039756843436056, 0.0012039756843436056, 0.0012039756843436056, 0.0012039756843436056, 0.0012039756843436056, 0.0012039756843436056, 0.0012039756843436056, 0.0012039756843436056, 0.0012039756843436056, 0.0012039756843436056, 0.0012039756843436056, 0.0012039756843436056, 0.0012039756843436056, 0.0012039756843436056, 0.0012039756843436056, 0.0012039756843436056, 0.0012039756843436056, 0.0012039756843436056, 0.0012039756843436056, 0.0012039756843436056, 0.0012039756843436056, 0.0012039756843436056, 0.0012039756843436056, 0.0012039756843436056, 0.0012039756843436056, 0.0012039756843436056, 0.0012039756843436056, 0.0012039756843436056, 0.0012039756843436056, 0.0012039756843436056, 0.0012039756843436056, 0.0012039756843436056, 0.0012039756843436056, 0.0012039756843436056, 0.0012039756843436056, 0.0012039756843436056, 0.0012039756843436056, 0.0012039756843436056, 0.0012039756843436056, 0.0012039756843436056, 0.0012039756843436056, 0.0012039756843436056, 0.0012039756843436056, 0.0012039756843436056, 0.0012039756843436056, 0.0012039756843436056, 0.0012039756843436056, 0.0012039756843436056, 0.0012039756843436056, 0.0012039756843436056, 0.0012039756843436056],