{"p_array": [0.001, 0.053526315789473686, 0.10605263157894737, 0.15857894736842104, 0.21110526315789474, 0.26363157894736844, 0.3161578947368421, 0.3686842105263158, 0.4212105263157895, 0.4737368421052632, 0.5262631578947369, 0.5787894736842105, 0.6313157894736842, 0.6838421052631579, 0.7363684210526316, 0.7888947368421053, 0.841421052631579, 0.8939473684210526, 0.9464736842105264, 0.999], "mean_sharpness": [-0.015615115136618781, -0.10023796584387591, -0.10023796584387591], "sharpness_error_true_minus_model": [], "posterior_variance": [0.07033988443255618, 0.07568252320213814, 0.07568252320213814], "bias_mse": [], "bias_nmse": [], "f_calibration": [], "f_calibration_mse": [], "f_calibration_nmse": [], "y_calibration": [[0.15860000252723694, 0.2802000045776367, 0.32019999623298645, 0.3497999906539917, 0.3747999966144562, 0.3991999924182892, 0.4187999963760376, 0.4357999861240387, 0.45680001378059387, 0.47620001435279846, 0.4973999857902527, 0.5166000127792358, 0.5356000065803528, 0.5564000010490417, 0.5784000158309937, 0.6033999919891357, 0.631600022315979, 0.6732000112533569, 0.7307999730110168, 0.9118000268936157], [0.01899999938905239, 0.11320000141859055, 0.15919999778270721, 0.1979999989271164, 0.24160000681877136, 0.2881999909877777, 0.33899998664855957, 0.3885999917984009, 0.4399999976158142, 0.4973999857902527, 0.5562000274658203, 0.616599977016449, 0.6827999949455261, 0.7365999817848206, 0.7850000262260437, 0.8266000151634216, 0.8575999736785889, 0.8812000155448914, 0.9133999943733215, 0.9732000231742859], [0.01899999938905239, 0.11320000141859055, 0.15919999778270721, 0.1979999989271164, 0.24160000681877136, 0.2881999909877777, 0.33899998664855957, 0.3885999917984009, 0.4399999976158142, 0.4973999857902527, 0.5562000274658203, 0.616599977016449, 0.6827999949455261, 0.7365999817848206, 0.7850000262260437, 0.8266000151634216, 0.8575999736785889, 0.8812000155448914, 0.9133999943733215, 0.9732000231742859]], "y_calibration_mse": [0.022823492326037084, 0.001267944175191779, 0.001267944175191779], "y_calibration_nmse": [0.24879208987382412, 0.013821481685755595, 0.013821481685755595], "calibration_local_dist_to_nearest_train_sample": [[0.48660499529629103, 0.6296100263009582, 0.7726150573056254, 0.9156200883102925, 1.0586251193149596, 1.2016301503196267, 1.344635181324294, 1.4876402123289612, 1.6306452433336283, 1.7736502743382954, 1.9166553053429627, 2.05966033634763, 2.2026653673522967, 2.3456703983569644, 2.4886754293616313, 2.631680460366298, 2.774685491370966, 2.917690522375633, 3.0606955533802997, 3.2037005843849666], [0.43305852192842476, 0.5225170795652256, 0.6119756372020264, 0.7014341948388274, 0.7908927524756282, 0.8803513101124291, 0.96980986774923, 1.0592684253860307, 1.1487269830228317, 1.2381855406596327, 1.3276440982964335, 1.4171026559332343, 1.5065612135700353, 1.596019771206836, 1.685478328843637, 1.7749368864804378, 1.8643954441172386, 1.9538540017540396, 2.0433125593908406, 2.1327711170276413], [0.43305852192842476, 0.5225170795652256, 0.6119756372020264, 0.7014341948388274, 0.7908927524756282, 0.8803513101124291, 0.96980986774923, 1.0592684253860307, 1.1487269830228317, 1.2381855406596327, 1.3276440982964335, 1.4171026559332343, 1.5065612135700353, 1.596019771206836, 1.685478328843637, 1.7749368864804378, 1.8643954441172386, 1.9538540017540396, 2.0433125593908406, 2.1327711170276413]], "calibration_local_y": [[0.043790499999999996, 0.0229371827439897, 0.022988579324008662, 0.03679561351088293, 0.02776241247225556, 0.03231247371655679, 0.02578630710949311, 0.028958662768485154, 0.02561444174629431, 0.021593591315227735, 0.023222727958107127, 0.023248393987097694, 0.028320266881169724, 0.03699315882334116, 0.047345668419581766, 0.0744669809699092, 0.11052037128502519, 0.046082272206971246, 0.06428870779624231, 0.05679671619483895], [0.00978861449328682, 0.0012694949036791197, 0.004322985022877876, 0.0009957504227809922, 0.0009763411889150104, 0.001991563903160237, 0.0031156543454714577, 0.001507026065544205, 0.0015521018386206562, 0.0031660920483513205, 0.0020722793111521633, 0.0020487536208843894, 0.00169304346135522, 0.002007393453291032, 0.004827477763671184, 0.004844578619339176, 0.019458169421705467, 0.07123457894736841, 0.04223721052631579, 0.2918372105263158], [0.00978861449328682, 0.0012694949036791197, 0.004322985022877876, 0.0009957504227809922, 0.0009763411889150104, 0.001991563903160237, 0.0031156543454714577, 0.001507026065544205, 0.0015521018386206562, 0.0031660920483513205, 0.0020722793111521633, 0.0020487536208843894, 0.00169304346135522, 0.002007393453291032, 0.004827477763671184, 0.004844578619339176, 0.019458169421705467, 0.07123457894736841, 0.04223721052631579, 0.2918372105263158]], "elpd": [-4.918943579128143, -0.5574144171771718, -0.5574144171771718], "expected_improvement": [null, null, null], "actual_improvement": [null, null, null], "mse": [0.5538035690522057, 0.19116813033780208, 0.19116813033780208], "nmse": [0.550619801309845, 0.19006912166261686, 0.19006912166261686], "y_regret_pool": [0.009952228285151188, 0.009952228285151188, 0.009952228285151188, 0.009952228285151188, 0.009952228285151188, 0.009952228285151188, 0.009952228285151188, 0.009952228285151188, 0.009952228285151188, 0.009952228285151188, 0.009952228285151188, 0.009952228285151188, 0.009952228285151188, 0.009952228285151188, 0.009952228285151188, 0.009952228285151188, 0.009952228285151188, 0.009952228285151188, 0.009952228285151188, 0.004179935879763619, 0.004179935879763619, 0.004179935879763619, 0.004179935879763619, 0.004179935879763619, 0.004179935879763619, 0.004179935879763619, 0.004179935879763619, 0.004179935879763619, 0.004179935879763619, 0.004179935879763619, 0.004179935879763619, 0.004179935879763619, 0.004179935879763619, 0.004179935879763619, 0.004179935879763619, 0.004179935879763619, 0.004179935879763619, 0.004179935879763619, 0.004179935879763619, 0.004179935879763619, 0.004179935879763619, 0.004179935879763619, 0.004179935879763619, 0.004179935879763619, 0.004179935879763619, 0.004179935879763619, 0.004179935879763619, 0.004179935879763619, 0.004179935879763619, 0.004179935879763619, 0.004179935879763619, 0.004179935879763619, 0.004179935879763619, 0.004179935879763619, 0.004179935879763619, 0.004179935879763619, 0.004179935879763619, 0.004179935879763619, 0.004179935879763619, 0.004179935879763619, 0.004179935879763619, 0.004179935879763619, 0.004179935879763619, 0.004179935879763619, 0.004179935879763619, 0.004179935879763619, 0.004179935879763619, 0.004179935879763619, 0.004179935879763619, 0.004179935879763619, 0.004179935879763619, 0.004179935879763619, 0.004179935879763619, 0.004179935879763619, 0.004179935879763619, 0.004179935879763619, 0.004179935879763619, 0.004179935879763619, 0.004179935879763619, 0.004179935879763619, 0.004179935879763619, 0.004179935879763619, 0.004179935879763619, 0.004179935879763619, 0.004179935879763619, 0.004179935879763619, 0.004179935879763619, 0.004179935879763619, 0.004179935879763619, 0.004179935879763619, 0.004179935879763619, 0.004179935879763619, 0.004179935879763619, 0.004179935879763619, 0.004179935879763619, 0.004179935879763619, 0.004179935879763619, 0.004179935879763619, 0.004179935879763619, 0.004179935879763619, 0.004179935879763619, 0.004179935879763619],