{"p_array": [0.001, 0.053526315789473686, 0.10605263157894737, 0.15857894736842104, 0.21110526315789474, 0.26363157894736844, 0.3161578947368421, 0.3686842105263158, 0.4212105263157895, 0.4737368421052632, 0.5262631578947369, 0.5787894736842105, 0.6313157894736842, 0.6838421052631579, 0.7363684210526316, 0.7888947368421053, 0.841421052631579, 0.8939473684210526, 0.9464736842105264, 0.999], "mean_sharpness": [-0.2238482728097648, -0.2913257927555007], "sharpness_error_true_minus_model": [], "posterior_variance": [0.2170665493783997, 0.2582915378677671], "bias_mse": [], "bias_nmse": [], "f_calibration": [], "f_calibration_mse": [], "f_calibration_nmse": [], "y_calibration": [[0.12620000541210175, 0.36640000343322754, 0.40860000252723694, 0.462799996137619, 0.5091999769210815, 0.5523999929428101, 0.5789999961853027, 0.5974000096321106, 0.6110000014305115, 0.6209999918937683, 0.6299999952316284, 0.63919997215271, 0.6462000012397766, 0.6567999720573425, 0.6697999835014343, 0.6985999941825867, 0.73580002784729, 0.7788000106811523, 0.8109999895095825, 0.9422000050544739], [0.00139999995008111, 0.025200000032782555, 0.05139999836683273, 0.07980000227689743, 0.11140000075101852, 0.15320000052452087, 0.19120000302791595, 0.2295999974012375, 0.2680000066757202, 0.29919999837875366, 0.33500000834465027, 0.37220001220703125, 0.4059999883174896, 0.4456000030040741, 0.4925999939441681, 0.5598000288009644, 0.65420001745224, 0.7549999952316284, 0.8321999907493591, 0.9326000213623047]], "y_calibration_mse": [0.036147175830654535, 0.02457737866246657], "y_calibration_nmse": [0.3940295941338366, 0.2679106822788806], "calibration_local_dist_to_nearest_train_sample": [[0.5034046110189745, 0.6631495549223997, 0.8228944988258249, 0.98263944272925, 1.142384386632675, 1.3021293305361001, 1.4618742744395254, 1.6216192183429505, 1.7813641622463756, 1.9411091061498007, 2.100854050053226, 2.260598993956651, 2.4203439378600766, 2.5800888817635013, 2.739833825666927, 2.8995787695703514, 3.059323713473777, 3.2190686573772016, 3.378813601280627, 3.538558545184052], [0.473689651604702, 0.6037196360938548, 0.7337496205830075, 0.8637796050721602, 0.9938095895613129, 1.1238395740504656, 1.2538695585396185, 1.3838995430287713, 1.513929527517924, 1.6439595120070765, 1.7739894964962293, 1.904019480985382, 2.034049465474535, 2.1640794499636877, 2.29410943445284, 2.424139418941993, 2.5541694034311457, 2.6841993879202986, 2.814229372409451, 2.9442593568986037]], "calibration_local_y": [[0.06107984214593569, 0.015850846772546803, 0.028914443806309014, 0.0384554641531298, 0.04433669762766203, 0.03811470117248894, 0.06036823311688024, 0.04142902457300792, 0.053156985524643555, 0.041293842963015706, 0.03486925488055341, 0.03236524621197582, 0.03208600404476817, 0.023956222301890137, 0.02254593374737331, 0.014445104851194029, 0.015127044026421505, 0.03431795848616283, 0.04853844407894737, 0.17035416762585115], [0.011829141693621951, 0.00297630082858505, 0.0013681841085484488, 0.0049077524410330664, 0.01682633686640634, 0.03664436445055123, 0.02692870045470754, 0.03653885397052202, 0.035197464276095075, 0.04121602588732173, 0.05465940019774139, 0.05971520402227506, 0.062046427202017584, 0.07707648148173302, 0.10237379420130104, 0.14182861447231535, 0.163772921875, 0.15618012063756556, 0.1606395494146072, 0.14177142105263157]], "elpd": [-50193520299559.766, -1.8790446768802809], "expected_improvement": [null, null], "actual_improvement": [null, [[0.17374478151335238]]], "mse": [0.8374493232611301, 0.48932048938914396], "nmse": [0.8467245121339397, 0.4947399695085455], "y_regret_pool": [0.010208506747904522, 0.010208506747904522, 0.010208506747904522, 0.010208506747904522, 0.010208506747904522, 0.010208506747904522, 0.010208506747904522, 0.010208506747904522, 0.010208506747904522, 0.010208506747904522, 0.010208506747904522, 0.0030025019846775525, 0.0030025019846775525, 0.0030025019846775525, 0.0030025019846775525, 0.0030025019846775525, 0.0030025019846775525, 0.0030025019846775525, 0.0030025019846775525, 0.0030025019846775525, 0.0030025019846775525, 0.0030025019846775525, 0.0030025019846775525, 0.0030025019846775525, 0.0030025019846775525, 0.002402001587742175, 0.002402001587742175, 0.002402001587742175, 0.002402001587742175, 0.002402001587742175, 0.002402001587742175, 0.002402001587742175, 0.002402001587742175, 0.002402001587742175, 0.002402001587742175, 0.002402001587742175, 0.002402001587742175, 0.002402001587742175, 0.002402001587742175, 0.002402001587742175, 0.002402001587742175, 0.002402001587742175, 0.002402001587742175, 0.002402001587742175, 0.002402001587742175, 0.002402001587742175, 0.002402001587742175, 0.002402001587742175, 0.002402001587742175, 0.002402001587742175, 0.002402001587742175, 0.002402001587742175, 0.002402001587742175, 0.002402001587742175, 0.002402001587742175, 0.002402001587742175, 0.002402001587742175, 0.002402001587742175, 0.002402001587742175, 0.002402001587742175, 0.002402001587742175, 0.002402001587742175, 0.002402001587742175, 0.002402001587742175, 0.002402001587742175, 0.002402001587742175, 0.002402001587742175, 0.002402001587742175, 0.002402001587742175, 0.002402001587742175, 0.002402001587742175, 0.002402001587742175, 0.002402001587742175, 0.002402001587742175, 0.002402001587742175, 0.002402001587742175, 0.002402001587742175, 0.002402001587742175, 0.002402001587742175, 0.002402001587742175, 0.002402001587742175, 0.002402001587742175, 0.002402001587742175, 0.002402001587742175, 0.002402001587742175, 0.002402001587742175, 0.002402001587742175, 0.002402001587742175, 0.002402001587742175, 0.002402001587742175, 0.002402001587742175, 0.002402001587742175, 0.002402001587742175, 0.002402001587742175, 0.002402001587742175, 0.002402001587742175, 0.002402001587742175, 0.002402001587742175, 0.002402001587742175, 0.002402001587742175, 0.002402001587742175],