{"p_array": [0.001, 0.053526315789473686, 0.10605263157894737, 0.15857894736842104, 0.21110526315789474, 0.26363157894736844, 0.3161578947368421, 0.3686842105263158, 0.4212105263157895, 0.4737368421052632, 0.5262631578947369, 0.5787894736842105, 0.6313157894736842, 0.6838421052631579, 0.7363684210526316, 0.7888947368421053, 0.841421052631579, 0.8939473684210526, 0.9464736842105264, 0.999], "mean_sharpness": [0.08915946077389736, -0.21638270888279754, -0.21638270888279754], "sharpness_error_true_minus_model": [], "posterior_variance": [0.05917813115613782, 0.09599744442956892, 0.09599744442956892], "bias_mse": [], "bias_nmse": [], "f_calibration": [], "f_calibration_mse": [], "f_calibration_nmse": [], "y_calibration": [[0.23559999465942383, 0.34299999475479126, 0.37720000743865967, 0.4065999984741211, 0.43459999561309814, 0.45719999074935913, 0.47760000824928284, 0.4952000081539154, 0.5127999782562256, 0.5284000039100647, 0.5436000227928162, 0.5591999888420105, 0.5758000016212463, 0.5942000150680542, 0.6146000027656555, 0.6338000297546387, 0.6539999842643738, 0.6866000294685364, 0.7251999974250793, 0.8569999933242798], [0.00279999990016222, 0.061400000005960464, 0.11559999734163284, 0.1736000031232834, 0.22859999537467957, 0.2825999855995178, 0.335999995470047, 0.3912000060081482, 0.4408000111579895, 0.4957999885082245, 0.5515999794006348, 0.5956000089645386, 0.6470000147819519, 0.7008000016212463, 0.7544000148773193, 0.8058000206947327, 0.8515999913215637, 0.8853999972343445, 0.9182000160217285, 0.9932000041007996], [0.00279999990016222, 0.061400000005960464, 0.11559999734163284, 0.1736000031232834, 0.22859999537467957, 0.2825999855995178, 0.335999995470047, 0.3912000060081482, 0.4408000111579895, 0.4957999885082245, 0.5515999794006348, 0.5956000089645386, 0.6470000147819519, 0.7008000016212463, 0.7544000148773193, 0.8058000206947327, 0.8515999913215637, 0.8853999972343445, 0.9182000160217285, 0.9932000041007996]], "y_calibration_mse": [0.03063310934704559, 0.0002948917537242488, 0.0002948917537242488], "y_calibration_nmse": [0.33392239824273, 0.003214527148061211, 0.003214527148061211], "calibration_local_dist_to_nearest_train_sample": [[0.5052561895343232, 0.6689007158742097, 0.8325452422140962, 0.9961897685539828, 1.1598342948938694, 1.3234788212337558, 1.4871233475736425, 1.650767873913529, 1.8144124002534154, 1.9780569265933021, 2.1417014529331886, 2.305345979273075, 2.4689905056129615, 2.6326350319528484, 2.796279558292735, 2.9599240846326214, 3.123568610972508, 3.2872131373123943, 3.450857663652281, 3.6145021899921677], [0.4322438009911297, 0.5228759387878228, 0.6135080765845158, 0.7041402143812089, 0.794772352177902, 0.885404489974595, 0.9760366277712881, 1.0666687655679812, 1.1573009033646744, 1.2479330411613674, 1.3385651789580604, 1.4291973167547534, 1.5198294545514466, 1.6104615923481396, 1.7010937301448328, 1.7917258679415258, 1.8823580057382188, 1.972990143534912, 2.0636222813316047, 2.154254419128298], [0.4322438009911297, 0.5228759387878228, 0.6135080765845158, 0.7041402143812089, 0.794772352177902, 0.885404489974595, 0.9760366277712881, 1.0666687655679812, 1.1573009033646744, 1.2479330411613674, 1.3385651789580604, 1.4291973167547534, 1.5198294545514466, 1.6104615923481396, 1.7010937301448328, 1.7917258679415258, 1.8823580057382188, 1.972990143534912, 2.0636222813316047, 2.154254419128298]], "calibration_local_y": [[0.07047614654524123, 0.0543311199319401, 0.04873673682716585, 0.04392140763165186, 0.04842921630672013, 0.048521120393850425, 0.04576097687802951, 0.048875671186990266, 0.042210418277767635, 0.04360384250868217, 0.028582430811091315, 0.021380148859159856, 0.025600345079638605, 0.0267481108258246, 0.016355896078353097, 0.01029742244490415, 0.013633236469862925, 0.02054650158557732, 0.07690826616719745, 0.19082563422326043], [0.0018382226882352592, 0.004581407153077839, 0.0006361334491441314, 0.0005088839870275123, 0.0006868404895057491, 0.0007173205487727282, 0.00024560004128302865, 0.00015065116648008988, 0.00016011058761056295, 0.0011322266709963475, 0.0011941664785545254, 0.0006472829131070079, 0.004356681904155225, 0.0026423936554415264, 0.0018191586320823502, 0.03792722644372063, 0.027626837587427455, 0.010244051624323397, 0.0562009095936735, 0.041800951108130154], [0.0018382226882352592, 0.004581407153077839, 0.0006361334491441314, 0.0005088839870275123, 0.0006868404895057491, 0.0007173205487727282, 0.00024560004128302865, 0.00015065116648008988, 0.00016011058761056295, 0.0011322266709963475, 0.0011941664785545254, 0.0006472829131070079, 0.004356681904155225, 0.0026423936554415264, 0.0018191586320823502, 0.03792722644372063, 0.027626837587427455, 0.010244051624323397, 0.0562009095936735, 0.041800951108130154]], "elpd": [-7.8560381017066945, -0.3187453407061102, -0.3187453407061102], "expected_improvement": [null, null, null], "actual_improvement": [null, null, null], "mse": [0.7052685133950496, 0.13150920659202706, 0.13150920659202706], "nmse": [0.7104152217499743, 0.13246889714883145, 0.13246889714883145], "y_regret_pool": [0.05820008748207517, 0.05820008748207517, 0.05820008748207517, 0.05820008748207517, 0.05820008748207517, 0.043551085870940476, 0.043551085870940476, 0.043551085870940476, 0.043551085870940476, 0.043551085870940476, 0.043551085870940476, 0.043551085870940476, 0.043551085870940476, 0.043551085870940476, 0.043551085870940476, 0.043551085870940476, 0.043551085870940476, 0.043551085870940476, 0.043551085870940476, 0.043551085870940476, 0.043551085870940476, 0.043551085870940476, 0.043551085870940476, 0.043551085870940476, 0.043551085870940476, 0.043551085870940476, 0.043551085870940476, 0.043551085870940476, 0.043551085870940476, 0.043551085870940476, 0.043551085870940476, 0.043551085870940476, 0.043551085870940476, 0.043551085870940476, 0.043551085870940476, 0.043551085870940476, 0.043551085870940476, 0.043551085870940476, 0.043551085870940476, 0.043551085870940476, 0.043551085870940476, 0.043551085870940476, 0.043551085870940476, 0.043551085870940476, 0.043551085870940476, 0.043551085870940476, 0.043551085870940476, 0.043551085870940476, 0.043551085870940476, 0.043551085870940476, 0.043551085870940476, 0.043551085870940476, 0.043551085870940476, 0.043551085870940476, 0.043551085870940476, 0.043551085870940476, 0.043551085870940476, 0.043551085870940476, 0.043551085870940476, 0.043551085870940476, 0.043551085870940476, 0.043551085870940476, 0.043551085870940476, 0.043551085870940476, 0.043551085870940476, 0.043551085870940476, 0.043551085870940476, 0.043551085870940476, 0.043551085870940476, 0.043551085870940476, 0.043551085870940476, 0.043551085870940476, 0.043551085870940476, 0.043551085870940476, 0.043551085870940476, 0.043551085870940476, 0.043551085870940476, 0.043551085870940476, 0.043551085870940476, 0.043551085870940476, 0.043551085870940476, 0.043551085870940476, 0.043551085870940476, 0.043551085870940476, 0.012867366280050696, 0.012867366280050696, 0.012867366280050696, 0.012867366280050696, 0.012867366280050696, 0.012867366280050696, 0.012867366280050696, 0.012867366280050696, 0.012867366280050696, 0.012867366280050696, 0.012867366280050696, 0.012867366280050696, 0.012867366280050696, 0.012867366280050696, 0.012867366280050696, 0.012867366280050696, 0.012867366280050696, 0.012867366280050696],