{"p_array": [0.001, 0.053526315789473686, 0.10605263157894737, 0.15857894736842104, 0.21110526315789474, 0.26363157894736844, 0.3161578947368421, 0.3686842105263158, 0.4212105263157895, 0.4737368421052632, 0.5262631578947369, 0.5787894736842105, 0.6313157894736842, 0.6838421052631579, 0.7363684210526316, 0.7888947368421053, 0.841421052631579, 0.8939473684210526, 0.9464736842105264, 0.999], "mean_sharpness": [-0.4899604585405374, -0.3671546459190588], "sharpness_error_true_minus_model": [], "posterior_variance": [0.15599112734740544, 0.12801870649807676], "bias_mse": [], "bias_nmse": [], "f_calibration": [], "f_calibration_mse": [], "f_calibration_nmse": [], "y_calibration": [[0.0, 0.0, 0.0, 0.015599999576807022, 0.10140000283718109, 0.17020000517368317, 0.2280000001192093, 0.2791999876499176, 0.32019999623298645, 0.35600000619888306, 0.3864000141620636, 0.41040000319480896, 0.43059998750686646, 0.4535999894142151, 0.4733999967575073, 0.49219998717308044, 0.5112000107765198, 0.5314000248908997, 0.5562000274658203, 0.6345999836921692], [0.014000000432133675, 0.07559999823570251, 0.11479999870061874, 0.15639999508857727, 0.2037999927997589, 0.24799999594688416, 0.28439998626708984, 0.3384000062942505, 0.38580000400543213, 0.43459999561309814, 0.48899999260902405, 0.5370000004768372, 0.590399980545044, 0.6470000147819519, 0.7020000219345093, 0.7559999823570251, 0.8090000152587891, 0.8555999994277954, 0.9035999774932861, 0.9842000007629395]], "y_calibration_mse": [0.045957389815733676, 0.0009377479066368392], "y_calibration_nmse": [0.5009678139553885, 0.010222110540060909], "calibration_local_dist_to_nearest_train_sample": [[0.5126890179875845, 0.6811993323671673, 0.8497096467467502, 1.018219961126333, 1.1867302755059157, 1.3552405898854987, 1.5237509042650814, 1.6922612186446642, 1.860771533024247, 2.02928184740383, 2.1977921617834126, 2.3663024761629954, 2.5348127905425786, 2.703323104922161, 2.871833419301744, 3.0403437336813264, 3.2088540480609096, 3.377364362440492, 3.545874676820075, 3.7143849911996574], [0.4299409380440201, 0.5157031724800387, 0.6014654069160573, 0.6872276413520759, 0.7729898757880945, 0.8587521102241131, 0.9445143446601317, 1.0302765790961503, 1.1160388135321688, 1.2018010479681875, 1.2875632824042063, 1.3733255168402247, 1.4590877512762432, 1.544849985712262, 1.6306122201482807, 1.7163744545842992, 1.8021366890203177, 1.8878989234563364, 1.973661157892355, 2.0594233923283736]], "calibration_local_y": [[0.021435949157184803, 0.031012765625, 0.023047032742761434, 0.02039127807266292, 0.009590535212712536, 0.009240180606112541, 0.020754322022433536, 0.04346927200431248, 0.04934439492905054, 0.08870612750001933, 0.10909191827372797, 0.13026735763025715, 0.14873914662571958, 0.17484722911548786, 0.1465728160518755, 0.21535780660345666, 0.2387771001970757, 0.3417372105263158, 0.3417372105263158, 0.3417372105263158], [0.009340143833882755, 0.004955917369554949, 0.002032843555277173, 0.00249808415011054, 0.0015567638083561306, 0.00033974136313623816, 0.0006610491039413453, 0.0006119516606710599, 0.0012359035508515987, 0.004327024582599417, 0.0021302418103223844, 0.008136450030795443, 0.01067320430072163, 0.004199718334907849, 0.005093602844590478, 0.005173237084464029, 0.017180151017583953, 0.05050201315789473, 0.03506878640757442, 0.0658161559572722]], "elpd": [-5.048839763171668, -0.6683271241408216], "expected_improvement": [null, null], "actual_improvement": [null, [[0.44450559040044135]]], "mse": [1.5782805716877366, 0.22024314613743537], "nmse": [1.5762510969945367, 0.21995994054049978], "y_regret_pool": [0.06281707535941616, 0.06281707535941616, 0.06281707535941616, 0.06281707535941616, 0.06281707535941616, 0.06281707535941616, 0.06281707535941616, 0.022933217988358345, 0.022933217988358345, 0.022933217988358345, 0.022933217988358345, 0.022933217988358345, 0.022933217988358345, 0.022933217988358345, 0.022933217988358345, 0.022933217988358345, 0.022933217988358345, 0.022933217988358345, 0.022933217988358345, 0.022933217988358345, 0.022933217988358345, 0.022933217988358345, 0.022933217988358345, 0.022933217988358345, 0.022933217988358345, 0.022933217988358345, 0.022933217988358345, 0.022933217988358345, 0.022933217988358345, 0.022933217988358345, 0.022933217988358345, 0.022933217988358345, 0.022933217988358345, 0.022933217988358345, 0.022933217988358345, 0.022933217988358345, 0.022933217988358345, 0.022933217988358345, 0.022933217988358345, 0.022933217988358345, 0.022933217988358345, 0.022933217988358345, 0.022933217988358345, 0.022933217988358345, 0.022933217988358345, 0.022933217988358345, 0.022933217988358345, 0.022933217988358345, 0.022933217988358345, 0.022933217988358345, 0.022933217988358345, 0.022933217988358345, 0.022933217988358345, 0.022933217988358345, 0.022933217988358345, 0.022933217988358345, 0.022933217988358345, 0.022933217988358345, 0.022933217988358345, 0.022933217988358345, 0.022933217988358345, 0.022933217988358345, 0.022933217988358345, 0.022933217988358345, 0.022933217988358345, 0.022933217988358345, 0.022933217988358345, 0.022933217988358345, 0.022933217988358345, 0.022933217988358345, 0.022933217988358345, 0.022933217988358345, 0.022933217988358345, 0.022933217988358345, 0.022933217988358345, 0.022933217988358345, 0.022933217988358345, 0.022933217988358345, 0.022933217988358345, 0.022933217988358345, 0.022933217988358345, 0.022933217988358345, 0.022933217988358345, 0.022933217988358345, 0.022933217988358345, 0.022933217988358345, 0.022933217988358345, 0.022933217988358345, 0.022933217988358345, 0.022933217988358345, 0.022933217988358345, 0.022933217988358345, 0.022933217988358345, 0.022933217988358345, 0.022933217988358345, 0.022933217988358345, 0.022933217988358345, 0.022933217988358345, 0.022933217988358345, 0.022933217988358345, 0.022933217988358345], "y_regret_test": [0.0622188174988505, 0.0622188174988505, 0.0622188174988505, 0.0622188174988505, 0.0622188174988505, 0.0622188174988505, 0.0622188174988505, 0.02233496012779268, 0.02233496012779268, 0.02233496012779268, 0.02233496012779268, 0.02233496012779268, 0.02233496012779268, 0.02233496012779268, 0.02233496012779268, 0.02233496012779268, 0.02233496012779268, 0.02233496012779268, 0.02233496012779268, 0.02233496012779268, 0.02233496012779268, 0.02233496012779268, 0.02233496012779268, 0.02233496012779268, 0.02233496012779268, 0.02233496012779268, 0.02233496012779268, 0.02233496012779268, 0.02233496012779268, 0.02233496012779268, 0.02233496012779268, 0.02233496012779268, 0.02233496012779268, 0.02233496012779268, 0.02233496012779268, 0.02233496012779268, 0.02233496012779268, 0.02233496012779268, 0.02233496012779268, 0.02233496012779268, 0.02233496012779268, 0.02233496012779268, 0.02233496012779268, 0.02233496012779268, 0.02233496012779268, 0.02233496012779268, 0.02233496012779268, 0.02233496012779268, 0.02233496012779268, 0.02233496012779268, 0.02233496012779268, 0.02233496012779268, 0.02233496012779268, 0.02233496012779268, 0.02233496012779268, 0.02233496012779268, 0.02233496012779268, 0.02233496012779268, 0.02233496012779268, 0.02233496012779268, 0.02233496012779268, 0.02233496012779268, 0.02233496012779268, 0.02233496012779268, 0.02233496012779268, 0.02233496012779268, 0.02233496012779268, 0.02233496012779268, 0.02233496012779268, 0.02233496012779268, 0.02233496012779268, 0.02233496012779268, 0.02233496012779268, 0.02233496012779268, 0.02233496012779268, 0.02233496012779268, 0.02233496012779268, 0.02233496012779268, 0.02233496012779268, 0.02233496012779268, 0.02233496012779268, 0.02233496012779268, 0.02233496012779268, 0.02233496012779268, 0.02233496012779268, 0.02233496012779268, 0.02233496012779268, 0.02233496012779268, 0.02233496012779268, 0.02233496012779268, 0.02233496012779268, 0.02233496012779268, 0.02233496012779268, 0.02233496012779268, 0.02233496012779268, 0.02233496012779268, 0.02233496012779268, 0.02233496012779268, 0.02233496012779268, 0.02233496012779268, 0.02233496012779268], "f_regret_pool": [], "f_regret_test": [],