{"p_array": [0.001, 0.053526315789473686, 0.10605263157894737, 0.15857894736842104, 0.21110526315789474, 0.26363157894736844, 0.3161578947368421, 0.3686842105263158, 0.4212105263157895, 0.4737368421052632, 0.5262631578947369, 0.5787894736842105, 0.6313157894736842, 0.6838421052631579, 0.7363684210526316, 0.7888947368421053, 0.841421052631579, 0.8939473684210526, 0.9464736842105264, 0.999], "mean_sharpness": [-1.441434561243276, -0.25452583035175574], "sharpness_error_true_minus_model": [], "posterior_variance": [1.0460195503771639, 0.1156025086180255], "bias_mse": [], "bias_nmse": [], "f_calibration": [], "f_calibration_mse": [], "f_calibration_nmse": [], "y_calibration": [[0.0, 0.0, 0.0, 0.0017999999690800905, 0.20479999482631683, 0.34380000829696655, 0.41679999232292175, 0.4611999988555908, 0.49480000138282776, 0.5235999822616577, 0.5465999841690063, 0.5691999793052673, 0.5892000198364258, 0.6119999885559082, 0.6340000033378601, 0.6628000140190125, 0.6872000098228455, 0.7268000245094299, 0.9998000264167786, 1.0], [0.04360000044107437, 0.15700000524520874, 0.21199999749660492, 0.2547999918460846, 0.29820001125335693, 0.35199999809265137, 0.40860000252723694, 0.4708000123500824, 0.5365999937057495, 0.5774000287055969, 0.6068000197410583, 0.6327999830245972, 0.6589999794960022, 0.6814000010490417, 0.7059999704360962, 0.7325999736785889, 0.760200023651123, 0.7901999950408936, 0.8327999711036682, 0.9340000152587891]], "y_calibration_mse": [0.008006807680286838, 0.007010373164685189], "y_calibration_nmse": [0.08727982499522373, 0.076417989215774], "calibration_local_dist_to_nearest_train_sample": [[0.5182002032062423, 0.6872734658020533, 0.8563467283978643, 1.0254199909936754, 1.1944932535894865, 1.3635665161852975, 1.5326397787811086, 1.7017130413769197, 1.8707863039727308, 2.039859566568542, 2.208932829164353, 2.378006091760164, 2.547079354355975, 2.716152616951786, 2.8852258795475976, 3.0542991421434085, 3.2233724047392194, 3.3924456673350303, 3.561518929930841, 3.7305921925266525], [0.49492828581399284, 0.6433810794656141, 0.7918338731172353, 0.9402866667688565, 1.0887394604204776, 1.237192254072099, 1.3856450477237203, 1.5340978413753414, 1.6825506350269626, 1.831003428678584, 1.9794562223302052, 2.1279090159818264, 2.2763618096334475, 2.424814603285069, 2.57326739693669, 2.7217201905883113, 2.8701729842399324, 3.0186257778915535, 3.167078571543175, 3.315531365194796]], "calibration_local_y": [[0.00815133532643348, 0.008075556071879934, 0.010133001948764509, 0.01523783193285386, 0.016958658471814693, 0.010701701391310397, 0.010898747615884795, 0.008621920567064368, 0.008918285890379643, 0.007116181614062722, 0.008079559015690392, 0.00959450648974267, 0.017416187318494977, 0.021443135260713002, 0.05823055607707556, 0.08965625876525923, 0.046909617217939334, 0.12888322852630113, 0.0769608947368421, 0.24718984210526312], [0.03818223860858396, 0.026479151066210065, 0.02425087636484167, 0.028364793198695816, 0.028138584551573982, 0.019530895018663914, 0.020391366240606567, 0.012318167654577225, 0.01463870416468667, 0.03329661102756743, 0.04216857062404516, 0.05568305109492997, 0.044229070414590246, 0.028856740137836696, 0.09492967771272046, 0.06474585501345326, 0.035347078947368424, 0.030368789473684203, 0.20779510526315786, 0.08163194736842104]], "elpd": [-1.433834788180234, -1.8140789958585803], "expected_improvement": [null, null], "actual_improvement": [null, [[0.02846733682971081]]], "mse": [1.03012052797242, 0.3658675753532943], "nmse": [1.0300642960912012, 0.3658476034941958], "y_regret_pool": [0.06509663736584193, 0.06509663736584193, 0.06509663736584193, 0.06509663736584193, 0.06509663736584193, 0.02926362597180021, 0.02926362597180021, 0.02926362597180021, 0.02926362597180021, 0.02926362597180021, 0.02926362597180021, 0.02926362597180021, 0.02926362597180021, 0.02926362597180021, 0.02926362597180021, 0.02926362597180021, 0.022097023692992046, 0.022097023692992046, 0.022097023692992046, 0.022097023692992046, 0.022097023692992046, 0.022097023692992046, 0.022097023692992046, 0.022097023692992046, 0.022097023692992046, 0.022097023692992046, 0.022097023692992046, 0.022097023692992046, 0.022097023692992046, 0.022097023692992046, 0.022097023692992046, 0.022097023692992046, 0.022097023692992046, 0.022097023692992046, 0.022097023692992046, 0.022097023692992046, 0.022097023692992046, 0.022097023692992046, 0.022097023692992046, 0.022097023692992046, 0.022097023692992046, 0.022097023692992046, 0.022097023692992046, 0.022097023692992046, 0.022097023692992046, 0.022097023692992046, 0.022097023692992046, 0.022097023692992046, 0.022097023692992046, 0.022097023692992046, 0.022097023692992046, 0.022097023692992046, 0.022097023692992046, 0.022097023692992046, 0.022097023692992046, 0.022097023692992046, 0.022097023692992046, 0.022097023692992046, 0.022097023692992046, 0.0065693854222408365, 0.0065693854222408365, 0.0065693854222408365, 0.0065693854222408365, 0.0065693854222408365, 0.0065693854222408365, 0.0065693854222408365, 0.0065693854222408365, 0.0033842288538814547, 0.0033842288538814547, 0.0033842288538814547, 0.0033842288538814547, 0.0033842288538814547, 0.0033842288538814547, 0.0, 0.0, 0.0, 0.0, 0.0, 0.0, 0.0, 0.0, 0.0, 0.0, 0.0, 0.0, 0.0, 0.0, 0.0, 0.0, 0.0, 0.0, 0.0, 0.0, 0.0, 0.0, 0.0, 0.0, 0.0, 0.0, 0.0, 0.0], "y_regret_test": [0.06449942050927482, 0.06449942050927482, 0.06449942050927482, 0.06449942050927482, 0.06449942050927482, 0.028666409115233105, 0.028666409115233105, 0.028666409115233105, 0.028666409115233105, 0.028666409115233105, 0.028666409115233105, 0.028666409115233105, 0.028666409115233105, 0.028666409115233105, 0.028666409115233105, 0.028666409115233105, 0.02149980683642494, 0.02149980683642494, 0.02149980683642494, 0.02149980683642494, 0.02149980683642494, 0.02149980683642494, 0.02149980683642494, 0.02149980683642494, 0.02149980683642494, 0.02149980683642494, 0.02149980683642494, 0.02149980683642494, 0.02149980683642494, 0.02149980683642494, 0.02149980683642494, 0.02149980683642494, 0.02149980683642494, 0.02149980683642494, 0.02149980683642494, 0.02149980683642494, 0.02149980683642494, 0.02149980683642494, 0.02149980683642494, 0.02149980683642494, 0.02149980683642494, 0.02149980683642494, 0.02149980683642494, 0.02149980683642494, 0.02149980683642494, 0.02149980683642494, 0.02149980683642494, 0.02149980683642494, 0.02149980683642494, 0.02149980683642494, 0.02149980683642494, 0.02149980683642494, 0.02149980683642494, 0.02149980683642494, 0.02149980683642494, 0.02149980683642494, 0.02149980683642494, 0.02149980683642494, 0.02149980683642494, 0.00597216856567373, 0.00597216856567373, 0.00597216856567373, 0.00597216856567373, 0.00597216856567373, 0.00597216856567373, 0.00597216856567373, 0.00597216856567373, 0.002787011997314348, 0.002787011997314348, 0.002787011997314348, 0.002787011997314348, 0.002787011997314348, 0.002787011997314348, 0.0005972168565671065, 0.0005972168565671065, 0.0005972168565671065, 0.0005972168565671065, 0.0005972168565671065, 0.0005972168565671065, 0.0005972168565671065, 0.0005972168565671065, 0.0005972168565671065, 0.0005972168565671065, 0.0005972168565671065, 0.0005972168565671065, 0.0005972168565671065, 0.0005972168565671065, 0.0005972168565671065, 0.0005972168565671065, 0.0005972168565671065, 0.0005972168565671065, 0.0005972168565671065, 0.0005972168565671065, 0.0005972168565671065, 0.0005972168565671065, 0.0005972168565671065, 0.0005972168565671065, 0.0005972168565671065, 0.0005972168565671065, 0.0005972168565671065, 0.0005972168565671065], "f_regret_pool": [], "f_regret_test": [],