{"p_array": [0.001, 0.053526315789473686, 0.10605263157894737, 0.15857894736842104, 0.21110526315789474, 0.26363157894736844, 0.3161578947368421, 0.3686842105263158, 0.4212105263157895, 0.4737368421052632, 0.5262631578947369, 0.5787894736842105, 0.6313157894736842, 0.6838421052631579, 0.7363684210526316, 0.7888947368421053, 0.841421052631579, 0.8939473684210526, 0.9464736842105264, 0.999], "mean_sharpness": [0.2905210498442891, 0.23574837833464354], "sharpness_error_true_minus_model": [], "posterior_variance": [0.08564049193376115, 0.0900525749043383], "bias_mse": [], "bias_nmse": [], "f_calibration": [], "f_calibration_mse": [], "f_calibration_nmse": [], "y_calibration": [[0.0737999975681305, 0.10599999874830246, 0.12860000133514404, 0.17479999363422394, 0.22040000557899475, 0.26660001277923584, 0.305400013923645, 0.33320000767707825, 0.3580000102519989, 0.3783999979496002, 0.3959999978542328, 0.4146000146865845, 0.43140000104904175, 0.4447999894618988, 0.4611999988555908, 0.4758000075817108, 0.49239999055862427, 0.5162000060081482, 0.5418000221252441, 0.6424000263214111], [0.00019999999494757503, 0.004399999976158142, 0.013199999928474426, 0.03060000017285347, 0.058400001376867294, 0.08900000154972076, 0.1225999966263771, 0.1542000025510788, 0.19339999556541443, 0.22519999742507935, 0.2556000053882599, 0.2824000120162964, 0.3118000030517578, 0.34220001101493835, 0.37040001153945923, 0.4059999883174896, 0.4805999994277954, 0.5618000030517578, 0.6549999713897705, 0.8338000178337097]], "y_calibration_mse": [0.04467963807563162, 0.0645791760549136], "y_calibration_nmse": [0.4870394229265865, 0.703958357621833], "calibration_local_dist_to_nearest_train_sample": [[0.48574772489633683, 0.6261761368284074, 0.766604548760478, 0.9070329606925487, 1.0474613726246194, 1.18788978455669, 1.3283181964887605, 1.4687466084208312, 1.6091750203529018, 1.7496034322849725, 1.890031844217043, 2.0304602561491136, 2.1708886680811843, 2.3113170800132545, 2.451745491945325, 2.592173903877396, 2.7326023158094666, 2.8730307277415372, 3.013459139673608, 3.1538875516056786], [0.4649434763459112, 0.5845676397275563, 0.7041918031092015, 0.8238159664908467, 0.9434401298724917, 1.0630642932541368, 1.1826884566357818, 1.302312620017427, 1.4219367833990724, 1.5415609467807174, 1.6611851101623625, 1.7808092735440075, 1.9004334369256526, 2.0200576003072976, 2.139681763688943, 2.259305927070588, 2.3789300904522332, 2.4985542538338783, 2.6181784172155234, 2.7378025805971684]], "calibration_local_y": [[0.1683603701754997, 0.010304422562457411, 0.013801591202472107, 0.012187630313078979, 0.01161563446005839, 0.016119939330967236, 0.027175879892826375, 0.035735584643931076, 0.029021844673864462, 0.04618671372336813, 0.04791883812675181, 0.07749218911803643, 0.08241838709115831, 0.11624578025309837, 0.10835760580192062, 0.14807689607668317, 0.14537008224805686, 0.1194221264897439, 0.1783529980869262, 0.3417372105263158], [0.011099541967445493, 0.0028799217064504083, 0.00400594563012248, 0.005635569594332504, 0.01530332382706719, 0.02752896448186526, 0.041060815427413175, 0.08925140118307932, 0.13909404345698048, 0.17391385429934034, 0.20367647599043576, 0.22495664171476357, 0.22613273759153918, 0.2420760114338451, 0.2634014949474961, 0.2292237208085172, 0.2529721611842105, 0.2576568777803285, 0.2528454342105263, 0.23778984210526316]], "elpd": [-15038831065295.152, -3.3479678640875026], "expected_improvement": [null, null], "actual_improvement": [null, [[0.3563993738335023]]], "mse": [1.2255192361942449, 0.47318184323281104], "nmse": [1.210510481347698, 0.4673868544042613], "y_regret_pool": [0.04980427247533581, 0.04980427247533581, 0.04980427247533581, 0.04980427247533581, 0.04980427247533581, 0.04980427247533581, 0.0, 0.0, 0.0, 0.0, 0.0, 0.0, 0.0, 0.0, 0.0, 0.0, 0.0, 0.0, 0.0, 0.0, 0.0, 0.0, 0.0, 0.0, 0.0, 0.0, 0.0, 0.0, 0.0, 0.0, 0.0, 0.0, 0.0, 0.0, 0.0, 0.0, 0.0, 0.0, 0.0, 0.0, 0.0, 0.0, 0.0, 0.0, 0.0, 0.0, 0.0, 0.0, 0.0, 0.0, 0.0, 0.0, 0.0, 0.0, 0.0, 0.0, 0.0, 0.0, 0.0, 0.0, 0.0, 0.0, 0.0, 0.0, 0.0, 0.0, 0.0, 0.0, 0.0, 0.0, 0.0, 0.0, 0.0, 0.0, 0.0, 0.0, 0.0, 0.0, 0.0, 0.0, 0.0, 0.0, 0.0, 0.0, 0.0, 0.0, 0.0, 0.0, 0.0, 0.0, 0.0, 0.0, 0.0, 0.0, 0.0, 0.0, 0.0, 0.0, 0.0, 0.0, 0.0], "y_regret_test": [0.04840975284602633, 0.04840975284602633, 0.04840975284602633, 0.04840975284602633, 0.04840975284602633, 0.04840975284602633, 0.0013945196293094764, 0.0013945196293094764, 0.0013945196293094764, 0.0013945196293094764, 0.0013945196293094764, 0.0013945196293094764, 0.0013945196293094764, 0.0013945196293094764, 0.0013945196293094764, 0.0013945196293094764, 0.0013945196293094764, 0.0013945196293094764, 0.0013945196293094764, 0.0013945196293094764, 0.0013945196293094764, 0.0013945196293094764, 0.0013945196293094764, 0.0013945196293094764, 0.0013945196293094764, 0.0013945196293094764, 0.0013945196293094764, 0.0013945196293094764, 0.0013945196293094764, 0.0013945196293094764, 0.0013945196293094764, 0.0013945196293094764, 0.0013945196293094764, 0.0013945196293094764, 0.0013945196293094764, 0.0013945196293094764, 0.0013945196293094764, 0.0013945196293094764, 0.0013945196293094764, 0.0013945196293094764, 0.0013945196293094764, 0.0013945196293094764, 0.0013945196293094764, 0.0013945196293094764, 0.0013945196293094764, 0.0013945196293094764, 0.0013945196293094764, 0.0013945196293094764, 0.0013945196293094764, 0.0013945196293094764, 0.0013945196293094764, 0.0013945196293094764, 0.0013945196293094764, 0.0013945196293094764, 0.0013945196293094764, 0.0013945196293094764, 0.0013945196293094764, 0.0013945196293094764, 0.0013945196293094764, 0.0013945196293094764, 0.0013945196293094764, 0.0013945196293094764, 0.0013945196293094764, 0.0013945196293094764, 0.0013945196293094764, 0.0013945196293094764, 0.0013945196293094764, 0.0013945196293094764, 0.0013945196293094764, 0.0013945196293094764, 0.0013945196293094764, 0.0013945196293094764, 0.0013945196293094764, 0.0013945196293094764, 0.0013945196293094764, 0.0013945196293094764, 0.0013945196293094764, 0.0013945196293094764, 0.0013945196293094764, 0.0013945196293094764, 0.0013945196293094764, 0.0013945196293094764, 0.0013945196293094764, 0.0013945196293094764, 0.0013945196293094764, 0.0013945196293094764, 0.0013945196293094764, 0.0013945196293094764, 0.0013945196293094764, 0.0013945196293094764, 0.0013945196293094764, 0.0013945196293094764, 0.0013945196293094764, 0.0013945196293094764, 0.0013945196293094764, 0.0013945196293094764, 0.0013945196293094764, 0.0013945196293094764, 0.0013945196293094764, 0.0013945196293094764, 0.0013945196293094764], "f_regret_pool": [], "f_regret_test": [], "x_y_opt_dist_pool": [1.8429966112805343, 1.8429966112805343, 1.8429966112805343, 1.8429966112805343, 1.8429966112805343, 1.8429966112805343, 1.8429966112805343, 0.0, 0.0, 0.0, 0.0, 0.0, 0.0, 0.0, 0.0, 0.0, 0.0, 0.0, 0.0, 0.0, 0.0, 0.0, 0.0, 0.0, 0.0, 0.0, 0.0, 0.0, 0.0, 0.0, 0.0, 0.0, 0.0, 0.0, 0.0, 0.0, 0.0, 0.0, 0.0, 0.0, 0.0, 0.0, 0.0, 0.0, 0.0, 0.0, 0.0, 0.0, 0.0, 0.0, 0.0, 0.0, 0.0, 0.0, 0.0, 0.0, 0.0, 0.0, 0.0, 0.0, 0.0, 0.0, 0.0, 0.0, 0.0, 0.0, 0.0, 0.0, 0.0, 0.0, 0.0, 0.0, 0.0, 0.0, 0.0, 0.0, 0.0, 0.0, 0.0, 0.0, 0.0, 0.0, 0.0, 0.0, 0.0, 0.0, 0.0, 0.0, 0.0, 0.0, 0.0, 0.0, 0.0, 0.0, 0.0, 0.0, 0.0, 0.0, 0.0, 0.0, 0.0, 0.0, 0.0], "x_f_opt_dist_pool": [],