{"p_array": [0.001, 0.053526315789473686, 0.10605263157894737, 0.15857894736842104, 0.21110526315789474, 0.26363157894736844, 0.3161578947368421, 0.3686842105263158, 0.4212105263157895, 0.4737368421052632, 0.5262631578947369, 0.5787894736842105, 0.6313157894736842, 0.6838421052631579, 0.7363684210526316, 0.7888947368421053, 0.841421052631579, 0.8939473684210526, 0.9464736842105264, 0.999], "mean_sharpness": [0.3713326102692188, -0.1744547895285608], "sharpness_error_true_minus_model": [], "posterior_variance": [0.034076016884539935, 0.08727575412202125], "bias_mse": [], "bias_nmse": [], "f_calibration": [], "f_calibration_mse": [], "f_calibration_nmse": [], "y_calibration": [[0.08619999885559082, 0.15219999849796295, 0.17440000176429749, 0.19259999692440033, 0.20260000228881836, 0.2152000069618225, 0.22300000488758087, 0.23260000348091125, 0.24320000410079956, 0.2529999911785126, 0.26080000400543213, 0.27160000801086426, 0.2833999991416931, 0.29739999771118164, 0.311599999666214, 0.32899999618530273, 0.34439998865127563, 0.36340001225471497, 0.3935999870300293, 0.5131999850273132], [0.00800000037997961, 0.07559999823570251, 0.1265999972820282, 0.17139999568462372, 0.21860000491142273, 0.2667999863624573, 0.31700000166893005, 0.37220001220703125, 0.43939998745918274, 0.5077999830245972, 0.5717999935150146, 0.6389999985694885, 0.6995999813079834, 0.753000020980835, 0.7914000153541565, 0.8217999935150146, 0.8521999716758728, 0.8772000074386597, 0.9125999808311462, 0.9735999703407288]], "y_calibration_mse": [0.10150919233665823, 0.0012069097323763624], "y_calibration_nmse": [1.1065214622755424, 0.013156163409068859], "calibration_local_dist_to_nearest_train_sample": [[0.48706660928289025, 0.6299368491290879, 0.7728070889752855, 0.9156773288214831, 1.0585475686676808, 1.2014178085138782, 1.344288048360076, 1.4871582882062735, 1.6300285280524713, 1.7728987678986687, 1.9157690077448666, 2.058639247591064, 2.201509487437262, 2.3443797272834592, 2.487249967129657, 2.6301202069758545, 2.772990446822052, 2.9158606866682497, 3.0587309265144476, 3.201601166360645], [0.4375598109970424, 0.5309232525573921, 0.6242866941177418, 0.7176501356780915, 0.8110135772384414, 0.9043770187987911, 0.9977404603591409, 1.0911039019194906, 1.1844673434798403, 1.27783078504019, 1.3711942266005397, 1.4645576681608894, 1.557921109721239, 1.6512845512815892, 1.744647992841939, 1.8380114344022886, 1.9313748759626383, 2.024738317522988, 2.1181017590833378, 2.2114652006436875]], "calibration_local_y": [[0.0669077400372598, 0.05453935250277988, 0.06595172560149151, 0.04598523273739227, 0.044834282423809844, 0.06192150383010864, 0.0745672608972647, 0.10167668065386423, 0.09834808903596529, 0.12310759177888912, 0.10828598479119848, 0.1153106277752725, 0.13150354502520462, 0.1286987629078831, 0.14411799523008506, 0.21103803509515046, 0.26120918288528444, 0.2641670305226434, 0.22063334539473684, 0.29858019182045314], [0.005242473463497, 0.006006468002566547, 0.0027509574881131706, 0.004283770575424171, 0.003065727611419512, 0.003442963071304985, 0.0015115802348004716, 0.001134328776397257, 0.0008620855459381433, 0.001351783858962314, 0.00147461173657106, 0.0017327610474479152, 0.002327654088297722, 0.008933621906768267, 0.010455559305967652, 0.007119303102352053, 0.017987361374004963, 0.12112668421052633, 0.06791878947368421, 0.018500368421052626]], "elpd": [-14.451776613343474, -0.48771027093015057], "expected_improvement": [null, null], "actual_improvement": [null, [[0.8656479436063962]]], "mse": [0.92016753894383, 0.17493053086634155], "nmse": [0.930606025014938, 0.17691496286657898], "y_regret_pool": [0.02432039677103437, 0.02432039677103437, 0.02432039677103437, 0.02432039677103437, 0.02432039677103437, 0.02432039677103437, 0.02432039677103437, 0.02432039677103437, 0.02432039677103437, 0.02432039677103437, 0.02432039677103437, 0.02432039677103437, 0.02432039677103437, 0.02432039677103437, 0.02432039677103437, 0.02432039677103437, 0.02432039677103437, 0.02432039677103437, 0.02432039677103437, 0.02432039677103437, 0.02432039677103437, 0.02432039677103437, 0.02432039677103437, 0.02432039677103437, 0.02432039677103437, 0.02432039677103437, 0.02432039677103437, 0.02432039677103437, 0.02432039677103437, 0.02432039677103437, 0.02432039677103437, 0.02432039677103437, 0.02432039677103437, 0.02432039677103437, 0.02432039677103437, 0.02432039677103437, 0.02432039677103437, 0.02432039677103437, 0.02432039677103437, 0.02432039677103437, 0.02432039677103437, 0.02432039677103437, 0.02432039677103437, 0.02432039677103437, 0.02432039677103437, 0.02432039677103437, 0.02432039677103437, 0.02432039677103437, 0.02432039677103437, 0.02432039677103437, 0.02432039677103437, 0.02432039677103437, 0.02432039677103437, 0.02432039677103437, 0.02432039677103437, 0.02432039677103437, 0.02432039677103437, 0.02432039677103437, 0.02432039677103437, 0.02432039677103437, 0.02432039677103437, 0.02432039677103437, 0.02432039677103437, 0.02432039677103437, 0.02432039677103437, 0.02432039677103437, 0.02432039677103437, 0.02432039677103437, 0.02432039677103437, 0.02432039677103437, 0.02432039677103437, 0.02432039677103437, 0.02432039677103437, 0.02432039677103437, 0.02432039677103437, 0.02432039677103437, 0.02432039677103437, 0.02432039677103437, 0.02432039677103437, 0.02432039677103437, 0.02432039677103437, 0.02432039677103437, 0.02432039677103437, 0.02432039677103437, 0.02432039677103437, 0.02432039677103437, 0.02432039677103437, 0.02432039677103437, 0.02432039677103437, 0.02432039677103437, 0.02432039677103437, 0.02432039677103437, 0.02432039677103437, 0.02432039677103437, 0.02432039677103437, 0.02432039677103437, 0.02432039677103437, 0.02432039677103437, 0.02432039677103437, 0.02432039677103437, 0.02432039677103437], "y_regret_test": [0.02689084521024898, 0.02689084521024898, 0.02689084521024898, 0.02689084521024898, 0.02689084521024898, 0.02689084521024898, 0.02689084521024898, 0.02689084521024898, 0.02689084521024898, 0.02689084521024898, 0.02689084521024898, 0.02689084521024898, 0.02689084521024898, 0.02689084521024898, 0.02689084521024898, 0.02689084521024898, 0.02689084521024898, 0.02689084521024898, 0.02689084521024898, 0.02689084521024898, 0.02689084521024898, 0.02689084521024898, 0.02689084521024898, 0.02689084521024898, 0.02689084521024898, 0.02689084521024898, 0.02689084521024898, 0.02689084521024898, 0.02689084521024898, 0.02689084521024898, 0.02689084521024898, 0.02689084521024898, 0.02689084521024898, 0.02689084521024898, 0.02689084521024898, 0.02689084521024898, 0.02689084521024898, 0.02689084521024898, 0.02689084521024898, 0.02689084521024898, 0.02689084521024898, 0.02689084521024898, 0.02689084521024898, 0.02689084521024898, 0.02689084521024898, 0.02689084521024898, 0.02689084521024898, 0.02689084521024898, 0.02689084521024898, 0.02689084521024898, 0.02689084521024898, 0.02689084521024898, 0.02689084521024898, 0.02689084521024898, 0.02689084521024898, 0.02689084521024898, 0.02689084521024898, 0.02689084521024898, 0.02689084521024898, 0.02689084521024898, 0.02689084521024898, 0.02689084521024898, 0.02689084521024898, 0.02689084521024898, 0.02689084521024898, 0.02689084521024898, 0.02689084521024898, 0.02689084521024898, 0.02689084521024898, 0.02689084521024898, 0.02689084521024898, 0.02689084521024898, 0.02689084521024898, 0.02689084521024898, 0.02689084521024898, 0.02689084521024898, 0.02689084521024898, 0.02689084521024898, 0.02689084521024898, 0.02689084521024898, 0.02689084521024898, 0.02689084521024898, 0.02689084521024898, 0.02689084521024898, 0.02689084521024898, 0.02689084521024898, 0.02689084521024898, 0.02689084521024898, 0.02689084521024898, 0.02689084521024898, 0.02689084521024898, 0.02689084521024898, 0.02689084521024898, 0.02689084521024898, 0.02689084521024898, 0.02689084521024898, 0.02689084521024898, 0.02689084521024898, 0.02689084521024898, 0.02689084521024898, 0.02689084521024898], "f_regret_pool": [], "f_regret_test": [],