{"p_array": [0.001, 0.053526315789473686, 0.10605263157894737, 0.15857894736842104, 0.21110526315789474, 0.26363157894736844, 0.3161578947368421, 0.3686842105263158, 0.4212105263157895, 0.4737368421052632, 0.5262631578947369, 0.5787894736842105, 0.6313157894736842, 0.6838421052631579, 0.7363684210526316, 0.7888947368421053, 0.841421052631579, 0.8939473684210526, 0.9464736842105264, 0.999], "mean_sharpness": [1.105953550929804, 0.16310314369435863], "sharpness_error_true_minus_model": [], "posterior_variance": [0.007569053773177653, 0.05241534107004096], "bias_mse": [], "bias_nmse": [], "f_calibration": [], "f_calibration_mse": [], "f_calibration_nmse": [], "y_calibration": [[0.525600016117096, 0.545799970626831, 0.5509999990463257, 0.555400013923645, 0.5587999820709229, 0.5613999962806702, 0.5627999901771545, 0.5637999773025513, 0.5651999711990356, 0.5673999786376953, 0.5699999928474426, 0.5720000267028809, 0.5740000009536743, 0.5777999758720398, 0.5806000232696533, 0.5834000110626221, 0.5860000252723694, 0.5892000198364258, 0.5938000082969666, 0.614799976348877], [0.47119998931884766, 0.5364000201225281, 0.5493999719619751, 0.5598000288009644, 0.5654000043869019, 0.573199987411499, 0.5809999704360962, 0.5861999988555908, 0.5916000008583069, 0.5950000286102295, 0.6000000238418579, 0.6037999987602234, 0.6100000143051147, 0.6158000230789185, 0.6215999722480774, 0.6287999749183655, 0.6377999782562256, 0.6467999815940857, 0.670799970626831, 0.8321999907493591]], "y_calibration_mse": [0.08620148337910617, 0.07253249426826228], "y_calibration_nmse": [0.9396566876685046, 0.7906551098744774], "calibration_local_dist_to_nearest_train_sample": [[0.5011007174539057, 0.6606144412342715, 0.8201281650146373, 0.9796418887950029, 1.1391556125753686, 1.2986693363557342, 1.4581830601361, 1.6176967839164658, 1.7772105076968314, 1.936724231477197, 2.096237955257563, 2.2557516790379286, 2.415265402818294, 2.57477912659866, 2.734292850379026, 2.8938065741593917, 3.0533202979397576, 3.2128340217201226, 3.3723477455004884, 3.531861469280854], [0.43798892003323375, 0.5343908463929274, 0.630792772752621, 0.7271946991123147, 0.8235966254720084, 0.919998551831702, 1.0164004781913958, 1.1128024045510894, 1.209204330910783, 1.3056062572704767, 1.4020081836301703, 1.498410109989864, 1.5948120363495577, 1.6912139627092513, 1.787615889068945, 1.8840178154286387, 1.9804197417883322, 2.076821668148026, 2.1732235945077196, 2.269625520867413]], "calibration_local_y": [[0.08651931587009694, 0.0915191631006359, 0.10556123839640585, 0.09013318299309217, 0.11035634118694797, 0.09622290723545102, 0.1229901908490055, 0.10794473399514426, 0.10278746268631653, 0.10022971383495156, 0.09912364792722768, 0.07869977608513658, 0.08452585289025231, 0.09833936120259523, 0.13875750075622248, 0.1251078808026439, 0.15864793824092138, 0.15236724753289474, 0.3417372105263158, 0.26452668421052633], [0.08022498529763736, 0.09335132929859666, 0.09199193161098934, 0.07723065984786184, 0.06096299728180151, 0.053288929028231104, 0.05717562994118045, 0.06511368521773477, 0.07166241578521616, 0.06028211481316722, 0.08199032290300702, 0.07737083426198267, 0.09992969822655862, 0.10958995446904421, 0.09816698711789745, 0.13097526452993663, 0.1270672793391046, 0.11306547503749545, 0.0718243112896551, 0.08187145806615613]], "elpd": [-91.77421297532716, -17.149735455936288], "expected_improvement": [null, null], "actual_improvement": [null, [[1.312196897935958]]], "mse": [0.9402386120519128, 0.8855484847293538], "nmse": [0.9654284068470337, 0.9092730843421923], "y_regret_pool": [0.012689725214249048, 0.012689725214249048, 0.012689725214249048, 0.012689725214249048, 0.012689725214249048, 0.012689725214249048, 0.012689725214249048, 0.012689725214249048, 0.012689725214249048, 0.012689725214249048, 0.012689725214249048, 0.012689725214249048, 0.012689725214249048, 0.012689725214249048, 0.012689725214249048, 0.012689725214249048, 0.012689725214249048, 0.012689725214249048, 0.012689725214249048, 0.012689725214249048, 0.012689725214249048, 0.012689725214249048, 0.012689725214249048, 0.012689725214249048, 0.012689725214249048, 0.012689725214249048, 0.012689725214249048, 0.012689725214249048, 0.012689725214249048, 0.012689725214249048, 0.012689725214249048, 0.012689725214249048, 0.012689725214249048, 0.012689725214249048, 0.012689725214249048, 0.012689725214249048, 0.012689725214249048, 0.012689725214249048, 0.012689725214249048, 0.012689725214249048, 0.012689725214249048, 0.012689725214249048, 0.012689725214249048, 0.012689725214249048, 0.012689725214249048, 0.012689725214249048, 0.012689725214249048, 0.012689725214249048, 0.012689725214249048, 0.012689725214249048, 0.012689725214249048, 0.012689725214249048, 0.012689725214249048, 0.012689725214249048, 0.012689725214249048, 0.012689725214249048, 0.012689725214249048, 0.012689725214249048, 0.012689725214249048, 0.012689725214249048, 0.012689725214249048, 0.012689725214249048, 0.012689725214249048, 0.012689725214249048, 0.012689725214249048, 0.012689725214249048, 0.012689725214249048, 0.012689725214249048, 0.012689725214249048, 0.012689725214249048, 0.012689725214249048, 0.012689725214249048, 0.012689725214249048, 0.012689725214249048, 0.012689725214249048, 0.012689725214249048, 0.012689725214249048, 0.012689725214249048, 0.012689725214249048, 0.012689725214249048, 0.012689725214249048, 0.012689725214249048, 0.012689725214249048, 0.012689725214249048, 0.012689725214249048, 0.012689725214249048, 0.012689725214249048, 0.012689725214249048, 0.012689725214249048, 0.012689725214249048, 0.012689725214249048, 0.012689725214249048, 0.012689725214249048, 0.012689725214249048, 0.012689725214249048, 0.012689725214249048, 0.012689725214249048, 0.012689725214249048, 0.012689725214249048, 0.012689725214249048, 0.012689725214249048],