{"p_array": [0.001, 0.053526315789473686, 0.10605263157894737, 0.15857894736842104, 0.21110526315789474, 0.26363157894736844, 0.3161578947368421, 0.3686842105263158, 0.4212105263157895, 0.4737368421052632, 0.5262631578947369, 0.5787894736842105, 0.6313157894736842, 0.6838421052631579, 0.7363684210526316, 0.7888947368421053, 0.841421052631579, 0.8939473684210526, 0.9464736842105264, 0.999], "mean_sharpness": [-1.3627072625007535, -0.18073215526507516], "sharpness_error_true_minus_model": [], "posterior_variance": [0.9883741426635186, 0.15399939026314943], "bias_mse": [], "bias_nmse": [], "f_calibration": [], "f_calibration_mse": [], "f_calibration_nmse": [], "y_calibration": [[0.0010000000474974513, 0.012799999676644802, 0.06480000168085098, 0.12380000203847885, 0.22439999878406525, 0.2913999855518341, 0.36820000410079956, 0.44440001249313354, 0.4984000027179718, 0.5443999767303467, 0.5748000144958496, 0.604200005531311, 0.6312000155448914, 0.6606000065803528, 0.7354000210762024, 0.8302000164985657, 0.9085999727249146, 0.9589999914169312, 0.9869999885559082, 1.0], [0.004999999888241291, 0.035999998450279236, 0.05860000103712082, 0.08839999884366989, 0.131400004029274, 0.1860000044107437, 0.26339998841285706, 0.3594000041484833, 0.44940000772476196, 0.5199999809265137, 0.573199987411499, 0.6236000061035156, 0.6873999834060669, 0.7504000067710876, 0.819599986076355, 0.8840000033378601, 0.9348000288009644, 0.9624000191688538, 0.9836000204086304, 0.9990000128746033]], "y_calibration_mse": [0.0020273802939570337, 0.0034113412950024465], "y_calibration_nmse": [0.02209986855198151, 0.037186015090614366], "calibration_local_dist_to_nearest_train_sample": [[0.5052561895343232, 0.6689007158742097, 0.8325452422140962, 0.9961897685539828, 1.1598342948938694, 1.3234788212337558, 1.4871233475736425, 1.650767873913529, 1.8144124002534154, 1.9780569265933021, 2.1417014529331886, 2.305345979273075, 2.4689905056129615, 2.6326350319528484, 2.796279558292735, 2.9599240846326214, 3.123568610972508, 3.2872131373123943, 3.450857663652281, 3.6145021899921677], [0.4224388585231606, 0.5032660538518846, 0.5840932491806086, 0.6649204445093326, 0.7457476398380566, 0.8265748351667805, 0.9074020304955046, 0.9882292258242286, 1.0690564211529525, 1.1498836164816766, 1.2307108118104004, 1.3115380071391245, 1.3923652024678486, 1.4731923977965726, 1.5540195931252965, 1.6348467884540205, 1.7156739837827446, 1.7965011791114684, 1.8773283744401925, 1.9581555697689166]], "calibration_local_y": [[0.015492366336218161, 0.012551536978298397, 0.01841106314297105, 0.012356075595021021, 0.013216593411829684, 0.017181879896331527, 0.0200137301946118, 0.01538028683792538, 0.008768650985012765, 0.012441953151242484, 0.0022638331721906773, 0.0018343965246017588, 0.02167233440475324, 0.06287263911099683, 0.0715691635872914, 0.10085100529820976, 0.11637852978914479, 0.11469864971567434, 0.11017990034736583, 0.12112668421052633], [0.004367144603986631, 0.005835252895937493, NaN, 0.004159606752991816, 0.006184987353381434, 0.004945977831491195, 0.005592385764687457, 0.005593382342286563, 0.005048658999619017, 0.0026068073834542354, 0.002642760170917152, 0.001715348790278543, 0.002677361184094568, 0.0031162927981992087, 0.003820877203606133, 0.01391797023594932, 0.010336314891817227, 0.00710316153797817, 0.017457421092460134, 0.05243954848840852]], "elpd": [-1.21297331446191, -0.03994068293968197], "expected_improvement": [null, null], "actual_improvement": [null, [[0.19756356226908434]]], "mse": [0.7238214926821896, 0.11585342433755988], "nmse": [0.729103591702786, 0.1166988665707803], "y_regret_pool": [0.05820008748207517, 0.05820008748207517, 0.05820008748207517, 0.05820008748207517, 0.05820008748207517, 0.05820008748207517, 0.05820008748207517, 0.05820008748207517, 0.05820008748207517, 0.05820008748207517, 0.05820008748207517, 0.05820008748207517, 0.05820008748207517, 0.05820008748207517, 0.05820008748207517, 0.05820008748207517, 0.05820008748207517, 0.05820008748207517, 0.05820008748207517, 0.05820008748207517, 0.05820008748207517, 0.05820008748207517, 0.05820008748207517, 0.05820008748207517, 0.05820008748207517, 0.05820008748207517, 0.05820008748207517, 0.05820008748207517, 0.05820008748207517, 0.05820008748207517, 0.05820008748207517, 0.05820008748207517, 0.05820008748207517, 0.05820008748207517, 0.05820008748207517, 0.05820008748207517, 0.05820008748207517, 0.05820008748207517, 0.05820008748207517, 0.05820008748207517, 0.05820008748207517, 0.05820008748207517, 0.05820008748207517, 0.05820008748207517, 0.05820008748207517, 0.05820008748207517, 0.05820008748207517, 0.05820008748207517, 0.05820008748207517, 0.05820008748207517, 0.05820008748207517, 0.05820008748207517, 0.05820008748207517, 0.05820008748207517, 0.05820008748207517, 0.05820008748207517, 0.05820008748207517, 0.05820008748207517, 0.05820008748207517, 0.05820008748207517, 0.05820008748207517, 0.033653111809363256, 0.033653111809363256, 0.033653111809363256, 0.033653111809363256, 0.033653111809363256, 0.033653111809363256, 0.033653111809363256, 0.033653111809363256, 0.033653111809363256, 0.033653111809363256, 0.033653111809363256, 0.033653111809363256, 0.033653111809363256, 0.033653111809363256, 0.033653111809363256, 0.033653111809363256, 0.033653111809363256, 0.033653111809363256, 0.033653111809363256, 0.033653111809363256, 0.033653111809363256, 0.033653111809363256, 0.03107963855335294, 0.03107963855335294, 0.03107963855335294, 0.03107963855335294, 0.03107963855335294, 0.03107963855335294, 0.03107963855335294, 0.03107963855335294, 0.03107963855335294, 0.03107963855335294, 0.03107963855335294, 0.03107963855335294, 0.03107963855335294, 0.03107963855335294, 0.03107963855335294, 0.03107963855335294, 0.03107963855335294, 0.03107963855335294], "y_regret_test": [0.055428654744833494, 0.055428654744833494, 0.055428654744833494, 0.055428654744833494, 0.055428654744833494, 0.055428654744833494, 0.055428654744833494, 0.055428654744833494, 0.055428654744833494, 0.055428654744833494, 0.055428654744833494, 0.055428654744833494, 0.055428654744833494, 0.055428654744833494, 0.055428654744833494, 0.055428654744833494, 0.055428654744833494, 0.055428654744833494, 0.055428654744833494, 0.055428654744833494, 0.055428654744833494, 0.055428654744833494, 0.055428654744833494, 0.055428654744833494, 0.055428654744833494, 0.055428654744833494, 0.055428654744833494, 0.055428654744833494, 0.055428654744833494, 0.055428654744833494, 0.055428654744833494, 0.055428654744833494, 0.055428654744833494, 0.055428654744833494, 0.055428654744833494, 0.055428654744833494, 0.055428654744833494, 0.055428654744833494, 0.055428654744833494, 0.055428654744833494, 0.055428654744833494, 0.055428654744833494, 0.055428654744833494, 0.055428654744833494, 0.055428654744833494, 0.055428654744833494, 0.055428654744833494, 0.055428654744833494, 0.055428654744833494, 0.055428654744833494, 0.055428654744833494, 0.055428654744833494, 0.055428654744833494, 0.055428654744833494, 0.055428654744833494, 0.055428654744833494, 0.055428654744833494, 0.055428654744833494, 0.055428654744833494, 0.055428654744833494, 0.055428654744833494, 0.03088167907212158, 0.03088167907212158, 0.03088167907212158, 0.03088167907212158, 0.03088167907212158, 0.03088167907212158, 0.03088167907212158, 0.03088167907212158, 0.03088167907212158, 0.03088167907212158, 0.03088167907212158, 0.03088167907212158, 0.03088167907212158, 0.03088167907212158, 0.03088167907212158, 0.03088167907212158, 0.03088167907212158, 0.03088167907212158, 0.03088167907212158, 0.03088167907212158, 0.03088167907212158, 0.03088167907212158, 0.028308205816111265, 0.028308205816111265, 0.028308205816111265, 0.028308205816111265, 0.028308205816111265, 0.028308205816111265, 0.028308205816111265, 0.028308205816111265, 0.028308205816111265, 0.028308205816111265, 0.028308205816111265, 0.028308205816111265, 0.028308205816111265, 0.028308205816111265, 0.028308205816111265, 0.028308205816111265, 0.028308205816111265, 0.028308205816111265], "f_regret_pool": [],