{"p_array": [0.001, 0.053526315789473686, 0.10605263157894737, 0.15857894736842104, 0.21110526315789474, 0.26363157894736844, 0.3161578947368421, 0.3686842105263158, 0.4212105263157895, 0.4737368421052632, 0.5262631578947369, 0.5787894736842105, 0.6313157894736842, 0.6838421052631579, 0.7363684210526316, 0.7888947368421053, 0.841421052631579, 0.8939473684210526, 0.9464736842105264, 0.999], "mean_sharpness": [-1.005693953893098, -0.26335507016402243, -0.26335507016402243], "sharpness_error_true_minus_model": [], "posterior_variance": [0.4653002868955797, 0.12816405496641925, 0.12816405496641925], "bias_mse": [], "bias_nmse": [], "f_calibration": [], "f_calibration_mse": [], "f_calibration_nmse": [], "y_calibration": [[0.0012000000569969416, 0.186599999666214, 0.3294000029563904, 0.42640000581741333, 0.4846000075340271, 0.5185999870300293, 0.5432000160217285, 0.5622000098228455, 0.578000009059906, 0.5952000021934509, 0.6100000143051147, 0.6226000189781189, 0.6358000040054321, 0.647599995136261, 0.6661999821662903, 0.7021999955177307, 0.753000020980835, 0.8335999846458435, 0.9121999740600586, 0.9909999966621399], [0.0006000000284984708, 0.061799999326467514, 0.11400000005960464, 0.16760000586509705, 0.2303999960422516, 0.29100000858306885, 0.3508000075817108, 0.40119999647140503, 0.446399986743927, 0.490200012922287, 0.527400016784668, 0.5540000200271606, 0.5885999798774719, 0.6263999938964844, 0.6845999956130981, 0.7523999810218811, 0.8194000124931335, 0.879800021648407, 0.9351999759674072, 0.9882000088691711], [0.0006000000284984708, 0.061799999326467514, 0.11400000005960464, 0.16760000586509705, 0.2303999960422516, 0.29100000858306885, 0.3508000075817108, 0.40119999647140503, 0.446399986743927, 0.490200012922287, 0.527400016784668, 0.5540000200271606, 0.5885999798774719, 0.6263999938964844, 0.6845999956130981, 0.7523999810218811, 0.8194000124931335, 0.879800021648407, 0.9351999759674072, 0.9882000088691711]], "y_calibration_mse": [0.02214324962141246, 0.0007589030953006293, 0.0007589030953006293], "y_calibration_nmse": [0.2413769668204641, 0.00827257653624567, 0.00827257653624567], "calibration_local_dist_to_nearest_train_sample": [[0.5034046110189745, 0.6631495549223997, 0.8228944988258249, 0.98263944272925, 1.142384386632675, 1.3021293305361001, 1.4618742744395254, 1.6216192183429505, 1.7813641622463756, 1.9411091061498007, 2.100854050053226, 2.260598993956651, 2.4203439378600766, 2.5800888817635013, 2.739833825666927, 2.8995787695703514, 3.059323713473777, 3.2190686573772016, 3.378813601280627, 3.538558545184052], [0.4329060854514116, 0.5221525037872738, 0.6113989221231362, 0.7006453404589983, 0.7898917587948606, 0.879138177130723, 0.9683845954665851, 1.0576310138024474, 1.1468774321383095, 1.2361238504741718, 1.3253702688100342, 1.4146166871458965, 1.5038631054817586, 1.593109523817621, 1.682355942153483, 1.7716023604893454, 1.8608487788252077, 1.9500951971610698, 2.039341615496932, 2.1285880338327945], [0.4329060854514116, 0.5221525037872738, 0.6113989221231362, 0.7006453404589983, 0.7898917587948606, 0.879138177130723, 0.9683845954665851, 1.0576310138024474, 1.1468774321383095, 1.2361238504741718, 1.3253702688100342, 1.4146166871458965, 1.5038631054817586, 1.593109523817621, 1.682355942153483, 1.7716023604893454, 1.8608487788252077, 1.9500951971610698, 2.039341615496932, 2.1285880338327945]], "calibration_local_y": [[0.027176156832707667, 0.003414374961670808, 0.012390447529377732, 0.025262422251013505, 0.029553182902635956, 0.022254494617882783, 0.03383864446848116, 0.028010518573188294, 0.03260430407154717, 0.024134373307543207, 0.022450119148348446, 0.020933979274897496, 0.020587680906292826, 0.01514691753053482, 0.015414333572400194, 0.01015630212630157, 0.010477937792545326, 0.021910506578167614, 0.03052207894736842, 0.10732258930464522], [0.005236686807678881, 0.00036833567736963674, 0.0008335108285101497, 0.0009821933394302414, 0.0010049368409674165, 0.0008248847668798954, 0.0007723379479368736, 0.00043134257769262516, 0.0009549128068852591, 0.0018936466263922071, 0.002586558272204346, 0.004599688165975622, 0.012519893416272665, 0.006657994034937565, 0.02091973005756579, 0.026309911420907044, 0.022013934480937705, 0.007055631443529925, 0.02310773584058259, 0.05466352443581198], [0.005236686807678881, 0.00036833567736963674, 0.0008335108285101497, 0.0009821933394302414, 0.0010049368409674165, 0.0008248847668798954, 0.0007723379479368736, 0.00043134257769262516, 0.0009549128068852591, 0.0018936466263922071, 0.002586558272204346, 0.004599688165975622, 0.012519893416272665, 0.006657994034937565, 0.02091973005756579, 0.026309911420907044, 0.022013934480937705, 0.007055631443529925, 0.02310773584058259, 0.05466352443581198]], "elpd": [-1.5578251839466137, -0.4409595084860175, -0.4409595084860175], "expected_improvement": [null, null, null], "actual_improvement": [null, null, null], "mse": [0.8505239550888393, 0.18946324989708502, 0.18946324989708502], "nmse": [0.8599439523414231, 0.1915616543956505, 0.1915616543956505], "y_regret_pool": [0.010208506747904522, 0.010208506747904522, 0.010208506747904522, 0.010208506747904522, 0.010208506747904522, 0.010208506747904522, 0.010208506747904522, 0.010208506747904522, 0.010208506747904522, 0.010208506747904522, 0.010208506747904522, 0.010208506747904522, 0.010208506747904522, 0.010208506747904522, 0.010208506747904522, 0.010208506747904522, 0.010208506747904522, 0.010208506747904522, 0.010208506747904522, 0.010208506747904522, 0.010208506747904522, 0.010208506747904522, 0.010208506747904522, 0.010208506747904522, 0.010208506747904522, 0.010208506747904522, 0.010208506747904522, 0.010208506747904522, 0.010208506747904522, 0.010208506747904522, 0.010208506747904522, 0.010208506747904522, 0.010208506747904522, 0.010208506747904522, 0.010208506747904522, 0.010208506747904522, 0.010208506747904522, 0.010208506747904522, 0.010208506747904522, 0.010208506747904522, 0.010208506747904522, 0.010208506747904522, 0.010208506747904522, 0.010208506747904522, 0.010208506747904522, 0.010208506747904522, 0.010208506747904522, 0.010208506747904522, 0.010208506747904522, 0.010208506747904522, 0.010208506747904522, 0.010208506747904522, 0.010208506747904522, 0.010208506747904522, 0.010208506747904522, 0.010208506747904522, 0.010208506747904522, 0.010208506747904522, 0.010208506747904522, 0.010208506747904522, 0.010208506747904522, 0.010208506747904522, 0.010208506747904522, 0.010208506747904522, 0.010208506747904522, 0.010208506747904522, 0.010208506747904522, 0.010208506747904522, 0.010208506747904522, 0.010208506747904522, 0.010208506747904522, 0.010208506747904522, 0.010208506747904522, 0.010208506747904522, 0.010208506747904522, 0.010208506747904522, 0.010208506747904522, 0.010208506747904522, 0.010208506747904522, 0.010208506747904522, 0.010208506747904522, 0.010208506747904522, 0.010208506747904522, 0.010208506747904522, 0.010208506747904522, 0.010208506747904522, 0.010208506747904522, 0.010208506747904522, 0.010208506747904522, 0.010208506747904522, 0.010208506747904522, 0.010208506747904522, 0.010208506747904522, 0.010208506747904522, 0.010208506747904522, 0.010208506747904522, 0.010208506747904522, 0.010208506747904522, 0.010208506747904522, 0.010208506747904522, 0.010208506747904522, 0.010208506747904522],