{"p_array": [0.001, 0.053526315789473686, 0.10605263157894737, 0.15857894736842104, 0.21110526315789474, 0.26363157894736844, 0.3161578947368421, 0.3686842105263158, 0.4212105263157895, 0.4737368421052632, 0.5262631578947369, 0.5787894736842105, 0.6313157894736842, 0.6838421052631579, 0.7363684210526316, 0.7888947368421053, 0.841421052631579, 0.8939473684210526, 0.9464736842105264, 0.999], "mean_sharpness": [-1.5456668702853393, -0.4610071686082329], "sharpness_error_true_minus_model": [], "posterior_variance": [1.2884715541652774, 0.19898280104733745], "bias_mse": [], "bias_nmse": [], "f_calibration": [], "f_calibration_mse": [], "f_calibration_nmse": [], "y_calibration": [[0.0, 0.0, 0.052400000393390656, 0.3294000029563904, 0.4341999888420105, 0.49219998717308044, 0.526199996471405, 0.5533999800682068, 0.5766000151634216, 0.599399983882904, 0.6204000115394592, 0.6425999999046326, 0.6625999808311462, 0.6791999936103821, 0.7080000042915344, 0.7441999912261963, 0.9459999799728394, 1.0, 1.0, 1.0], [0.02500000037252903, 0.14740000665187836, 0.23919999599456787, 0.31619998812675476, 0.3779999911785126, 0.4374000132083893, 0.4903999865055084, 0.5382000207901001, 0.5888000130653381, 0.6309999823570251, 0.6679999828338623, 0.7084000110626221, 0.743399977684021, 0.7742000222206116, 0.7997999787330627, 0.8302000164985657, 0.8569999933242798, 0.8855999708175659, 0.9118000268936157, 0.9746000170707703]], "y_calibration_mse": [0.014845007176225564, 0.014368968995405754], "y_calibration_nmse": [0.16182100034497032, 0.15663184996543864], "calibration_local_dist_to_nearest_train_sample": [[0.5069666794009249, 0.6694584842080392, 0.8319502890151536, 0.994442093822268, 1.1569338986293825, 1.319425703436497, 1.4819175082436111, 1.6444093130507256, 1.80690111785784, 1.9693929226649545, 2.1318847274720687, 2.294376532279183, 2.4568683370862976, 2.619360141893412, 2.7818519467005265, 2.944343751507641, 3.1068355563147554, 3.26932736112187, 3.4318191659289843, 3.5943109707360987], [0.46647210017947505, 0.5900248808667228, 0.7135776615539706, 0.8371304422412184, 0.9606832229284661, 1.084236003615714, 1.2077887843029615, 1.3313415649902094, 1.4548943456774572, 1.5784471263647049, 1.7019999070519527, 1.8255526877392005, 1.9491054684264482, 2.072658249113696, 2.196211029800944, 2.3197638104881912, 2.4433165911754395, 2.566869371862687, 2.6904221525499343, 2.8139749332371826]], "calibration_local_y": [[0.017947407894736842, 0.010436007673986353, 0.013028064267285705, 0.018663143211020933, 0.02755766293875812, 0.02988013641409526, 0.04840134793723378, 0.033390015564855255, 0.03940894237760684, 0.02502456455257602, 0.013618542739735617, 0.007889286501586722, 0.0039738172533950325, 0.007227990480263848, 0.023532475701168246, 0.05908245862193416, 0.11745849306864084, 0.13367931566328445, 0.12468619726586043, 0.1739225902960691], [0.00597806916940864, 0.013703487429586856, 0.02410436157077386, 0.02584409818070658, 0.027867878717942364, 0.03490763571882789, 0.030697875317920304, 0.023775146000467002, 0.02206840482197812, 0.015509324772031924, 0.004015396328789169, 0.004977008329814315, 0.004446813518047713, 0.005934079198321581, 0.011648086286406456, 0.02111494355483464, 0.03454957742112427, 0.06737222642108773, 0.05454036794269405, 0.06126060232211904]], "elpd": [-1.4699828975106863, -1.131257125833978], "expected_improvement": [null, null], "actual_improvement": [null, [[0.021831804004316835]]], "mse": [1.0934382621125587, 0.3918814171547194], "nmse": [1.0830633812217896, 0.38816312489519034], "y_regret_pool": [0.07383119172368935, 0.07383119172368935, 0.07383119172368935, 0.07383119172368935, 0.040686543826226496, 0.040686543826226496, 0.040686543826226496, 0.040686543826226496, 0.040686543826226496, 0.040686543826226496, 0.040686543826226496, 0.040686543826226496, 0.040686543826226496, 0.040686543826226496, 0.040686543826226496, 0.040686543826226496, 0.040686543826226496, 0.040686543826226496, 0.040686543826226496, 0.040686543826226496, 0.040686543826226496, 0.040686543826226496, 0.040686543826226496, 0.02540428102320469, 0.02540428102320469, 0.02540428102320469, 0.02540428102320469, 0.02540428102320469, 0.02540428102320469, 0.02540428102320469, 0.02540428102320469, 0.02540428102320469, 0.02540428102320469, 0.02540428102320469, 0.02540428102320469, 0.02540428102320469, 0.02540428102320469, 0.02540428102320469, 0.02540428102320469, 0.01905321076740374, 0.01905321076740374, 0.01905321076740374, 0.01905321076740374, 0.01905321076740374, 0.006549541201294806, 0.006549541201294806, 0.006549541201294806, 0.006549541201294806, 0.006549541201294806, 0.006549541201294806, 0.006549541201294806, 0.00555718647382597, 0.00555718647382597, 0.00555718647382597, 0.00337400607339422, 0.00337400607339422, 0.000992354727468836, 0.000992354727468836, 0.000793883781975202, 0.000793883781975202, 0.000793883781975202, 0.000793883781975202, 0.000793883781975202, 0.000793883781975202, 0.000793883781975202, 0.000793883781975202, 0.000793883781975202, 0.000793883781975202, 0.000793883781975202, 0.000793883781975202, 0.000793883781975202, 0.000793883781975202, 0.000793883781975202, 0.000793883781975202, 0.000793883781975202, 0.000793883781975202, 0.000793883781975202, 0.000793883781975202, 0.000793883781975202, 0.000793883781975202, 0.000793883781975202, 0.000793883781975202, 0.000793883781975202, 0.000793883781975202, 0.000793883781975202, 0.000793883781975202, 0.000793883781975202, 0.000793883781975202, 0.000793883781975202, 0.000793883781975202, 0.000793883781975202, 0.000793883781975202, 0.0, 0.0, 0.0, 0.0, 0.0, 0.0, 0.0, 0.0, 0.0], "y_regret_test": [0.07621284306961496, 0.07621284306961496, 0.07621284306961496, 0.07621284306961496, 0.0430681951721521, 0.0430681951721521, 0.0430681951721521, 0.0430681951721521, 0.0430681951721521, 0.0430681951721521, 0.0430681951721521, 0.0430681951721521, 0.0430681951721521, 0.0430681951721521, 0.0430681951721521, 0.0430681951721521, 0.0430681951721521, 0.0430681951721521, 0.0430681951721521, 0.0430681951721521, 0.0430681951721521, 0.0430681951721521, 0.0430681951721521, 0.027785932369130295, 0.027785932369130295, 0.027785932369130295, 0.027785932369130295, 0.027785932369130295, 0.027785932369130295, 0.027785932369130295, 0.027785932369130295, 0.027785932369130295, 0.027785932369130295, 0.027785932369130295, 0.027785932369130295, 0.027785932369130295, 0.027785932369130295, 0.027785932369130295, 0.027785932369130295, 0.021434862113329345, 0.021434862113329345, 0.021434862113329345, 0.021434862113329345, 0.021434862113329345, 0.008931192547220412, 0.008931192547220412, 0.008931192547220412, 0.008931192547220412, 0.008931192547220412, 0.008931192547220412, 0.008931192547220412, 0.007938837819751576, 0.007938837819751576, 0.007938837819751576, 0.005755657419319826, 0.005755657419319826, 0.003374006073394442, 0.003374006073394442, 0.003175535127900808, 0.003175535127900808, 0.003175535127900808, 0.003175535127900808, 0.003175535127900808, 0.003175535127900808, 0.003175535127900808, 0.003175535127900808, 0.003175535127900808, 0.003175535127900808, 0.003175535127900808, 0.003175535127900808, 0.003175535127900808, 0.003175535127900808, 0.003175535127900808, 0.003175535127900808, 0.003175535127900808, 0.003175535127900808, 0.003175535127900808, 0.003175535127900808, 0.003175535127900808, 0.003175535127900808, 0.003175535127900808, 0.003175535127900808, 0.003175535127900808, 0.003175535127900808, 0.003175535127900808, 0.003175535127900808, 0.003175535127900808, 0.003175535127900808, 0.003175535127900808, 0.003175535127900808, 0.003175535127900808, 0.003175535127900808, 0.002381651345925606, 0.002381651345925606, 0.002381651345925606, 0.002381651345925606, 0.002381651345925606, 0.002381651345925606, 0.002381651345925606, 0.002381651345925606, 0.002381651345925606], "f_regret_pool": [], "f_regret_test": [],