{
    "init_settings": {
        "random_seed": 0,
        "batch_size_test": 1000,
        "output_size": 10,
        "input_size": 784
    },
    "MNIST_results": {
        "hyperparams": [
            [
                50.0,
                -11.51,
                64.0,
                1.0,
                0.0
            ],
            [
                50.0,
                -2.23,
                64.0,
                1.0,
                0.0
            ],
            [
                50.0,
                -11.51,
                64.0,
                1.0,
                0.8
            ],
            [
                50.0,
                -2.23,
                64.0,
                1.0,
                0.8
            ],
            [
                50.0,
                -11.51,
                64.0,
                10.0,
                0.0
            ],
            [
                50.0,
                -2.23,
                64.0,
                10.0,
                0.0
            ],
            [
                50.0,
                -11.51,
                64.0,
                10.0,
                0.8
            ],
            [
                50.0,
                -2.23,
                64.0,
                10.0,
                0.8
            ]
        ],
        "valid_losses": [
            1.636921763420105,
            2.2940657138824463,
            2.338118553161621,
            2.3064794540405273,
            0.41460344195365906,
            2.3003857135772705,
            2.120103120803833,
            2.3058228492736816
        ],
        "accuracies": [
            71.32,
            14.499999999999998,
            10.833333333333334,
            11.266666666666666,
            88.92,
            11.266666666666666,
            18.14666666666667,
            10.306666666666667
        ]
    }
}