{"p_array": [0.001, 0.053526315789473686, 0.10605263157894737, 0.15857894736842104, 0.21110526315789474, 0.26363157894736844, 0.3161578947368421, 0.3686842105263158, 0.4212105263157895, 0.4737368421052632, 0.5262631578947369, 0.5787894736842105, 0.6313157894736842, 0.6838421052631579, 0.7363684210526316, 0.7888947368421053, 0.841421052631579, 0.8939473684210526, 0.9464736842105264, 0.999], "mean_sharpness": [-0.7081924296442687, -0.07415789661875936, -0.07415789661875936], "sharpness_error_true_minus_model": [], "posterior_variance": [0.3510687514258549, 0.13663229885991504, 0.13663229885991504], "bias_mse": [], "bias_nmse": [], "f_calibration": [], "f_calibration_mse": [], "f_calibration_nmse": [], "y_calibration": [[0.005400000140070915, 0.0835999995470047, 0.11259999871253967, 0.13660000264644623, 0.15600000321865082, 0.18140000104904175, 0.22300000488758087, 0.3172000050544739, 0.4009999930858612, 0.46219998598098755, 0.5152000188827515, 0.557200014591217, 0.6000000238418579, 0.657800018787384, 0.7128000259399414, 0.7662000060081482, 0.7928000092506409, 0.8105999827384949, 0.8295999765396118, 0.9399999976158142], [0.0012000000569969416, 0.027400000020861626, 0.07840000092983246, 0.14259999990463257, 0.21739999949932098, 0.29820001125335693, 0.3628000020980835, 0.42260000109672546, 0.4681999981403351, 0.5144000053405762, 0.5537999868392944, 0.5907999873161316, 0.6326000094413757, 0.6908000111579895, 0.767799973487854, 0.8361999988555908, 0.8813999891281128, 0.921999990940094, 0.9517999887466431, 0.9882000088691711], [0.0012000000569969416, 0.027400000020861626, 0.07840000092983246, 0.14259999990463257, 0.21739999949932098, 0.29820001125335693, 0.3628000020980835, 0.42260000109672546, 0.4681999981403351, 0.5144000053405762, 0.5537999868392944, 0.5907999873161316, 0.6326000094413757, 0.6908000111579895, 0.767799973487854, 0.8361999988555908, 0.8813999891281128, 0.921999990940094, 0.9517999887466431, 0.9882000088691711]], "y_calibration_mse": [0.002644403639614322, 0.0009294858490942476, 0.0009294858490942476], "y_calibration_nmse": [0.02882585620865098, 0.010132048312365183, 0.010132048312365183], "calibration_local_dist_to_nearest_train_sample": [[0.5069666794009249, 0.6694584842080392, 0.8319502890151536, 0.994442093822268, 1.1569338986293825, 1.319425703436497, 1.4819175082436111, 1.6444093130507256, 1.80690111785784, 1.9693929226649545, 2.1318847274720687, 2.294376532279183, 2.4568683370862976, 2.619360141893412, 2.7818519467005265, 2.944343751507641, 3.1068355563147554, 3.26932736112187, 3.4318191659289843, 3.5943109707360987], [0.43533355088316683, 0.5277477822741063, 0.620162013665046, 0.7125762450559855, 0.804990476446925, 0.8974047078378646, 0.9898189392288042, 1.0822331706197437, 1.1746474020106832, 1.2670616334016227, 1.3594758647925622, 1.451890096183502, 1.5443043275744415, 1.636718558965381, 1.7291327903563205, 1.82154702174726, 1.9139612531381995, 2.006375484529139, 2.098789715920079, 2.1912039473110183], [0.43533355088316683, 0.5277477822741063, 0.620162013665046, 0.7125762450559855, 0.804990476446925, 0.8974047078378646, 0.9898189392288042, 1.0822331706197437, 1.1746474020106832, 1.2670616334016227, 1.3594758647925622, 1.451890096183502, 1.5443043275744415, 1.636718558965381, 1.7291327903563205, 1.82154702174726, 1.9139612531381995, 2.006375484529139, 2.098789715920079, 2.1912039473110183]], "calibration_local_y": [[0.022776519736842103, 0.024387291869925325, 0.006692090524295762, 0.006885486768453982, 0.005952862580554349, 0.004646398029773765, 0.005676920875946536, 0.0022988414599120132, 0.002102387910831477, 0.0021686844512328, 0.005556614958856421, 0.0076903172774845634, 0.019956243133896618, 0.03167105100033958, 0.04235291061586978, 0.06234447831530887, 0.12405101740038929, 0.13517510403222008, 0.16699335900024775, 0.17937814367513144], [0.005907120718050128, 0.0015098368229159503, 0.0008311316027958787, 0.0016763327052688973, 0.0007392545625476456, 0.000740570022384132, 0.0029710031534824844, 0.0011572463102207343, 0.0011203617979654826, 0.002782992829417733, 0.0013204591896889106, 0.0007407020408799571, 0.0011575275728101038, 0.0012377368445017534, 0.004613859898883092, 0.005322817150850072, 0.020662065370819556, 0.02345914289863611, 0.2149924736842105, 0.021126684210526315], [0.005907120718050128, 0.0015098368229159503, 0.0008311316027958787, 0.0016763327052688973, 0.0007392545625476456, 0.000740570022384132, 0.0029710031534824844, 0.0011572463102207343, 0.0011203617979654826, 0.002782992829417733, 0.0013204591896889106, 0.0007407020408799571, 0.0011575275728101038, 0.0012377368445017534, 0.004613859898883092, 0.005322817150850072, 0.020662065370819556, 0.02345914289863611, 0.2149924736842105, 0.021126684210526315]], "elpd": [-6.608689594285024, -0.1723199283876232, -0.1723199283876232], "expected_improvement": [null, null, null], "actual_improvement": [null, null, null], "mse": [0.870636707799746, 0.11665974103388173, 0.11665974103388173], "nmse": [0.862375837062424, 0.11555283727908162, 0.11555283727908162], "y_regret_pool": [0.07383119172368935, 0.07383119172368935, 0.07383119172368935, 0.07383119172368935, 0.07383119172368935, 0.07383119172368935, 0.07383119172368935, 0.07383119172368935, 0.07383119172368935, 0.07383119172368935, 0.07383119172368935, 0.07383119172368935, 0.07383119172368935, 0.07383119172368935, 0.07383119172368935, 0.07383119172368935, 0.07383119172368935, 0.07383119172368935, 0.07383119172368935, 0.07383119172368935, 0.07383119172368935, 0.07383119172368935, 0.07383119172368935, 0.07383119172368935, 0.07383119172368935, 0.07383119172368935, 0.07383119172368935, 0.07383119172368935, 0.07383119172368935, 0.07383119172368935, 0.07383119172368935, 0.07383119172368935, 0.07383119172368935, 0.07383119172368935, 0.07383119172368935, 0.07383119172368935, 0.07383119172368935, 0.07383119172368935, 0.07383119172368935, 0.05835045797517391, 0.05835045797517391, 0.05835045797517391, 0.05835045797517391, 0.05835045797517391, 0.035526299243388015, 0.035526299243388015, 0.035526299243388015, 0.035526299243388015, 0.035526299243388015, 0.035526299243388015, 0.035526299243388015, 0.035526299243388015, 0.035526299243388015, 0.035526299243388015, 0.035526299243388015, 0.035526299243388015, 0.035526299243388015, 0.035526299243388015, 0.035526299243388015, 0.035526299243388015, 0.035526299243388015, 0.035526299243388015, 0.035526299243388015, 0.035526299243388015, 0.035526299243388015, 0.035526299243388015, 0.035526299243388015, 0.035526299243388015, 0.035526299243388015, 0.035526299243388015, 0.035526299243388015, 0.035526299243388015, 0.035526299243388015, 0.006152599310307316, 0.006152599310307316, 0.006152599310307316, 0.006152599310307316, 0.006152599310307316, 0.006152599310307316, 0.006152599310307316, 0.006152599310307316, 0.006152599310307316, 0.006152599310307316, 0.006152599310307316, 0.006152599310307316, 0.006152599310307316, 0.006152599310307316, 0.006152599310307316, 0.006152599310307316, 0.006152599310307316, 0.006152599310307316, 0.006152599310307316, 0.006152599310307316, 0.006152599310307316, 0.006152599310307316, 0.006152599310307316, 0.006152599310307316, 0.006152599310307316, 0.006152599310307316, 0.006152599310307316, 0.006152599310307316, 0.006152599310307316],