{"p_array": [0.001, 0.053526315789473686, 0.10605263157894737, 0.15857894736842104, 0.21110526315789474, 0.26363157894736844, 0.3161578947368421, 0.3686842105263158, 0.4212105263157895, 0.4737368421052632, 0.5262631578947369, 0.5787894736842105, 0.6313157894736842, 0.6838421052631579, 0.7363684210526316, 0.7888947368421053, 0.841421052631579, 0.8939473684210526, 0.9464736842105264, 0.999], "mean_sharpness": [-0.4821590934066147, 0.184128524004831], "sharpness_error_true_minus_model": [], "posterior_variance": [0.17145314695237224, 0.04570715331678245], "bias_mse": [], "bias_nmse": [], "f_calibration": [], "f_calibration_mse": [], "f_calibration_nmse": [], "y_calibration": [[0.14980000257492065, 0.28999999165534973, 0.33959999680519104, 0.37439998984336853, 0.4025999903678894, 0.43220001459121704, 0.45559999346733093, 0.475600004196167, 0.49639999866485596, 0.5270000100135803, 0.5600000023841858, 0.5898000001907349, 0.6164000034332275, 0.6413999795913696, 0.6636000275611877, 0.6899999976158142, 0.717199981212616, 0.7472000122070312, 0.7901999950408936, 0.9097999930381775], [0.227400004863739, 0.3723999857902527, 0.4259999990463257, 0.4652000069618225, 0.49939998984336853, 0.5266000032424927, 0.5608000159263611, 0.5824000239372253, 0.6046000123023987, 0.6244000196456909, 0.6371999979019165, 0.649399995803833, 0.6638000011444092, 0.6772000193595886, 0.6905999779701233, 0.7057999968528748, 0.7235999703407288, 0.741599977016449, 0.771399974822998, 0.8533999919891357]], "y_calibration_mse": [0.018566889396572535, 0.038988754166639765], "y_calibration_nmse": [0.2023921295410048, 0.42500479296190746], "calibration_local_dist_to_nearest_train_sample": [[0.5071285340475428, 0.6677195702996999, 0.8283106065518568, 0.9889016428040138, 1.1494926790561708, 1.310083715308328, 1.470674751560485, 1.631265787812642, 1.791856824064799, 1.952447860316956, 2.113038896569113, 2.27362993282127, 2.4342209690734276, 2.5948120053255845, 2.7554030415777415, 2.9159940778298985, 3.0765851140820555, 3.2371761503342125, 3.3977671865863694, 3.5583582228385264], [0.49176223238404393, 0.6385690646981432, 0.7853758970122426, 0.9321827293263419, 1.0789895616404412, 1.2257963939545407, 1.3726032262686398, 1.5194100585827393, 1.6662168908968387, 1.8130237232109379, 1.9598305555250373, 2.106637387839137, 2.253444220153236, 2.4002510524673353, 2.5470578847814345, 2.6938647170955337, 2.840671549409633, 2.987478381723733, 3.134285214037832, 3.2810920463519313]], "calibration_local_y": [[0.01221060311895222, 0.009611376500312421, 0.01091446248924558, 0.005581294002029614, 0.01153174021748113, 0.022249783627604037, 0.03274502298488225, 0.026500002240461774, 0.033826583077804874, 0.03271826606208762, 0.02517513919388173, 0.021953952808452627, 0.022451082741742522, 0.03394780566297258, 0.0320412232110674, 0.039113193566809645, 0.0754579689863932, 0.1658750869578848, 0.18632923550032662, 0.2918372105263158], [0.06060164934659821, 0.06398969537637927, 0.07030820770835282, 0.07618566424892706, 0.08190636829739811, 0.06755149183397832, 0.07462870843831881, 0.05745331522959533, 0.059259695190249394, 0.04916981225571916, 0.04254844746996857, 0.03636059686288855, 0.033154763131323095, 0.032287384851176146, 0.06800736173196553, 0.10216608133257525, 0.17646056013417735, 0.1370132208328784, 0.2606394642415616, 0.2713658642276888]], "elpd": [-3.2478358242183702, -7.433569993673588], "expected_improvement": [null, null], "actual_improvement": [null, [[0.021561565617921996]]], "mse": [0.7227918523840176, 0.4589701432465441], "nmse": [0.7172125943377379, 0.4554273350974701], "y_regret_pool": [0.12098434041167305, 0.12098434041167305, 0.12098434041167305, 0.12098434041167305, 0.12098434041167305, 0.12098434041167305, 0.12098434041167305, 0.12098434041167305, 0.12098434041167305, 0.12098434041167305, 0.12098434041167305, 0.12098434041167305, 0.12098434041167305, 0.07107330888870567, 0.04851352264032438, 0.04851352264032438, 0.04851352264032438, 0.04851352264032438, 0.04851352264032438, 0.04851352264032438, 0.04851352264032438, 0.04851352264032438, 0.04851352264032438, 0.04851352264032438, 0.04851352264032438, 0.04851352264032438, 0.03992882521837382, 0.03992882521837382, 0.03992882521837382, 0.03992882521837382, 0.03992882521837382, 0.03992882521837382, 0.03992882521837382, 0.03952953696618988, 0.03952953696618988, 0.03952953696618988, 0.035137366192169006, 0.035137366192169006, 0.035137366192169006, 0.035137366192169006, 0.035137366192169006, 0.035137366192169006, 0.035137366192169006, 0.009782562178501708, 0.009782562178501708, 0.009782562178501708, 0.009782562178501708, 0.009782562178501708, 0.009782562178501708, 0.00399288252183716, 0.00399288252183716, 0.00399288252183716, 0.00399288252183716, 0.00399288252183716, 0.00399288252183716, 0.00399288252183716, 0.00399288252183716, 0.002395729513102518, 0.002395729513102518, 0.002395729513102518, 0.002395729513102518, 0.002395729513102518, 0.002395729513102518, 0.002395729513102518, 0.002395729513102518, 0.002395729513102518, 0.002395729513102518, 0.002395729513102518, 0.002395729513102518, 0.002395729513102518, 0.002395729513102518, 0.002395729513102518, 0.002395729513102518, 0.002395729513102518, 0.002395729513102518, 0.002395729513102518, 0.0, 0.0, 0.0, 0.0, 0.0, 0.0, 0.0, 0.0, 0.0, 0.0, 0.0, 0.0, 0.0, 0.0, 0.0, 0.0, 0.0, 0.0, 0.0, 0.0, 0.0, 0.0, 0.0, 0.0, 0.0], "y_regret_test": [0.1215832727899484, 0.1215832727899484, 0.1215832727899484, 0.1215832727899484, 0.1215832727899484, 0.1215832727899484, 0.1215832727899484, 0.1215832727899484, 0.1215832727899484, 0.1215832727899484, 0.1215832727899484, 0.1215832727899484, 0.1215832727899484, 0.07167224126698102, 0.04911245501859973, 0.04911245501859973, 0.04911245501859973, 0.04911245501859973, 0.04911245501859973, 0.04911245501859973, 0.04911245501859973, 0.04911245501859973, 0.04911245501859973, 0.04911245501859973, 0.04911245501859973, 0.04911245501859973, 0.04052775759664917, 0.04052775759664917, 0.04052775759664917, 0.04052775759664917, 0.04052775759664917, 0.04052775759664917, 0.04052775759664917, 0.040128469344465234, 0.040128469344465234, 0.040128469344465234, 0.03573629857044436, 0.03573629857044436, 0.03573629857044436, 0.03573629857044436, 0.03573629857044436, 0.03573629857044436, 0.03573629857044436, 0.01038149455677706, 0.01038149455677706, 0.01038149455677706, 0.01038149455677706, 0.01038149455677706, 0.01038149455677706, 0.004591814900112512, 0.004591814900112512, 0.004591814900112512, 0.004591814900112512, 0.004591814900112512, 0.004591814900112512, 0.004591814900112512, 0.004591814900112512, 0.00299466189137787, 0.00299466189137787, 0.00299466189137787, 0.00299466189137787, 0.00299466189137787, 0.00299466189137787, 0.00299466189137787, 0.00299466189137787, 0.00299466189137787, 0.00299466189137787, 0.00299466189137787, 0.00299466189137787, 0.00299466189137787, 0.00299466189137787, 0.00299466189137787, 0.00299466189137787, 0.00299466189137787, 0.00299466189137787, 0.00299466189137787, 0.000598932378275352, 0.000598932378275352, 0.000598932378275352, 0.000598932378275352, 0.000598932378275352, 0.000598932378275352, 0.000598932378275352, 0.000598932378275352, 0.000598932378275352, 0.000598932378275352, 0.000598932378275352, 0.000598932378275352, 0.000598932378275352, 0.000598932378275352, 0.000598932378275352, 0.000598932378275352, 0.000598932378275352, 0.000598932378275352, 0.000598932378275352, 0.000598932378275352, 0.000598932378275352, 0.000598932378275352, 0.000598932378275352, 0.000598932378275352, 0.000598932378275352], "f_regret_pool": [], "f_regret_test": [],