{"p_array": [0.001, 0.053526315789473686, 0.10605263157894737, 0.15857894736842104, 0.21110526315789474, 0.26363157894736844, 0.3161578947368421, 0.3686842105263158, 0.4212105263157895, 0.4737368421052632, 0.5262631578947369, 0.5787894736842105, 0.6313157894736842, 0.6838421052631579, 0.7363684210526316, 0.7888947368421053, 0.841421052631579, 0.8939473684210526, 0.9464736842105264, 0.999], "mean_sharpness": [1.1177799310273946, 0.9700705678695902], "sharpness_error_true_minus_model": [], "posterior_variance": [0.006592985346706617, 0.010373222524357824], "bias_mse": [], "bias_nmse": [], "f_calibration": [], "f_calibration_mse": [], "f_calibration_nmse": [], "y_calibration": [[0.524399995803833, 0.5432000160217285, 0.550599992275238, 0.5541999936103821, 0.5565999746322632, 0.5583999752998352, 0.5601999759674072, 0.5619999766349792, 0.5641999840736389, 0.5655999779701233, 0.5673999786376953, 0.5684000253677368, 0.5702000260353088, 0.5722000002861023, 0.5745999813079834, 0.576200008392334, 0.5785999894142151, 0.5830000042915344, 0.5863999724388123, 0.6039999723434448], [0.52920001745224, 0.5555999875068665, 0.5609999895095825, 0.5651999711990356, 0.5684000253677368, 0.5717999935150146, 0.5730000138282776, 0.5759999752044678, 0.5784000158309937, 0.58160001039505, 0.5831999778747559, 0.5848000049591064, 0.5863999724388123, 0.5881999731063843, 0.5911999940872192, 0.5938000082969666, 0.5953999757766724, 0.5974000096321106, 0.6037999987602234, 0.6240000128746033]], "y_calibration_mse": [0.08703911139391604, 0.08757022781733263], "y_calibration_nmse": [0.9487874210972215, 0.9545769629894314], "calibration_local_dist_to_nearest_train_sample": [[0.48660499529629103, 0.6296100263009582, 0.7726150573056254, 0.9156200883102925, 1.0586251193149596, 1.2016301503196267, 1.344635181324294, 1.4876402123289612, 1.6306452433336283, 1.7736502743382954, 1.9166553053429627, 2.05966033634763, 2.2026653673522967, 2.3456703983569644, 2.4886754293616313, 2.631680460366298, 2.774685491370966, 2.917690522375633, 3.0606955533802997, 3.2037005843849666], [0.4577195093043013, 0.5718390543169787, 0.6859585993296562, 0.8000781443423336, 0.914197689355011, 1.0283172343676885, 1.142436779380366, 1.2565563243930433, 1.3706758694057208, 1.4847954144183981, 1.5989149594310756, 1.7130345044437532, 1.8271540494564305, 1.941273594469108, 2.0553931394817853, 2.169512684494463, 2.2836322295071403, 2.3977517745198176, 2.511871319532495, 2.625990864545172]], "calibration_local_y": [[0.10736221052631581, 0.07978420105600349, 0.09044738201578152, 0.11392726563234815, 0.10631923458053631, 0.10663762039453997, 0.10044307157021863, 0.0953452840773851, 0.08900969114594948, 0.09600415417514506, 0.08498036266581246, 0.08709789881401772, 0.0836296330284586, 0.08599076012388158, 0.08446264606305703, 0.11291149526220239, 0.10311166405696182, 0.089448436034439, 0.11033224889302776, 0.12848618531243697], [0.14498408990446277, 0.14814104844383563, 0.0966983715239324, 0.09634830908450054, 0.0812672347085717, 0.08095646462928847, 0.08099751446369272, 0.08282749224881339, 0.09960304262071058, 0.09472270212812786, 0.10405986106295492, 0.12588295939555857, 0.12193576227494338, 0.12037357533335917, 0.08600204343803147, 0.10878720700584885, 0.3417372105263158, NaN, 0.34173721052631584, 0.34173721052631584]], "elpd": [-80.45413647354965, -77.89965727757918], "expected_improvement": [null, null], "actual_improvement": [null, [[2.5989248943843766]]], "mse": [1.0121002912541777, 0.9563592361760193], "nmse": [1.0062818161857636, 0.9508612115037388], "y_regret_pool": [0.009952228285151188, 0.009952228285151188, 0.009952228285151188, 0.009952228285151188, 0.009952228285151188, 0.009952228285151188, 0.009952228285151188, 0.009952228285151188, 0.009952228285151188, 0.009952228285151188, 0.009952228285151188, 0.009952228285151188, 0.009952228285151188, 0.009952228285151188, 0.009952228285151188, 0.009952228285151188, 0.009952228285151188, 0.009952228285151188, 0.009952228285151188, 0.009952228285151188, 0.009952228285151188, 0.009952228285151188, 0.009952228285151188, 0.009952228285151188, 0.009952228285151188, 0.009952228285151188, 0.009952228285151188, 0.009952228285151188, 0.009952228285151188, 0.009952228285151188, 0.009952228285151188, 0.009952228285151188, 0.009952228285151188, 0.009952228285151188, 0.009952228285151188, 0.009952228285151188, 0.009952228285151188, 0.009952228285151188, 0.009952228285151188, 0.009952228285151188, 0.009952228285151188, 0.009952228285151188, 0.009952228285151188, 0.009952228285151188, 0.009952228285151188, 0.009952228285151188, 0.009952228285151188, 0.009952228285151188, 0.009952228285151188, 0.009952228285151188, 0.009952228285151188, 0.009952228285151188, 0.009952228285151188, 0.009952228285151188, 0.009952228285151188, 0.009952228285151188, 0.009952228285151188, 0.009952228285151188, 0.009952228285151188, 0.009952228285151188, 0.009952228285151188, 0.009952228285151188, 0.009952228285151188, 0.009952228285151188, 0.009952228285151188, 0.009952228285151188, 0.009952228285151188, 0.009952228285151188, 0.009952228285151188, 0.009952228285151188, 0.009952228285151188, 0.009952228285151188, 0.009952228285151188, 0.009952228285151188, 0.009952228285151188, 0.009952228285151188, 0.009952228285151188, 0.009952228285151188, 0.009952228285151188, 0.009952228285151188, 0.009952228285151188, 0.009952228285151188, 0.009952228285151188, 0.009952228285151188, 0.009952228285151188, 0.009952228285151188, 0.009952228285151188, 0.009952228285151188, 0.009952228285151188, 0.009952228285151188, 0.009952228285151188, 0.009952228285151188, 0.009952228285151188, 0.009952228285151188, 0.009952228285151188, 0.009952228285151188, 0.009952228285151188, 0.009952228285151188, 0.009952228285151188, 0.009952228285151188, 0.009952228285151188],