{"p_array": [0.001, 0.053526315789473686, 0.10605263157894737, 0.15857894736842104, 0.21110526315789474, 0.26363157894736844, 0.3161578947368421, 0.3686842105263158, 0.4212105263157895, 0.4737368421052632, 0.5262631578947369, 0.5787894736842105, 0.6313157894736842, 0.6838421052631579, 0.7363684210526316, 0.7888947368421053, 0.841421052631579, 0.8939473684210526, 0.9464736842105264, 0.999], "mean_sharpness": [-1.5951819318401943, -0.06444613371428096], "sharpness_error_true_minus_model": [], "posterior_variance": [1.422600873410896, 0.0858304004029939], "bias_mse": [], "bias_nmse": [], "f_calibration": [], "f_calibration_mse": [], "f_calibration_nmse": [], "y_calibration": [[0.0, 0.0, 0.0, 0.2596000134944916, 0.39660000801086426, 0.46619999408721924, 0.5094000101089478, 0.5419999957084656, 0.5698000192642212, 0.5965999960899353, 0.618399977684021, 0.6434000134468079, 0.6696000099182129, 0.6916000247001648, 0.7232000231742859, 0.7638000249862671, 1.0, 1.0, 1.0, 1.0], [0.20659999549388885, 0.41519999504089355, 0.49939998984336853, 0.5569999814033508, 0.602400004863739, 0.6424000263214111, 0.6790000200271606, 0.7074000239372253, 0.7376000285148621, 0.7626000046730042, 0.7861999869346619, 0.8023999929428101, 0.8194000124931335, 0.8331999778747559, 0.8492000102996826, 0.8610000014305115, 0.876800000667572, 0.8956000208854675, 0.9132000207901001, 0.9571999907493591]], "y_calibration_mse": [0.012928452895818024, 0.07051680112155957], "y_calibration_nmse": [0.14092921314747586, 0.7686826394326769], "calibration_local_dist_to_nearest_train_sample": [[0.5011007174539057, 0.6606144412342715, 0.8201281650146373, 0.9796418887950029, 1.1391556125753686, 1.2986693363557342, 1.4581830601361, 1.6176967839164658, 1.7772105076968314, 1.936724231477197, 2.096237955257563, 2.2557516790379286, 2.415265402818294, 2.57477912659866, 2.734292850379026, 2.8938065741593917, 3.0533202979397576, 3.2128340217201226, 3.3723477455004884, 3.531861469280854], [0.457934416433551, 0.5742818391935619, 0.6906292619535729, 0.8069766847135837, 0.9233241074735947, 1.0396715302336057, 1.1560189529936165, 1.2723663757536277, 1.3887137985136384, 1.5050612212736494, 1.6214086440336604, 1.7377560667936713, 1.8541034895536823, 1.970450912313693, 2.086798335073704, 2.203145757833715, 2.3194931805937262, 2.4358406033537365, 2.5521880261137477, 2.668535448873759]], "calibration_local_y": [[0.014572578615332944, 0.017689437194182107, 0.023264025812407323, 0.022441236793254916, 0.02768269292648806, 0.019299030043951594, 0.04005289952012076, 0.026792198634490304, 0.02864089843733907, 0.02268375065017273, 0.021664013585459378, 0.008364851378181975, 0.0043099206848218035, 0.008831488953652534, 0.02394915575575037, 0.0179067557744317, 0.029127075630864342, 0.055397592927631564, 0.10022720476418494, 0.042660894736842106], [0.024641181456918477, 0.028706742839354142, 0.02713731022870161, 0.07064508878864738, 0.11019497408199072, 0.08669409148462003, 0.09408715438813034, 0.08396616380966011, 0.10486451360471143, 0.08540228016997876, 0.08083826824921028, 0.07449413582715411, 0.05030154643179289, 0.0415962070293163, 0.02996042548771404, 0.014445396533686497, 0.02428100248318195, 0.00518107151241278, 0.004500039473684211, 0.02774247368421052]], "elpd": [-1.463374028112013, -4.083124357685327], "expected_improvement": [null, null], "actual_improvement": [null, [[0.03231914390504076]]], "mse": [1.047580795478554, 0.4465003767027133], "nmse": [1.075646378971053, 0.4584625028278469], "y_regret_pool": [0.012689725214249048, 0.012689725214249048, 0.012689725214249048, 0.012689725214249048, 0.012689725214249048, 0.012689725214249048, 0.012689725214249048, 0.012689725214249048, 0.012689725214249048, 0.012689725214249048, 0.012689725214249048, 0.012689725214249048, 0.012689725214249048, 0.012689725214249048, 0.012689725214249048, 0.012689725214249048, 0.012689725214249048, 0.012689725214249048, 0.012689725214249048, 0.012689725214249048, 0.012689725214249048, 0.012689725214249048, 0.012689725214249048, 0.012689725214249048, 0.012689725214249048, 0.012689725214249048, 0.012689725214249048, 0.012689725214249048, 0.012689725214249048, 0.012689725214249048, 0.012689725214249048, 0.012689725214249048, 0.012689725214249048, 0.012689725214249048, 0.012689725214249048, 0.012689725214249048, 0.012689725214249048, 0.012689725214249048, 0.012689725214249048, 0.012689725214249048, 0.012689725214249048, 0.012689725214249048, 0.012689725214249048, 0.012689725214249048, 0.012689725214249048, 0.012689725214249048, 0.012689725214249048, 0.012689725214249048, 0.012689725214249048, 0.012689725214249048, 0.012689725214249048, 0.012689725214249048, 0.012689725214249048, 0.012689725214249048, 0.012689725214249048, 0.012689725214249048, 0.012689725214249048, 0.012689725214249048, 0.012689725214249048, 0.012689725214249048, 0.012689725214249048, 0.012689725214249048, 0.01209489434483113, 0.01209489434483113, 0.01209489434483113, 0.01209489434483113, 0.01209489434483113, 0.01209489434483113, 0.003172431303561929, 0.003172431303561929, 0.003172431303561929, 0.0005948308694176951, 0.0005948308694176951, 0.0005948308694176951, 0.0005948308694176951, 0.0005948308694176951, 0.0005948308694176951, 0.0005948308694176951, 0.0005948308694176951, 0.0005948308694176951, 0.0005948308694176951, 0.0005948308694176951, 0.0005948308694176951, 0.0005948308694176951, 0.0005948308694176951, 0.0005948308694176951, 0.0005948308694176951, 0.0005948308694176951, 0.0005948308694176951, 0.0005948308694176951, 0.0005948308694176951, 0.0005948308694176951, 0.0005948308694176951, 0.0005948308694176951, 0.0005948308694176951, 0.0005948308694176951, 0.0005948308694176951, 0.0005948308694176951, 0.0005948308694176951, 0.0005948308694176951, 0.0005948308694176951], "y_regret_test": [0.014870771735448374, 0.014870771735448374, 0.014870771735448374, 0.014870771735448374, 0.014870771735448374, 0.014870771735448374, 0.014870771735448374, 0.014870771735448374, 0.014870771735448374, 0.014870771735448374, 0.014870771735448374, 0.014870771735448374, 0.014870771735448374, 0.014870771735448374, 0.014870771735448374, 0.014870771735448374, 0.014870771735448374, 0.014870771735448374, 0.014870771735448374, 0.014870771735448374, 0.014870771735448374, 0.014870771735448374, 0.014870771735448374, 0.014870771735448374, 0.014870771735448374, 0.014870771735448374, 0.014870771735448374, 0.014870771735448374, 0.014870771735448374, 0.014870771735448374, 0.014870771735448374, 0.014870771735448374, 0.014870771735448374, 0.014870771735448374, 0.014870771735448374, 0.014870771735448374, 0.014870771735448374, 0.014870771735448374, 0.014870771735448374, 0.014870771735448374, 0.014870771735448374, 0.014870771735448374, 0.014870771735448374, 0.014870771735448374, 0.014870771735448374, 0.014870771735448374, 0.014870771735448374, 0.014870771735448374, 0.014870771735448374, 0.014870771735448374, 0.014870771735448374, 0.014870771735448374, 0.014870771735448374, 0.014870771735448374, 0.014870771735448374, 0.014870771735448374, 0.014870771735448374, 0.014870771735448374, 0.014870771735448374, 0.014870771735448374, 0.014870771735448374, 0.014870771735448374, 0.014275940866030457, 0.014275940866030457, 0.014275940866030457, 0.014275940866030457, 0.014275940866030457, 0.014275940866030457, 0.005353477824761255, 0.005353477824761255, 0.005353477824761255, 0.002775877390617021, 0.002775877390617021, 0.002775877390617021, 0.002775877390617021, 0.002775877390617021, 0.002775877390617021, 0.002775877390617021, 0.002775877390617021, 0.002775877390617021, 0.002775877390617021, 0.002775877390617021, 0.002775877390617021, 0.002775877390617021, 0.002775877390617021, 0.002775877390617021, 0.002775877390617021, 0.002775877390617021, 0.002775877390617021, 0.002775877390617021, 0.002775877390617021, 0.002775877390617021, 0.002775877390617021, 0.002775877390617021, 0.002775877390617021, 0.002775877390617021, 0.002775877390617021, 0.002775877390617021, 0.002775877390617021, 0.002775877390617021, 0.002775877390617021],