{"p_array": [0.001, 0.053526315789473686, 0.10605263157894737, 0.15857894736842104, 0.21110526315789474, 0.26363157894736844, 0.3161578947368421, 0.3686842105263158, 0.4212105263157895, 0.4737368421052632, 0.5262631578947369, 0.5787894736842105, 0.6313157894736842, 0.6838421052631579, 0.7363684210526316, 0.7888947368421053, 0.841421052631579, 0.8939473684210526, 0.9464736842105264, 0.999], "mean_sharpness": [-1.4180377651169473, 0.0376709984458743], "sharpness_error_true_minus_model": [], "posterior_variance": [0.998200085616793, 0.08185144798407067], "bias_mse": [], "bias_nmse": [], "f_calibration": [], "f_calibration_mse": [], "f_calibration_nmse": [], "y_calibration": [[0.0, 0.0, 0.0, 0.20839999616146088, 0.367000013589859, 0.43860000371932983, 0.4812000095844269, 0.5108000040054321, 0.5339999794960022, 0.5605999827384949, 0.5830000042915344, 0.6011999845504761, 0.6191999912261963, 0.6363999843597412, 0.6579999923706055, 0.6833999752998352, 0.7124000191688538, 0.7645999789237976, 1.0, 1.0], [0.11640000343322754, 0.3012000024318695, 0.3790000081062317, 0.43380001187324524, 0.48100000619888306, 0.5189999938011169, 0.5576000213623047, 0.5899999737739563, 0.6223999857902527, 0.6539999842643738, 0.6832000017166138, 0.7107999920845032, 0.7379999756813049, 0.7595999836921692, 0.7857999801635742, 0.8098000288009644, 0.8345999717712402, 0.8593999743461609, 0.8866000175476074, 0.9423999786376953]], "y_calibration_mse": [0.00994238977509095, 0.030664759332255674], "y_calibration_nmse": [0.10837902872835739, 0.3342674053017904], "calibration_local_dist_to_nearest_train_sample": [[0.48660499529629103, 0.6296100263009582, 0.7726150573056254, 0.9156200883102925, 1.0586251193149596, 1.2016301503196267, 1.344635181324294, 1.4876402123289612, 1.6306452433336283, 1.7736502743382954, 1.9166553053429627, 2.05966033634763, 2.2026653673522967, 2.3456703983569644, 2.4886754293616313, 2.631680460366298, 2.774685491370966, 2.917690522375633, 3.0606955533802997, 3.2037005843849666], [0.4556197589303401, 0.5676395535690564, 0.6796593482077726, 0.7916791428464889, 0.9036989374852051, 1.0157187321239214, 1.1277385267626376, 1.239758321401354, 1.3517781160400701, 1.4637979106787864, 1.5758177053175026, 1.687837499956219, 1.7998572945949352, 1.9118770892336514, 2.023896883872368, 2.1359166785110837, 2.2479364731498004, 2.359956267788516, 2.471976062427233, 2.583995857065949]], "calibration_local_y": [[0.02025365789473684, 0.009258939463600227, 0.010934825270456427, 0.024394460763650684, 0.015704816545220615, 0.019886808722057774, 0.016943074030744246, 0.01360764597459442, 0.009618188411460973, 0.015217745012005702, 0.010000801868553368, 0.009588797977509854, 0.008190874632212899, 0.013494375116333324, 0.016882237542801305, 0.029959108535250883, 0.03002077740248843, 0.0141783491615012, 0.03543494604473651, 0.014753643044996767], [0.006104369350349562, 0.010901995189628002, 0.013352670732774487, 0.0525256296898197, 0.049692237051206525, 0.06429099876794978, 0.06742586857770756, 0.05778035920758033, 0.04083479180043883, 0.02670688398980728, 0.010733978448136812, 0.006721500740007005, 0.0030921383753169914, 0.003387227475463216, 0.020025571843466216, 0.03909574956865217, 0.05371456222219717, 0.1053971537264365, 0.12018721052631583, 0.24718984210526312]], "elpd": [-1.421999636787915, -2.691598459397762], "expected_improvement": [null, null], "actual_improvement": [null, [[0.10051750568002649]]], "mse": [1.0061095668991185, 0.41449199041529694], "nmse": [1.0003255319752264, 0.41210911261837413], "y_regret_pool": [0.009952228285151188, 0.009952228285151188, 0.009952228285151188, 0.009952228285151188, 0.009952228285151188, 0.009952228285151188, 0.009952228285151188, 0.009952228285151188, 0.009952228285151188, 0.009952228285151188, 0.009952228285151188, 0.009952228285151188, 0.009952228285151188, 0.009952228285151188, 0.009952228285151188, 0.009952228285151188, 0.009952228285151188, 0.009952228285151188, 0.009952228285151188, 0.009952228285151188, 0.009952228285151188, 0.005971336971090979, 0.005971336971090979, 0.005971336971090979, 0.005971336971090979, 0.005971336971090979, 0.005971336971090979, 0.005971336971090979, 0.0021894902227335145, 0.0021894902227335145, 0.0021894902227335145, 0.0021894902227335145, 0.0021894902227335145, 0.0021894902227335145, 0.0021894902227335145, 0.0021894902227335145, 0.0021894902227335145, 0.0021894902227335145, 0.0021894902227335145, 0.0021894902227335145, 0.0021894902227335145, 0.0021894902227335145, 0.0021894902227335145, 0.0021894902227335145, 0.0021894902227335145, 0.0021894902227335145, 0.0021894902227335145, 0.0021894902227335145, 0.0021894902227335145, 0.0021894902227335145, 0.0021894902227335145, 0.0021894902227335145, 0.0021894902227335145, 0.0021894902227335145, 0.0021894902227335145, 0.0021894902227335145, 0.0021894902227335145, 0.0021894902227335145, 0.0021894902227335145, 0.0021894902227335145, 0.0021894902227335145, 0.0021894902227335145, 0.0021894902227335145, 0.0021894902227335145, 0.0021894902227335145, 0.0021894902227335145, 0.0021894902227335145, 0.0021894902227335145, 0.0021894902227335145, 0.0021894902227335145, 0.0021894902227335145, 0.0021894902227335145, 0.0021894902227335145, 0.0021894902227335145, 0.0021894902227335145, 0.0021894902227335145, 0.0021894902227335145, 0.0021894902227335145, 0.0021894902227335145, 0.0021894902227335145, 0.0021894902227335145, 0.0021894902227335145, 0.0021894902227335145, 0.0021894902227335145, 0.0021894902227335145, 0.0021894902227335145, 0.0021894902227335145, 0.0021894902227335145, 0.0021894902227335145, 0.0021894902227335145, 0.0021894902227335145, 0.0021894902227335145, 0.0021894902227335145, 0.0021894902227335145, 0.0021894902227335145, 0.0021894902227335145, 0.0021894902227335145, 0.0021894902227335145, 0.0021894902227335145, 0.0021894902227335145, 0.0021894902227335145],