{"p_array": [0.001, 0.053526315789473686, 0.10605263157894737, 0.15857894736842104, 0.21110526315789474, 0.26363157894736844, 0.3161578947368421, 0.3686842105263158, 0.4212105263157895, 0.4737368421052632, 0.5262631578947369, 0.5787894736842105, 0.6313157894736842, 0.6838421052631579, 0.7363684210526316, 0.7888947368421053, 0.841421052631579, 0.8939473684210526, 0.9464736842105264, 0.999], "mean_sharpness": [0.7755962207029268, 0.9171837915122969], "sharpness_error_true_minus_model": [], "posterior_variance": [0.01324076638365902, 0.0097021294472071], "bias_mse": [], "bias_nmse": [], "f_calibration": [], "f_calibration_mse": [], "f_calibration_nmse": [], "y_calibration": [[0.42500001192092896, 0.49959999322891235, 0.5091999769210815, 0.5188000202178955, 0.5249999761581421, 0.5297999978065491, 0.5333999991416931, 0.5364000201225281, 0.5400000214576721, 0.5429999828338623, 0.545799970626831, 0.5472000241279602, 0.5501999855041504, 0.5526000261306763, 0.5555999875068665, 0.5583999752998352, 0.5616000294685364, 0.5658000111579895, 0.5717999935150146, 0.5947999954223633], [0.48820000886917114, 0.5281999707221985, 0.5338000059127808, 0.5388000011444092, 0.5432000160217285, 0.5468000173568726, 0.5491999983787537, 0.5511999726295471, 0.5527999997138977, 0.5547999739646912, 0.5562000274658203, 0.5577999949455261, 0.5605999827384949, 0.5626000165939331, 0.5654000043869019, 0.5680000185966492, 0.5702000260353088, 0.5735999941825867, 0.5785999894142151, 0.6000000238418579]], "y_calibration_mse": [0.07676893595439013, 0.08309854353017312], "y_calibration_nmse": [0.8368352985004721, 0.9058324648571631], "calibration_local_dist_to_nearest_train_sample": [[0.5126890179875845, 0.6811993323671673, 0.8497096467467502, 1.018219961126333, 1.1867302755059157, 1.3552405898854987, 1.5237509042650814, 1.6922612186446642, 1.860771533024247, 2.02928184740383, 2.1977921617834126, 2.3663024761629954, 2.5348127905425786, 2.703323104922161, 2.871833419301744, 3.0403437336813264, 3.2088540480609096, 3.377364362440492, 3.545874676820075, 3.7143849911996574], [0.48847500184227466, 0.6327713000765478, 0.7770675983108211, 0.9213638965450942, 1.0656601947793674, 1.2099564930136406, 1.3542527912479136, 1.498549089482187, 1.6428453877164602, 1.7871416859507332, 1.9314379841850065, 2.0757342824192797, 2.2200305806535527, 2.364326878887826, 2.5086231771220993, 2.6529194753563723, 2.7972157735906453, 2.941512071824919, 3.085808370059192, 3.230104668293465]], "calibration_local_y": [[0.21469531000203843, 0.25717113322368423, 0.21666549154802278, 0.17701586281137674, 0.13919533542035978, 0.12068355845300387, 0.09424442443916245, 0.07432194637296453, 0.07640167550082483, 0.08214622698029699, 0.08867741002038024, 0.09533206379589336, 0.11929715186831827, 0.12454982750482979, 0.10379549568934499, 0.14245974080741106, 0.16618097821928798, 0.3417372105263158, 0.3417372105263158, 0.3417372105263158], [0.1901945340568853, 0.18418640744789389, 0.1947187060173619, 0.17394931658836701, 0.16595861716041654, 0.12559399900925122, 0.12167406251774156, 0.08997818927410653, 0.08234010029930375, 0.08087004585839404, 0.08242161327164185, 0.09820757973962244, 0.10080786308661724, 0.10355314425228854, 0.11805970955173695, 0.14605670413561475, 0.12405878513314214, 0.17806032916923353, 0.0917372105263158, 0.3198872105263158]], "next_sample_train_distance": [[0.4882390544504592]], "elpd": [-41.57870298047849, -50.423891781550985], "expected_improvement": [null, null], "actual_improvement": [null, [[0.5797118668883279]]], "mse": [0.9679857122588841, 0.9536554000298625], "nmse": [0.9667410016911631, 0.9524291164810987], "y_regret_pool": [0.06281707535941616, 0.018346574390686543], "y_regret_test": [0.0622188174988505, 0.017748316530120878], "f_regret_pool": [], "f_regret_test": [], "x_y_opt_dist_pool": [3.6393937876081304, 2.6569489934841095], "x_f_opt_dist_pool": [], "x_y_opt_dist_test": [2.81290427892387, 2.3102858016578307], "x_f_opt_dist_test": [], "uct_calibration": [0.527439235175668, 0.539735874367696], "uct_sharpness": [0.11865749007316947, 0.10024065149460981]}