{"p_array": [0.001, 0.053526315789473686, 0.10605263157894737, 0.15857894736842104, 0.21110526315789474, 0.26363157894736844, 0.3161578947368421, 0.3686842105263158, 0.4212105263157895, 0.4737368421052632, 0.5262631578947369, 0.5787894736842105, 0.6313157894736842, 0.6838421052631579, 0.7363684210526316, 0.7888947368421053, 0.841421052631579, 0.8939473684210526, 0.9464736842105264, 0.999], "mean_sharpness": [-1.3984125137552068, -0.493759396941507], "sharpness_error_true_minus_model": [], "posterior_variance": [0.9925700343587742, 0.17242962339515014], "bias_mse": [], "bias_nmse": [], "f_calibration": [], "f_calibration_mse": [], "f_calibration_nmse": [], "y_calibration": [[0.0, 0.00039999998989515007, 0.0034000000450760126, 0.025800000876188278, 0.14339999854564667, 0.2921999990940094, 0.4023999869823456, 0.46639999747276306, 0.5098000168800354, 0.5411999821662903, 0.5705999732017517, 0.59579998254776, 0.6155999898910522, 0.6381999850273132, 0.6693999767303467, 0.7347999811172485, 0.8700000047683716, 0.9598000049591064, 0.9962000250816345, 1.0], [0.0, 0.0026000000070780516, 0.006000000052154064, 0.010400000028312206, 0.02500000037252903, 0.05220000073313713, 0.11420000344514847, 0.1940000057220459, 0.2669999897480011, 0.3215999901294708, 0.375, 0.42179998755455017, 0.47380000352859497, 0.5446000099182129, 0.6241999864578247, 0.6855999827384949, 0.722599983215332, 0.7793999910354614, 0.8263999819755554, 0.9760000109672546]], "y_calibration_mse": [0.004270008567979125, 0.01946461020370195], "y_calibration_nmse": [0.04654609120422544, 0.21217791659490584], "calibration_local_dist_to_nearest_train_sample": [[0.49433791044584213, 0.6416179168603461, 0.7888979232748501, 0.936177929689354, 1.0834579361038579, 1.230737942518362, 1.3780179489328659, 1.5252979553473698, 1.6725779617618737, 1.8198579681763776, 1.9671379745908817, 2.114417981005386, 2.2616979874198897, 2.4089779938343936, 2.5562580002488975, 2.7035380066634014, 2.8508180130779053, 2.998098019492409, 3.145378025906913, 3.2926580323214174], [0.4513943132245927, 0.5605801222336187, 0.6697659312426448, 0.7789517402516708, 0.8881375492606969, 0.997323358269723, 1.106509167278749, 1.2156949762877751, 1.3248807852968012, 1.434066594305827, 1.5432524033148531, 1.6524382123238792, 1.7616240213329053, 1.8708098303419312, 1.9799956393509572, 2.0891814483599833, 2.1983672573690094, 2.3075530663780355, 2.416738875387061, 2.525924684396087]], "calibration_local_y": [[0.012640635521709404, 0.006522473236250321, 0.009814082757277224, 0.005193021555604619, 0.0038835509764707154, 0.003932349426686216, 0.0056542038824172365, 0.0043042633150307, 0.003185318122548015, 0.004171309300636505, 0.004442669448381521, 0.009804736653128192, 0.0071525438354876365, 0.016315707082120205, 0.014663159887195312, 0.010201199430119146, 0.01936866900116719, 0.01633522186491452, 0.011900159190285598, 0.011223383259881195], [0.018932522619241682, 0.015513859646805395, 0.012364819798932395, 0.009221655539577708, 0.007486682390910412, 0.008954691883365552, 0.012205370869938396, 0.025975807650704213, 0.04669797719966835, 0.06736616943072032, 0.06156014853119727, 0.09965027522080157, 0.1206564978751518, 0.11414866380321431, 0.11642278378937607, 0.11153998813990193, 0.15691729032712573, 0.10112773524989271, 0.0945272688332385, 0.10274247368421055]], "elpd": [-1.1972566508452391, -0.7306035585170985], "expected_improvement": [null, null], "actual_improvement": [null, [[0.20288751246378578]]], "mse": [0.6301036661552709, 0.3029034810692516], "nmse": [0.6337515140851218, 0.3046570747963047], "y_regret_pool": [0.217520724863708, 0.07712098426986014, 0.01661067353504664, 0.01661067353504664, 0.01661067353504664, 0.01661067353504664, 0.01661067353504664, 0.01661067353504664, 0.01661067353504664, 0.01661067353504664, 0.01661067353504664, 0.01661067353504664, 0.011667020697235575, 0.011667020697235575, 0.011667020697235575, 0.003559430043224232, 0.003559430043224232, 0.003559430043224232, 0.003559430043224232, 0.003559430043224232, 0.003559430043224232, 0.003559430043224232, 0.003559430043224232, 0.003559430043224232, 0.003559430043224232, 0.003559430043224232, 0.003559430043224232, 0.003559430043224232, 0.003559430043224232, 0.003559430043224232, 0.003559430043224232, 0.003559430043224232, 0.003559430043224232, 0.003559430043224232, 0.003559430043224232, 0.003559430043224232, 0.003559430043224232, 0.003559430043224232, 0.003559430043224232, 0.003559430043224232, 0.003559430043224232, 0.003559430043224232, 0.003559430043224232, 0.003559430043224232, 0.003559430043224232, 0.003559430043224232, 0.003559430043224232, 0.003559430043224232, 0.003559430043224232, 0.003559430043224232, 0.003559430043224232, 0.003559430043224232, 0.003559430043224232, 0.003559430043224232, 0.003559430043224232, 0.003559430043224232, 0.003559430043224232, 0.003559430043224232, 0.003559430043224232, 0.003559430043224232, 0.003559430043224232, 0.003559430043224232, 0.003559430043224232, 0.003559430043224232, 0.003559430043224232, 0.003559430043224232, 0.003559430043224232, 0.003559430043224232, 0.003559430043224232, 0.003559430043224232, 0.003559430043224232, 0.003559430043224232, 0.003559430043224232, 0.003559430043224232, 0.003559430043224232, 0.003559430043224232, 0.003559430043224232, 0.003559430043224232, 0.003559430043224232, 0.003559430043224232, 0.003559430043224232, 0.003559430043224232, 0.003559430043224232, 0.003559430043224232, 0.003559430043224232, 0.003559430043224232, 0.003559430043224232, 0.003559430043224232, 0.003559430043224232, 0.003559430043224232, 0.003559430043224232, 0.003559430043224232, 0.003559430043224232, 0.00019774611351253135, 0.00019774611351253135, 0.00019774611351253135, 0.00019774611351253135, 0.00019774611351253135, 0.00019774611351253135, 0.00019774611351253135, 0.00019774611351253135],