{"p_array": [0.001, 0.053526315789473686, 0.10605263157894737, 0.15857894736842104, 0.21110526315789474, 0.26363157894736844, 0.3161578947368421, 0.3686842105263158, 0.4212105263157895, 0.4737368421052632, 0.5262631578947369, 0.5787894736842105, 0.6313157894736842, 0.6838421052631579, 0.7363684210526316, 0.7888947368421053, 0.841421052631579, 0.8939473684210526, 0.9464736842105264, 0.999], "mean_sharpness": [-0.5250157301522308, -0.31637136420937834, -0.31637136420937834], "sharpness_error_true_minus_model": [], "posterior_variance": [0.18763658861905633, 0.11608599472908994, 0.11608599472908994], "bias_mse": [], "bias_nmse": [], "f_calibration": [], "f_calibration_mse": [], "f_calibration_nmse": [], "y_calibration": [[0.04439999908208847, 0.21299999952316284, 0.27079999446868896, 0.32280001044273376, 0.358599990606308, 0.39800000190734863, 0.4352000057697296, 0.47200000286102295, 0.5058000087738037, 0.5329999923706055, 0.5605999827384949, 0.5830000042915344, 0.5938000082969666, 0.6079999804496765, 0.6200000047683716, 0.6376000046730042, 0.6585999727249146, 0.6869999766349792, 0.727400004863739, 0.8866000175476074], [0.015399999916553497, 0.07800000160932541, 0.10859999805688858, 0.14640000462532043, 0.18240000307559967, 0.22259999811649323, 0.274399995803833, 0.33719998598098755, 0.41040000319480896, 0.4925999939441681, 0.5712000131607056, 0.6484000086784363, 0.7095999717712402, 0.7595999836921692, 0.7918000221252441, 0.8217999935150146, 0.8551999926567078, 0.8903999924659729, 0.9312000274658203, 0.9940000176429749], [0.015399999916553497, 0.07800000160932541, 0.10859999805688858, 0.14640000462532043, 0.18240000307559967, 0.22259999811649323, 0.274399995803833, 0.33719998598098755, 0.41040000319480896, 0.4925999939441681, 0.5712000131607056, 0.6484000086784363, 0.7095999717712402, 0.7595999836921692, 0.7918000221252441, 0.8217999935150146, 0.8551999926567078, 0.8903999924659729, 0.9312000274658203, 0.9940000176429749]], "y_calibration_mse": [0.016920681431828306, 0.0015012573351644244, 0.0015012573351644244], "y_calibration_nmse": [0.1844473069842736, 0.01636475892989762, 0.01636475892989762], "calibration_local_dist_to_nearest_train_sample": [[0.5186325294769967, 0.6914723781905316, 0.8643122269040667, 1.0371520756176018, 1.2099919243311366, 1.3828317730446718, 1.555671621758207, 1.7285114704717417, 1.901351319185277, 2.0741911678988116, 2.247031016612347, 2.419870865325882, 2.5927107140394168, 2.765550562752952, 2.9383904114664867, 3.111230260180022, 3.284070108893557, 3.456909957607092, 3.629749806320627, 3.8025896550341622], [0.435809282332683, 0.5258258839019045, 0.615842485471126, 0.7058590870403475, 0.795875688609569, 0.8858922901787905, 0.975908891748012, 1.0659254933172335, 1.1559420948864552, 1.2459586964556766, 1.335975298024898, 1.4259918995941194, 1.516008501163341, 1.6060251027325625, 1.6960417043017841, 1.7860583058710056, 1.876074907440227, 1.9660915090094486, 2.05610811057867, 2.1461247121478917], [0.435809282332683, 0.5258258839019045, 0.615842485471126, 0.7058590870403475, 0.795875688609569, 0.8858922901787905, 0.975908891748012, 1.0659254933172335, 1.1559420948864552, 1.2459586964556766, 1.335975298024898, 1.4259918995941194, 1.516008501163341, 1.6060251027325625, 1.6960417043017841, 1.7860583058710056, 1.876074907440227, 1.9660915090094486, 2.05610811057867, 2.1461247121478917]], "calibration_local_y": [[0.04178031600811117, 0.04040826339817616, 0.05226577582545259, 0.05013788395486398, 0.03648452312230381, 0.03981809481166971, 0.03542916760482091, 0.021403635308712737, 0.015714693650476164, 0.01417105060726363, 0.020352107880162194, 0.03663247900753001, 0.09708740812279112, 0.13127685949416906, 0.2034189811148181, 0.25205386249987355, 0.2428658289473684, 0.1982089599333272, 0.20285446187793968, 0.20779510526315786], [0.013185562768635329, 0.007911286646098775, 0.005939425644397799, 0.004462400137989047, 0.006053524185695784, 0.0030395447024225697, 0.0023879137303407768, 0.0018519241350517103, 0.0008636763570626591, 0.0006687181985010049, 0.0004949069768211828, 0.00034056460252457284, 0.00853503876223692, 0.005440080556802628, 0.00950526163004277, 0.0027878228016872926, 0.009474052631578947, 0.007996158653613899, 0.03542142105263158, 0.07317142105263157], [0.013185562768635329, 0.007911286646098775, 0.005939425644397799, 0.004462400137989047, 0.006053524185695784, 0.0030395447024225697, 0.0023879137303407768, 0.0018519241350517103, 0.0008636763570626591, 0.0006687181985010049, 0.0004949069768211828, 0.00034056460252457284, 0.00853503876223692, 0.005440080556802628, 0.00950526163004277, 0.0027878228016872926, 0.009474052631578947, 0.007996158653613899, 0.03542142105263158, 0.07317142105263157]], "elpd": [-2.5021498361115047, -0.4684555028829827, -0.4684555028829827], "expected_improvement": [null, null, null], "actual_improvement": [null, null, null], "mse": [0.6311083528096946, 0.14454246285572514, 0.14454246285572514], "nmse": [0.635369885426083, 0.14551847975863963, 0.14551847975863963], "y_regret_pool": [0.03176880926061121, 0.03176880926061121, 0.03176880926061121, 0.03176880926061121, 0.03176880926061121, 0.03176880926061121, 0.03176880926061121, 0.03176880926061121, 0.03176880926061121, 0.03176880926061121, 0.03176880926061121, 0.03176880926061121, 0.03176880926061121, 0.022238166482427824, 0.022238166482427824, 0.022238166482427824, 0.022238166482427824, 0.022238166482427824, 0.022238166482427824, 0.022238166482427824, 0.0208482810772761, 0.0208482810772761, 0.0208482810772761, 0.0208482810772761, 0.0208482810772761, 0.0208482810772761, 0.0208482810772761, 0.0208482810772761, 0.0208482810772761, 0.0208482810772761, 0.0208482810772761, 0.0208482810772761, 0.0208482810772761, 0.0208482810772761, 0.0208482810772761, 0.0208482810772761, 0.0208482810772761, 0.0208482810772761, 0.0208482810772761, 0.0208482810772761, 0.0208482810772761, 0.0208482810772761, 0.0208482810772761, 0.0208482810772761, 0.0208482810772761, 0.0208482810772761, 0.0208482810772761, 0.0208482810772761, 0.0208482810772761, 0.0208482810772761, 0.020451170961518716, 0.020451170961518716, 0.020451170961518716, 0.020451170961518716, 0.020451170961518716, 0.020451170961518716, 0.020451170961518716, 0.020451170961518716, 0.020451170961518716, 0.020451170961518716, 0.020451170961518716, 0.020451170961518716, 0.020451170961518716, 0.020451170961518716, 0.020451170961518716, 0.020451170961518716, 0.020451170961518716, 0.020451170961518716, 0.020451170961518716, 0.020451170961518716, 0.020451170961518716, 0.020451170961518716, 0.020451170961518716, 0.020451170961518716, 0.020451170961518716, 0.020451170961518716, 0.020451170961518716, 0.020451170961518716, 0.020451170961518716, 0.020451170961518716, 0.020451170961518716, 0.020451170961518716, 0.020451170961518716, 0.020451170961518716, 0.020451170961518716, 0.020451170961518716, 0.020451170961518716, 0.020451170961518716, 0.020451170961518716, 0.020451170961518716, 0.020451170961518716, 0.020451170961518716, 0.020451170961518716, 0.020451170961518716, 0.020451170961518716, 0.020451170961518716, 0.020451170961518716, 0.020451170961518716, 0.020451170961518716, 0.020451170961518716, 0.020451170961518716, 0.020451170961518716],