{"p_array": [0.001, 0.053526315789473686, 0.10605263157894737, 0.15857894736842104, 0.21110526315789474, 0.26363157894736844, 0.3161578947368421, 0.3686842105263158, 0.4212105263157895, 0.4737368421052632, 0.5262631578947369, 0.5787894736842105, 0.6313157894736842, 0.6838421052631579, 0.7363684210526316, 0.7888947368421053, 0.841421052631579, 0.8939473684210526, 0.9464736842105264, 0.999], "mean_sharpness": [-0.2226319510717392, -0.3316277997611857], "sharpness_error_true_minus_model": [], "posterior_variance": [0.3389314989670534, 0.2712964677782896], "bias_mse": [], "bias_nmse": [], "f_calibration": [], "f_calibration_mse": [], "f_calibration_nmse": [], "y_calibration": [[0.023800000548362732, 0.07079999893903732, 0.11599999666213989, 0.15860000252723694, 0.2272000014781952, 0.3109999895095825, 0.3806000053882599, 0.4296000003814697, 0.47540000081062317, 0.508400022983551, 0.5454000234603882, 0.5687999725341797, 0.5906000137329102, 0.6150000095367432, 0.6481999754905701, 0.6876000165939331, 0.7871999740600586, 0.8586000204086304, 0.8888000249862671, 0.9273999929428101], [0.00019999999494757503, 0.033799998462200165, 0.04800000041723251, 0.0722000002861023, 0.1096000000834465, 0.1444000005722046, 0.18080000579357147, 0.21379999816417694, 0.24719999730587006, 0.28760001063346863, 0.3310000002384186, 0.3718000054359436, 0.4189999997615814, 0.460999995470047, 0.5199999809265137, 0.6150000095367432, 0.70660001039505, 0.7767999768257141, 0.8289999961853027, 0.9254000186920166]], "y_calibration_mse": [0.0026480508857111003, 0.0223429508005379], "y_calibration_nmse": [0.028865613751700884, 0.24355384987565745], "calibration_local_dist_to_nearest_train_sample": [[0.500644532059779, 0.6588144097790954, 0.8169842874984119, 0.9751541652177285, 1.133324042937045, 1.2914939206563614, 1.449663798375678, 1.6078336760949945, 1.766003553814311, 1.9241734315336276, 2.082343309252944, 2.2405131869722608, 2.398683064691577, 2.5568529424108934, 2.7150228201302102, 2.8731926978495266, 3.031362575568843, 3.1895324532881597, 3.347702331007476, 3.505872208726793], [0.45944272884035325, 0.5764108033402441, 0.693378877840135, 0.8103469523400257, 0.9273150268399166, 1.0442831013398075, 1.1612511758396984, 1.278219250339589, 1.39518732483948, 1.5121553993393708, 1.6291234738392617, 1.7460915483391526, 1.8630596228390435, 1.9800276973389341, 2.096995771838825, 2.213963846338716, 2.330931920838607, 2.4478999953384974, 2.5648680698383886, 2.681836144338279]], "calibration_local_y": [[0.019436962727905623, 0.0036073227155871005, 0.0026759089037431062, 0.000829276616463989, 0.0018318262156362941, 0.0023778979013679893, 0.004562063649216624, 0.0021360273326139177, 0.002331716317056059, 0.002636685243200936, 0.0042068081244428296, 0.0038012730364162437, 0.009595262157309537, 0.011435146262702601, 0.03626163330629091, 0.05031345229421945, 0.03712531559981647, 0.03681336253437501, 0.15035533554577796, 0.11325089103497026], [0.010996973340718506, 0.0020333253682999716, 0.0008402726889476187, 0.0011511226106076897, 0.002514969407777119, 0.01486098956940073, 0.03374315052411441, 0.04898691625627744, 0.05817774523464118, 0.060583429728267725, 0.05644419728260702, 0.053686162014058805, 0.0873670669718986, 0.07490207139157203, 0.09322591215968276, 0.08938923909381134, 0.130241740515175, 0.11927668326441465, 0.11335563157894739, 0.173653]], "next_sample_train_distance": [[0.9199750370763697]], "elpd": [-23375466302.849808, -1.0805810453618518], "expected_improvement": [null, null], "actual_improvement": [null, [[0.3119194824452308]]], "mse": [0.6190830630756309, 0.5606723175422854], "nmse": [0.6042563299993665, 0.5472444929234839], "y_regret_pool": [0.10303946982635881, 0.00360137952791173], "y_regret_test": [0.10303946982635881, 0.00360137952791173], "f_regret_pool": [], "f_regret_test": [], "x_y_opt_dist_pool": [1.4669913257254317, 1.9662006745149698], "x_f_opt_dist_pool": [], "x_y_opt_dist_test": [2.2051116758214953, 0.6909869705479547], "x_f_opt_dist_test": [], "uct_calibration": [0.09005619692566309, 0.07115484760750419], "uct_sharpness": [0.6931346734635847, 0.6410899599680651]}