{"p_array": [0.001, 0.053526315789473686, 0.10605263157894737, 0.15857894736842104, 0.21110526315789474, 0.26363157894736844, 0.3161578947368421, 0.3686842105263158, 0.4212105263157895, 0.4737368421052632, 0.5262631578947369, 0.5787894736842105, 0.6313157894736842, 0.6838421052631579, 0.7363684210526316, 0.7888947368421053, 0.841421052631579, 0.8939473684210526, 0.9464736842105264, 0.999], "mean_sharpness": [0.04480863080555291, -0.0707015324157545], "sharpness_error_true_minus_model": [], "posterior_variance": [0.05798561468576233, 0.08025784889199042], "bias_mse": [], "bias_nmse": [], "f_calibration": [], "f_calibration_mse": [], "f_calibration_nmse": [], "y_calibration": [[0.012199999764561653, 0.11640000343322754, 0.1624000072479248, 0.19779999554157257, 0.2231999933719635, 0.24860000610351562, 0.2667999863624573, 0.2874000072479248, 0.3061999976634979, 0.328000009059906, 0.3467999994754791, 0.36419999599456787, 0.3846000134944916, 0.40540000796318054, 0.4251999855041504, 0.44519999623298645, 0.47440001368522644, 0.5099999904632568, 0.5580000281333923, 0.7016000151634216], [0.03220000118017197, 0.12139999866485596, 0.1793999969959259, 0.23899999260902405, 0.3009999990463257, 0.36059999465942383, 0.4124000072479248, 0.4578000009059906, 0.49779999256134033, 0.5360000133514404, 0.5680000185966492, 0.5965999960899353, 0.6222000122070312, 0.646399974822998, 0.6729999780654907, 0.6931999921798706, 0.7164000272750854, 0.7455999851226807, 0.7814000248908997, 0.8913999795913696]], "y_calibration_mse": [0.050287941950924106, 0.007751996328605806], "y_calibration_nmse": [0.5481738725475904, 0.08450220236838424], "calibration_local_dist_to_nearest_train_sample": [[0.5126890179875845, 0.6811993323671673, 0.8497096467467502, 1.018219961126333, 1.1867302755059157, 1.3552405898854987, 1.5237509042650814, 1.6922612186446642, 1.860771533024247, 2.02928184740383, 2.1977921617834126, 2.3663024761629954, 2.5348127905425786, 2.703323104922161, 2.871833419301744, 3.0403437336813264, 3.2088540480609096, 3.377364362440492, 3.545874676820075, 3.7143849911996574], [0.4829512149770321, 0.6217237263460625, 0.760496237715093, 0.8992687490841235, 1.038041260453154, 1.1768137718221845, 1.3155862831912148, 1.4543587945602452, 1.5931313059292758, 1.7319038172983063, 1.8706763286673365, 2.009448840036367, 2.1482213514053976, 2.286993862774428, 2.4257663741434583, 2.564538885512489, 2.7033113968815194, 2.84208390825055, 2.98085641961958, 3.1196289309886107]], "calibration_local_y": [[0.018944579293491137, 0.01181774095394737, 0.008623022017981877, 0.013653905841850857, 0.022892233607214582, 0.036529179910929015, 0.03476510935637507, 0.045977864206946675, 0.04890951191286625, 0.07544313366308292, 0.07563132766131135, 0.08519032033185736, 0.09988657447574013, 0.12806879137343624, 0.08510155726564997, 0.1384691167109995, 0.1802898437839822, 0.2955289454745529, 0.297359432088251, 0.2918372105263158], [0.02575052261511699, 0.024759622952303523, 0.022862452411845348, 0.03511085931136619, 0.04121314511475672, 0.03523365061347826, 0.024361918031185224, 0.02248097176891881, 0.015719167725171464, 0.01968017315780771, 0.027534409345165173, 0.05691914623235782, 0.05723198860630775, 0.05892618144716456, 0.048313213712999736, 0.0629552391637083, 0.007588530698398504, 0.013140047249501291, 0.008557159302909918, 0.1447635263157895]], "next_sample_train_distance": [[0.6045304551131078]], "elpd": [-10.409079749330218, -1.7793863655351116], "expected_improvement": [null, null], "actual_improvement": [null, [[0.03190708589684621]]], "mse": [1.2167597880884353, 0.3521309603249975], "nmse": [1.2151951846573812, 0.351678163220673], "y_regret_pool": [0.06281707535941616, 0.0029912893028292142], "y_regret_test": [0.0622188174988505, 0.002393031442263549], "f_regret_pool": [], "f_regret_test": [], "x_y_opt_dist_pool": [3.6393937876081304, 3.0824787974439194], "x_f_opt_dist_pool": [], "x_y_opt_dist_test": [2.81290427892387, 2.6120982378119777], "x_f_opt_dist_test": [], "uct_calibration": [0.31280613925274675, 0.16390752301118858], "uct_sharpness": [0.25002292647558455, 0.3089097890641317]}