{"p_array": [0.001, 0.053526315789473686, 0.10605263157894737, 0.15857894736842104, 0.21110526315789474, 0.26363157894736844, 0.3161578947368421, 0.3686842105263158, 0.4212105263157895, 0.4737368421052632, 0.5262631578947369, 0.5787894736842105, 0.6313157894736842, 0.6838421052631579, 0.7363684210526316, 0.7888947368421053, 0.841421052631579, 0.8939473684210526, 0.9464736842105264, 0.999], "mean_sharpness": [0.8944931805420819, 1.2450092733293334], "sharpness_error_true_minus_model": [], "posterior_variance": [0.01025407854932658, 0.005052911130744493], "bias_mse": [], "bias_nmse": [], "f_calibration": [], "f_calibration_mse": [], "f_calibration_nmse": [], "y_calibration": [[0.5302000045776367, 0.5537999868392944, 0.5583999752998352, 0.5619999766349792, 0.5644000172615051, 0.5666000247001648, 0.5684000253677368, 0.5702000260353088, 0.5727999806404114, 0.574999988079071, 0.5763999819755554, 0.5785999894142151, 0.5813999772071838, 0.5834000110626221, 0.5853999853134155, 0.5875999927520752, 0.5911999940872192, 0.5925999879837036, 0.599399983882904, 0.6215999722480774], [0.5442000031471252, 0.5600000023841858, 0.5627999901771545, 0.5655999779701233, 0.5667999982833862, 0.5684000253677368, 0.5698000192642212, 0.5712000131607056, 0.5720000267028809, 0.5734000205993652, 0.576200008392334, 0.5771999955177307, 0.5785999894142151, 0.5802000164985657, 0.5820000171661377, 0.5834000110626221, 0.5853999853134155, 0.5879999995231628, 0.5916000008583069, 0.6047999858856201]], "y_calibration_mse": [0.0873242570820141, 0.09029199800476718], "y_calibration_nmse": [0.9518957092876092, 0.9842461688854814], "calibration_local_dist_to_nearest_train_sample": [[0.500644532059779, 0.6588144097790954, 0.8169842874984119, 0.9751541652177285, 1.133324042937045, 1.2914939206563614, 1.449663798375678, 1.6078336760949945, 1.766003553814311, 1.9241734315336276, 2.082343309252944, 2.2405131869722608, 2.398683064691577, 2.5568529424108934, 2.7150228201302102, 2.8731926978495266, 3.031362575568843, 3.1895324532881597, 3.347702331007476, 3.505872208726793], [0.4285789242989556, 0.5146831942574488, 0.6007874642159421, 0.6868917341744353, 0.7729960041329285, 0.8591002740914218, 0.9452045440499149, 1.0313088140084081, 1.1174130839669014, 1.2035173539253945, 1.2896216238838878, 1.375725893842381, 1.4618301638008742, 1.5479344337593675, 1.6340387037178605, 1.7201429736763538, 1.8062472436348471, 1.8923515135933402, 1.9784557835518335, 2.0645600535103266]], "calibration_local_y": [[0.10355195617288451, 0.09363191609991359, 0.08536577792723743, 0.07561584441220781, 0.0875385278731267, 0.09428212610455947, 0.09774813809973776, 0.09105598682055957, 0.09290272159272636, 0.09511491124907764, 0.08637836557267141, 0.08950348014326112, 0.081566725571683, 0.08371851924164594, 0.09563079587680284, 0.10362568157572608, 0.09888120966987247, 0.07412115402462359, 0.11951498499272453, 0.1136151029963619], [0.09327704409896206, 0.08943870571904586, 0.09140992439730321, 0.11351313729360064, 0.10285785815011725, 0.10567579736684522, 0.09854365840890175, 0.09063685078320793, 0.0893125203506825, 0.08612901746362052, 0.08792284116643273, 0.08733710170636647, 0.0835812178546719, 0.0991694123848359, 0.10463031321698442, 0.18173720873817648, 0.19554931834530717, 0.18173720873817648, 0.3417372105263158, 0.34173721052631584]], "elpd": [-52.56831679017192, -108.14170888007463], "expected_improvement": [null, null], "actual_improvement": [null, [[0.3585373396676421]]], "mse": [1.0035956258898293, 1.0142966571142147], "nmse": [0.9795600071674396, 0.9900047539882161], "y_regret_pool": [0.10303946982635881, 0.10303946982635881, 0.10303946982635881, 0.10303946982635881, 0.10303946982635881, 0.10303946982635881, 0.10303946982635881, 0.10303946982635881, 0.10303946982635881, 0.10303946982635881, 0.10303946982635881, 0.10303946982635881, 0.10303946982635881, 0.10303946982635881, 0.10303946982635881, 0.10303946982635881, 0.10303946982635881, 0.10303946982635881, 0.07462858688394536, 0.07462858688394536, 0.07462858688394536, 0.07462858688394536, 0.07462858688394536, 0.07462858688394536, 0.07462858688394536, 0.07462858688394536, 0.07462858688394536, 0.07462858688394536, 0.06522498478328753, 0.06522498478328753, 0.06522498478328753, 0.06522498478328753, 0.03701417848131339, 0.03701417848131339, 0.014405518111646032, 0.014405518111646032, 0.014405518111646032, 0.014405518111646032, 0.014405518111646032, 0.014405518111646032, 0.014405518111646032, 0.014405518111646032, 0.014405518111646032, 0.014405518111646032, 0.014405518111646032, 0.014405518111646032, 0.014405518111646032, 0.014405518111646032, 0.014405518111646032, 0.014405518111646032, 0.014405518111646032, 0.014405518111646032, 0.014405518111646032, 0.014405518111646032, 0.014405518111646032, 0.014405518111646032, 0.014405518111646032, 0.014405518111646032, 0.014405518111646032, 0.014405518111646032, 0.014405518111646032, 0.014405518111646032, 0.014405518111646032, 0.014405518111646032, 0.014405518111646032, 0.014405518111646032, 0.014405518111646032, 0.014405518111646032, 0.014405518111646032, 0.014405518111646032, 0.014405518111646032, 0.014405518111646032, 0.014405518111646032, 0.014405518111646032, 0.014405518111646032, 0.014405518111646032, 0.014405518111646032, 0.014405518111646032, 0.014405518111646032, 0.014405518111646032, 0.014405518111646032, 0.014405518111646032, 0.014405518111646032, 0.014405518111646032, 0.014405518111646032, 0.014405518111646032, 0.014405518111646032, 0.014405518111646032, 0.014405518111646032, 0.014405518111646032, 0.014405518111646032, 0.014405518111646032, 0.014405518111646032, 0.014405518111646032, 0.014405518111646032, 0.014405518111646032, 0.014405518111646032, 0.014405518111646032, 0.014405518111646032, 0.014405518111646032, 0.014405518111646032], "y_regret_test": [0.10303946982635881, 0.10303946982635881, 0.10303946982635881, 0.10303946982635881, 0.10303946982635881, 0.10303946982635881, 0.10303946982635881, 0.10303946982635881, 0.10303946982635881, 0.10303946982635881, 0.10303946982635881, 0.10303946982635881, 0.10303946982635881, 0.10303946982635881, 0.10303946982635881, 0.10303946982635881, 0.10303946982635881, 0.10303946982635881, 0.07462858688394536, 0.07462858688394536, 0.07462858688394536, 0.07462858688394536, 0.07462858688394536, 0.07462858688394536, 0.07462858688394536, 0.07462858688394536, 0.07462858688394536, 0.07462858688394536, 0.06522498478328753, 0.06522498478328753, 0.06522498478328753, 0.06522498478328753, 0.03701417848131339, 0.03701417848131339, 0.014405518111646032, 0.014405518111646032, 0.014405518111646032, 0.014405518111646032, 0.014405518111646032, 0.014405518111646032, 0.014405518111646032, 0.014405518111646032, 0.014405518111646032, 0.014405518111646032, 0.014405518111646032, 0.014405518111646032, 0.014405518111646032, 0.014405518111646032, 0.014405518111646032, 0.014405518111646032, 0.014405518111646032, 0.014405518111646032, 0.014405518111646032, 0.014405518111646032, 0.014405518111646032, 0.014405518111646032, 0.014405518111646032, 0.014405518111646032, 0.014405518111646032, 0.014405518111646032, 0.014405518111646032, 0.014405518111646032, 0.014405518111646032, 0.014405518111646032, 0.014405518111646032, 0.014405518111646032, 0.014405518111646032, 0.014405518111646032, 0.014405518111646032, 0.014405518111646032, 0.014405518111646032, 0.014405518111646032, 0.014405518111646032, 0.014405518111646032, 0.014405518111646032, 0.014405518111646032, 0.014405518111646032, 0.014405518111646032, 0.014405518111646032, 0.014405518111646032, 0.014405518111646032, 0.014405518111646032, 0.014405518111646032, 0.014405518111646032, 0.014405518111646032, 0.014405518111646032, 0.014405518111646032, 0.014405518111646032, 0.014405518111646032, 0.014405518111646032, 0.014405518111646032, 0.014405518111646032, 0.014405518111646032, 0.014405518111646032, 0.014405518111646032, 0.014405518111646032, 0.014405518111646032, 0.014405518111646032, 0.014405518111646032, 0.014405518111646032, 0.014405518111646032], "f_regret_pool": [],