{"p_array": [0.001, 0.053526315789473686, 0.10605263157894737, 0.15857894736842104, 0.21110526315789474, 0.26363157894736844, 0.3161578947368421, 0.3686842105263158, 0.4212105263157895, 0.4737368421052632, 0.5262631578947369, 0.5787894736842105, 0.6313157894736842, 0.6838421052631579, 0.7363684210526316, 0.7888947368421053, 0.841421052631579, 0.8939473684210526, 0.9464736842105264, 0.999], "mean_sharpness": [-0.4741152759683262, -0.17763797570522633], "sharpness_error_true_minus_model": [], "posterior_variance": [0.17492409043327806, 0.09653968797447174], "bias_mse": [], "bias_nmse": [], "f_calibration": [], "f_calibration_mse": [], "f_calibration_nmse": [], "y_calibration": [[0.15399999916553497, 0.3889999985694885, 0.4551999866962433, 0.4975999891757965, 0.527400016784668, 0.5472000241279602, 0.5618000030517578, 0.5774000287055969, 0.5898000001907349, 0.6000000238418579, 0.6092000007629395, 0.6200000047683716, 0.6294000148773193, 0.6413999795913696, 0.6552000045776367, 0.6733999848365784, 0.7063999772071838, 0.7552000284194946, 0.8077999949455261, 0.9039999842643738], [0.1599999964237213, 0.3617999851703644, 0.4368000030517578, 0.503600001335144, 0.5522000193595886, 0.6065999865531921, 0.6442000269889832, 0.6840000152587891, 0.7247999906539917, 0.7526000142097473, 0.7720000147819519, 0.7919999957084656, 0.8087999820709229, 0.8230000138282776, 0.8402000069618225, 0.8565999865531921, 0.873199999332428, 0.8930000066757202, 0.9132000207901001, 0.9580000042915344]], "y_calibration_mse": [0.03987786999773951, 0.05677808608567682], "y_calibration_nmse": [0.4346967797358534, 0.6189210001037629], "calibration_local_dist_to_nearest_train_sample": [[0.5014892658615698, 0.6580701632790278, 0.8146510606964859, 0.9712319581139439, 1.127812855531402, 1.2843937529488598, 1.4409746503663179, 1.597555547783776, 1.754136445201234, 1.910717342618692, 2.06729824003615, 2.223879137453608, 2.3804600348710663, 2.5370409322885243, 2.6936218297059824, 2.8502027271234405, 3.0067836245408985, 3.1633645219583566, 3.3199454193758147, 3.4765263167932727], [0.5014892658615698, 0.6580701632790278, 0.8146510606964859, 0.9712319581139439, 1.127812855531402, 1.2843937529488598, 1.4409746503663179, 1.597555547783776, 1.754136445201234, 1.910717342618692, 2.06729824003615, 2.223879137453608, 2.3804600348710663, 2.5370409322885243, 2.6936218297059824, 2.8502027271234405, 3.0067836245408985, 3.1633645219583566, 3.3199454193758147, 3.4765263167932727]], "calibration_local_y": [[0.07532405917483605, 0.04657310756839918, 0.05826619189337244, 0.05406311603615641, 0.05960671710902125, 0.066577915854803, 0.06685184642791622, 0.06426155811527719, 0.03969385099220597, 0.04190310487779534, 0.04854463013872827, 0.039329615677088633, 0.031624881314390244, 0.03986369214346791, 0.05245492820376872, 0.04627659203720404, 0.15003891141753575, 0.20931430860908645, 0.2424854514499884, 0.2571343507801352], [0.051473633194410104, 0.05577279636463077, 0.05980762310523828, 0.08020770228976232, 0.0822560351052168, 0.0849780338325937, 0.06933650636117633, 0.07551479184486794, 0.039549328784961514, 0.04651876477472576, 0.04272693223089749, 0.04565639349432707, 0.03583079260897012, 0.03775024489246127, 0.02600358667514303, 0.017776170881790024, 0.07825168679182357, 0.06968327679623651, 0.16960509817329367, 0.1797144065372108]], "elpd": [-3.556816070233257, -2.853091946605003], "expected_improvement": [null, null], "actual_improvement": [null, [[0.15608049748602815]]], "mse": [0.7645721526437123, 0.4383412207842914], "nmse": [0.7793736138363724, 0.4468271309055895], "y_regret_pool": [0.10392094347921743, 0.10392094347921743, 0.10392094347921743, 0.10392094347921743, 0.10392094347921743, 0.10392094347921743, 0.10392094347921743, 0.10392094347921743, 0.10392094347921743, 0.10392094347921743, 0.046187085990763155, 0.030459586881839584, 0.030459586881839584, 0.030459586881839584, 0.030061422347436473, 0.030061422347436473, 0.030061422347436473, 0.030061422347436473, 0.028468764209823583, 0.010551360161682677, 0.010551360161682677, 0.010551360161682677, 0.010551360161682677, 0.010551360161682677, 0.010551360161682677, 0.010551360161682677, 0.010551360161682677, 0.010551360161682677, 0.010551360161682677, 0.010551360161682677, 0.010551360161682677, 0.006768797084853118, 0.006768797084853118, 0.006768797084853118, 0.0035834808096280035, 0.0035834808096280035, 0.0035834808096280035, 0.0035834808096280035, 0.0035834808096280035, 0.0035834808096280035, 0.0035834808096280035, 0.0035834808096280035, 0.0035834808096280035, 0.0017917404048137797, 0.0017917404048137797, 0.0017917404048137797, 0.0, 0.0, 0.0, 0.0, 0.0, 0.0, 0.0, 0.0, 0.0, 0.0, 0.0, 0.0, 0.0, 0.0, 0.0, 0.0, 0.0, 0.0, 0.0, 0.0, 0.0, 0.0, 0.0, 0.0, 0.0, 0.0, 0.0, 0.0, 0.0, 0.0, 0.0, 0.0, 0.0, 0.0, 0.0, 0.0, 0.0, 0.0, 0.0, 0.0, 0.0, 0.0, 0.0, 0.0, 0.0, 0.0, 0.0, 0.0, 0.0, 0.0, 0.0, 0.0, 0.0, 0.0, 0.0], "y_regret_test": [0.10849983562485344, 0.10849983562485344, 0.10849983562485344, 0.10849983562485344, 0.10849983562485344, 0.10849983562485344, 0.10849983562485344, 0.10849983562485344, 0.10849983562485344, 0.10849983562485344, 0.05076597813639916, 0.03503847902747559, 0.03503847902747559, 0.03503847902747559, 0.03464031449307248, 0.03464031449307248, 0.03464031449307248, 0.03464031449307248, 0.03304765635545959, 0.015130252307318681, 0.015130252307318681, 0.015130252307318681, 0.015130252307318681, 0.015130252307318681, 0.015130252307318681, 0.015130252307318681, 0.015130252307318681, 0.015130252307318681, 0.015130252307318681, 0.015130252307318681, 0.015130252307318681, 0.011347689230489122, 0.011347689230489122, 0.011347689230489122, 0.008162372955264008, 0.008162372955264008, 0.008162372955264008, 0.008162372955264008, 0.008162372955264008, 0.008162372955264008, 0.008162372955264008, 0.008162372955264008, 0.008162372955264008, 0.006370632550449784, 0.006370632550449784, 0.006370632550449784, 0.004578892145636004, 0.004578892145636004, 0.004578892145636004, 0.004578892145636004, 0.004578892145636004, 0.004578892145636004, 0.004578892145636004, 0.004578892145636004, 0.004578892145636004, 0.004578892145636004, 0.004578892145636004, 0.004578892145636004, 0.004578892145636004, 0.004578892145636004, 0.004578892145636004, 0.004578892145636004, 0.004578892145636004, 0.004578892145636004, 0.004578892145636004, 0.004578892145636004, 0.004578892145636004, 0.004578892145636004, 0.004578892145636004, 0.004578892145636004, 0.004578892145636004, 0.004578892145636004, 0.004578892145636004, 0.004578892145636004, 0.004578892145636004, 0.004578892145636004, 0.004578892145636004, 0.004578892145636004, 0.004578892145636004, 0.004578892145636004, 0.004578892145636004, 0.004578892145636004, 0.004578892145636004, 0.004578892145636004, 0.004578892145636004, 0.004578892145636004, 0.004578892145636004, 0.004578892145636004, 0.004578892145636004, 0.004578892145636004, 0.004578892145636004, 0.004578892145636004, 0.004578892145636004, 0.004578892145636004, 0.004578892145636004, 0.004578892145636004, 0.004578892145636004, 0.004578892145636004, 0.004578892145636004, 0.004578892145636004, 0.004578892145636004], "f_regret_pool": [], "f_regret_test": [],