{"p_array": [0.001, 0.053526315789473686, 0.10605263157894737, 0.15857894736842104, 0.21110526315789474, 0.26363157894736844, 0.3161578947368421, 0.3686842105263158, 0.4212105263157895, 0.4737368421052632, 0.5262631578947369, 0.5787894736842105, 0.6313157894736842, 0.6838421052631579, 0.7363684210526316, 0.7888947368421053, 0.841421052631579, 0.8939473684210526, 0.9464736842105264, 0.999], "mean_sharpness": [-1.7526624907701225, -0.4988791070317612], "sharpness_error_true_minus_model": [], "posterior_variance": [1.9492562998732386, 0.16807407711699665], "bias_mse": [], "bias_nmse": [], "f_calibration": [], "f_calibration_mse": [], "f_calibration_nmse": [], "y_calibration": [[0.0, 0.0, 0.0, 0.0, 0.0, 0.0, 0.0, 0.0, 0.12860000133514404, 0.3046000003814697, 0.40400001406669617, 0.46720001101493835, 0.5109999775886536, 0.5468000173568726, 0.5802000164985657, 0.6176000237464905, 0.6607999801635742, 0.7038000226020813, 1.0, 1.0], [0.006200000178068876, 0.05999999865889549, 0.0949999988079071, 0.1340000033378601, 0.19040000438690186, 0.24959999322891235, 0.31700000166893005, 0.37940001487731934, 0.4375999867916107, 0.5031999945640564, 0.5601999759674072, 0.616599977016449, 0.6686000227928162, 0.7211999893188477, 0.7674000263214111, 0.8065999746322632, 0.8399999737739563, 0.870199978351593, 0.9043999910354614, 0.9864000082015991]], "y_calibration_mse": [0.03447365085019447, 0.0005905736512873688], "y_calibration_nmse": [0.37578699692754813, 0.006437667418696544], "calibration_local_dist_to_nearest_train_sample": [[0.5186325294769967, 0.6914723781905316, 0.8643122269040667, 1.0371520756176018, 1.2099919243311366, 1.3828317730446718, 1.555671621758207, 1.7285114704717417, 1.901351319185277, 2.0741911678988116, 2.247031016612347, 2.419870865325882, 2.5927107140394168, 2.765550562752952, 2.9383904114664867, 3.111230260180022, 3.284070108893557, 3.456909957607092, 3.629749806320627, 3.8025896550341622], [0.4342963786571052, 0.5228000765507489, 0.6113037744443927, 0.6998074723380363, 0.7883111702316801, 0.8768148681253238, 0.9653185660189675, 1.0538222639126111, 1.1423259618062551, 1.2308296596998987, 1.3193333575935424, 1.4078370554871862, 1.49634075338083, 1.5848444512744735, 1.6733481491681172, 1.761851847061761, 1.8503555449554048, 1.9388592428490485, 2.027362940742692, 2.115866638636336]], "calibration_local_y": [[0.02363711648174492, 0.026311947535486685, 0.022465590847290214, 0.02267778445483095, 0.022498724438526026, 0.022701543085703945, 0.02299632588152066, 0.023799899030132687, 0.033521191409101994, 0.03647510028794717, 0.05380031710730658, 0.07175293142219133, 0.1273827406411777, 0.15839434525573165, 0.21513395135545563, 0.24265395410651358, 0.24444508470394735, 0.24718984210526312, 0.24718984210526312, 0.24718984210526312], [0.005941155801438094, 0.0058914460008125495, 0.0013447440256267222, 0.004436852816059067, 0.002242848319389686, 0.0009506007954053715, 0.0020198161376951723, 0.002156336932314695, 0.0018000309929867599, 0.0016863652022946045, 0.0008721351192181578, 0.0023015002132166923, 0.0036809777925619577, 0.0023300064115656105, 0.010092630645197987, 0.023943674412712394, 0.03759733318987618, 0.0827446923364614, 0.046946681305490165, 0.02496615789473684]], "elpd": [-1.664340814738183, -0.6628731129917516], "expected_improvement": [null, null], "actual_improvement": [null, [[0.3151068768536913]]], "mse": [1.6049333845629172, 0.24361933160603627], "nmse": [1.61577062976019, 0.24526436089934198], "y_regret_pool": [0.03176880926061121, 0.03176880926061121, 0.03176880926061121, 0.03176880926061121, 0.03176880926061121, 0.03176880926061121, 0.03176880926061121, 0.03176880926061121, 0.03176880926061121, 0.03176880926061121, 0.03176880926061121, 0.03176880926061121, 0.03176880926061121, 0.03176880926061121, 0.03176880926061121, 0.03176880926061121, 0.03176880926061121, 0.03176880926061121, 0.03176880926061121, 0.03176880926061121, 0.03176880926061121, 0.03176880926061121, 0.03176880926061121, 0.026209267640004086, 0.026209267640004086, 0.026209267640004086, 0.026209267640004086, 0.026209267640004086, 0.026209267640004086, 0.026209267640004086, 0.026209267640004086, 0.026209267640004086, 0.026209267640004086, 0.026209267640004086, 0.026209267640004086, 0.026209267640004086, 0.026209267640004086, 0.026209267640004086, 0.026209267640004086, 0.026209267640004086, 0.026209267640004086, 0.026209267640004086, 0.026209267640004086, 0.026209267640004086, 0.026209267640004086, 0.026209267640004086, 0.026209267640004086, 0.026209267640004086, 0.026209267640004086, 0.026209267640004086, 0.026209267640004086, 0.026209267640004086, 0.026209267640004086, 0.026209267640004086, 0.026209267640004086, 0.026209267640004086, 0.026209267640004086, 0.026209267640004086, 0.026209267640004086, 0.026209267640004086, 0.026209267640004086, 0.026209267640004086, 0.026209267640004086, 0.026209267640004086, 0.026209267640004086, 0.026209267640004086, 0.026209267640004086, 0.026209267640004086, 0.026209267640004086, 0.026209267640004086, 0.026209267640004086, 0.026209267640004086, 0.026209267640004086, 0.026209267640004086, 0.026209267640004086, 0.026209267640004086, 0.026209267640004086, 0.026209267640004086, 0.026209267640004086, 0.026209267640004086, 0.026209267640004086, 0.026209267640004086, 0.026209267640004086, 0.026209267640004086, 0.026209267640004086, 0.026209267640004086, 0.026209267640004086, 0.026209267640004086, 0.026209267640004086, 0.026209267640004086, 0.026209267640004086, 0.026209267640004086, 0.026209267640004086, 0.026209267640004086, 0.026209267640004086, 0.026209267640004086, 0.026209267640004086, 0.026209267640004086, 0.026209267640004086, 0.026209267640004086, 0.026209267640004086], "y_regret_test": [0.03335724972364207, 0.03335724972364207, 0.03335724972364207, 0.03335724972364207, 0.03335724972364207, 0.03335724972364207, 0.03335724972364207, 0.03335724972364207, 0.03335724972364207, 0.03335724972364207, 0.03335724972364207, 0.03335724972364207, 0.03335724972364207, 0.03335724972364207, 0.03335724972364207, 0.03335724972364207, 0.03335724972364207, 0.03335724972364207, 0.03335724972364207, 0.03335724972364207, 0.03335724972364207, 0.03335724972364207, 0.03335724972364207, 0.027797708103034946, 0.027797708103034946, 0.027797708103034946, 0.027797708103034946, 0.027797708103034946, 0.027797708103034946, 0.027797708103034946, 0.027797708103034946, 0.027797708103034946, 0.027797708103034946, 0.027797708103034946, 0.027797708103034946, 0.027797708103034946, 0.027797708103034946, 0.027797708103034946, 0.027797708103034946, 0.027797708103034946, 0.027797708103034946, 0.027797708103034946, 0.027797708103034946, 0.027797708103034946, 0.027797708103034946, 0.027797708103034946, 0.027797708103034946, 0.027797708103034946, 0.027797708103034946, 0.027797708103034946, 0.027797708103034946, 0.027797708103034946, 0.027797708103034946, 0.027797708103034946, 0.027797708103034946, 0.027797708103034946, 0.027797708103034946, 0.027797708103034946, 0.027797708103034946, 0.027797708103034946, 0.027797708103034946, 0.027797708103034946, 0.027797708103034946, 0.027797708103034946, 0.027797708103034946, 0.027797708103034946, 0.027797708103034946, 0.027797708103034946, 0.027797708103034946, 0.027797708103034946, 0.027797708103034946, 0.027797708103034946, 0.027797708103034946, 0.027797708103034946, 0.027797708103034946, 0.027797708103034946, 0.027797708103034946, 0.027797708103034946, 0.027797708103034946, 0.027797708103034946, 0.027797708103034946, 0.027797708103034946, 0.027797708103034946, 0.027797708103034946, 0.027797708103034946, 0.027797708103034946, 0.027797708103034946, 0.027797708103034946, 0.027797708103034946, 0.027797708103034946, 0.027797708103034946, 0.027797708103034946, 0.027797708103034946, 0.027797708103034946, 0.027797708103034946, 0.027797708103034946, 0.027797708103034946, 0.027797708103034946, 0.027797708103034946, 0.027797708103034946, 0.027797708103034946], "f_regret_pool": [], "f_regret_test": [],