{"p_array": [0.001, 0.053526315789473686, 0.10605263157894737, 0.15857894736842104, 0.21110526315789474, 0.26363157894736844, 0.3161578947368421, 0.3686842105263158, 0.4212105263157895, 0.4737368421052632, 0.5262631578947369, 0.5787894736842105, 0.6313157894736842, 0.6838421052631579, 0.7363684210526316, 0.7888947368421053, 0.841421052631579, 0.8939473684210526, 0.9464736842105264, 0.999], "mean_sharpness": [-1.4174843416951313, -0.14143958352896346], "sharpness_error_true_minus_model": [], "posterior_variance": [0.9970958422296045, 0.08863116439983591], "bias_mse": [], "bias_nmse": [], "f_calibration": [], "f_calibration_mse": [], "f_calibration_nmse": [], "y_calibration": [[0.0, 0.0, 0.2865999937057495, 0.42719998955726624, 0.48980000615119934, 0.5249999761581421, 0.5508000254631042, 0.5699999928474426, 0.5893999934196472, 0.6075999736785889, 0.6248000264167786, 0.6413999795913696, 0.6600000262260437, 0.6773999929428101, 0.7016000151634216, 0.7319999933242798, 0.7851999998092651, 1.0, 1.0, 1.0], [0.03319999948143959, 0.10400000214576721, 0.13699999451637268, 0.1736000031232834, 0.20999999344348907, 0.2596000134944916, 0.3158000111579895, 0.39160001277923584, 0.49160000681877136, 0.5350000262260437, 0.5598000288009644, 0.5807999968528748, 0.604200005531311, 0.6222000122070312, 0.6412000060081482, 0.6574000120162964, 0.675599992275238, 0.7009999752044678, 0.7360000014305115, 0.8299999833106995]], "y_calibration_mse": [0.02158053260637069, 0.009180778141856938], "y_calibration_nmse": [0.23524295629394665, 0.10007692722707472], "calibration_local_dist_to_nearest_train_sample": [[0.500644532059779, 0.6588144097790954, 0.8169842874984119, 0.9751541652177285, 1.133324042937045, 1.2914939206563614, 1.449663798375678, 1.6078336760949945, 1.766003553814311, 1.9241734315336276, 2.082343309252944, 2.2405131869722608, 2.398683064691577, 2.5568529424108934, 2.7150228201302102, 2.8731926978495266, 3.031362575568843, 3.1895324532881597, 3.347702331007476, 3.505872208726793], [0.4596718898325441, 0.5768691253246258, 0.6940663608167075, 0.8112635963087891, 0.9284608318008708, 1.0456580672929525, 1.1628553027850341, 1.2800525382771157, 1.3972497737691976, 1.5144470092612792, 1.6316442447533608, 1.7488414802454426, 1.8660387157375242, 1.9832359512296058, 2.1004331867216877, 2.2176304222137695, 2.334827657705851, 2.4520248931979327, 2.569222128690014, 2.686419364182096]], "calibration_local_y": [[0.014104617545748663, 0.02008067730757542, 0.01596067338872706, 0.008302806791082886, 0.017883397770035503, 0.027008388434264553, 0.031044240786687622, 0.026287414952021908, 0.028894960379558566, 0.028136407962931504, 0.01945897992761579, 0.029025145565738632, 0.015304823607457002, 0.018808919165370162, 0.01812522867869683, 0.024765416492241392, 0.017746788679540226, 0.011091533801947856, 0.02894802796238808, 0.015026682216437364], [0.04387417384604642, 0.042750521772532496, 0.035272394907699435, 0.020053038798293045, 0.012510386027739665, 0.009565333582620784, 0.009762721538959154, 0.013760225228328277, 0.014556092194993578, 0.01905925360422328, 0.026137474144102786, 0.04308623736751555, 0.04698316157495081, 0.07251320389535042, 0.09708983543908581, 0.1149309660668443, 0.1300522452737813, 0.14992668235192017, 0.05144290039508061, 0.07813826027092816]], "elpd": [-1.4903688323760933, -3.931955997049589], "expected_improvement": [null, null], "actual_improvement": [null, [[0.02861095958285298]]], "mse": [1.1424414874716229, 0.522588942851408], "nmse": [1.1150805790567808, 0.5100731962151308], "y_regret_pool": [0.10303946982635881, 0.10303946982635881, 0.10303946982635881, 0.10303946982635881, 0.10303946982635881, 0.05582138268262948, 0.05582138268262948, 0.05582138268262948, 0.05582138268262948, 0.05582138268262948, 0.05582138268262948, 0.05201992651427845, 0.03901494488570867, 0.03901494488570867, 0.03901494488570867, 0.03901494488570867, 0.037414331762192665, 0.037414331762192665, 0.037414331762192665, 0.037414331762192665, 0.037414331762192665, 0.037414331762192665, 0.037414331762192665, 0.037414331762192665, 0.037414331762192665, 0.037414331762192665, 0.028811036223292286, 0.028811036223292286, 0.028811036223292286, 0.028811036223292286, 0.009603678741097799, 0.009603678741097799, 0.009603678741097799, 0.009603678741097799, 0.009603678741097799, 0.009603678741097799, 0.009603678741097799, 0.004801839370548677, 0.004801839370548677, 0.004801839370548677, 0.004801839370548677, 0.004801839370548677, 0.004801839370548677, 0.004801839370548677, 0.004801839370548677, 0.004801839370548677, 0.004801839370548677, 0.004801839370548677, 0.004801839370548677, 0.004801839370548677, 0.004801839370548677, 0.004801839370548677, 0.004801839370548677, 0.004801839370548677, 0.004801839370548677, 0.004801839370548677, 0.004801839370548677, 0.004801839370548677, 0.004801839370548677, 0.0, 0.0, 0.0, 0.0, 0.0, 0.0, 0.0, 0.0, 0.0, 0.0, 0.0, 0.0, 0.0, 0.0, 0.0, 0.0, 0.0, 0.0, 0.0, 0.0, 0.0, 0.0, 0.0, 0.0, 0.0, 0.0, 0.0, 0.0, 0.0, 0.0, 0.0, 0.0, 0.0, 0.0, 0.0, 0.0, 0.0, 0.0, 0.0, 0.0, 0.0, 0.0], "y_regret_test": [0.10303946982635881, 0.10303946982635881, 0.10303946982635881, 0.10303946982635881, 0.10303946982635881, 0.05582138268262948, 0.05582138268262948, 0.05582138268262948, 0.05582138268262948, 0.05582138268262948, 0.05582138268262948, 0.05201992651427845, 0.03901494488570867, 0.03901494488570867, 0.03901494488570867, 0.03901494488570867, 0.037414331762192665, 0.037414331762192665, 0.037414331762192665, 0.037414331762192665, 0.037414331762192665, 0.037414331762192665, 0.037414331762192665, 0.037414331762192665, 0.037414331762192665, 0.037414331762192665, 0.028811036223292286, 0.028811036223292286, 0.028811036223292286, 0.028811036223292286, 0.009603678741097799, 0.009603678741097799, 0.009603678741097799, 0.009603678741097799, 0.009603678741097799, 0.009603678741097799, 0.009603678741097799, 0.004801839370548677, 0.004801839370548677, 0.004801839370548677, 0.004801839370548677, 0.004801839370548677, 0.004801839370548677, 0.004801839370548677, 0.004801839370548677, 0.004801839370548677, 0.004801839370548677, 0.004801839370548677, 0.004801839370548677, 0.004801839370548677, 0.004801839370548677, 0.004801839370548677, 0.004801839370548677, 0.004801839370548677, 0.004801839370548677, 0.004801839370548677, 0.004801839370548677, 0.004801839370548677, 0.004801839370548677, 0.0, 0.0, 0.0, 0.0, 0.0, 0.0, 0.0, 0.0, 0.0, 0.0, 0.0, 0.0, 0.0, 0.0, 0.0, 0.0, 0.0, 0.0, 0.0, 0.0, 0.0, 0.0, 0.0, 0.0, 0.0, 0.0, 0.0, 0.0, 0.0, 0.0, 0.0, 0.0, 0.0, 0.0, 0.0, 0.0, 0.0, 0.0, 0.0, 0.0, 0.0, 0.0], "f_regret_pool": [], "f_regret_test": [],