{"p_array": [0.001, 0.053526315789473686, 0.10605263157894737, 0.15857894736842104, 0.21110526315789474, 0.26363157894736844, 0.3161578947368421, 0.3686842105263158, 0.4212105263157895, 0.4737368421052632, 0.5262631578947369, 0.5787894736842105, 0.6313157894736842, 0.6838421052631579, 0.7363684210526316, 0.7888947368421053, 0.841421052631579, 0.8939473684210526, 0.9464736842105264, 0.999], "mean_sharpness": [-0.9122273780137402, -0.6559983142332776], "sharpness_error_true_minus_model": [], "posterior_variance": [0.3985058966749858, 0.24824742611228928], "bias_mse": [], "bias_nmse": [], "f_calibration": [], "f_calibration_mse": [], "f_calibration_nmse": [], "y_calibration": [[0.0020000000949949026, 0.06679999828338623, 0.12540000677108765, 0.20479999482631683, 0.2773999869823456, 0.3418000042438507, 0.39419999718666077, 0.43560001254081726, 0.47279998660087585, 0.5001999735832214, 0.5266000032424927, 0.5486000180244446, 0.5690000057220459, 0.599399983882904, 0.6367999911308289, 0.6741999983787537, 0.722599983215332, 0.8015999794006348, 0.8668000102043152, 0.9932000041007996], [0.0026000000070780516, 0.04439999908208847, 0.06440000236034393, 0.07919999957084656, 0.09380000084638596, 0.11379999667406082, 0.16539999842643738, 0.28360000252723694, 0.37959998846054077, 0.4325999915599823, 0.48159998655319214, 0.519599974155426, 0.5527999997138977, 0.6186000108718872, 0.7257999777793884, 0.7749999761581421, 0.8317999839782715, 0.8903999924659729, 0.9151999950408936, 0.9769999980926514]], "y_calibration_mse": [0.0045572637894288415, 0.0047757092001295045], "y_calibration_nmse": [0.049677374789170656, 0.052058583128157594], "calibration_local_dist_to_nearest_train_sample": [[0.5182002032062423, 0.6872734658020533, 0.8563467283978643, 1.0254199909936754, 1.1944932535894865, 1.3635665161852975, 1.5326397787811086, 1.7017130413769197, 1.8707863039727308, 2.039859566568542, 2.208932829164353, 2.378006091760164, 2.547079354355975, 2.716152616951786, 2.8852258795475976, 3.0542991421434085, 3.2233724047392194, 3.3924456673350303, 3.561518929930841, 3.7305921925266525], [0.4764759677756099, 0.6064764433888482, 0.7364769190020866, 0.8664773946153248, 0.996477870228563, 1.1264783458418015, 1.2564788214550398, 1.386479297068278, 1.5164797726815162, 1.6464802482947545, 1.776480723907993, 1.9064811995212312, 2.0364816751344694, 2.166482150747708, 2.2964826263609464, 2.4264831019741844, 2.556483577587423, 2.686484053200661, 2.8164845288138993, 2.9464850044271373]], "calibration_local_y": [[0.004482376343665498, 0.004659444624046396, 0.001722893813244165, 0.002336729969882059, 0.006557314242080313, 0.0029051956558870167, 0.0049993464301259175, 0.005170513102498159, 0.005337674965943012, 0.005626959109607271, 0.007550983601060937, 0.010079289177388723, 0.015913040851806885, 0.02189440537060565, 0.0593065098556537, 0.09454548656284299, 0.040548336166592217, 0.1170401884723846, 0.08678457894736842, 0.2918372105263158], [0.07236948331933422, 0.037313612345226385, 0.03104394938880566, 0.021176576656031683, 0.011629137379457744, 0.004555582436583578, 0.002340728633399632, 0.004127862724340853, 0.030755993000039783, 0.04631539297446413, 0.0758980757022044, 0.08268342584477822, 0.12397685471542338, 0.12372476995829032, 0.1529491430724938, 0.14802651083662743, 0.17678668471733447, 0.19447265574757083, 0.19796286842105265, 0.20779510526315786]], "elpd": [-1.2262190751945523, -0.8024135497909106], "expected_improvement": [null, null], "actual_improvement": [null, [[0.22972941749291043]]], "mse": [0.6898398781052453, 0.3540758620655688], "nmse": [0.689802221352436, 0.3540565338886444], "y_regret_pool": [0.06509663736584193, 0.06509663736584193, 0.019907228552245027, 0.019907228552245027, 0.019907228552245027, 0.019907228552245027, 0.01433320455761633, 0.01433320455761633, 0.01433320455761633, 0.01433320455761633, 0.01433320455761633, 0.01433320455761633, 0.01433320455761633, 0.00796289142089801, 0.00796289142089801, 0.00796289142089801, 0.00796289142089801, 0.00796289142089801, 0.00796289142089801, 0.00796289142089801, 0.00796289142089801, 0.00796289142089801, 0.00796289142089801, 0.00796289142089801, 0.00796289142089801, 0.00796289142089801, 0.00796289142089801, 0.00796289142089801, 0.00796289142089801, 0.004379590281493817, 0.004379590281493817, 0.004379590281493817, 0.004379590281493817, 0.004379590281493817, 0.004379590281493817, 0.004379590281493817, 0.004379590281493817, 0.004379590281493817, 0.004379590281493817, 0.004379590281493817, 0.004379590281493817, 0.004379590281493817, 0.004379590281493817, 0.004379590281493817, 0.004379590281493817, 0.004379590281493817, 0.004379590281493817, 0.004379590281493817, 0.004379590281493817, 0.004379590281493817, 0.004379590281493817, 0.004379590281493817, 0.004379590281493817, 0.004379590281493817, 0.004379590281493817, 0.004379590281493817, 0.004379590281493817, 0.004379590281493817, 0.004379590281493817, 0.004379590281493817, 0.004379590281493817, 0.004379590281493817, 0.004379590281493817, 0.004379590281493817, 0.004379590281493817, 0.004379590281493817, 0.004379590281493817, 0.004379590281493817, 0.004379590281493817, 0.004379590281493817, 0.004379590281493817, 0.004379590281493817, 0.004379590281493817, 0.004379590281493817, 0.004379590281493817, 0.004379590281493817, 0.004379590281493817, 0.004379590281493817, 0.004379590281493817, 0.004379590281493817, 0.004379590281493817, 0.004379590281493817, 0.004379590281493817, 0.004379590281493817, 0.004379590281493817, 0.004379590281493817, 0.004379590281493817, 0.004379590281493817, 0.004379590281493817, 0.004379590281493817, 0.004379590281493817, 0.004379590281493817, 0.004379590281493817, 0.004379590281493817, 0.004379590281493817, 0.004379590281493817, 0.004379590281493817, 0.004379590281493817, 0.004379590281493817, 0.004379590281493817, 0.004379590281493817],