{"p_array": [0.001, 0.053526315789473686, 0.10605263157894737, 0.15857894736842104, 0.21110526315789474, 0.26363157894736844, 0.3161578947368421, 0.3686842105263158, 0.4212105263157895, 0.4737368421052632, 0.5262631578947369, 0.5787894736842105, 0.6313157894736842, 0.6838421052631579, 0.7363684210526316, 0.7888947368421053, 0.841421052631579, 0.8939473684210526, 0.9464736842105264, 0.999], "mean_sharpness": [-0.7086534167286168, -0.4904841344929495, -0.4904841344929495], "sharpness_error_true_minus_model": [], "posterior_variance": [0.2721819333251039, 0.16300418520154622, 0.16300418520154622], "bias_mse": [], "bias_nmse": [], "f_calibration": [], "f_calibration_mse": [], "f_calibration_nmse": [], "y_calibration": [[0.05460000038146973, 0.24300000071525574, 0.3043999969959259, 0.34880000352859497, 0.3898000121116638, 0.4275999963283539, 0.4641999900341034, 0.501800000667572, 0.5296000242233276, 0.5559999942779541, 0.5838000178337097, 0.6046000123023987, 0.6323999762535095, 0.6650000214576721, 0.6998000144958496, 0.734000027179718, 0.770799994468689, 0.8109999895095825, 0.8465999960899353, 0.951200008392334], [0.0015999999595806003, 0.04439999908208847, 0.09139999747276306, 0.14380000531673431, 0.20020000636577606, 0.2574000060558319, 0.32100000977516174, 0.38960000872612, 0.4758000075817108, 0.5712000131607056, 0.6651999950408936, 0.7192000150680542, 0.7523999810218811, 0.784600019454956, 0.8199999928474426, 0.847599983215332, 0.879800021648407, 0.9143999814987183, 0.9455999732017517, 0.9972000122070312], [0.0015999999595806003, 0.04439999908208847, 0.09139999747276306, 0.14380000531673431, 0.20020000636577606, 0.2574000060558319, 0.32100000977516174, 0.38960000872612, 0.4758000075817108, 0.5712000131607056, 0.6651999950408936, 0.7192000150680542, 0.7523999810218811, 0.784600019454956, 0.8199999928474426, 0.847599983215332, 0.879800021648407, 0.9143999814987183, 0.9455999732017517, 0.9972000122070312]], "y_calibration_mse": [0.013203947533509886, 0.004489121437699866, 0.004489121437699866], "y_calibration_nmse": [0.14393229811279462, 0.04893457531512923, 0.04893457531512923], "calibration_local_dist_to_nearest_train_sample": [[0.5011007174539057, 0.6606144412342715, 0.8201281650146373, 0.9796418887950029, 1.1391556125753686, 1.2986693363557342, 1.4581830601361, 1.6176967839164658, 1.7772105076968314, 1.936724231477197, 2.096237955257563, 2.2557516790379286, 2.415265402818294, 2.57477912659866, 2.734292850379026, 2.8938065741593917, 3.0533202979397576, 3.2128340217201226, 3.3723477455004884, 3.531861469280854], [0.42623238140759667, 0.5108777691416533, 0.5955231568757098, 0.6801685446097664, 0.764813932343823, 0.8494593200778795, 0.9341047078119361, 1.0187500955459927, 1.1033954832800492, 1.188040871014106, 1.2726862587481624, 1.357331646482219, 1.4419770342162757, 1.5266224219503322, 1.6112678096843889, 1.6959131974184454, 1.7805585851525019, 1.8652039728865586, 1.949849360620615, 2.0344947483546716], [0.42623238140759667, 0.5108777691416533, 0.5955231568757098, 0.6801685446097664, 0.764813932343823, 0.8494593200778795, 0.9341047078119361, 1.0187500955459927, 1.1033954832800492, 1.188040871014106, 1.2726862587481624, 1.357331646482219, 1.4419770342162757, 1.5266224219503322, 1.6112678096843889, 1.6959131974184454, 1.7805585851525019, 1.8652039728865586, 1.949849360620615, 2.0344947483546716]], "calibration_local_y": [[0.00876731632898364, 0.012934297640553944, 0.00740184827106293, 0.012969263212813126, 0.02591160016316544, 0.013616092094696547, 0.028481251203364567, 0.020018045330600524, 0.02989157750543988, 0.0223460204074556, 0.02550265524300362, 0.012039628037709273, 0.008359737475899, 0.015447758672212885, 0.034152450505846914, 0.028734577588040676, 0.070300518392627, 0.08605497368421053, 0.22524334185534775, 0.07297142105263157], [0.017103724437920586, 0.0051261824787677155, NaN, 0.005364824194346098, 0.006224826759132846, 0.005431009337337573, 0.005233097855672687, 0.0055378441829257805, 0.004463777864769118, 0.004071034080403468, 0.004821044877705548, 0.004535276686578275, 0.0018971667851723716, 0.006792249812848396, 0.0011511378720880513, 0.0027987465412247737, 0.010685648026315787, 0.05032405052973101, 0.13392200499501425, 0.009603585453622004], [0.017103724437920586, 0.0051261824787677155, NaN, 0.005364824194346098, 0.006224826759132846, 0.005431009337337573, 0.005233097855672687, 0.0055378441829257805, 0.004463777864769118, 0.004071034080403468, 0.004821044877705548, 0.004535276686578275, 0.0018971667851723716, 0.006792249812848396, 0.0011511378720880513, 0.0027987465412247737, 0.010685648026315787, 0.05032405052973101, 0.13392200499501425, 0.009603585453622004]], "elpd": [-2.0097931748804063, -0.4369881499105881, -0.4369881499105881], "expected_improvement": [null, null, null], "actual_improvement": [null, null, null], "mse": [0.593763564387866, 0.1458931784835912, 0.1458931784835912], "nmse": [0.6096709969821404, 0.14980178123708746, 0.14980178123708746], "y_regret_pool": [0.012689725214249048, 0.012689725214249048, 0.012689725214249048, 0.012689725214249048, 0.012689725214249048, 0.012689725214249048, 0.012689725214249048, 0.012689725214249048, 0.012689725214249048, 0.012689725214249048, 0.012689725214249048, 0.012689725214249048, 0.012689725214249048, 0.012689725214249048, 0.012689725214249048, 0.012689725214249048, 0.012689725214249048, 0.012689725214249048, 0.012689725214249048, 0.012689725214249048, 0.012689725214249048, 0.012689725214249048, 0.012689725214249048, 0.012689725214249048, 0.012689725214249048, 0.012689725214249048, 0.012689725214249048, 0.009913847823632027, 0.009913847823632027, 0.009913847823632027, 0.009913847823632027, 0.009913847823632027, 0.009913847823632027, 0.009913847823632027, 0.009913847823632027, 0.009913847823632027, 0.009913847823632027, 0.009913847823632027, 0.009913847823632027, 0.009913847823632027, 0.009913847823632027, 0.009913847823632027, 0.009913847823632027, 0.009913847823632027, 0.009913847823632027, 0.009913847823632027, 0.009913847823632027, 0.009913847823632027, 0.009913847823632027, 0.009913847823632027, 0.009913847823632027, 0.009913847823632027, 0.009913847823632027, 0.009913847823632027, 0.009913847823632027, 0.009913847823632027, 0.009913847823632027, 0.0005948308694176951, 0.0005948308694176951, 0.0005948308694176951, 0.0005948308694176951, 0.0005948308694176951, 0.0005948308694176951, 0.0005948308694176951, 0.0005948308694176951, 0.0005948308694176951, 0.0005948308694176951, 0.0005948308694176951, 0.0005948308694176951, 0.0005948308694176951, 0.0005948308694176951, 0.0005948308694176951, 0.0005948308694176951, 0.0005948308694176951, 0.0005948308694176951, 0.0005948308694176951, 0.0005948308694176951, 0.0005948308694176951, 0.0005948308694176951, 0.0005948308694176951, 0.0005948308694176951, 0.0005948308694176951, 0.0005948308694176951, 0.0005948308694176951, 0.0005948308694176951, 0.0005948308694176951, 0.0005948308694176951, 0.0005948308694176951, 0.0005948308694176951, 0.0005948308694176951, 0.0005948308694176951, 0.0005948308694176951, 0.0005948308694176951, 0.0005948308694176951, 0.0005948308694176951, 0.0005948308694176951, 0.0005948308694176951, 0.0005948308694176951, 0.0005948308694176951, 0.0005948308694176951, 0.0005948308694176951, 0.0005948308694176951],