{"p_array": [0.001, 0.053526315789473686, 0.10605263157894737, 0.15857894736842104, 0.21110526315789474, 0.26363157894736844, 0.3161578947368421, 0.3686842105263158, 0.4212105263157895, 0.4737368421052632, 0.5262631578947369, 0.5787894736842105, 0.6313157894736842, 0.6838421052631579, 0.7363684210526316, 0.7888947368421053, 0.841421052631579, 0.8939473684210526, 0.9464736842105264, 0.999], "mean_sharpness": [-0.9902882442552116, -0.45646336594538317, -0.45646336594538317], "sharpness_error_true_minus_model": [], "posterior_variance": [0.45930297094758127, 0.20271656348894473, 0.20271656348894473], "bias_mse": [], "bias_nmse": [], "f_calibration": [], "f_calibration_mse": [], "f_calibration_nmse": [], "y_calibration": [[0.0017999999690800905, 0.12380000203847885, 0.17000000178813934, 0.23399999737739563, 0.30000001192092896, 0.36820000410079956, 0.4230000078678131, 0.46239998936653137, 0.4959999918937683, 0.522599995136261, 0.5440000295639038, 0.5662000179290771, 0.5871999859809875, 0.6150000095367432, 0.6561999917030334, 0.7185999751091003, 0.7937999963760376, 0.8646000027656555, 0.8934000134468079, 0.9620000123977661], [0.00279999990016222, 0.05559999868273735, 0.10679999738931656, 0.16820000112056732, 0.2513999938964844, 0.3452000021934509, 0.4196000099182129, 0.47200000286102295, 0.5188000202178955, 0.553600013256073, 0.5881999731063843, 0.629800021648407, 0.6827999949455261, 0.758400022983551, 0.8253999948501587, 0.8772000074386597, 0.9215999841690063, 0.9480000138282776, 0.9693999886512756, 0.9929999709129333], [0.00279999990016222, 0.05559999868273735, 0.10679999738931656, 0.16820000112056732, 0.2513999938964844, 0.3452000021934509, 0.4196000099182129, 0.47200000286102295, 0.5188000202178955, 0.553600013256073, 0.5881999731063843, 0.629800021648407, 0.6827999949455261, 0.758400022983551, 0.8253999948501587, 0.8772000074386597, 0.9215999841690063, 0.9480000138282776, 0.9693999886512756, 0.9929999709129333]], "y_calibration_mse": [0.0043787063195560435, 0.004296907740657684, 0.004296907740657684], "y_calibration_nmse": [0.0477309730090383, 0.046839311071324434, 0.046839311071324434], "calibration_local_dist_to_nearest_train_sample": [[0.5071285340475428, 0.6677195702996999, 0.8283106065518568, 0.9889016428040138, 1.1494926790561708, 1.310083715308328, 1.470674751560485, 1.631265787812642, 1.791856824064799, 1.952447860316956, 2.113038896569113, 2.27362993282127, 2.4342209690734276, 2.5948120053255845, 2.7554030415777415, 2.9159940778298985, 3.0765851140820555, 3.2371761503342125, 3.3977671865863694, 3.5583582228385264], [0.43224531413627554, 0.5195352282026064, 0.6068251422689375, 0.6941150563352684, 0.7814049704015993, 0.8686948844679303, 0.9559847985342612, 1.0432747126005921, 1.130564626666923, 1.217854540733254, 1.305144454799585, 1.392434368865916, 1.4797242829322468, 1.5670141969985778, 1.6543041110649086, 1.7415940251312396, 1.8288839391975706, 1.9161738532639014, 2.0034637673302322, 2.0907536813965635], [0.43224531413627554, 0.5195352282026064, 0.6068251422689375, 0.6941150563352684, 0.7814049704015993, 0.8686948844679303, 0.9559847985342612, 1.0432747126005921, 1.130564626666923, 1.217854540733254, 1.305144454799585, 1.392434368865916, 1.4797242829322468, 1.5670141969985778, 1.6543041110649086, 1.7415940251312396, 1.8288839391975706, 1.9161738532639014, 2.0034637673302322, 2.0907536813965635]], "calibration_local_y": [[0.005999198660780228, 0.005651764921753866, 0.004679198154015974, 0.0024317780982805676, 0.0015005936632951013, 0.006951278171261665, 0.012322333454262221, 0.008944358466236601, 0.010652470649692823, 0.011149043271710055, 0.00584504306857107, 0.006179725852690957, 0.006582347199019144, 0.01980367516646635, 0.018751526889289834, 0.024586106297201517, 0.04681460460985451, 0.09812741697436131, 0.11644318788404326, 0.20928545681471994], [0.01950658704310014, 0.011241923562120327, 0.007837538335229571, 0.007919546794713652, 0.007878308607169461, 0.008505472202911622, 0.005233278517895329, 0.004792900065703954, 0.003992797996884068, 0.0029032212124466945, 0.0013380354239833944, 0.0008270470962181439, 0.0038248710957488733, 0.003060175908737599, 0.011439996453120464, 0.0045534977344040715, 0.03058554307697664, 0.06853326315789474, 0.0519608947368421, 0.24718984210526312], [0.01950658704310014, 0.011241923562120327, 0.007837538335229571, 0.007919546794713652, 0.007878308607169461, 0.008505472202911622, 0.005233278517895329, 0.004792900065703954, 0.003992797996884068, 0.0029032212124466945, 0.0013380354239833944, 0.0008270470962181439, 0.0038248710957488733, 0.003060175908737599, 0.011439996453120464, 0.0045534977344040715, 0.03058554307697664, 0.06853326315789474, 0.0519608947368421, 0.24718984210526312]], "elpd": [-1.7244068335069787, -0.4814343400631302, -0.4814343400631302], "expected_improvement": [null, null, null], "actual_improvement": [null, null, null], "mse": [0.9077566250712432, 0.26162585700271795, 0.26162585700271795], "nmse": [0.9007496168464166, 0.25960635697240814, 0.25960635697240814], "y_regret_pool": [0.12098434041167305, 0.12098434041167305, 0.12098434041167305, 0.12098434041167305, 0.12098434041167305, 0.014574021204706522, 0.014574021204706522, 0.014574021204706522, 0.014574021204706522, 0.000598932378275574, 0.000598932378275574, 0.000598932378275574, 0.000598932378275574, 0.000598932378275574, 0.000598932378275574, 0.000598932378275574, 0.000598932378275574, 0.000598932378275574, 0.000598932378275574, 0.000598932378275574, 0.000598932378275574, 0.000598932378275574, 0.000598932378275574, 0.000598932378275574, 0.000598932378275574, 0.000598932378275574, 0.000598932378275574, 0.000598932378275574, 0.000598932378275574, 0.000598932378275574, 0.000598932378275574, 0.000598932378275574, 0.000598932378275574, 0.000598932378275574, 0.000598932378275574, 0.000598932378275574, 0.000598932378275574, 0.000598932378275574, 0.000598932378275574, 0.000598932378275574, 0.000598932378275574, 0.000598932378275574, 0.000598932378275574, 0.000598932378275574, 0.000598932378275574, 0.000598932378275574, 0.000598932378275574, 0.000598932378275574, 0.000598932378275574, 0.000598932378275574, 0.000598932378275574, 0.000598932378275574, 0.000598932378275574, 0.000598932378275574, 0.000598932378275574, 0.000598932378275574, 0.000598932378275574, 0.000598932378275574, 0.000598932378275574, 0.000598932378275574, 0.000598932378275574, 0.000598932378275574, 0.000598932378275574, 0.000598932378275574, 0.000598932378275574, 0.000598932378275574, 0.000598932378275574, 0.000598932378275574, 0.000598932378275574, 0.000598932378275574, 0.000598932378275574, 0.000598932378275574, 0.000598932378275574, 0.000598932378275574, 0.000598932378275574, 0.000598932378275574, 0.000598932378275574, 0.000598932378275574, 0.000598932378275574, 0.000598932378275574, 0.000598932378275574, 0.000598932378275574, 0.000598932378275574, 0.000598932378275574, 0.000598932378275574, 0.000598932378275574, 0.000598932378275574, 0.000598932378275574, 0.000598932378275574, 0.000598932378275574, 0.000598932378275574, 0.000598932378275574, 0.000598932378275574, 0.000598932378275574, 0.000598932378275574, 0.000598932378275574, 0.000598932378275574, 0.000598932378275574, 0.000598932378275574, 0.000598932378275574, 0.000598932378275574, 0.000598932378275574],