{"p_array": [0.001, 0.053526315789473686, 0.10605263157894737, 0.15857894736842104, 0.21110526315789474, 0.26363157894736844, 0.3161578947368421, 0.3686842105263158, 0.4212105263157895, 0.4737368421052632, 0.5262631578947369, 0.5787894736842105, 0.6313157894736842, 0.6838421052631579, 0.7363684210526316, 0.7888947368421053, 0.841421052631579, 0.8939473684210526, 0.9464736842105264, 0.999], "mean_sharpness": [-0.5198997660763676, -0.34754406104770713, -0.34754406104770713], "sharpness_error_true_minus_model": [], "posterior_variance": [0.19518183217940746, 0.12326533523398912, 0.12326533523398912], "bias_mse": [], "bias_nmse": [], "f_calibration": [], "f_calibration_mse": [], "f_calibration_nmse": [], "y_calibration": [[0.09200000017881393, 0.25459998846054077, 0.31779998540878296, 0.36079999804496765, 0.4050000011920929, 0.45260000228881836, 0.48820000886917114, 0.5188000202178955, 0.5371999740600586, 0.5514000058174133, 0.5667999982833862, 0.5827999711036682, 0.5964000225067139, 0.6137999892234802, 0.6341999769210815, 0.6535999774932861, 0.6759999990463257, 0.7020000219345093, 0.7351999878883362, 0.8396000266075134], [0.006200000178068876, 0.05959999933838844, 0.09019999951124191, 0.11900000274181366, 0.15479999780654907, 0.19259999692440033, 0.23880000412464142, 0.29600000381469727, 0.36559998989105225, 0.4535999894142151, 0.5382000207901001, 0.6186000108718872, 0.6633999943733215, 0.6990000009536743, 0.7336000204086304, 0.7623999714851379, 0.7961999773979187, 0.8295999765396118, 0.8737999796867371, 0.9782000184059143], [0.006200000178068876, 0.05959999933838844, 0.09019999951124191, 0.11900000274181366, 0.15479999780654907, 0.19259999692440033, 0.23880000412464142, 0.29600000381469727, 0.36559998989105225, 0.4535999894142151, 0.5382000207901001, 0.6186000108718872, 0.6633999943733215, 0.6990000009536743, 0.7336000204086304, 0.7623999714851379, 0.7961999773979187, 0.8295999765396118, 0.8737999796867371, 0.9782000184059143]], "y_calibration_mse": [0.022507237106702056, 0.00202292799929422, 0.00202292799929422], "y_calibration_nmse": [0.24534468595211553, 0.022051335414367344, 0.022051335414367344], "calibration_local_dist_to_nearest_train_sample": [[0.4869501588052503, 0.6286464202047508, 0.7703426816042513, 0.9120389430037519, 1.0537352044032524, 1.195431465802753, 1.3371277272022535, 1.478823988601754, 1.6205202500012545, 1.762216511400755, 1.9039127728002556, 2.045609034199756, 2.1873052955992565, 2.329001556998757, 2.4706978183982575, 2.6123940797977583, 2.754090341197259, 2.8957866025967594, 3.0374828639962597, 3.1791791253957604], [0.42806423312457775, 0.510874568843406, 0.5936849045622343, 0.6764952402810626, 0.7593055759998908, 0.8421159117187191, 0.9249262474375474, 1.0077365831563756, 1.0905469188752037, 1.173357254594032, 1.2561675903128604, 1.3389779260316885, 1.4217882617505169, 1.5045985974693452, 1.5874089331881733, 1.6702192689070017, 1.75302960462583, 1.8358399403446581, 1.9186502760634865, 2.001460611782315], [0.42806423312457775, 0.510874568843406, 0.5936849045622343, 0.6764952402810626, 0.7593055759998908, 0.8421159117187191, 0.9249262474375474, 1.0077365831563756, 1.0905469188752037, 1.173357254594032, 1.2561675903128604, 1.3389779260316885, 1.4217882617505169, 1.5045985974693452, 1.5874089331881733, 1.6702192689070017, 1.75302960462583, 1.8358399403446581, 1.9186502760634865, 2.001460611782315]], "calibration_local_y": [[0.027206217071704387, 0.01942073892546316, 0.020335133078882867, 0.023470543561873468, 0.027596064458728586, 0.03060545136431068, 0.03127143753147119, 0.030986526012184656, 0.02987456781597378, 0.028902805448726067, 0.02299776328058721, 0.02521742615146, 0.020113482808930452, 0.02463402985116698, 0.03546140977632623, 0.04366279519601963, 0.0413629241200337, 0.0843872115724558, 0.258449256958015, 0.21548575596912553], [0.008151037357540301, 0.005159324197568682, NaN, 0.005940990248738861, 0.006967010603267325, 0.0046973294000090095, 0.0027979515804138397, 0.0014951237949293833, 0.0025040677548657858, 0.0025442847419109623, 0.002247270625030162, 0.006903027716832748, 0.0032556008899928606, 0.008048435174797166, 0.008180515598917951, 0.007832625443589732, 0.014043918864604894, 0.01774925890901203, 0.11026036619367414, 0.2191091436923973], [0.008151037357540301, 0.005159324197568682, NaN, 0.005940990248738861, 0.006967010603267325, 0.0046973294000090095, 0.0027979515804138397, 0.0014951237949293833, 0.0025040677548657858, 0.0025442847419109623, 0.002247270625030162, 0.006903027716832748, 0.0032556008899928606, 0.008048435174797166, 0.008180515598917951, 0.007832625443589732, 0.014043918864604894, 0.01774925890901203, 0.11026036619367414, 0.2191091436923973]], "elpd": [-3.277577600499546, -0.6197435808441049, -0.6197435808441049], "expected_improvement": [null, null, null], "actual_improvement": [null, null, null], "mse": [0.8359605460495786, 0.2027973800654548, 0.2027973800654548], "nmse": [0.8446349051530698, 0.20490171059665982, 0.20490171059665982], "y_regret_pool": [0.13975357454785997, 0.13975357454785997, 0.13975357454785997, 0.13975357454785997, 0.13975357454785997, 0.13975357454785997, 0.13975357454785997, 0.13975357454785997, 0.1274106662544594, 0.1274106662544594, 0.1274106662544594, 0.1274106662544594, 0.1274106662544594, 0.1274106662544594, 0.1274106662544594, 0.1274106662544594, 0.1274106662544594, 0.1274106662544594, 0.1274106662544594, 0.1274106662544594, 0.06987678727392987, 0.06987678727392987, 0.06987678727392987, 0.06987678727392987, 0.06987678727392987, 0.06987678727392987, 0.06987678727392987, 0.06987678727392987, 0.05176058316587406, 0.05176058316587406, 0.05176058316587406, 0.05176058316587406, 0.05176058316587406, 0.05176058316587406, 0.05176058316587406, 0.05176058316587406, 0.05176058316587406, 0.05176058316587406, 0.05176058316587406, 0.05176058316587406, 0.05176058316587406, 0.05176058316587406, 0.05176058316587406, 0.05176058316587406, 0.05176058316587406, 0.05176058316587406, 0.0382231998763376, 0.0382231998763376, 0.0382231998763376, 0.0382231998763376, 0.0382231998763376, 0.0382231998763376, 0.0382231998763376, 0.0382231998763376, 0.0382231998763376, 0.0382231998763376, 0.0382231998763376, 0.0382231998763376, 0.0382231998763376, 0.0382231998763376, 0.0382231998763376, 0.0382231998763376, 0.0382231998763376, 0.0382231998763376, 0.0382231998763376, 0.0039815833204519535, 0.0039815833204519535, 0.0039815833204519535, 0.0039815833204519535, 0.0039815833204519535, 0.0039815833204519535, 0.0039815833204519535, 0.0039815833204519535, 0.0039815833204519535, 0.0039815833204519535, 0.0039815833204519535, 0.0039815833204519535, 0.0039815833204519535, 0.0039815833204519535, 0.0039815833204519535, 0.0039815833204519535, 0.0039815833204519535, 0.0039815833204519535, 0.0039815833204519535, 0.0039815833204519535, 0.0039815833204519535, 0.0039815833204519535, 0.0039815833204519535, 0.0039815833204519535, 0.0039815833204519535, 0.0039815833204519535, 0.0039815833204519535, 0.0039815833204519535, 0.0039815833204519535, 0.0039815833204519535, 0.0039815833204519535, 0.0039815833204519535, 0.0039815833204519535, 0.0039815833204519535, 0.0039815833204519535, 0.0039815833204519535, 0.0039815833204519535],