{"p_array": [0.001, 0.053526315789473686, 0.10605263157894737, 0.15857894736842104, 0.21110526315789474, 0.26363157894736844, 0.3161578947368421, 0.3686842105263158, 0.4212105263157895, 0.4737368421052632, 0.5262631578947369, 0.5787894736842105, 0.6313157894736842, 0.6838421052631579, 0.7363684210526316, 0.7888947368421053, 0.841421052631579, 0.8939473684210526, 0.9464736842105264, 0.999], "mean_sharpness": [1.2107871588953645, 1.1571094768644623], "sharpness_error_true_minus_model": [], "posterior_variance": [0.005383004270720834, 0.0060516181753441445], "bias_mse": [], "bias_nmse": [], "f_calibration": [], "f_calibration_mse": [], "f_calibration_nmse": [], "y_calibration": [[0.5202000141143799, 0.5375999808311462, 0.5432000160217285, 0.5460000038146973, 0.5472000241279602, 0.5504000186920166, 0.5523999929428101, 0.5559999942779541, 0.557200014591217, 0.5582000017166138, 0.5600000023841858, 0.5604000091552734, 0.5619999766349792, 0.5640000104904175, 0.5659999847412109, 0.5687999725341797, 0.5712000131607056, 0.5756000280380249, 0.5799999833106995, 0.59579998254776], [0.5365999937057495, 0.5537999868392944, 0.5591999888420105, 0.5618000030517578, 0.5637999773025513, 0.5662000179290771, 0.5685999989509583, 0.5705999732017517, 0.5723999738693237, 0.5741999745368958, 0.5758000016212463, 0.5777999758720398, 0.5802000164985657, 0.5820000171661377, 0.5842000246047974, 0.5866000056266785, 0.5888000130653381, 0.590399980545044, 0.5929999947547913, 0.6114000082015991]], "y_calibration_mse": [0.08630786679278832, 0.08845569243117553], "y_calibration_nmse": [0.9408163415654544, 0.9642291489318947], "calibration_local_dist_to_nearest_train_sample": [[0.5052561895343232, 0.6689007158742097, 0.8325452422140962, 0.9961897685539828, 1.1598342948938694, 1.3234788212337558, 1.4871233475736425, 1.650767873913529, 1.8144124002534154, 1.9780569265933021, 2.1417014529331886, 2.305345979273075, 2.4689905056129615, 2.6326350319528484, 2.796279558292735, 2.9599240846326214, 3.123568610972508, 3.2872131373123943, 3.450857663652281, 3.6145021899921677], [0.44479096307049776, 0.5479702629465589, 0.6511495628226202, 0.7543288626986813, 0.8575081625747425, 0.9606874624508037, 1.0638667623268647, 1.167046062202926, 1.2702253620789872, 1.3734046619550484, 1.4765839618311096, 1.5797632617071709, 1.682942561583232, 1.786121861459293, 1.8893011613353543, 1.9924804612114155, 2.095659761087477, 2.1988390609635378, 2.302018360839599, 2.40519766071566]], "calibration_local_y": [[0.13765558517178278, 0.21098201289837526, 0.2202633873815001, 0.16905067604918825, 0.1538336953834342, 0.14941811277060885, 0.1487102185649794, 0.13206121888080052, 0.10423456275884897, 0.10322572345762535, 0.07776573951727529, 0.08505568650284032, 0.1666560077005945, 0.24273351619902592, 0.28293177510463974, 0.30474267089474016, 0.3417372105263158, 0.3417372105263158, 0.3417372105263158, 0.3417372105263158], [0.09126826052825467, 0.09958451311712273, 0.10508251077829733, 0.10908041522774999, 0.10266512389710473, 0.09280688817413871, 0.09488099584687612, 0.08416748798434705, 0.08496597435646946, 0.08215884952922085, 0.08429734059828567, 0.08589556673756445, 0.0870184980666293, 0.09357394755572304, 0.09245683231464243, 0.11951498499272453, 0.20284831832605774, 0.3417372105263158, NaN, 0.3417372105263158]], "elpd": [-96.18419201364117, -89.17766149628186], "expected_improvement": [null, null], "actual_improvement": [null, [[0.5107354615773925]]], "mse": [0.9954534907958299, 1.0084144613833266], "nmse": [1.0027178287050258, 1.01577338218449], "y_regret_pool": [0.05820008748207517, 0.05820008748207517, 0.05820008748207517, 0.05820008748207517, 0.05820008748207517, 0.05820008748207517, 0.05820008748207517, 0.05820008748207517, 0.05820008748207517, 0.05820008748207517, 0.05820008748207517, 0.05820008748207517, 0.05820008748207517, 0.05820008748207517, 0.05820008748207517, 0.05820008748207517, 0.05820008748207517, 0.05820008748207517, 0.03246535492197378, 0.03246535492197378, 0.03246535492197378, 0.024151056710248753, 0.024151056710248753, 0.024151056710248753, 0.024151056710248753, 0.024151056710248753, 0.024151056710248753, 0.024151056710248753, 0.024151056710248753, 0.024151056710248753, 0.024151056710248753, 0.024151056710248753, 0.024151056710248753, 0.024151056710248753, 0.024151056710248753, 0.024151056710248753, 0.024151056710248753, 0.024151056710248753, 0.024151056710248753, 0.024151056710248753, 0.024151056710248753, 0.024151056710248753, 0.024151056710248753, 0.024151056710248753, 0.024151056710248753, 0.024151056710248753, 0.021181664491775276, 0.021181664491775276, 0.021181664491775276, 0.021181664491775276, 0.021181664491775276, 0.021181664491775276, 0.021181664491775276, 0.021181664491775276, 0.021181664491775276, 0.021181664491775276, 0.021181664491775276, 0.021181664491775276, 0.021181664491775276, 0.021181664491775276, 0.021181664491775276, 0.021181664491775276, 0.021181664491775276, 0.021181664491775276, 0.021181664491775276, 0.021181664491775276, 0.021181664491775276, 0.021181664491775276, 0.021181664491775276, 0.021181664491775276, 0.021181664491775276, 0.021181664491775276, 0.021181664491775276, 0.021181664491775276, 0.021181664491775276, 0.021181664491775276, 0.021181664491775276, 0.021181664491775276, 0.021181664491775276, 0.021181664491775276, 0.021181664491775276, 0.021181664491775276, 0.021181664491775276, 0.021181664491775276, 0.021181664491775276, 0.021181664491775276, 0.021181664491775276, 0.021181664491775276, 0.021181664491775276, 0.021181664491775276, 0.021181664491775276, 0.021181664491775276, 0.021181664491775276, 0.021181664491775276, 0.021181664491775276, 0.021181664491775276, 0.021181664491775276, 0.021181664491775276, 0.021181664491775276, 0.021181664491775276, 0.021181664491775276], "y_regret_test": [0.055428654744833494, 0.055428654744833494, 0.055428654744833494, 0.055428654744833494, 0.055428654744833494, 0.055428654744833494, 0.055428654744833494, 0.055428654744833494, 0.055428654744833494, 0.055428654744833494, 0.055428654744833494, 0.055428654744833494, 0.055428654744833494, 0.055428654744833494, 0.055428654744833494, 0.055428654744833494, 0.055428654744833494, 0.055428654744833494, 0.029693922184732102, 0.029693922184732102, 0.029693922184732102, 0.021379623973007078, 0.021379623973007078, 0.021379623973007078, 0.021379623973007078, 0.021379623973007078, 0.021379623973007078, 0.021379623973007078, 0.021379623973007078, 0.021379623973007078, 0.021379623973007078, 0.021379623973007078, 0.021379623973007078, 0.021379623973007078, 0.021379623973007078, 0.021379623973007078, 0.021379623973007078, 0.021379623973007078, 0.021379623973007078, 0.021379623973007078, 0.021379623973007078, 0.021379623973007078, 0.021379623973007078, 0.021379623973007078, 0.021379623973007078, 0.021379623973007078, 0.0184102317545336, 0.0184102317545336, 0.0184102317545336, 0.0184102317545336, 0.0184102317545336, 0.0184102317545336, 0.0184102317545336, 0.0184102317545336, 0.0184102317545336, 0.0184102317545336, 0.0184102317545336, 0.0184102317545336, 0.0184102317545336, 0.0184102317545336, 0.0184102317545336, 0.0184102317545336, 0.0184102317545336, 0.0184102317545336, 0.0184102317545336, 0.0184102317545336, 0.0184102317545336, 0.0184102317545336, 0.0184102317545336, 0.0184102317545336, 0.0184102317545336, 0.0184102317545336, 0.0184102317545336, 0.0184102317545336, 0.0184102317545336, 0.0184102317545336, 0.0184102317545336, 0.0184102317545336, 0.0184102317545336, 0.0184102317545336, 0.0184102317545336, 0.0184102317545336, 0.0184102317545336, 0.0184102317545336, 0.0184102317545336, 0.0184102317545336, 0.0184102317545336, 0.0184102317545336, 0.0184102317545336, 0.0184102317545336, 0.0184102317545336, 0.0184102317545336, 0.0184102317545336, 0.0184102317545336, 0.0184102317545336, 0.0184102317545336, 0.0184102317545336, 0.0184102317545336, 0.0184102317545336, 0.0184102317545336, 0.0184102317545336], "f_regret_pool": [], "f_regret_test": [],