{"p_array": [0.001, 0.053526315789473686, 0.10605263157894737, 0.15857894736842104, 0.21110526315789474, 0.26363157894736844, 0.3161578947368421, 0.3686842105263158, 0.4212105263157895, 0.4737368421052632, 0.5262631578947369, 0.5787894736842105, 0.6313157894736842, 0.6838421052631579, 0.7363684210526316, 0.7888947368421053, 0.841421052631579, 0.8939473684210526, 0.9464736842105264, 0.999], "mean_sharpness": [-1.1370641872573881, -0.2895228424148791], "sharpness_error_true_minus_model": [], "posterior_variance": [0.6124205551016076, 0.13088990910019943], "bias_mse": [], "bias_nmse": [], "f_calibration": [], "f_calibration_mse": [], "f_calibration_nmse": [], "y_calibration": [[0.013000000268220901, 0.04560000076889992, 0.05900000035762787, 0.1111999973654747, 0.24779999256134033, 0.37599998712539673, 0.4519999921321869, 0.4986000061035156, 0.5303999781608582, 0.5582000017166138, 0.5914000272750854, 0.6187999844551086, 0.6496000289916992, 0.717199981212616, 0.7893999814987183, 0.8145999908447266, 0.847599983215332, 0.9047999978065491, 0.9599999785423279, 1.0], [0.036400001496076584, 0.06260000169277191, 0.08820000290870667, 0.13120000064373016, 0.18639999628067017, 0.241799995303154, 0.30399999022483826, 0.36719998717308044, 0.44859999418258667, 0.515999972820282, 0.5699999928474426, 0.640999972820282, 0.7053999900817871, 0.7680000066757202, 0.8284000158309937, 0.875, 0.9101999998092651, 0.9383999705314636, 0.9742000102996826, 0.9987999796867371]], "y_calibration_mse": [0.004206499739905947, 0.0023945265690946205], "y_calibration_nmse": [0.0458538003910558, 0.026102020710644182], "calibration_local_dist_to_nearest_train_sample": [[0.5011007174539057, 0.6606144412342715, 0.8201281650146373, 0.9796418887950029, 1.1391556125753686, 1.2986693363557342, 1.4581830601361, 1.6176967839164658, 1.7772105076968314, 1.936724231477197, 2.096237955257563, 2.2557516790379286, 2.415265402818294, 2.57477912659866, 2.734292850379026, 2.8938065741593917, 3.0533202979397576, 3.2128340217201226, 3.3723477455004884, 3.531861469280854], [0.4345839624896354, 0.5275809313057307, 0.6205779001218261, 0.7135748689379213, 0.8065718377540168, 0.8995688065701121, 0.9925657753862074, 1.0855627442023028, 1.178559713018398, 1.2715566818344932, 1.3645536506505886, 1.457550619466684, 1.5505475882827793, 1.6435445570988747, 1.73654152591497, 1.8295384947310653, 1.9225354635471608, 2.0155324323632557, 2.1085294011793514, 2.2015263699954466]], "calibration_local_y": [[0.006817420709217934, 0.006247892173797203, 0.009160300683739589, 0.0099764799428926, 0.013143609809714418, 0.010389755950927572, 0.026985264239641565, 0.01612167818283112, 0.017562575076040567, 0.010146767675120693, 0.009671503563955977, 0.002087955934086889, 0.0033526728750320014, 0.010172325630481625, 0.0359698701404585, 0.04151849644865375, 0.07122170736492686, 0.04858644983552632, 0.24048670927106616, 0.08384247368421052], [0.0032600408692722896, 0.006430387175857309, 0.003252022072641194, 0.004300984984142756, 0.004894709675740301, 0.003403665927959422, 0.003271836767348892, 0.004323067293875679, 0.004011114677669771, 0.0015508464117018905, 0.0012234792603018907, 0.0013581605541820017, 0.0049255670342099565, 0.009770981223069897, 0.009208642119610203, 0.016154055734233817, 0.04419720960847489, 0.022018790409320435, 0.08173194736842106, 0.07317142105263158]], "elpd": [-1.1904492139888356, -1.0622199193055581], "expected_improvement": [null, null], "actual_improvement": [null, [[2.5613417237136153]]], "mse": [0.6427692957957656, 0.24454153164759246], "nmse": [0.6599896337548343, 0.2510930079666136], "y_regret_pool": [0.012689725214249048, 0.012689725214249048, 0.012689725214249048, 0.012689725214249048, 0.012689725214249048, 0.012689725214249048, 0.012689725214249048, 0.012689725214249048, 0.012689725214249048, 0.012689725214249048, 0.012689725214249048, 0.012689725214249048, 0.012689725214249048, 0.012689725214249048, 0.012689725214249048, 0.012689725214249048, 0.012689725214249048, 0.012689725214249048, 0.012689725214249048, 0.012689725214249048, 0.012689725214249048, 0.012689725214249048, 0.012689725214249048, 0.012689725214249048, 0.012689725214249048, 0.012689725214249048, 0.012689725214249048, 0.012689725214249048, 0.012689725214249048, 0.012689725214249048, 0.012689725214249048, 0.012689725214249048, 0.012689725214249048, 0.009715570867159018, 0.009715570867159018, 0.009715570867159018, 0.009715570867159018, 0.009715570867159018, 0.009715570867159018, 0.009715570867159018, 0.009715570867159018, 0.009715570867159018, 0.009715570867159018, 0.009715570867159018, 0.009715570867159018, 0.009715570867159018, 0.009715570867159018, 0.009715570867159018, 0.009715570867159018, 0.009715570867159018, 0.009715570867159018, 0.009715570867159018, 0.009715570867159018, 0.009715570867159018, 0.009715570867159018, 0.009715570867159018, 0.009715570867159018, 0.009715570867159018, 0.009715570867159018, 0.009715570867159018, 0.009715570867159018, 0.009715570867159018, 0.009715570867159018, 0.009715570867159018, 0.009715570867159018, 0.009715570867159018, 0.009715570867159018, 0.009715570867159018, 0.009715570867159018, 0.009715570867159018, 0.009715570867159018, 0.009715570867159018, 0.009715570867159018, 0.009715570867159018, 0.009715570867159018, 0.009715570867159018, 0.009715570867159018, 0.009715570867159018, 0.009715570867159018, 0.009715570867159018, 0.009715570867159018, 0.009715570867159018, 0.009715570867159018, 0.009715570867159018, 0.009715570867159018, 0.009715570867159018, 0.009715570867159018, 0.009715570867159018, 0.009715570867159018, 0.009715570867159018, 0.009715570867159018, 0.009715570867159018, 0.009715570867159018, 0.009715570867159018, 0.009715570867159018, 0.009715570867159018, 0.009715570867159018, 0.009715570867159018, 0.009715570867159018, 0.009715570867159018, 0.009715570867159018],