{"p_array": [0.001, 0.053526315789473686, 0.10605263157894737, 0.15857894736842104, 0.21110526315789474, 0.26363157894736844, 0.3161578947368421, 0.3686842105263158, 0.4212105263157895, 0.4737368421052632, 0.5262631578947369, 0.5787894736842105, 0.6313157894736842, 0.6838421052631579, 0.7363684210526316, 0.7888947368421053, 0.841421052631579, 0.8939473684210526, 0.9464736842105264, 0.999], "mean_sharpness": [-1.4786093506547329, -0.6496057172456965, -0.6496057172456965], "sharpness_error_true_minus_model": [], "posterior_variance": [1.1267547913021694, 0.21875902427360175, 0.21875902427360175], "bias_mse": [], "bias_nmse": [], "f_calibration": [], "f_calibration_mse": [], "f_calibration_nmse": [], "y_calibration": [[0.0, 0.0, 0.0, 0.07360000163316727, 0.2858000099658966, 0.3930000066757202, 0.45019999146461487, 0.4887999892234802, 0.5203999876976013, 0.5447999835014343, 0.5663999915122986, 0.5878000259399414, 0.6093999743461609, 0.6320000290870667, 0.6571999788284302, 0.6800000071525574, 0.7113999724388123, 0.7675999999046326, 1.0, 1.0], [0.0, 0.04800000041723251, 0.10080000013113022, 0.16140000522136688, 0.22179999947547913, 0.27559998631477356, 0.3343999981880188, 0.39579999446868896, 0.4553999900817871, 0.5171999931335449, 0.5885999798774719, 0.6466000080108643, 0.7053999900817871, 0.7563999891281128, 0.8104000091552734, 0.8597999811172485, 0.902999997138977, 0.9383999705314636, 0.9697999954223633, 0.9998000264167786], [0.0, 0.04800000041723251, 0.10080000013113022, 0.16140000522136688, 0.22179999947547913, 0.27559998631477356, 0.3343999981880188, 0.39579999446868896, 0.4553999900817871, 0.5171999931335449, 0.5885999798774719, 0.6466000080108643, 0.7053999900817871, 0.7563999891281128, 0.8104000091552734, 0.8597999811172485, 0.902999997138977, 0.9383999705314636, 0.9697999954223633, 0.9998000264167786]], "y_calibration_mse": [0.007482735797292207, 0.0020254481922517124, 0.0020254481922517124], "y_calibration_nmse": [0.08156707353932137, 0.02207880728693719, 0.02207880728693719], "calibration_local_dist_to_nearest_train_sample": [[0.5182002032062423, 0.6872734658020533, 0.8563467283978643, 1.0254199909936754, 1.1944932535894865, 1.3635665161852975, 1.5326397787811086, 1.7017130413769197, 1.8707863039727308, 2.039859566568542, 2.208932829164353, 2.378006091760164, 2.547079354355975, 2.716152616951786, 2.8852258795475976, 3.0542991421434085, 3.2233724047392194, 3.3924456673350303, 3.561518929930841, 3.7305921925266525], [0.4288632272546348, 0.5112509623468979, 0.5936386974391611, 0.6760264325314242, 0.7584141676236873, 0.8408019027159505, 0.9231896378082135, 1.0055773729004767, 1.0879651079927397, 1.170352843085003, 1.252740578177266, 1.335128313269529, 1.4175160483617923, 1.4999037834540552, 1.5822915185463184, 1.6646792536385817, 1.7470669887308445, 1.8294547238231078, 1.911842458915371, 1.9942301940076341], [0.4288632272546348, 0.5112509623468979, 0.5936386974391611, 0.6760264325314242, 0.7584141676236873, 0.8408019027159505, 0.9231896378082135, 1.0055773729004767, 1.0879651079927397, 1.170352843085003, 1.252740578177266, 1.335128313269529, 1.4175160483617923, 1.4999037834540552, 1.5822915185463184, 1.6646792536385817, 1.7470669887308445, 1.8294547238231078, 1.911842458915371, 1.9942301940076341]], "calibration_local_y": [[0.007093763361087147, 0.008984149631523641, 0.01152699790205436, 0.019558275054535466, 0.02217370535942551, 0.014315259542599249, 0.013787963560934206, 0.010685434116712614, 0.01019148028904045, 0.007152193256435549, 0.006959861807880827, 0.006716879551455862, 0.011866228358691108, 0.014057778982407631, 0.04725983482517017, 0.07685739887843641, 0.041304519607321594, 0.1133941242341661, 0.0769608947368421, 0.24718984210526312], [0.004452903302265749, 0.0028193762289884646, NaN, 0.004535894946144675, 0.0016597421845681842, 0.0019510647413630536, 0.004174320210148711, 0.004346362576557855, 0.004623950605408795, 0.002975717576063952, 0.002797750006409238, 0.0011224314015556942, 0.0006974518456429447, 0.0003411558473910135, 0.006005732495547754, 0.008994996796334368, 0.013647793217097793, 0.007156642609499632, 0.013707067333420687, 0.01652142305417139], [0.004452903302265749, 0.0028193762289884646, NaN, 0.004535894946144675, 0.0016597421845681842, 0.0019510647413630536, 0.004174320210148711, 0.004346362576557855, 0.004623950605408795, 0.002975717576063952, 0.002797750006409238, 0.0011224314015556942, 0.0006974518456429447, 0.0003411558473910135, 0.006005732495547754, 0.008994996796334368, 0.013647793217097793, 0.007156642609499632, 0.013707067333420687, 0.01652142305417139]], "elpd": [-1.423633704632518, -0.5626514106170666, -0.5626514106170666], "expected_improvement": [null, null, null], "actual_improvement": [null, null, null], "mse": [1.0028666461812439, 0.18121621024102602, 0.18121621024102602], "nmse": [1.0028119020259776, 0.18120631807003001, 0.18120631807003001], "y_regret_pool": [0.06509663736584193, 0.06509663736584193, 0.06509663736584193, 0.06509663736584193, 0.06509663736584193, 0.06509663736584193, 0.06509663736584193, 0.06509663736584193, 0.0376246619637437, 0.0376246619637437, 0.0376246619637437, 0.0376246619637437, 0.0376246619637437, 0.0376246619637437, 0.0376246619637437, 0.0376246619637437, 0.0376246619637437, 0.0376246619637437, 0.0376246619637437, 0.0376246619637437, 0.0376246619637437, 0.0376246619637437, 0.0376246619637437, 0.0376246619637437, 0.0376246619637437, 0.0376246619637437, 0.0376246619637437, 0.0376246619637437, 0.0376246619637437, 0.0376246619637437, 0.0376246619637437, 0.0376246619637437, 0.0376246619637437, 0.0376246619637437, 0.021698879121947456, 0.021698879121947456, 0.021698879121947456, 0.021698879121947456, 0.021698879121947456, 0.021698879121947456, 0.021698879121947456, 0.021698879121947456, 0.021698879121947456, 0.021698879121947456, 0.021698879121947456, 0.021698879121947456, 0.021698879121947456, 0.021698879121947456, 0.021698879121947456, 0.012541553987914567, 0.012541553987914567, 0.012541553987914567, 0.012541553987914567, 0.012541553987914567, 0.012541553987914567, 0.012541553987914567, 0.012541553987914567, 0.012541553987914567, 0.012541553987914567, 0.012541553987914567, 0.012541553987914567, 0.012541553987914567, 0.012541553987914567, 0.012541553987914567, 0.012541553987914567, 0.012541553987914567, 0.012541553987914567, 0.012541553987914567, 0.012541553987914567, 0.012541553987914567, 0.012541553987914567, 0.012541553987914567, 0.012541553987914567, 0.012541553987914567, 0.012541553987914567, 0.012541553987914567, 0.012541553987914567, 0.012541553987914567, 0.012541553987914567, 0.012541553987914567, 0.012541553987914567, 0.012541553987914567, 0.012541553987914567, 0.012541553987914567, 0.012541553987914567, 0.012541553987914567, 0.012541553987914567, 0.012541553987914567, 0.012541553987914567, 0.012541553987914567, 0.012541553987914567, 0.012541553987914567, 0.012541553987914567, 0.012541553987914567, 0.012541553987914567, 0.012541553987914567, 0.012541553987914567, 0.012541553987914567, 0.012541553987914567, 0.012541553987914567, 0.012541553987914567, 0.012541553987914567],