{"p_array": [0.001, 0.053526315789473686, 0.10605263157894737, 0.15857894736842104, 0.21110526315789474, 0.26363157894736844, 0.3161578947368421, 0.3686842105263158, 0.4212105263157895, 0.4737368421052632, 0.5262631578947369, 0.5787894736842105, 0.6313157894736842, 0.6838421052631579, 0.7363684210526316, 0.7888947368421053, 0.841421052631579, 0.8939473684210526, 0.9464736842105264, 0.999], "mean_sharpness": [-1.5456668702853393, -0.5966619314426421], "sharpness_error_true_minus_model": [], "posterior_variance": [1.2884715541652774, 0.19603177286868317], "bias_mse": [], "bias_nmse": [], "f_calibration": [], "f_calibration_mse": [], "f_calibration_nmse": [], "y_calibration": [[0.0, 0.0, 0.052400000393390656, 0.3294000029563904, 0.4341999888420105, 0.49219998717308044, 0.526199996471405, 0.5533999800682068, 0.5766000151634216, 0.599399983882904, 0.6204000115394592, 0.6425999999046326, 0.6625999808311462, 0.6791999936103821, 0.7080000042915344, 0.7441999912261963, 0.9459999799728394, 1.0, 1.0, 1.0], [0.004399999976158142, 0.047200001776218414, 0.094200000166893, 0.13680000603199005, 0.18639999628067017, 0.23819999396800995, 0.298799991607666, 0.35920000076293945, 0.41780000925064087, 0.475600004196167, 0.5306000113487244, 0.5928000211715698, 0.6492000222206116, 0.7027999758720398, 0.7537999749183655, 0.7996000051498413, 0.847000002861023, 0.8998000025749207, 0.9462000131607056, 0.9986000061035156]], "y_calibration_mse": [0.014845007176225564, 0.0001854140144062312], "y_calibration_nmse": [0.16182100034497032, 0.0020211429292701596], "calibration_local_dist_to_nearest_train_sample": [[0.5069666794009249, 0.6694584842080392, 0.8319502890151536, 0.994442093822268, 1.1569338986293825, 1.319425703436497, 1.4819175082436111, 1.6444093130507256, 1.80690111785784, 1.9693929226649545, 2.1318847274720687, 2.294376532279183, 2.4568683370862976, 2.619360141893412, 2.7818519467005265, 2.944343751507641, 3.1068355563147554, 3.26932736112187, 3.4318191659289843, 3.5943109707360987], [0.44924652607297255, 0.5555737326537178, 0.661900939234463, 0.7682281458152083, 0.8745553523959535, 0.9808825589766987, 1.087209765557444, 1.1935369721381892, 1.2998641787189344, 1.4061913852996797, 1.512518591880425, 1.6188457984611702, 1.7251730050419154, 1.8315002116226606, 1.9378274182034059, 2.0441546247841513, 2.150481831364896, 2.256809037945642, 2.3631362445263866, 2.4694634511071323]], "calibration_local_y": [[0.017947407894736842, 0.010436007673986353, 0.013028064267285705, 0.018663143211020933, 0.02755766293875812, 0.02988013641409526, 0.04840134793723378, 0.033390015564855255, 0.03940894237760684, 0.02502456455257602, 0.013618542739735617, 0.007889286501586722, 0.0039738172533950325, 0.007227990480263848, 0.023532475701168246, 0.05908245862193416, 0.11745849306864084, 0.13367931566328445, 0.12468619726586043, 0.1739225902960691], [0.002720328563917164, 0.0013726063667387372, 0.0007911733904286398, 0.0008102558061302177, 0.0008829192818670167, 0.0012764655915036786, 0.00013946225223279463, 0.00040306523683309646, 0.00022067493056094622, 0.0004054093135611226, 0.002943863827407741, 0.003641677246437168, 0.008212123115046146, 0.006810401954108097, 0.013383017880338905, 0.011127999999999997, 0.02165036842105263, 0.14476352631578948, 0.24718984210526312, 0.10274247368421055]], "elpd": [-1.4699828975106863, -0.5803067124891943], "expected_improvement": [null, null], "actual_improvement": [null, [[0.08931192547220523]]], "mse": [1.0934382621125587, 0.19566600239477508], "nmse": [1.0830633812217896, 0.19380946276235295], "y_regret_pool": [0.07383119172368935, 0.07383119172368935, 0.07383119172368935, 0.07383119172368935, 0.07383119172368935, 0.07383119172368935, 0.07383119172368935, 0.07383119172368935, 0.07383119172368935, 0.07383119172368935, 0.07383119172368935, 0.07383119172368935, 0.07383119172368935, 0.07383119172368935, 0.07383119172368935, 0.07383119172368935, 0.07383119172368935, 0.07383119172368935, 0.07383119172368935, 0.07383119172368935, 0.07383119172368935, 0.07383119172368935, 0.07383119172368935, 0.07383119172368935, 0.07383119172368935, 0.07383119172368935, 0.07383119172368935, 0.07383119172368935, 0.02421345535024222, 0.02421345535024222, 0.02421345535024222, 0.02421345535024222, 0.02421345535024222, 0.02421345535024222, 0.02421345535024222, 0.02421345535024222, 0.02421345535024222, 0.02421345535024222, 0.02421345535024222, 0.02421345535024222, 0.02421345535024222, 0.02421345535024222, 0.02421345535024222, 0.02421345535024222, 0.02421345535024222, 0.02421345535024222, 0.02421345535024222, 0.02421345535024222, 0.02421345535024222, 0.02421345535024222, 0.02421345535024222, 0.02421345535024222, 0.02421345535024222, 0.02421345535024222, 0.02421345535024222, 0.02421345535024222, 0.02421345535024222, 0.02421345535024222, 0.02421345535024222, 0.02421345535024222, 0.02421345535024222, 0.02421345535024222, 0.02421345535024222, 0.02421345535024222, 0.02421345535024222, 0.02421345535024222, 0.02421345535024222, 0.02421345535024222, 0.02421345535024222, 0.02421345535024222, 0.02421345535024222, 0.02421345535024222, 0.02421345535024222, 0.02421345535024222, 0.02421345535024222, 0.02421345535024222, 0.02421345535024222, 0.02421345535024222, 0.02421345535024222, 0.02421345535024222, 0.02421345535024222, 0.02421345535024222, 0.02421345535024222, 0.02421345535024222, 0.02421345535024222, 0.02421345535024222, 0.02421345535024222, 0.02421345535024222, 0.02421345535024222, 0.02421345535024222, 0.02421345535024222, 0.02421345535024222, 0.02421345535024222, 0.02421345535024222, 0.02421345535024222, 0.02421345535024222, 0.02421345535024222, 0.02421345535024222, 0.02421345535024222, 0.02421345535024222, 0.02421345535024222], "y_regret_test": [0.07621284306961496, 0.07621284306961496, 0.07621284306961496, 0.07621284306961496, 0.07621284306961496, 0.07621284306961496, 0.07621284306961496, 0.07621284306961496, 0.07621284306961496, 0.07621284306961496, 0.07621284306961496, 0.07621284306961496, 0.07621284306961496, 0.07621284306961496, 0.07621284306961496, 0.07621284306961496, 0.07621284306961496, 0.07621284306961496, 0.07621284306961496, 0.07621284306961496, 0.07621284306961496, 0.07621284306961496, 0.07621284306961496, 0.07621284306961496, 0.07621284306961496, 0.07621284306961496, 0.07621284306961496, 0.07621284306961496, 0.026595106696167825, 0.026595106696167825, 0.026595106696167825, 0.026595106696167825, 0.026595106696167825, 0.026595106696167825, 0.026595106696167825, 0.026595106696167825, 0.026595106696167825, 0.026595106696167825, 0.026595106696167825, 0.026595106696167825, 0.026595106696167825, 0.026595106696167825, 0.026595106696167825, 0.026595106696167825, 0.026595106696167825, 0.026595106696167825, 0.026595106696167825, 0.026595106696167825, 0.026595106696167825, 0.026595106696167825, 0.026595106696167825, 0.026595106696167825, 0.026595106696167825, 0.026595106696167825, 0.026595106696167825, 0.026595106696167825, 0.026595106696167825, 0.026595106696167825, 0.026595106696167825, 0.026595106696167825, 0.026595106696167825, 0.026595106696167825, 0.026595106696167825, 0.026595106696167825, 0.026595106696167825, 0.026595106696167825, 0.026595106696167825, 0.026595106696167825, 0.026595106696167825, 0.026595106696167825, 0.026595106696167825, 0.026595106696167825, 0.026595106696167825, 0.026595106696167825, 0.026595106696167825, 0.026595106696167825, 0.026595106696167825, 0.026595106696167825, 0.026595106696167825, 0.026595106696167825, 0.026595106696167825, 0.026595106696167825, 0.026595106696167825, 0.026595106696167825, 0.026595106696167825, 0.026595106696167825, 0.026595106696167825, 0.026595106696167825, 0.026595106696167825, 0.026595106696167825, 0.026595106696167825, 0.026595106696167825, 0.026595106696167825, 0.026595106696167825, 0.026595106696167825, 0.026595106696167825, 0.026595106696167825, 0.026595106696167825, 0.026595106696167825, 0.026595106696167825, 0.026595106696167825], "f_regret_pool": [], "f_regret_test": [],