{"p_array": [0.001, 0.053526315789473686, 0.10605263157894737, 0.15857894736842104, 0.21110526315789474, 0.26363157894736844, 0.3161578947368421, 0.3686842105263158, 0.4212105263157895, 0.4737368421052632, 0.5262631578947369, 0.5787894736842105, 0.6313157894736842, 0.6838421052631579, 0.7363684210526316, 0.7888947368421053, 0.841421052631579, 0.8939473684210526, 0.9464736842105264, 0.999], "mean_sharpness": [0.11970944456802145, 0.1498852574719388], "sharpness_error_true_minus_model": [], "posterior_variance": [0.05911676393755306, 0.051413119626557036], "bias_mse": [], "bias_nmse": [], "f_calibration": [], "f_calibration_mse": [], "f_calibration_nmse": [], "y_calibration": [[0.17180000245571136, 0.3174000084400177, 0.36559998989105225, 0.4000000059604645, 0.4244000017642975, 0.44999998807907104, 0.47119998931884766, 0.490200012922287, 0.5094000101089478, 0.5281999707221985, 0.548799991607666, 0.5691999793052673, 0.5871999859809875, 0.6051999926567078, 0.6233999729156494, 0.6416000127792358, 0.6610000133514404, 0.6854000091552734, 0.7233999967575073, 0.8276000022888184], [0.16859999299049377, 0.4235999882221222, 0.4959999918937683, 0.5364000201225281, 0.569599986076355, 0.593999981880188, 0.6136000156402588, 0.6353999972343445, 0.6574000120162964, 0.673799991607666, 0.6926000118255615, 0.7111999988555908, 0.7307999730110168, 0.7465999722480774, 0.7612000107765198, 0.7749999761581421, 0.7847999930381775, 0.8011999726295471, 0.8208000063896179, 0.8931999802589417]], "y_calibration_mse": [0.027629917722302316, 0.05257874804732413], "y_calibration_nmse": [0.3011855011045532, 0.5731452672876004], "calibration_local_dist_to_nearest_train_sample": [[0.500644532059779, 0.6588144097790954, 0.8169842874984119, 0.9751541652177285, 1.133324042937045, 1.2914939206563614, 1.449663798375678, 1.6078336760949945, 1.766003553814311, 1.9241734315336276, 2.082343309252944, 2.2405131869722608, 2.398683064691577, 2.5568529424108934, 2.7150228201302102, 2.8731926978495266, 3.031362575568843, 3.1895324532881597, 3.347702331007476, 3.505872208726793], [0.4843772152757228, 0.6262797762109832, 0.7681823371462435, 0.910084898081504, 1.0519874590167644, 1.1938900199520246, 1.335792580887285, 1.4776951418225455, 1.619597702757806, 1.7615002636930663, 1.9034028246283266, 2.045305385563587, 2.187207946498847, 2.3291105074341076, 2.471013068369368, 2.6129156293046285, 2.754818190239889, 2.8967207511751494, 3.03862331211041, 3.1805258730456702]], "calibration_local_y": [[0.03420413079891625, 0.026723130720398353, 0.03405060912499152, 0.04617337706242246, 0.047957966214543415, 0.04543285377823203, 0.05085143965483073, 0.04590892763908496, 0.029952344134860857, 0.03240866386932405, 0.026815169575809962, 0.01811524944663792, 0.02066265118111155, 0.021642392832890805, 0.0666195523072802, 0.0721748313548279, 0.048955842183097516, 0.0601298990173717, 0.19472404986304778, 0.27612036756249475], [0.016253597629380813, 0.026223397540248806, 0.024823446601142836, 0.05981470568285606, 0.07382820693571625, 0.0760079704685025, 0.06549133040823937, 0.06584666722867849, 0.06255396144965189, 0.045960850281805535, 0.056180615389802666, 0.03736842972706194, 0.04818743504598981, 0.0477451522102738, 0.039217064902133184, 0.026786238408845253, 0.014507211210871427, 0.03559316757867932, 0.03206300389448938, 0.036892473684210524]], "next_sample_train_distance": [[0.3500604811308925]], "elpd": [-8.143270512738413, -4.283016956458105], "expected_improvement": [null, null], "actual_improvement": [null, [[0.02841088294241323]]], "mse": [0.7537802025143782, 0.47432899320158284], "nmse": [0.7357275395884537, 0.4629690484833505], "y_regret_pool": [0.10303946982635881, 0.0014005364830766975], "y_regret_test": [0.10303946982635881, 0.0014005364830766975], "f_regret_pool": [], "f_regret_test": [], "x_y_opt_dist_pool": [1.4669913257254317, 1.532698394816738], "x_f_opt_dist_pool": [], "x_y_opt_dist_test": [2.2051116758214953, 0.7787003688942252], "x_f_opt_dist_test": [], "uct_calibration": [0.32827620865723794, 0.33445905465856013], "uct_sharpness": [0.27100107639495336, 0.2449280380982155]}