{"p_array": [0.001, 0.053526315789473686, 0.10605263157894737, 0.15857894736842104, 0.21110526315789474, 0.26363157894736844, 0.3161578947368421, 0.3686842105263158, 0.4212105263157895, 0.4737368421052632, 0.5262631578947369, 0.5787894736842105, 0.6313157894736842, 0.6838421052631579, 0.7363684210526316, 0.7888947368421053, 0.841421052631579, 0.8939473684210526, 0.9464736842105264, 0.999], "mean_sharpness": [-0.9699008670810583, 0.20493776928432444], "sharpness_error_true_minus_model": [], "posterior_variance": [0.45817631705315937, 0.11738057291236896], "bias_mse": [], "bias_nmse": [], "f_calibration": [], "f_calibration_mse": [], "f_calibration_nmse": [], "y_calibration": [[0.00039999998989515007, 0.004800000227987766, 0.017999999225139618, 0.04960000142455101, 0.11800000071525574, 0.21400000154972076, 0.3089999854564667, 0.3837999999523163, 0.430400013923645, 0.46320000290870667, 0.4909999966621399, 0.5153999924659729, 0.5339999794960022, 0.5532000064849854, 0.5766000151634216, 0.5997999906539917, 0.6340000033378601, 0.6692000031471252, 0.7770000100135803, 0.9229999780654907], [0.12999999523162842, 0.2492000013589859, 0.321399986743927, 0.352400004863739, 0.3758000135421753, 0.397599995136261, 0.415800005197525, 0.4381999969482422, 0.45739999413490295, 0.4731999933719635, 0.48899999260902405, 0.5054000020027161, 0.525600016117096, 0.5447999835014343, 0.5839999914169312, 0.6200000047683716, 0.6764000058174133, 0.7214000225067139, 0.7509999871253967, 0.8727999925613403]], "y_calibration_mse": [0.012736288803851751, 0.020008936872127306], "y_calibration_nmse": [0.13883448963382433, 0.2181114594321301], "calibration_local_dist_to_nearest_train_sample": [[0.5186325294769967, 0.6914723781905316, 0.8643122269040667, 1.0371520756176018, 1.2099919243311366, 1.3828317730446718, 1.555671621758207, 1.7285114704717417, 1.901351319185277, 2.0741911678988116, 2.247031016612347, 2.419870865325882, 2.5927107140394168, 2.765550562752952, 2.9383904114664867, 3.111230260180022, 3.284070108893557, 3.456909957607092, 3.629749806320627, 3.8025896550341622], [0.4937743811200789, 0.6417560814766963, 0.7897377818333138, 0.9377194821899312, 1.0857011825465486, 1.233682882903166, 1.3816645832597834, 1.5296462836164009, 1.6776279839730184, 1.8256096843296357, 1.9735913846862532, 2.1215730850428707, 2.269554785399488, 2.4175364857561052, 2.565518186112723, 2.7134998864693403, 2.8614815868259575, 3.0094632871825753, 3.1574449875391926, 3.30542668789581]], "calibration_local_y": [[0.009926123876578888, 0.012149315797673404, 0.010201535592002044, 0.0037539989125873786, 0.0063234949054996725, 0.007549574399745844, 0.007289882452399708, 0.006571608273543713, 0.013151778733841093, 0.015059341121826067, 0.02620454071746219, 0.0403287447504701, 0.10112536185768958, 0.12354393550121165, 0.1956921069005934, 0.23432471433950894, 0.2422488264802632, 0.2470626133647429, 0.24768662595578386, 0.24718984210526312], [0.011400982933282412, 0.011294126444712971, 0.020880109650048193, 0.020553715613347533, 0.03288295336668018, 0.0350601691898995, 0.04020579681711081, 0.04284021222278974, 0.0308387875715196, 0.026455922671283168, 0.052500023868578195, 0.06557357951436397, 0.0669234678198152, 0.11742142580282851, 0.11015924208149563, 0.11697015994770828, 0.11669014059593305, 0.11450071937529249, 0.12112668421052633, 0.12577346743587794]], "elpd": [-1.633176765400154, -530992785582.2026], "expected_improvement": [null, null], "actual_improvement": [null, [[0.43900523297007654]]], "mse": [0.9594955397425574, 0.6774858688603145], "nmse": [0.965974493031146, 0.682060563703818], "y_regret_pool": [0.03176880926061121, 0.03176880926061121, 0.03176880926061121, 0.03176880926061121, 0.03176880926061121, 0.03176880926061121, 0.03176880926061121, 0.03176880926061121, 0.03176880926061121, 0.03176880926061121, 0.03176880926061121, 0.03176880926061121, 0.03176880926061121, 0.02819481821879255, 0.02819481821879255, 0.02819481821879255, 0.02819481821879255, 0.02819481821879255, 0.02819481821879255, 0.02819481821879255, 0.02819481821879255, 0.02819481821879255, 0.02819481821879255, 0.02819481821879255, 0.02819481821879255, 0.02819481821879255, 0.02819481821879255, 0.02819481821879255, 0.02819481821879255, 0.021245391193033702, 0.021245391193033702, 0.021245391193033702, 0.021245391193033702, 0.021245391193033702, 0.021245391193033702, 0.021245391193033702, 0.007942202315152525, 0.007942202315152525, 0.007942202315152525, 0.007942202315152525, 0.007942202315152525, 0.007942202315152525, 0.007942202315152525, 0.007942202315152525, 0.007942202315152525, 0.007942202315152525, 0.007942202315152525, 0.007942202315152525, 0.007942202315152525, 0.007942202315152525, 0.007942202315152525, 0.007942202315152525, 0.007942202315152525, 0.0, 0.0, 0.0, 0.0, 0.0, 0.0, 0.0, 0.0, 0.0, 0.0, 0.0, 0.0, 0.0, 0.0, 0.0, 0.0, 0.0, 0.0, 0.0, 0.0, 0.0, 0.0, 0.0, 0.0, 0.0, 0.0, 0.0, 0.0, 0.0, 0.0, 0.0, 0.0, 0.0, 0.0, 0.0, 0.0, 0.0, 0.0, 0.0, 0.0, 0.0, 0.0, 0.0, 0.0, 0.0, 0.0, 0.0, 0.0], "y_regret_test": [0.03335724972364207, 0.03335724972364207, 0.03335724972364207, 0.03335724972364207, 0.03335724972364207, 0.03335724972364207, 0.03335724972364207, 0.03335724972364207, 0.03335724972364207, 0.03335724972364207, 0.03335724972364207, 0.03335724972364207, 0.03335724972364207, 0.02978325868182341, 0.02978325868182341, 0.02978325868182341, 0.02978325868182341, 0.02978325868182341, 0.02978325868182341, 0.02978325868182341, 0.02978325868182341, 0.02978325868182341, 0.02978325868182341, 0.02978325868182341, 0.02978325868182341, 0.02978325868182341, 0.02978325868182341, 0.02978325868182341, 0.02978325868182341, 0.022833831656064563, 0.022833831656064563, 0.022833831656064563, 0.022833831656064563, 0.022833831656064563, 0.022833831656064563, 0.022833831656064563, 0.009530642778183385, 0.009530642778183385, 0.009530642778183385, 0.009530642778183385, 0.009530642778183385, 0.009530642778183385, 0.009530642778183385, 0.009530642778183385, 0.009530642778183385, 0.009530642778183385, 0.009530642778183385, 0.009530642778183385, 0.009530642778183385, 0.009530642778183385, 0.009530642778183385, 0.009530642778183385, 0.009530642778183385, 0.0015884404630308602, 0.0015884404630308602, 0.0015884404630308602, 0.0015884404630308602, 0.0015884404630308602, 0.0015884404630308602, 0.0015884404630308602, 0.0015884404630308602, 0.0015884404630308602, 0.0015884404630308602, 0.0015884404630308602, 0.0015884404630308602, 0.0015884404630308602, 0.0015884404630308602, 0.0015884404630308602, 0.0015884404630308602, 0.0015884404630308602, 0.0015884404630308602, 0.0015884404630308602, 0.0015884404630308602, 0.0015884404630308602, 0.0015884404630308602, 0.0015884404630308602, 0.0015884404630308602, 0.0015884404630308602, 0.0015884404630308602, 0.0015884404630308602, 0.0015884404630308602, 0.0015884404630308602, 0.0015884404630308602, 0.0015884404630308602, 0.0015884404630308602, 0.0015884404630308602, 0.0015884404630308602, 0.0015884404630308602, 0.0015884404630308602, 0.0015884404630308602, 0.0015884404630308602, 0.0015884404630308602, 0.0015884404630308602, 0.0015884404630308602, 0.0015884404630308602, 0.0015884404630308602, 0.0015884404630308602, 0.0015884404630308602, 0.0015884404630308602, 0.0015884404630308602, 0.0015884404630308602], "f_regret_pool": [], "f_regret_test": [],