{"p_array": [0.001, 0.053526315789473686, 0.10605263157894737, 0.15857894736842104, 0.21110526315789474, 0.26363157894736844, 0.3161578947368421, 0.3686842105263158, 0.4212105263157895, 0.4737368421052632, 0.5262631578947369, 0.5787894736842105, 0.6313157894736842, 0.6838421052631579, 0.7363684210526316, 0.7888947368421053, 0.841421052631579, 0.8939473684210526, 0.9464736842105264, 0.999], "mean_sharpness": [-1.4190861212767616, -0.509817944805398], "sharpness_error_true_minus_model": [], "posterior_variance": [1.0002952197129427, 0.1726664977851309], "bias_mse": [], "bias_nmse": [], "f_calibration": [], "f_calibration_mse": [], "f_calibration_nmse": [], "y_calibration": [[0.0, 0.0, 0.0, 0.0010000000474974513, 0.20160000026226044, 0.3384000062942505, 0.4163999855518341, 0.46219998598098755, 0.49380001425743103, 0.5198000073432922, 0.545799970626831, 0.5690000057220459, 0.592199981212616, 0.61080002784729, 0.6345999836921692, 0.6597999930381775, 0.6850000023841858, 0.7229999899864197, 0.9467999935150146, 1.0], [0.008999999612569809, 0.06400000303983688, 0.1151999980211258, 0.16699999570846558, 0.21899999678134918, 0.27079999446868896, 0.3269999921321869, 0.38960000872612, 0.4487999975681305, 0.5070000290870667, 0.5604000091552734, 0.6158000230789185, 0.6618000268936157, 0.7110000252723694, 0.7595999836921692, 0.8123999834060669, 0.852400004863739, 0.8866000175476074, 0.9287999868392944, 0.9846000075340271]], "y_calibration_mse": [0.007943319156691508, 0.0004426514438576887], "y_calibration_nmse": [0.08658775551511763, 0.004825211507065712], "calibration_local_dist_to_nearest_train_sample": [[0.5146757253619179, 0.6854085733101861, 0.8561414212584544, 1.0268742692067225, 1.197607117154991, 1.3683399651032593, 1.5390728130515274, 1.7098056609997956, 1.8805385089480637, 2.0512713568963323, 2.2220042048446005, 2.3927370527928686, 2.563469900741137, 2.7342027486894054, 2.9049355966376735, 3.0756684445859417, 3.24640129253421, 3.417134140482478, 3.5878669884307466, 3.7585998363790147], [0.4306592744854557, 0.5173756715572619, 0.6040920686290683, 0.6908084657008745, 0.7775248627726807, 0.8642412598444871, 0.9509576569162933, 1.0376740539880995, 1.1243904510599059, 1.211106848131712, 1.2978232452035183, 1.3845396422753247, 1.4712560393471308, 1.5579724364189371, 1.6446888334907432, 1.7314052305625496, 1.818121627634356, 1.904838024706162, 1.9915544217779684, 2.0782708188497745]], "calibration_local_y": [[0.01618724580464949, 0.03840906072403975, 0.031390476766038566, 0.008139336198151144, 0.013180506405764195, 0.011002373232989124, 0.007866035149496095, 0.007353176357845935, 0.011753590676366754, 0.01105441683237467, 0.013852672789310108, 0.012861182533407933, 0.014028078292495388, 0.014609394412904892, 0.01564210990880261, 0.04724418096701805, 0.10555030224768688, 0.10400969859552929, 0.14198721052631583, 0.25701352631578944], [0.006020304137563998, 0.0034871435813739033, 0.004968913184722065, 0.005434941755592106, 0.001233684259397292, 0.0005805308559610038, 0.00027220082503671923, 0.0008347325745085829, 0.0004481366972740376, 0.0005540608104590362, 0.00028514996719179844, 0.0007949808753156276, 0.0038829695120886783, 0.0007455894275247499, 0.002597081754968062, 0.0004325342764704405, 0.0065088361716273664, 0.02861510326059618, 0.02085709344483544, 0.03367668421052631]], "elpd": [-1.432820629037725, -0.6993492444474605], "expected_improvement": [null, null], "actual_improvement": [null, [[0.5121428707543545]]], "mse": [1.0277723446297466, 0.2371010442884107], "nmse": [1.0344869805398687, 0.23865007136101588], "y_regret_pool": [0.10187146457895446, 0.06267482684056769, 0.06267482684056769, 0.06267482684056769, 0.06267482684056769, 0.06267482684056769, 0.06267482684056769, 0.06267482684056769, 0.06267482684056769, 0.06267482684056769, 0.06267482684056769, 0.06267482684056769, 0.06267482684056769, 0.06267482684056769, 0.06267482684056769, 0.06267482684056769, 0.027656510891552077, 0.027656510891552077, 0.027656510891552077, 0.027656510891552077, 0.027656510891552077, 0.027656510891552077, 0.027656510891552077, 0.027656510891552077, 0.027656510891552077, 0.027656510891552077, 0.027656510891552077, 0.027656510891552077, 0.027656510891552077, 0.027656510891552077, 0.027656510891552077, 0.027656510891552077, 0.027656510891552077, 0.027656510891552077, 0.027656510891552077, 0.027656510891552077, 0.027656510891552077, 0.027656510891552077, 0.027656510891552077, 0.027656510891552077, 0.027656510891552077, 0.027656510891552077, 0.027656510891552077, 0.027656510891552077, 0.027656510891552077, 0.027656510891552077, 0.027656510891552077, 0.027656510891552077, 0.027656510891552077, 0.027656510891552077, 0.027656510891552077, 0.027656510891552077, 0.027656510891552077, 0.027656510891552077, 0.027656510891552077, 0.027656510891552077, 0.027656510891552077, 0.027656510891552077, 0.027656510891552077, 0.027656510891552077, 0.027656510891552077, 0.027656510891552077, 0.027656510891552077, 0.017509157974507694, 0.017509157974507694, 0.017509157974507694, 0.017509157974507694, 0.017509157974507694, 0.017509157974507694, 0.017509157974507694, 0.017509157974507694, 0.017509157974507694, 0.01591741634046162, 0.01591741634046162, 0.01591741634046162, 0.01591741634046162, 0.01591741634046162, 0.01591741634046162, 0.01591741634046162, 0.01591741634046162, 0.01591741634046162, 0.01591741634046162, 0.01591741634046162, 0.01591741634046162, 0.01591741634046162, 0.01591741634046162, 0.01591741634046162, 0.01591741634046162, 0.01591741634046162, 0.01591741634046162, 0.01591741634046162, 0.01591741634046162, 0.01591741634046162, 0.008953546691509606, 0.008953546691509606, 0.008953546691509606, 0.008953546691509606, 0.008953546691509606, 0.008953546691509606, 0.008953546691509606, 0.008953546691509606], "y_regret_test": [0.10505494784704683, 0.06585831010866006, 0.06585831010866006, 0.06585831010866006, 0.06585831010866006, 0.06585831010866006, 0.06585831010866006, 0.06585831010866006, 0.06585831010866006, 0.06585831010866006, 0.06585831010866006, 0.06585831010866006, 0.06585831010866006, 0.06585831010866006, 0.06585831010866006, 0.06585831010866006, 0.030839994159644446, 0.030839994159644446, 0.030839994159644446, 0.030839994159644446, 0.030839994159644446, 0.030839994159644446, 0.030839994159644446, 0.030839994159644446, 0.030839994159644446, 0.030839994159644446, 0.030839994159644446, 0.030839994159644446, 0.030839994159644446, 0.030839994159644446, 0.030839994159644446, 0.030839994159644446, 0.030839994159644446, 0.030839994159644446, 0.030839994159644446, 0.030839994159644446, 0.030839994159644446, 0.030839994159644446, 0.030839994159644446, 0.030839994159644446, 0.030839994159644446, 0.030839994159644446, 0.030839994159644446, 0.030839994159644446, 0.030839994159644446, 0.030839994159644446, 0.030839994159644446, 0.030839994159644446, 0.030839994159644446, 0.030839994159644446, 0.030839994159644446, 0.030839994159644446, 0.030839994159644446, 0.030839994159644446, 0.030839994159644446, 0.030839994159644446, 0.030839994159644446, 0.030839994159644446, 0.030839994159644446, 0.030839994159644446, 0.030839994159644446, 0.030839994159644446, 0.030839994159644446, 0.020692641242600063, 0.020692641242600063, 0.020692641242600063, 0.020692641242600063, 0.020692641242600063, 0.020692641242600063, 0.020692641242600063, 0.020692641242600063, 0.020692641242600063, 0.01910089960855399, 0.01910089960855399, 0.01910089960855399, 0.01910089960855399, 0.01910089960855399, 0.01910089960855399, 0.01910089960855399, 0.01910089960855399, 0.01910089960855399, 0.01910089960855399, 0.01910089960855399, 0.01910089960855399, 0.01910089960855399, 0.01910089960855399, 0.01910089960855399, 0.01910089960855399, 0.01910089960855399, 0.01910089960855399, 0.01910089960855399, 0.01910089960855399, 0.01910089960855399, 0.012137029959601975, 0.012137029959601975, 0.012137029959601975, 0.012137029959601975, 0.012137029959601975, 0.012137029959601975, 0.012137029959601975, 0.012137029959601975], "f_regret_pool": [],