{"p_array": [0.001, 0.053526315789473686, 0.10605263157894737, 0.15857894736842104, 0.21110526315789474, 0.26363157894736844, 0.3161578947368421, 0.3686842105263158, 0.4212105263157895, 0.4737368421052632, 0.5262631578947369, 0.5787894736842105, 0.6313157894736842, 0.6838421052631579, 0.7363684210526316, 0.7888947368421053, 0.841421052631579, 0.8939473684210526, 0.9464736842105264, 0.999], "mean_sharpness": [-0.7634661273074395, -0.23075995620222392], "sharpness_error_true_minus_model": [], "posterior_variance": [0.4239747204557842, 0.13617579721473472], "bias_mse": [], "bias_nmse": [], "f_calibration": [], "f_calibration_mse": [], "f_calibration_nmse": [], "y_calibration": [[0.0, 0.0, 0.009600000455975533, 0.06880000233650208, 0.1348000019788742, 0.23499999940395355, 0.30320000648498535, 0.35679998993873596, 0.3959999978542328, 0.43160000443458557, 0.4546000063419342, 0.4787999987602234, 0.504800021648407, 0.5296000242233276, 0.5609999895095825, 0.6061999797821045, 0.7427999973297119, 0.7572000026702881, 0.7897999882698059, 0.8270000219345093], [0.003000000026077032, 0.024800000712275505, 0.04919999837875366, 0.08020000159740448, 0.12540000677108765, 0.17659999430179596, 0.24740000069141388, 0.3336000144481659, 0.42160001397132874, 0.498199999332428, 0.5622000098228455, 0.6227999925613403, 0.6729999780654907, 0.7311999797821045, 0.7864000201225281, 0.8489999771118164, 0.9046000242233276, 0.944599986076355, 0.9664000272750854, 0.9891999959945679]], "y_calibration_mse": [0.011560516883769275, 0.002602830480539043], "y_calibration_nmse": [0.12601775023945183, 0.028372679587770913], "calibration_local_dist_to_nearest_train_sample": [[0.5126890179875845, 0.6811993323671673, 0.8497096467467502, 1.018219961126333, 1.1867302755059157, 1.3552405898854987, 1.5237509042650814, 1.6922612186446642, 1.860771533024247, 2.02928184740383, 2.1977921617834126, 2.3663024761629954, 2.5348127905425786, 2.703323104922161, 2.871833419301744, 3.0403437336813264, 3.2088540480609096, 3.377364362440492, 3.545874676820075, 3.7143849911996574], [0.4435774136300815, 0.5429761236521615, 0.6423748336742416, 0.7417735436963216, 0.8411722537184017, 0.9405709637404818, 1.0399696737625619, 1.1393683837846418, 1.2387670938067217, 1.3381658038288018, 1.437564513850882, 1.536963223872962, 1.636361933895042, 1.735760643917122, 1.835159353939202, 1.934558063961282, 2.033956773983362, 2.133355484005442, 2.232754194027522, 2.332152904049602]], "calibration_local_y": [[0.019683527032182523, 0.026869611842105262, 0.018918029093606188, 0.026750818484605882, 0.008937028008980944, 0.006699455405618384, 0.005330461876694272, 0.010473267714819235, 0.01103964027560445, 0.028300107209922414, 0.039654284176459276, 0.050516723989294285, 0.07288333704255757, 0.08400270596785894, 0.0796136799627593, 0.13424736515537677, 0.15346602083753405, 0.1667851423739079, 0.18523662371600866, 0.173653], [0.010177664314862002, 0.004935652119285874, 0.006951168985081552, 0.004749423966475518, 0.0072479811034074125, 0.005092121770437665, 0.0017359189270539483, 0.0024769606101455706, 0.002300762898754925, 0.0023832502451552875, 0.01215158687592941, 0.026163408164432238, 0.016216157904596504, 0.02699630044293137, 0.04129605120333576, 0.048009725207406914, 0.10274247368421055, 0.08173194736842106, 0.08173194736842106, 0.10274247368421055]], "elpd": [-4.1885098322891885, -0.18252084837262555], "expected_improvement": [null, null], "actual_improvement": [null, [[0.06700488038337737]]], "mse": [1.003822574231849, 0.11900091603059468], "nmse": [1.0025317818674166, 0.11884789548920041], "y_regret_pool": [0.06281707535941616, 0.06281707535941616, 0.06281707535941616, 0.06281707535941616, 0.06281707535941616, 0.06281707535941616, 0.06281707535941616, 0.06281707535941616, 0.06281707535941616, 0.06281707535941616, 0.05324494959036197, 0.05324494959036197, 0.05324494959036197, 0.05324494959036197, 0.05324494959036197, 0.05324494959036197, 0.05324494959036197, 0.05324494959036197, 0.05324494959036197, 0.05324494959036197, 0.05324494959036197, 0.05324494959036197, 0.05324494959036197, 0.05324494959036197, 0.05324494959036197, 0.05324494959036197, 0.05324494959036197, 0.018346574390686543, 0.018346574390686543, 0.018346574390686543, 0.018346574390686543, 0.018346574390686543, 0.018346574390686543, 0.018346574390686543, 0.018346574390686543, 0.018346574390686543, 0.018346574390686543, 0.018346574390686543, 0.018346574390686543, 0.018346574390686543, 0.018346574390686543, 0.018346574390686543, 0.018346574390686543, 0.018346574390686543, 0.018346574390686543, 0.018346574390686543, 0.018346574390686543, 0.018346574390686543, 0.018346574390686543, 0.018346574390686543, 0.018346574390686543, 0.018346574390686543, 0.018346574390686543, 0.018346574390686543, 0.018346574390686543, 0.018346574390686543, 0.018346574390686543, 0.018346574390686543, 0.018346574390686543, 0.018346574390686543, 0.018346574390686543, 0.018346574390686543, 0.018346574390686543, 0.018346574390686543, 0.018346574390686543, 0.018346574390686543, 0.018346574390686543, 0.018346574390686543, 0.018346574390686543, 0.018346574390686543, 0.018346574390686543, 0.018346574390686543, 0.018346574390686543, 0.018346574390686543, 0.018346574390686543, 0.018346574390686543, 0.018346574390686543, 0.018346574390686543, 0.018346574390686543, 0.018346574390686543, 0.018346574390686543, 0.018346574390686543, 0.018346574390686543, 0.018346574390686543, 0.018346574390686543, 0.018346574390686543, 0.018346574390686543, 0.018346574390686543, 0.018346574390686543, 0.018346574390686543, 0.018346574390686543, 0.018346574390686543, 0.018346574390686543, 0.018346574390686543, 0.018346574390686543, 0.018346574390686543, 0.018346574390686543, 0.018346574390686543, 0.018346574390686543, 0.018346574390686543, 0.018346574390686543], "y_regret_test": [0.0622188174988505, 0.0622188174988505, 0.0622188174988505, 0.0622188174988505, 0.0622188174988505, 0.0622188174988505, 0.0622188174988505, 0.0622188174988505, 0.0622188174988505, 0.0622188174988505, 0.0526466917297963, 0.0526466917297963, 0.0526466917297963, 0.0526466917297963, 0.0526466917297963, 0.0526466917297963, 0.0526466917297963, 0.0526466917297963, 0.0526466917297963, 0.0526466917297963, 0.0526466917297963, 0.0526466917297963, 0.0526466917297963, 0.0526466917297963, 0.0526466917297963, 0.0526466917297963, 0.0526466917297963, 0.017748316530120878, 0.017748316530120878, 0.017748316530120878, 0.017748316530120878, 0.017748316530120878, 0.017748316530120878, 0.017748316530120878, 0.017748316530120878, 0.017748316530120878, 0.017748316530120878, 0.017748316530120878, 0.017748316530120878, 0.017748316530120878, 0.017748316530120878, 0.017748316530120878, 0.017748316530120878, 0.017748316530120878, 0.017748316530120878, 0.017748316530120878, 0.017748316530120878, 0.017748316530120878, 0.017748316530120878, 0.017748316530120878, 0.017748316530120878, 0.017748316530120878, 0.017748316530120878, 0.017748316530120878, 0.017748316530120878, 0.017748316530120878, 0.017748316530120878, 0.017748316530120878, 0.017748316530120878, 0.017748316530120878, 0.017748316530120878, 0.017748316530120878, 0.017748316530120878, 0.017748316530120878, 0.017748316530120878, 0.017748316530120878, 0.017748316530120878, 0.017748316530120878, 0.017748316530120878, 0.017748316530120878, 0.017748316530120878, 0.017748316530120878, 0.017748316530120878, 0.017748316530120878, 0.017748316530120878, 0.017748316530120878, 0.017748316530120878, 0.017748316530120878, 0.017748316530120878, 0.017748316530120878, 0.017748316530120878, 0.017748316530120878, 0.017748316530120878, 0.017748316530120878, 0.017748316530120878, 0.017748316530120878, 0.017748316530120878, 0.017748316530120878, 0.017748316530120878, 0.017748316530120878, 0.017748316530120878, 0.017748316530120878, 0.017748316530120878, 0.017748316530120878, 0.017748316530120878, 0.017748316530120878, 0.017748316530120878, 0.017748316530120878, 0.017748316530120878, 0.017748316530120878, 0.017748316530120878], "f_regret_pool": [],