{"p_array": [0.001, 0.053526315789473686, 0.10605263157894737, 0.15857894736842104, 0.21110526315789474, 0.26363157894736844, 0.3161578947368421, 0.3686842105263158, 0.4212105263157895, 0.4737368421052632, 0.5262631578947369, 0.5787894736842105, 0.6313157894736842, 0.6838421052631579, 0.7363684210526316, 0.7888947368421053, 0.841421052631579, 0.8939473684210526, 0.9464736842105264, 0.999], "mean_sharpness": [-0.6465960227124189, -0.5597690172585997], "sharpness_error_true_minus_model": [], "posterior_variance": [0.22076983177635623, 0.21119150964806227], "bias_mse": [], "bias_nmse": [], "f_calibration": [], "f_calibration_mse": [], "f_calibration_nmse": [], "y_calibration": [[0.0, 0.006599999964237213, 0.03959999978542328, 0.10360000282526016, 0.2054000049829483, 0.2948000133037567, 0.35760000348091125, 0.3962000012397766, 0.41920000314712524, 0.446399986743927, 0.46700000762939453, 0.4848000109195709, 0.4991999864578247, 0.5134000182151794, 0.5306000113487244, 0.5475999712944031, 0.5651999711990356, 0.5843999981880188, 0.607200026512146, 0.7487999796867371], [0.0, 0.0012000000569969416, 0.00279999990016222, 0.006800000090152025, 0.02199999988079071, 0.0568000003695488, 0.12280000001192093, 0.22339999675750732, 0.3102000057697296, 0.37380000948905945, 0.42080000042915344, 0.4551999866962433, 0.49079999327659607, 0.5194000005722046, 0.5483999848365784, 0.574400007724762, 0.6021999716758728, 0.633400022983551, 0.7445999979972839, 0.9593999981880188]], "y_calibration_mse": [0.026155550402453136, 0.025886911530506245], "y_calibration_nmse": [0.2851138622200654, 0.28218550991454344], "calibration_local_dist_to_nearest_train_sample": [[0.49685635761900515, 0.6476408845226915, 0.7984254114263778, 0.9492099383300642, 1.0999944652337506, 1.2507789921374368, 1.4015635190411233, 1.5523480459448096, 1.7031325728484958, 1.8539170997521823, 2.0047016266558684, 2.155486153559555, 2.3062706804632414, 2.4570552073669276, 2.6078397342706143, 2.7586242611743, 2.909408788077987, 3.0601933149816727, 3.2109778418853594, 3.3617623687890457], [0.4665012280054375, 0.5869306252955562, 0.7073600225856749, 0.8277894198757936, 0.9482188171659123, 1.068648214456031, 1.1890776117461497, 1.3095070090362684, 1.429936406326387, 1.5503658036165058, 1.6707952009066245, 1.7912245981967432, 1.9116539954868619, 2.032083392776981, 2.1525127900670995, 2.272942187357218, 2.393371584647337, 2.5138009819374556, 2.6342303792275743, 2.754659776517693]], "calibration_local_y": [[0.012302674123908203, 0.007766744569284561, 0.004374806872195847, 0.010196784906249177, 0.013874384277803154, 0.011895818632324553, 0.01874525435200884, 0.020284252767820483, 0.021920664649853407, 0.02981262810773072, 0.03549938688571587, 0.03449875393150474, 0.038329412588367806, 0.052888655380043635, 0.04234234328418745, 0.03846162341630636, 0.0731001349010693, 0.2154771223028292, 0.15033867177908639, 0.3417372105263158], [0.032111524575786574, 0.020822607574472178, 0.016460121177177316, 0.011258059042651248, 0.007712717508508271, 0.008928212795113754, 0.011475179028134271, 0.028401247707495754, 0.0604012911539597, 0.0821084907850709, 0.11523606159454576, 0.1884960532245852, 0.17368187553102898, 0.18877715119866564, 0.20651372022030143, 0.1907612867481403, 0.2509306455886299, 0.25185500120601617, 0.2658436426657536, 0.24718984210526312]], "elpd": [-2.6757735416430433, -1.1576875617177982], "expected_improvement": [null, null], "actual_improvement": [null, [[0.28032567183796975]]], "mse": [1.1739969054538848, 0.5545075523847338], "nmse": [1.1492076345590279, 0.5427989713267668], "y_regret_pool": [0.10695317329251108, 0.10695317329251108, 0.10695317329251108, 0.06300806081397448, 0.06300806081397448, 0.06300806081397448, 0.06300806081397448, 0.06300806081397448, 0.06300806081397448, 0.06300806081397448, 0.046353063847223375, 0.046353063847223375, 0.046353063847223375, 0.046353063847223375, 0.046353063847223375, 0.046353063847223375, 0.037323246214647554, 0.027089452897727906, 0.027089452897727906, 0.027089452897727906, 0.027089452897727906, 0.027089452897727906, 0.027089452897727906, 0.027089452897727906, 0.027089452897727906, 0.027089452897727906, 0.027089452897727906, 0.027089452897727906, 0.026286802441498835, 0.026286802441498835, 0.026286802441498835, 0.026286802441498835, 0.026286802441498835, 0.023076200616583442, 0.015049696054293182, 0.015049696054293182, 0.015049696054293182, 0.015049696054293182, 0.015049696054293182, 0.012039756843434724, 0.012039756843434724, 0.0052172279654887355, 0.0052172279654887355, 0.0052172279654887355, 0.0052172279654887355, 0.0052172279654887355, 0.0052172279654887355, 0.0052172279654887355, 0.0052172279654887355, 0.0052172279654887355, 0.0052172279654887355, 0.0052172279654887355, 0.0052172279654887355, 0.0052172279654887355, 0.0052172279654887355, 0.0052172279654887355, 0.0052172279654887355, 0.0052172279654887355, 0.0052172279654887355, 0.0052172279654887355, 0.0052172279654887355, 0.0052172279654887355, 0.0052172279654887355, 0.0052172279654887355, 0.0052172279654887355, 0.0052172279654887355, 0.0052172279654887355, 0.0, 0.0, 0.0, 0.0, 0.0, 0.0, 0.0, 0.0, 0.0, 0.0, 0.0, 0.0, 0.0, 0.0, 0.0, 0.0, 0.0, 0.0, 0.0, 0.0, 0.0, 0.0, 0.0, 0.0, 0.0, 0.0, 0.0, 0.0, 0.0, 0.0, 0.0, 0.0, 0.0, 0.0], "y_regret_test": [0.10815714897685447, 0.10815714897685447, 0.10815714897685447, 0.06421203649831786, 0.06421203649831786, 0.06421203649831786, 0.06421203649831786, 0.06421203649831786, 0.06421203649831786, 0.06421203649831786, 0.04755703953156676, 0.04755703953156676, 0.04755703953156676, 0.04755703953156676, 0.04755703953156676, 0.04755703953156676, 0.03852722189899094, 0.02829342858207129, 0.02829342858207129, 0.02829342858207129, 0.02829342858207129, 0.02829342858207129, 0.02829342858207129, 0.02829342858207129, 0.02829342858207129, 0.02829342858207129, 0.02829342858207129, 0.02829342858207129, 0.02749077812584222, 0.02749077812584222, 0.02749077812584222, 0.02749077812584222, 0.02749077812584222, 0.024280176300926826, 0.016253671738636566, 0.016253671738636566, 0.016253671738636566, 0.016253671738636566, 0.016253671738636566, 0.013243732527778107, 0.013243732527778107, 0.006421203649832119, 0.006421203649832119, 0.006421203649832119, 0.006421203649832119, 0.006421203649832119, 0.006421203649832119, 0.006421203649832119, 0.006421203649832119, 0.006421203649832119, 0.006421203649832119, 0.006421203649832119, 0.006421203649832119, 0.006421203649832119, 0.006421203649832119, 0.006421203649832119, 0.006421203649832119, 0.006421203649832119, 0.006421203649832119, 0.006421203649832119, 0.006421203649832119, 0.006421203649832119, 0.006421203649832119, 0.006421203649832119, 0.006421203649832119, 0.006421203649832119, 0.006421203649832119, 0.0012039756843433835, 0.0012039756843433835, 0.0012039756843433835, 0.0012039756843433835, 0.0012039756843433835, 0.0012039756843433835, 0.0012039756843433835, 0.0012039756843433835, 0.0012039756843433835, 0.0012039756843433835, 0.0012039756843433835, 0.0012039756843433835, 0.0012039756843433835, 0.0012039756843433835, 0.0012039756843433835, 0.0012039756843433835, 0.0012039756843433835, 0.0012039756843433835, 0.0012039756843433835, 0.0012039756843433835, 0.0012039756843433835, 0.0012039756843433835, 0.0012039756843433835, 0.0012039756843433835, 0.0012039756843433835, 0.0012039756843433835, 0.0012039756843433835, 0.0012039756843433835, 0.0012039756843433835, 0.0012039756843433835, 0.0012039756843433835, 0.0012039756843433835, 0.0012039756843433835, 0.0012039756843433835], "f_regret_pool": [], "f_regret_test": [],