{"p_array": [0.001, 0.053526315789473686, 0.10605263157894737, 0.15857894736842104, 0.21110526315789474, 0.26363157894736844, 0.3161578947368421, 0.3686842105263158, 0.4212105263157895, 0.4737368421052632, 0.5262631578947369, 0.5787894736842105, 0.6313157894736842, 0.6838421052631579, 0.7363684210526316, 0.7888947368421053, 0.841421052631579, 0.8939473684210526, 0.9464736842105264, 0.999], "mean_sharpness": [-1.5127362280150523, -0.5906812140174302], "sharpness_error_true_minus_model": [], "posterior_variance": [1.2063453167550493, 0.19486142421730832], "bias_mse": [], "bias_nmse": [], "f_calibration": [], "f_calibration_mse": [], "f_calibration_nmse": [], "y_calibration": [[0.0, 0.0, 0.0, 0.023399999365210533, 0.24959999322891235, 0.3790000081062317, 0.44780001044273376, 0.49619999527931213, 0.5270000100135803, 0.5568000078201294, 0.5813999772071838, 0.6051999926567078, 0.6244000196456909, 0.6474000215530396, 0.670199990272522, 0.6952000260353088, 0.7275999784469604, 0.7943999767303467, 1.0, 1.0], [0.0017999999690800905, 0.061400000005960464, 0.10599999874830246, 0.15479999780654907, 0.20020000636577606, 0.25699999928474426, 0.321399986743927, 0.37720000743865967, 0.44440001249313354, 0.5037999749183655, 0.5649999976158142, 0.6273999810218811, 0.6800000071525574, 0.7347999811172485, 0.7871999740600586, 0.8381999731063843, 0.8805999755859375, 0.9174000024795532, 0.9473999738693237, 0.9896000027656555]], "y_calibration_mse": [0.007143025226498891, 0.0008900415303832595], "y_calibration_nmse": [0.07786398981959276, 0.009702077546035059], "calibration_local_dist_to_nearest_train_sample": [[0.5014892658615698, 0.6580701632790278, 0.8146510606964859, 0.9712319581139439, 1.127812855531402, 1.2843937529488598, 1.4409746503663179, 1.597555547783776, 1.754136445201234, 1.910717342618692, 2.06729824003615, 2.223879137453608, 2.3804600348710663, 2.5370409322885243, 2.6936218297059824, 2.8502027271234405, 3.0067836245408985, 3.1633645219583566, 3.3199454193758147, 3.4765263167932727], [0.4276264394187263, 0.5103445103933408, 0.5930625813679553, 0.6757806523425698, 0.7584987233171844, 0.8412167942917989, 0.9239348652664134, 1.006652936241028, 1.0893710072156424, 1.172089078190257, 1.2548071491648716, 1.337525220139486, 1.4202432911141005, 1.502961362088715, 1.5856794330633295, 1.668397504037944, 1.7511155750125584, 1.833833645987173, 1.9165517169617878, 1.999269787936402]], "calibration_local_y": [[0.03136563395861601, 0.01375677967235631, 0.028500306372705807, 0.020731671567096033, 0.02003943281682605, 0.021160962496949435, 0.022704081452818346, 0.015905842951827388, 0.005970209487843581, 0.005645928850094109, 0.006202379771433614, 0.005177861861356581, 0.010190560374278474, 0.020773889565794644, 0.036638279215916454, 0.031640383361937655, 0.1407272738184227, 0.19153780129081102, 0.21807986203411253, 0.24718984210526312], [0.015656879082236813, 0.004242947153991942, NaN, 0.0024355123478029305, 0.0023208011190493172, 0.0012400645481260744, 0.0023226692926885213, 0.00045816512233417644, 0.0014643914979344823, 0.0004377304080131625, 0.000244454499384602, 0.0016300821194095484, 0.0010966032894935552, 0.0001976574301566937, 0.007381326285118631, 0.0011133875013054574, 0.0036387325595773796, 0.04615527596625989, 0.014705960526315787, 0.173653]], "elpd": [-1.4199101379177372, -0.6233089843686226], "expected_improvement": [null, null], "actual_improvement": [null, [[0.2460656822611368]]], "mse": [0.9823846786318925, 0.2065816053143759], "nmse": [1.0014028035358082, 0.2105808480328104], "y_regret_pool": [0.10392094347921743, 0.10392094347921743, 0.10392094347921743, 0.10392094347921743, 0.10392094347921743, 0.10392094347921743, 0.10392094347921743, 0.10392094347921743, 0.10392094347921743, 0.10392094347921743, 0.10392094347921743, 0.10392094347921743, 0.10392094347921743, 0.10392094347921743, 0.10392094347921743, 0.10392094347921743, 0.10392094347921743, 0.10392094347921743, 0.10392094347921743, 0.10392094347921743, 0.10392094347921743, 0.10392094347921743, 0.10392094347921743, 0.10392094347921743, 0.10392094347921743, 0.042802687448336485, 0.042802687448336485, 0.042802687448336485, 0.042802687448336485, 0.042802687448336485, 0.042802687448336485, 0.042802687448336485, 0.042802687448336485, 0.042802687448336485, 0.042802687448336485, 0.042802687448336485, 0.042802687448336485, 0.042802687448336485, 0.042802687448336485, 0.042802687448336485, 0.042802687448336485, 0.010551360161682677, 0.010551360161682677, 0.010551360161682677, 0.010551360161682677, 0.010551360161682677, 0.010551360161682677, 0.010551360161682677, 0.010551360161682677, 0.010551360161682677, 0.010551360161682677, 0.010551360161682677, 0.010551360161682677, 0.010551360161682677, 0.010551360161682677, 0.010551360161682677, 0.010551360161682677, 0.010551360161682677, 0.010551360161682677, 0.010551360161682677, 0.010551360161682677, 0.010551360161682677, 0.010551360161682677, 0.010551360161682677, 0.010551360161682677, 0.010551360161682677, 0.010551360161682677, 0.010551360161682677, 0.010551360161682677, 0.010551360161682677, 0.010551360161682677, 0.010551360161682677, 0.010551360161682677, 0.010551360161682677, 0.010551360161682677, 0.010551360161682677, 0.010551360161682677, 0.010551360161682677, 0.010551360161682677, 0.010551360161682677, 0.010551360161682677, 0.010551360161682677, 0.010551360161682677, 0.010551360161682677, 0.010551360161682677, 0.010551360161682677, 0.010551360161682677, 0.010551360161682677, 0.010551360161682677, 0.010551360161682677, 0.010551360161682677, 0.010551360161682677, 0.010551360161682677, 0.010551360161682677, 0.010551360161682677, 0.010551360161682677, 0.010551360161682677, 0.010551360161682677, 0.010551360161682677, 0.010551360161682677, 0.010551360161682677], "y_regret_test": [0.10849983562485344, 0.10849983562485344, 0.10849983562485344, 0.10849983562485344, 0.10849983562485344, 0.10849983562485344, 0.10849983562485344, 0.10849983562485344, 0.10849983562485344, 0.10849983562485344, 0.10849983562485344, 0.10849983562485344, 0.10849983562485344, 0.10849983562485344, 0.10849983562485344, 0.10849983562485344, 0.10849983562485344, 0.10849983562485344, 0.10849983562485344, 0.10849983562485344, 0.10849983562485344, 0.10849983562485344, 0.10849983562485344, 0.10849983562485344, 0.10849983562485344, 0.04738157959397249, 0.04738157959397249, 0.04738157959397249, 0.04738157959397249, 0.04738157959397249, 0.04738157959397249, 0.04738157959397249, 0.04738157959397249, 0.04738157959397249, 0.04738157959397249, 0.04738157959397249, 0.04738157959397249, 0.04738157959397249, 0.04738157959397249, 0.04738157959397249, 0.04738157959397249, 0.015130252307318681, 0.015130252307318681, 0.015130252307318681, 0.015130252307318681, 0.015130252307318681, 0.015130252307318681, 0.015130252307318681, 0.015130252307318681, 0.015130252307318681, 0.015130252307318681, 0.015130252307318681, 0.015130252307318681, 0.015130252307318681, 0.015130252307318681, 0.015130252307318681, 0.015130252307318681, 0.015130252307318681, 0.015130252307318681, 0.015130252307318681, 0.015130252307318681, 0.015130252307318681, 0.015130252307318681, 0.015130252307318681, 0.015130252307318681, 0.015130252307318681, 0.015130252307318681, 0.015130252307318681, 0.015130252307318681, 0.015130252307318681, 0.015130252307318681, 0.015130252307318681, 0.015130252307318681, 0.015130252307318681, 0.015130252307318681, 0.015130252307318681, 0.015130252307318681, 0.015130252307318681, 0.015130252307318681, 0.015130252307318681, 0.015130252307318681, 0.015130252307318681, 0.015130252307318681, 0.015130252307318681, 0.015130252307318681, 0.015130252307318681, 0.015130252307318681, 0.015130252307318681, 0.015130252307318681, 0.015130252307318681, 0.015130252307318681, 0.015130252307318681, 0.015130252307318681, 0.015130252307318681, 0.015130252307318681, 0.015130252307318681, 0.015130252307318681, 0.015130252307318681, 0.015130252307318681, 0.015130252307318681, 0.015130252307318681], "f_regret_pool": [], "f_regret_test": [],