{"p_array": [0.001, 0.053526315789473686, 0.10605263157894737, 0.15857894736842104, 0.21110526315789474, 0.26363157894736844, 0.3161578947368421, 0.3686842105263158, 0.4212105263157895, 0.4737368421052632, 0.5262631578947369, 0.5787894736842105, 0.6313157894736842, 0.6838421052631579, 0.7363684210526316, 0.7888947368421053, 0.841421052631579, 0.8939473684210526, 0.9464736842105264, 0.999], "mean_sharpness": [-0.7081924296442687, 1.0004411404138474], "sharpness_error_true_minus_model": [], "posterior_variance": [0.3510687514258549, 0.05494649563490857], "bias_mse": [], "bias_nmse": [], "f_calibration": [], "f_calibration_mse": [], "f_calibration_nmse": [], "y_calibration": [[0.005400000140070915, 0.0835999995470047, 0.11259999871253967, 0.13660000264644623, 0.15600000321865082, 0.18140000104904175, 0.22300000488758087, 0.3172000050544739, 0.4009999930858612, 0.46219998598098755, 0.5152000188827515, 0.557200014591217, 0.6000000238418579, 0.657800018787384, 0.7128000259399414, 0.7662000060081482, 0.7928000092506409, 0.8105999827384949, 0.8295999765396118, 0.9399999976158142], [0.1136000007390976, 0.25380000472068787, 0.29339998960494995, 0.32600000500679016, 0.3497999906539917, 0.36719998717308044, 0.38499999046325684, 0.4018000066280365, 0.42100000381469727, 0.43880000710487366, 0.4553999900817871, 0.4726000130176544, 0.4893999993801117, 0.5127999782562256, 0.5594000220298767, 0.6057999730110168, 0.6525999903678894, 0.6926000118255615, 0.7409999966621399, 0.8515999913215637]], "y_calibration_mse": [0.002644403639614322, 0.02118057306029578], "y_calibration_nmse": [0.02882585620865098, 0.23088311644509735], "calibration_local_dist_to_nearest_train_sample": [[0.5069666794009249, 0.6694584842080392, 0.8319502890151536, 0.994442093822268, 1.1569338986293825, 1.319425703436497, 1.4819175082436111, 1.6444093130507256, 1.80690111785784, 1.9693929226649545, 2.1318847274720687, 2.294376532279183, 2.4568683370862976, 2.619360141893412, 2.7818519467005265, 2.944343751507641, 3.1068355563147554, 3.26932736112187, 3.4318191659289843, 3.5943109707360987], [0.4484586695134708, 0.5539980195347143, 0.6595373695559579, 0.7650767195772014, 0.8706160695984448, 0.9761554196196884, 1.081694769640932, 1.1872341196621754, 1.2927734696834188, 1.3983128197046624, 1.503852169725906, 1.6093915197471496, 1.714930869768393, 1.8204702197896365, 1.92600956981088, 2.0315489198321233, 2.137088269853367, 2.2426276198746105, 2.3481669698958543, 2.4537063199170976]], "calibration_local_y": [[0.022776519736842103, 0.024387291869925325, 0.006692090524295762, 0.006885486768453982, 0.005952862580554349, 0.004646398029773765, 0.005676920875946536, 0.0022988414599120132, 0.002102387910831477, 0.0021686844512328, 0.005556614958856421, 0.0076903172774845634, 0.019956243133896618, 0.03167105100033958, 0.04235291061586978, 0.06234447831530887, 0.12405101740038929, 0.13517510403222008, 0.16699335900024775, 0.17937814367513144], [0.04044246862652982, 0.04310018488973384, 0.04265522990171232, 0.027498400328833987, 0.023814559482836988, 0.027593060893117683, 0.02756327997923156, 0.026484379772723464, 0.025082666321225744, 0.028550147954286443, 0.03990237861424249, 0.04277390776761532, 0.04948998707466102, 0.0537433506221748, 0.10117269104457809, 0.0804952577267227, 0.12529482810578446, 0.11667501818506584, 0.12112668421052633, 0.1269608947368421]], "elpd": [-6.608689594285024, -36764729067567.26], "expected_improvement": [null, null], "actual_improvement": [null, [[0.22387522651699454]]], "mse": [0.870636707799746, 0.35190593353842975], "nmse": [0.862375837062424, 0.3485669410486642], "y_regret_pool": [0.07383119172368935, 0.015282262803021807, 0.015282262803021807, 0.015282262803021807, 0.006549541201294806, 0.006549541201294806, 0.006549541201294806, 0.006549541201294806, 0.006549541201294806, 0.006549541201294806, 0.006549541201294806, 0.006549541201294806, 0.006549541201294806, 0.006549541201294806, 0.006549541201294806, 0.006549541201294806, 0.006549541201294806, 0.006549541201294806, 0.006549541201294806, 0.006549541201294806, 0.006549541201294806, 0.006549541201294806, 0.006549541201294806, 0.006549541201294806, 0.006549541201294806, 0.006549541201294806, 0.006549541201294806, 0.006549541201294806, 0.006549541201294806, 0.006549541201294806, 0.006549541201294806, 0.006549541201294806, 0.006549541201294806, 0.006549541201294806, 0.006549541201294806, 0.006549541201294806, 0.006549541201294806, 0.006549541201294806, 0.006549541201294806, 0.006549541201294806, 0.006549541201294806, 0.006549541201294806, 0.006549541201294806, 0.006152599310307316, 0.00119082567296247, 0.00119082567296247, 0.00119082567296247, 0.00119082567296247, 0.00119082567296247, 0.00119082567296247, 0.00119082567296247, 0.00119082567296247, 0.00119082567296247, 0.00119082567296247, 0.00119082567296247, 0.00119082567296247, 0.00119082567296247, 0.00119082567296247, 0.000595412836481124, 0.000595412836481124, 0.000595412836481124, 0.000595412836481124, 0.000595412836481124, 0.000595412836481124, 0.000595412836481124, 0.000595412836481124, 0.000595412836481124, 0.000595412836481124, 0.000595412836481124, 0.000595412836481124, 0.000595412836481124, 0.000595412836481124, 0.000595412836481124, 0.000595412836481124, 0.000595412836481124, 0.000595412836481124, 0.000595412836481124, 0.000595412836481124, 0.000595412836481124, 0.000595412836481124, 0.000595412836481124, 0.000595412836481124, 0.000595412836481124, 0.000595412836481124, 0.000595412836481124, 0.000595412836481124, 0.000595412836481124, 0.000595412836481124, 0.000595412836481124, 0.000595412836481124, 0.000595412836481124, 0.000595412836481124, 0.000595412836481124, 0.000595412836481124, 0.000595412836481124, 0.000595412836481124, 0.000595412836481124, 0.000595412836481124, 0.000595412836481124, 0.000595412836481124, 0.000595412836481124],