{"p_array": [0.001, 0.053526315789473686, 0.10605263157894737, 0.15857894736842104, 0.21110526315789474, 0.26363157894736844, 0.3161578947368421, 0.3686842105263158, 0.4212105263157895, 0.4737368421052632, 0.5262631578947369, 0.5787894736842105, 0.6313157894736842, 0.6838421052631579, 0.7363684210526316, 0.7888947368421053, 0.841421052631579, 0.8939473684210526, 0.9464736842105264, 0.999], "mean_sharpness": [0.05338222102213135, -0.18168069731733624, -0.18168069731733624], "sharpness_error_true_minus_model": [], "posterior_variance": [0.06378223341945516, 0.09076056027289911, 0.09076056027289911], "bias_mse": [], "bias_nmse": [], "f_calibration": [], "f_calibration_mse": [], "f_calibration_nmse": [], "y_calibration": [[0.25200000405311584, 0.4047999978065491, 0.4422000050544739, 0.46619999408721924, 0.4875999987125397, 0.5049999952316284, 0.5216000080108643, 0.5324000120162964, 0.545799970626831, 0.5595999956130981, 0.5717999935150146, 0.5856000185012817, 0.6046000123023987, 0.6205999851226807, 0.6322000026702881, 0.6460000276565552, 0.6656000018119812, 0.6868000030517578, 0.7142000198364258, 0.8267999887466431], [0.003800000064074993, 0.06120000034570694, 0.09740000218153, 0.13619999587535858, 0.17599999904632568, 0.21719999611377716, 0.2678000032901764, 0.31520000100135803, 0.36820000410079956, 0.42559999227523804, 0.483599990606308, 0.5527999997138977, 0.6317999958992004, 0.6984000205993652, 0.7432000041007996, 0.7868000268936157, 0.8202000260353088, 0.8482000231742859, 0.8885999917984009, 0.9833999872207642], [0.003800000064074993, 0.06120000034570694, 0.09740000218153, 0.13619999587535858, 0.17599999904632568, 0.21719999611377716, 0.2678000032901764, 0.31520000100135803, 0.36820000410079956, 0.42559999227523804, 0.483599990606308, 0.5527999997138977, 0.6317999958992004, 0.6984000205993652, 0.7432000041007996, 0.7868000268936157, 0.8202000260353088, 0.8482000231742859, 0.8885999917984009, 0.9833999872207642]], "y_calibration_mse": [0.040808128447341684, 0.0011625850497429756, 0.0011625850497429756], "y_calibration_nmse": [0.4448372499361689, 0.012672993249663676, 0.012672993249663676], "calibration_local_dist_to_nearest_train_sample": [[0.5014892658615698, 0.6580701632790278, 0.8146510606964859, 0.9712319581139439, 1.127812855531402, 1.2843937529488598, 1.4409746503663179, 1.597555547783776, 1.754136445201234, 1.910717342618692, 2.06729824003615, 2.223879137453608, 2.3804600348710663, 2.5370409322885243, 2.6936218297059824, 2.8502027271234405, 3.0067836245408985, 3.1633645219583566, 3.3199454193758147, 3.4765263167932727], [0.4242690170669675, 0.5036296656898231, 0.5829903143126789, 0.6623509629355346, 0.7417116115583904, 0.8210722601812461, 0.9004329088041018, 0.9797935574269575, 1.0591542060498131, 1.1385148546726689, 1.2178755032955246, 1.2972361519183804, 1.3765968005412361, 1.4559574491640919, 1.5353180977869476, 1.6146787464098034, 1.694039395032659, 1.7734000436555148, 1.8527606922783706, 1.9321213409012261], [0.4242690170669675, 0.5036296656898231, 0.5829903143126789, 0.6623509629355346, 0.7417116115583904, 0.8210722601812461, 0.9004329088041018, 0.9797935574269575, 1.0591542060498131, 1.1385148546726689, 1.2178755032955246, 1.2972361519183804, 1.3765968005412361, 1.4559574491640919, 1.5353180977869476, 1.6146787464098034, 1.694039395032659, 1.7734000436555148, 1.8527606922783706, 1.9321213409012261]], "calibration_local_y": [[0.0483108929595258, 0.02937537807304392, 0.02394591874613313, 0.02673576893591556, 0.0357577587449051, 0.04060713080420689, 0.05093729375897284, 0.047868510877186174, 0.04391081316169146, 0.04474632407333382, 0.05272925734157948, 0.05101266194365137, 0.042027747975953086, 0.039058841786948385, 0.0446302667077028, 0.04630705868682636, 0.10903131048192138, 0.14486814987176563, 0.1484257529711768, 0.13663915711679647], [0.0038896887547204976, 0.003394333264448487, NaN, 0.002272143728978992, 0.0020990549490489886, 0.0016665002628433335, 0.002084173304227597, 0.0014536711128508635, 0.0014150103436835382, 0.0006614213084369142, 0.004944081591215673, 0.002868180972133748, 0.003347132604789349, 0.0033565841733158588, 0.0009151303616048153, 0.0023223614662555288, 0.005901087467562235, 0.020886309038883662, 0.008551684210526314, 0.031905631578947366], [0.0038896887547204976, 0.003394333264448487, NaN, 0.002272143728978992, 0.0020990549490489886, 0.0016665002628433335, 0.002084173304227597, 0.0014536711128508635, 0.0014150103436835382, 0.0006614213084369142, 0.004944081591215673, 0.002868180972133748, 0.003347132604789349, 0.0033565841733158588, 0.0009151303616048153, 0.0023223614662555288, 0.005901087467562235, 0.020886309038883662, 0.008551684210526314, 0.031905631578947366]], "elpd": [-9.730576805801164, -0.3861192970583379, -0.3861192970583379], "expected_improvement": [null, null, null], "actual_improvement": [null, null, null], "mse": [0.8893342263626537, 0.17621699818919642, 0.17621699818919642], "nmse": [0.9065509743089334, 0.17962840815379646, 0.17962840815379646], "y_regret_pool": [0.10392094347921743, 0.10392094347921743, 0.08779527983589075, 0.08779527983589075, 0.08779527983589075, 0.08779527983589075, 0.08779527983589075, 0.08779527983589075, 0.08779527983589075, 0.08779527983589075, 0.08779527983589075, 0.08779527983589075, 0.08779527983589075, 0.08779527983589075, 0.08779527983589075, 0.08779527983589075, 0.08779527983589075, 0.08779527983589075, 0.08779527983589075, 0.08779527983589075, 0.08779527983589075, 0.08779527983589075, 0.08779527983589075, 0.08779527983589075, 0.08779527983589075, 0.08779527983589075, 0.012542182833698234, 0.012542182833698234, 0.012542182833698234, 0.012542182833698234, 0.012542182833698234, 0.012542182833698234, 0.012542182833698234, 0.012542182833698234, 0.012542182833698234, 0.012542182833698234, 0.012542182833698234, 0.012542182833698234, 0.012542182833698234, 0.012542182833698234, 0.012542182833698234, 0.012542182833698234, 0.012542182833698234, 0.012542182833698234, 0.012542182833698234, 0.012542182833698234, 0.012542182833698234, 0.012542182833698234, 0.012542182833698234, 0.012542182833698234, 0.012542182833698234, 0.012542182833698234, 0.012542182833698234, 0.012542182833698234, 0.012542182833698234, 0.012542182833698234, 0.012542182833698234, 0.012542182833698234, 0.012542182833698234, 0.012542182833698234, 0.012542182833698234, 0.012542182833698234, 0.012542182833698234, 0.012542182833698234, 0.012542182833698234, 0.012542182833698234, 0.012542182833698234, 0.012542182833698234, 0.012542182833698234, 0.012542182833698234, 0.012542182833698234, 0.012542182833698234, 0.012542182833698234, 0.012542182833698234, 0.012542182833698234, 0.012542182833698234, 0.012542182833698234, 0.012542182833698234, 0.012542182833698234, 0.012542182833698234, 0.012542182833698234, 0.012542182833698234, 0.012542182833698234, 0.012542182833698234, 0.012542182833698234, 0.012542182833698234, 0.012542182833698234, 0.012542182833698234, 0.012542182833698234, 0.012542182833698234, 0.012542182833698234, 0.012542182833698234, 0.012542182833698234, 0.012542182833698234, 0.012542182833698234, 0.012542182833698234, 0.012542182833698234, 0.012542182833698234, 0.012542182833698234, 0.012542182833698234, 0.012542182833698234, 0.012542182833698234],