{"p_array": [0.001, 0.053526315789473686, 0.10605263157894737, 0.15857894736842104, 0.21110526315789474, 0.26363157894736844, 0.3161578947368421, 0.3686842105263158, 0.4212105263157895, 0.4737368421052632, 0.5262631578947369, 0.5787894736842105, 0.6313157894736842, 0.6838421052631579, 0.7363684210526316, 0.7888947368421053, 0.841421052631579, 0.8939473684210526, 0.9464736842105264, 0.999], "mean_sharpness": [-0.8698452115098607, -0.858073961041695], "sharpness_error_true_minus_model": [], "posterior_variance": [0.37058750177971944, 0.39040180375479705], "bias_mse": [], "bias_nmse": [], "f_calibration": [], "f_calibration_mse": [], "f_calibration_nmse": [], "y_calibration": [[0.04859999939799309, 0.13379999995231628, 0.21359999477863312, 0.2272000014781952, 0.2468000054359436, 0.28859999775886536, 0.36500000953674316, 0.4350000023841858, 0.48080000281333923, 0.5144000053405762, 0.5418000221252441, 0.5645999908447266, 0.5898000001907349, 0.61080002784729, 0.6363999843597412, 0.6758000254631042, 0.7820000052452087, 0.8622000217437744, 0.8888000249862671, 0.9926000237464905], [0.0, 0.0, 0.00019999999494757503, 0.013799999840557575, 0.022199999541044235, 0.030799999833106995, 0.09860000014305115, 0.21719999611377716, 0.3059999942779541, 0.373199999332428, 0.4246000051498413, 0.4636000096797943, 0.4970000088214874, 0.5271999835968018, 0.5532000064849854, 0.5839999914169312, 0.6628000140190125, 0.8180000185966492, 0.9020000100135803, 0.9797999858856201]], "y_calibration_mse": [0.0038530844648384487, 0.02001608008169923], "y_calibration_nmse": [0.04200132577317849, 0.21818932543144423], "calibration_local_dist_to_nearest_train_sample": [[0.48660499529629103, 0.6296100263009582, 0.7726150573056254, 0.9156200883102925, 1.0586251193149596, 1.2016301503196267, 1.344635181324294, 1.4876402123289612, 1.6306452433336283, 1.7736502743382954, 1.9166553053429627, 2.05966033634763, 2.2026653673522967, 2.3456703983569644, 2.4886754293616313, 2.631680460366298, 2.774685491370966, 2.917690522375633, 3.0606955533802997, 3.2037005843849666], [0.4678675511231339, 0.5921351379546439, 0.7164027247861539, 0.8406703116176639, 0.9649378984491739, 1.0892054852806838, 1.213473072112194, 1.3377406589437038, 1.462008245775214, 1.586275832606724, 1.7105434194382338, 1.8348110062697438, 1.9590785931012538, 2.083346179932764, 2.2076137667642737, 2.331881353595784, 2.456148940427294, 2.580416527258804, 2.7046841140903135, 2.828951700921824]], "calibration_local_y": [[0.00588392105263158, 0.006734251099599578, 0.003656398777410603, 0.009114224494935201, 0.002982127175521416, 0.006946681406218638, 0.006814201417326896, 0.010535494359939012, 0.0037865785680918453, 0.007409522401360074, 0.0035833399842151287, 0.004196473847312848, 0.005875707503532664, 0.015350620612600775, 0.03574978008685796, 0.04353243468991874, 0.06190232975665747, 0.013738553624193784, 0.049779791379383445, 0.02205224645639044], [0.05602270597044926, 0.05587244214374498, 0.03388573924558794, 0.031445642702960165, 0.01421107927961012, 0.010226726461675573, 0.010636641041346187, 0.01898799774339836, 0.035631567626088344, 0.06124596237378799, 0.09696645493546752, 0.13804905580605184, 0.15751260811704976, 0.16814045885296752, 0.19025342083325164, 0.2080361359421678, 0.24512163231764816, 0.22774578691021272, 0.27688773638241226, 0.2918372105263158]], "elpd": [-1.736688981047397, -0.9428665013373538], "expected_improvement": [null, null], "actual_improvement": [null, [[0.40027862162878014]]], "mse": [0.9146429989437129, 0.5152887564830174], "nmse": [0.9093847972300678, 0.5123264069920246], "y_regret_pool": [0.009952228285151188, 0.009952228285151188, 0.009952228285151188, 0.009952228285151188, 0.009952228285151188, 0.009952228285151188, 0.009952228285151188, 0.006966559799606031, 0.006966559799606031, 0.0013933119599212063, 0.0013933119599212063, 0.0013933119599212063, 0.0013933119599212063, 0.0013933119599212063, 0.0013933119599212063, 0.0013933119599212063, 0.0013933119599212063, 0.0013933119599212063, 0.0013933119599212063, 0.0013933119599212063, 0.0013933119599212063, 0.0013933119599212063, 0.0013933119599212063, 0.0013933119599212063, 0.0013933119599212063, 0.0013933119599212063, 0.0013933119599212063, 0.0013933119599212063, 0.0013933119599212063, 0.0013933119599212063, 0.0013933119599212063, 0.0013933119599212063, 0.0013933119599212063, 0.0013933119599212063, 0.0013933119599212063, 0.0013933119599212063, 0.0013933119599212063, 0.0013933119599212063, 0.0013933119599212063, 0.0013933119599212063, 0.0013933119599212063, 0.0013933119599212063, 0.0013933119599212063, 0.0013933119599212063, 0.0013933119599212063, 0.0013933119599212063, 0.0013933119599212063, 0.0013933119599212063, 0.0013933119599212063, 0.0013933119599212063, 0.0013933119599212063, 0.0013933119599212063, 0.0013933119599212063, 0.0013933119599212063, 0.0013933119599212063, 0.0013933119599212063, 0.0013933119599212063, 0.0013933119599212063, 0.0013933119599212063, 0.0013933119599212063, 0.0013933119599212063, 0.0013933119599212063, 0.0013933119599212063, 0.0013933119599212063, 0.0013933119599212063, 0.0013933119599212063, 0.0013933119599212063, 0.0013933119599212063, 0.0013933119599212063, 0.0013933119599212063, 0.0013933119599212063, 0.0013933119599212063, 0.0013933119599212063, 0.0013933119599212063, 0.0013933119599212063, 0.0013933119599212063, 0.0013933119599212063, 0.0013933119599212063, 0.0013933119599212063, 0.0013933119599212063, 0.0013933119599212063, 0.0013933119599212063, 0.0013933119599212063, 0.0013933119599212063, 0.0013933119599212063, 0.0013933119599212063, 0.0013933119599212063, 0.0013933119599212063, 0.0013933119599212063, 0.0013933119599212063, 0.0013933119599212063, 0.0013933119599212063, 0.0013933119599212063, 0.0013933119599212063, 0.0013933119599212063, 0.0013933119599212063, 0.0013933119599212063, 0.0013933119599212063, 0.0013933119599212063, 0.0013933119599212063, 0.0013933119599212063],