{"p_array": [0.001, 0.053526315789473686, 0.10605263157894737, 0.15857894736842104, 0.21110526315789474, 0.26363157894736844, 0.3161578947368421, 0.3686842105263158, 0.4212105263157895, 0.4737368421052632, 0.5262631578947369, 0.5787894736842105, 0.6313157894736842, 0.6838421052631579, 0.7363684210526316, 0.7888947368421053, 0.841421052631579, 0.8939473684210526, 0.9464736842105264, 0.999], "mean_sharpness": [-1.288597875274205, -0.1376033842602028], "sharpness_error_true_minus_model": [], "posterior_variance": [0.7968561307138675, 0.12033877111711472], "bias_mse": [], "bias_nmse": [], "f_calibration": [], "f_calibration_mse": [], "f_calibration_nmse": [], "y_calibration": [[0.0, 0.0034000000450760126, 0.02759999968111515, 0.14100000262260437, 0.29679998755455017, 0.40959998965263367, 0.47540000081062317, 0.5166000127792358, 0.550000011920929, 0.5741999745368958, 0.5935999751091003, 0.6155999898910522, 0.6349999904632568, 0.6728000044822693, 0.7210000157356262, 0.7874000072479248, 0.8855999708175659, 0.9426000118255615, 0.9911999702453613, 1.0], [0.012000000104308128, 0.0934000015258789, 0.15539999306201935, 0.22840000689029694, 0.29339998960494995, 0.35339999198913574, 0.414000004529953, 0.46720001101493835, 0.5149999856948853, 0.5491999983787537, 0.5874000191688538, 0.6287999749183655, 0.6746000051498413, 0.7364000082015991, 0.7943999767303467, 0.8474000096321106, 0.8899999856948853, 0.9143999814987183, 0.9517999887466431, 0.9986000061035156]], "y_calibration_mse": [0.006206401607133994, 0.0039046668918416606], "y_calibration_nmse": [0.06765413480011606, 0.04256361044160554], "calibration_local_dist_to_nearest_train_sample": [[0.49433791044584213, 0.6416179168603461, 0.7888979232748501, 0.936177929689354, 1.0834579361038579, 1.230737942518362, 1.3780179489328659, 1.5252979553473698, 1.6725779617618737, 1.8198579681763776, 1.9671379745908817, 2.114417981005386, 2.2616979874198897, 2.4089779938343936, 2.5562580002488975, 2.7035380066634014, 2.8508180130779053, 2.998098019492409, 3.145378025906913, 3.2926580323214174], [0.429588631048253, 0.5169687578809393, 0.6043488847136257, 0.6917290115463121, 0.7791091383789984, 0.8664892652116847, 0.953869392044371, 1.0412495188770574, 1.1286296457097438, 1.2160097725424301, 1.3033898993751165, 1.3907700262078029, 1.4781501530404892, 1.5655302798731756, 1.652910406705862, 1.7402905335385483, 1.8276706603712347, 1.915050787203921, 2.0024309140366072, 2.089811040869294]], "calibration_local_y": [[0.009971249596279574, 0.0045324729683745004, 0.003893607220118064, 0.00479912775552033, 0.004936023667207603, 0.004426537787165, 0.0022932591913792343, 0.003700661757885763, 0.004480008602959929, 0.004422867210741991, 0.006066729439347899, 0.014913735151834024, 0.009822153050804704, 0.021929079839718604, 0.019272270702423405, 0.013173218896535851, 0.023728916529974563, 0.016316916721771393, 0.014503184932653507, 0.01490083608107388], [0.010772999896927263, 0.00423849726786599, 0.0029215475298796545, 0.011436683886422291, 0.0037099529447405617, 0.002373526928142769, 0.008141471440128552, 0.008747111456981564, 0.0023899803802430726, 0.005656210751891861, 0.002394522960300287, 0.0020410128457947797, 0.0067457881590032385, 0.0003076887079055815, 0.013455661616335981, 0.007387950657894738, 0.015542473876004229, 0.011856965414214462, 0.12112668421052633, 0.01976352631578947]], "elpd": [-1.160235124980372, -0.29714626133006733], "expected_improvement": [null, null], "actual_improvement": [null, [[1.999213207610987]]], "mse": [0.6309365028830565, 0.16650876855855595], "nmse": [0.6345891723397393, 0.16747273480619665], "y_regret_pool": [0.217520724863708, 0.217520724863708, 0.03994471492951712, 0.03994471492951712, 0.024520518075545228, 0.024520518075545228, 0.024520518075545228, 0.024520518075545228, 0.024520518075545228, 0.024520518075545228, 0.024520518075545228, 0.024520518075545228, 0.024520518075545228, 0.024520518075545228, 0.024520518075545228, 0.024520518075545228, 0.024520518075545228, 0.024520518075545228, 0.024520518075545228, 0.024520518075545228, 0.024520518075545228, 0.024520518075545228, 0.024520518075545228, 0.024520518075545228, 0.024520518075545228, 0.024520518075545228, 0.024520518075545228, 0.024520518075545228, 0.024520518075545228, 0.024520518075545228, 0.024520518075545228, 0.024520518075545228, 0.024520518075545228, 0.024520518075545228, 0.024520518075545228, 0.024520518075545228, 0.024520518075545228, 0.024520518075545228, 0.024520518075545228, 0.024520518075545228, 0.024520518075545228, 0.024520518075545228, 0.024520518075545228, 0.024520518075545228, 0.024520518075545228, 0.024520518075545228, 0.024520518075545228, 0.024520518075545228, 0.024520518075545228, 0.024520518075545228, 0.024520518075545228, 0.024520518075545228, 0.024520518075545228, 0.024520518075545228, 0.024520518075545228, 0.024520518075545228, 0.024520518075545228, 0.024520518075545228, 0.024520518075545228, 0.024520518075545228, 0.024520518075545228, 0.024520518075545228, 0.024520518075545228, 0.024520518075545228, 0.024520518075545228, 0.024520518075545228, 0.024520518075545228, 0.024520518075545228, 0.024520518075545228, 0.024520518075545228, 0.024520518075545228, 0.024520518075545228, 0.024520518075545228, 0.024520518075545228, 0.024520518075545228, 0.024520518075545228, 0.024520518075545228, 0.024520518075545228, 0.024520518075545228, 0.024520518075545228, 0.024520518075545228, 0.024520518075545228, 0.024520518075545228, 0.024520518075545228, 0.024520518075545228, 0.024520518075545228, 0.024520518075545228, 0.024520518075545228, 0.024520518075545228, 0.024520518075545228, 0.024520518075545228, 0.024520518075545228, 0.024520518075545228, 0.024520518075545228, 0.024520518075545228, 0.024520518075545228, 0.024520518075545228, 0.024520518075545228, 0.024520518075545228, 0.024520518075545228, 0.024520518075545228],