{"p_array": [0.001, 0.053526315789473686, 0.10605263157894737, 0.15857894736842104, 0.21110526315789474, 0.26363157894736844, 0.3161578947368421, 0.3686842105263158, 0.4212105263157895, 0.4737368421052632, 0.5262631578947369, 0.5787894736842105, 0.6313157894736842, 0.6838421052631579, 0.7363684210526316, 0.7888947368421053, 0.841421052631579, 0.8939473684210526, 0.9464736842105264, 0.999], "mean_sharpness": [-0.7540382289279992, -0.42877923697716425], "sharpness_error_true_minus_model": [], "posterior_variance": [0.3091762457463534, 0.16899997894785262], "bias_mse": [], "bias_nmse": [], "f_calibration": [], "f_calibration_mse": [], "f_calibration_nmse": [], "y_calibration": [[0.0, 0.02800000086426735, 0.10180000215768814, 0.1964000016450882, 0.2980000078678131, 0.3702000081539154, 0.4203999936580658, 0.4546000063419342, 0.4848000109195709, 0.5088000297546387, 0.5275999903678894, 0.5454000234603882, 0.5651999711990356, 0.5799999833106995, 0.6136000156402588, 0.6395999789237976, 0.7531999945640564, 0.777999997138977, 0.8199999928474426, 0.9580000042915344], [0.004800000227987766, 0.04179999977350235, 0.07859999686479568, 0.11620000004768372, 0.17479999363422394, 0.2712000012397766, 0.37540000677108765, 0.4618000090122223, 0.5239999890327454, 0.5637999773025513, 0.5946000218391418, 0.6290000081062317, 0.6840000152587891, 0.758400022983551, 0.8245999813079834, 0.8885999917984009, 0.9408000111579895, 0.9625999927520752, 0.978600025177002, 0.9923999905586243]], "y_calibration_mse": [0.0068532551970367, 0.004192532393452918], "y_calibration_nmse": [0.07470529306175895, 0.04570154650876643], "calibration_local_dist_to_nearest_train_sample": [[0.4869501588052503, 0.6286464202047508, 0.7703426816042513, 0.9120389430037519, 1.0537352044032524, 1.195431465802753, 1.3371277272022535, 1.478823988601754, 1.6205202500012545, 1.762216511400755, 1.9039127728002556, 2.045609034199756, 2.1873052955992565, 2.329001556998757, 2.4706978183982575, 2.6123940797977583, 2.754090341197259, 2.8957866025967594, 3.0374828639962597, 3.1791791253957604], [0.44535809082220584, 0.545462284238662, 0.6455664776551183, 0.7456706710715746, 0.8457748644880307, 0.945879057904487, 1.0459832513209433, 1.1460874447373994, 1.2461916381538556, 1.3462958315703117, 1.446400024986768, 1.5465042184032245, 1.6466084118196807, 1.7467126052361368, 1.846816798652593, 1.9469209920690491, 2.0470251854855053, 2.147129378901962, 2.247233572318418, 2.347337765734874]], "calibration_local_y": [[0.01873662486509738, 0.005111275619913104, 0.005267820275553878, 0.0051888546356580025, 0.005579396003702631, 0.008720949770196124, 0.00664741224040649, 0.007018396384061989, 0.005130721518151936, 0.008778393049863279, 0.0073056682506329575, 0.01207743127541472, 0.009996442129682951, 0.013524645630114736, 0.0260531822462725, 0.027861497205176593, 0.0405793064980544, 0.04272194335017407, 0.1677042367458163, 0.21039800147444385], [0.006768538225015258, 0.007162440171478687, 0.0036477768418606143, 0.003840854032824069, 0.004762935587246736, 0.0065448591287810805, 0.004295618422290223, 0.005186582561100925, 0.004367684665285998, 0.004908850652740891, 0.0028071004798233016, 0.004938481811334496, 0.002916048312100832, 0.00499913926165383, 0.004148789880737013, 0.006414788442945384, 0.08552931578947368, 0.04340036842105263, 0.06722421345629533, 0.07903896444365228]], "elpd": [-1.3618082552397663, -0.39213604252410295], "expected_improvement": [null, null], "actual_improvement": [null, [[2.5559774125640606]]], "mse": [0.5966500951154003, 0.17306382489238156], "nmse": [0.6028412451745997, 0.17485962467268745], "y_regret_pool": [0.13975357454785997, 0.13975357454785997, 0.13975357454785997, 0.13975357454785997, 0.13975357454785997, 0.13975357454785997, 0.13975357454785997, 0.13975357454785997, 0.13975357454785997, 0.13975357454785997, 0.13975357454785997, 0.13975357454785997, 0.13975357454785997, 0.13975357454785997, 0.13975357454785997, 0.13975357454785997, 0.13975357454785997, 0.13975357454785997, 0.13975357454785997, 0.13975357454785997, 0.13975357454785997, 0.13975357454785997, 0.13975357454785997, 0.13975357454785997, 0.13975357454785997, 0.13975357454785997, 0.13975357454785997, 0.13975357454785997, 0.13975357454785997, 0.13975357454785997, 0.13975357454785997, 0.13975357454785997, 0.13975357454785997, 0.13975357454785997, 0.13975357454785997, 0.13975357454785997, 0.12123921210775856, 0.12123921210775856, 0.12123921210775856, 0.12123921210775856, 0.12123921210775856, 0.12123921210775856, 0.12123921210775856, 0.12123921210775856, 0.0742565289264272, 0.0742565289264272, 0.0742565289264272, 0.0742565289264272, 0.0742565289264272, 0.0742565289264272, 0.026278449914982405, 0.026278449914982405, 0.026278449914982405, 0.026278449914982405, 0.026278449914982405, 0.026278449914982405, 0.026278449914982405, 0.026278449914982405, 0.026278449914982405, 0.026278449914982405, 0.026278449914982405, 0.026278449914982405, 0.026278449914982405, 0.026278449914982405, 0.026278449914982405, 0.026278449914982405, 0.026278449914982405, 0.026278449914982405, 0.026278449914982405, 0.026278449914982405, 0.026278449914982405, 0.026278449914982405, 0.026278449914982405, 0.026278449914982405, 0.026278449914982405, 0.026278449914982405, 0.026278449914982405, 0.026278449914982405, 0.026278449914982405, 0.026278449914982405, 0.026278449914982405, 0.026278449914982405, 0.026278449914982405, 0.026278449914982405, 0.026278449914982405, 0.026278449914982405, 0.026278449914982405, 0.026278449914982405, 0.026278449914982405, 0.026278449914982405, 0.026278449914982405, 0.026278449914982405, 0.026278449914982405, 0.026278449914982405, 0.026278449914982405, 0.026278449914982405, 0.026278449914982405, 0.026278449914982405, 0.026278449914982405, 0.026278449914982405, 0.026278449914982405], "y_regret_test": [0.14433239536637932, 0.14433239536637932, 0.14433239536637932, 0.14433239536637932, 0.14433239536637932, 0.14433239536637932, 0.14433239536637932, 0.14433239536637932, 0.14433239536637932, 0.14433239536637932, 0.14433239536637932, 0.14433239536637932, 0.14433239536637932, 0.14433239536637932, 0.14433239536637932, 0.14433239536637932, 0.14433239536637932, 0.14433239536637932, 0.14433239536637932, 0.14433239536637932, 0.14433239536637932, 0.14433239536637932, 0.14433239536637932, 0.14433239536637932, 0.14433239536637932, 0.14433239536637932, 0.14433239536637932, 0.14433239536637932, 0.14433239536637932, 0.14433239536637932, 0.14433239536637932, 0.14433239536637932, 0.14433239536637932, 0.14433239536637932, 0.14433239536637932, 0.14433239536637932, 0.1258180329262779, 0.1258180329262779, 0.1258180329262779, 0.1258180329262779, 0.1258180329262779, 0.1258180329262779, 0.1258180329262779, 0.1258180329262779, 0.07883534974494655, 0.07883534974494655, 0.07883534974494655, 0.07883534974494655, 0.07883534974494655, 0.07883534974494655, 0.03085727073350175, 0.03085727073350175, 0.03085727073350175, 0.03085727073350175, 0.03085727073350175, 0.03085727073350175, 0.03085727073350175, 0.03085727073350175, 0.03085727073350175, 0.03085727073350175, 0.03085727073350175, 0.03085727073350175, 0.03085727073350175, 0.03085727073350175, 0.03085727073350175, 0.03085727073350175, 0.03085727073350175, 0.03085727073350175, 0.03085727073350175, 0.03085727073350175, 0.03085727073350175, 0.03085727073350175, 0.03085727073350175, 0.03085727073350175, 0.03085727073350175, 0.03085727073350175, 0.03085727073350175, 0.03085727073350175, 0.03085727073350175, 0.03085727073350175, 0.03085727073350175, 0.03085727073350175, 0.03085727073350175, 0.03085727073350175, 0.03085727073350175, 0.03085727073350175, 0.03085727073350175, 0.03085727073350175, 0.03085727073350175, 0.03085727073350175, 0.03085727073350175, 0.03085727073350175, 0.03085727073350175, 0.03085727073350175, 0.03085727073350175, 0.03085727073350175, 0.03085727073350175, 0.03085727073350175, 0.03085727073350175, 0.03085727073350175, 0.03085727073350175], "f_regret_pool": [], "f_regret_test": [],