{"p_array": [0.001, 0.053526315789473686, 0.10605263157894737, 0.15857894736842104, 0.21110526315789474, 0.26363157894736844, 0.3161578947368421, 0.3686842105263158, 0.4212105263157895, 0.4737368421052632, 0.5262631578947369, 0.5787894736842105, 0.6313157894736842, 0.6838421052631579, 0.7363684210526316, 0.7888947368421053, 0.841421052631579, 0.8939473684210526, 0.9464736842105264, 0.999], "mean_sharpness": [-1.4180377651169473, -0.3802585563649921, -0.3802585563649921], "sharpness_error_true_minus_model": [], "posterior_variance": [0.998200085616793, 0.1276460042308584, 0.1276460042308584], "bias_mse": [], "bias_nmse": [], "f_calibration": [], "f_calibration_mse": [], "f_calibration_nmse": [], "y_calibration": [[0.0, 0.0, 0.0, 0.20839999616146088, 0.367000013589859, 0.43860000371932983, 0.4812000095844269, 0.5108000040054321, 0.5339999794960022, 0.5605999827384949, 0.5830000042915344, 0.6011999845504761, 0.6191999912261963, 0.6363999843597412, 0.6579999923706055, 0.6833999752998352, 0.7124000191688538, 0.7645999789237976, 1.0, 1.0], [0.00279999990016222, 0.08720000088214874, 0.1469999998807907, 0.19979999959468842, 0.2581999897956848, 0.3093999922275543, 0.3723999857902527, 0.42480000853538513, 0.4763999879360199, 0.5288000106811523, 0.5795999765396118, 0.6281999945640564, 0.6794000267982483, 0.7218000292778015, 0.7662000060081482, 0.8077999949455261, 0.8461999893188477, 0.8855999708175659, 0.9160000085830688, 0.9805999994277954], [0.00279999990016222, 0.08720000088214874, 0.1469999998807907, 0.19979999959468842, 0.2581999897956848, 0.3093999922275543, 0.3723999857902527, 0.42480000853538513, 0.4763999879360199, 0.5288000106811523, 0.5795999765396118, 0.6281999945640564, 0.6794000267982483, 0.7218000292778015, 0.7662000060081482, 0.8077999949455261, 0.8461999893188477, 0.8855999708175659, 0.9160000085830688, 0.9805999994277954]], "y_calibration_mse": [0.00994238977509095, 0.0016430916521058543, 0.0016430916521058543], "y_calibration_nmse": [0.10837902872835739, 0.017910852561126393, 0.017910852561126393], "calibration_local_dist_to_nearest_train_sample": [[0.48660499529629103, 0.6296100263009582, 0.7726150573056254, 0.9156200883102925, 1.0586251193149596, 1.2016301503196267, 1.344635181324294, 1.4876402123289612, 1.6306452433336283, 1.7736502743382954, 1.9166553053429627, 2.05966033634763, 2.2026653673522967, 2.3456703983569644, 2.4886754293616313, 2.631680460366298, 2.774685491370966, 2.917690522375633, 3.0606955533802997, 3.2037005843849666], [0.4391399053937608, 0.5346798464958977, 0.6302197875980347, 0.7257597287001716, 0.8212996698023085, 0.9168396109044453, 1.0123795520065824, 1.107919493108719, 1.2034594342108562, 1.298999375312993, 1.3945393164151298, 1.4900792575172668, 1.5856191986194037, 1.6811591397215406, 1.7766990808236776, 1.8722390219258145, 1.9677789630279514, 2.0633189041300883, 2.158858845232225, 2.254398786334362], [0.4391399053937608, 0.5346798464958977, 0.6302197875980347, 0.7257597287001716, 0.8212996698023085, 0.9168396109044453, 1.0123795520065824, 1.107919493108719, 1.2034594342108562, 1.298999375312993, 1.3945393164151298, 1.4900792575172668, 1.5856191986194037, 1.6811591397215406, 1.7766990808236776, 1.8722390219258145, 1.9677789630279514, 2.0633189041300883, 2.158858845232225, 2.254398786334362]], "calibration_local_y": [[0.02025365789473684, 0.009258939463600227, 0.010934825270456427, 0.024394460763650684, 0.015704816545220615, 0.019886808722057774, 0.016943074030744246, 0.01360764597459442, 0.009618188411460973, 0.015217745012005702, 0.010000801868553368, 0.009588797977509854, 0.008190874632212899, 0.013494375116333324, 0.016882237542801305, 0.029959108535250883, 0.03002077740248843, 0.0141783491615012, 0.03543494604473651, 0.014753643044996767], [0.0017389965313355613, 0.0005284267599348722, 0.0019477479009384156, 0.0008552582502333844, 0.0013848342654537904, 0.0013111205598479, 0.005402097483263169, 0.004564050877145684, 0.001479061029984737, 0.0028588644866896335, 0.0026830323841886645, 0.006172292526303096, 0.006419601310526005, 0.010609821507656544, 0.006930052764712325, 0.02028264179828324, 0.12641819415366418, 0.1177766842105263, 0.10322405263157894, 0.09518721052631579], [0.0017389965313355613, 0.0005284267599348722, 0.0019477479009384156, 0.0008552582502333844, 0.0013848342654537904, 0.0013111205598479, 0.005402097483263169, 0.004564050877145684, 0.001479061029984737, 0.0028588644866896335, 0.0026830323841886645, 0.006172292526303096, 0.006419601310526005, 0.010609821507656544, 0.006930052764712325, 0.02028264179828324, 0.12641819415366418, 0.1177766842105263, 0.10322405263157894, 0.09518721052631579]], "elpd": [-1.421999636787915, -0.6203471397027353, -0.6203471397027353], "expected_improvement": [null, null, null], "actual_improvement": [null, null, null], "mse": [1.0061095668991185, 0.21228076437379656, 0.21228076437379656], "nmse": [1.0003255319752264, 0.21106038103265332, 0.21106038103265332], "y_regret_pool": [0.009952228285151188, 0.009952228285151188, 0.009952228285151188, 0.009952228285151188, 0.009952228285151188, 0.009952228285151188, 0.009952228285151188, 0.009952228285151188, 0.009952228285151188, 0.009952228285151188, 0.009952228285151188, 0.009952228285151188, 0.009952228285151188, 0.009952228285151188, 0.009952228285151188, 0.009952228285151188, 0.009952228285151188, 0.009952228285151188, 0.009952228285151188, 0.009952228285151188, 0.009952228285151188, 0.009952228285151188, 0.009952228285151188, 0.009952228285151188, 0.009952228285151188, 0.009952228285151188, 0.009952228285151188, 0.009952228285151188, 0.009952228285151188, 0.009952228285151188, 0.009952228285151188, 0.009952228285151188, 0.009952228285151188, 0.009952228285151188, 0.009952228285151188, 0.009952228285151188, 0.009952228285151188, 0.009952228285151188, 0.009952228285151188, 0.009952228285151188, 0.009952228285151188, 0.009952228285151188, 0.009952228285151188, 0.009952228285151188, 0.009952228285151188, 0.009952228285151188, 0.009952228285151188, 0.009952228285151188, 0.009952228285151188, 0.009952228285151188, 0.009952228285151188, 0.009952228285151188, 0.009952228285151188, 0.009952228285151188, 0.009952228285151188, 0.009952228285151188, 0.009952228285151188, 0.009952228285151188, 0.009952228285151188, 0.009952228285151188, 0.009952228285151188, 0.009952228285151188, 0.009952228285151188, 0.009952228285151188, 0.009952228285151188, 0.009952228285151188, 0.009952228285151188, 0.009952228285151188, 0.009952228285151188, 0.009952228285151188, 0.009952228285151188, 0.009952228285151188, 0.009952228285151188, 0.009952228285151188, 0.009952228285151188, 0.009952228285151188, 0.009952228285151188, 0.009952228285151188, 0.009952228285151188, 0.009952228285151188, 0.009952228285151188, 0.009952228285151188, 0.009952228285151188, 0.009952228285151188, 0.009952228285151188, 0.009952228285151188, 0.009952228285151188, 0.009952228285151188, 0.009952228285151188, 0.009952228285151188, 0.009952228285151188, 0.009952228285151188, 0.009952228285151188, 0.009952228285151188, 0.009952228285151188, 0.009952228285151188, 0.009952228285151188, 0.009952228285151188, 0.009952228285151188, 0.009952228285151188, 0.009952228285151188, 0.009952228285151188],