{"p_array": [0.001, 0.053526315789473686, 0.10605263157894737, 0.15857894736842104, 0.21110526315789474, 0.26363157894736844, 0.3161578947368421, 0.3686842105263158, 0.4212105263157895, 0.4737368421052632, 0.5262631578947369, 0.5787894736842105, 0.6313157894736842, 0.6838421052631579, 0.7363684210526316, 0.7888947368421053, 0.841421052631579, 0.8939473684210526, 0.9464736842105264, 0.999], "mean_sharpness": [-1.4594109250763854, -0.6647433351330597], "sharpness_error_true_minus_model": [], "posterior_variance": [1.084311023318117, 0.25849846992643544], "bias_mse": [], "bias_nmse": [], "f_calibration": [], "f_calibration_mse": [], "f_calibration_nmse": [], "y_calibration": [[0.0, 0.0, 0.0, 0.0, 0.19679999351501465, 0.34439998865127563, 0.42160001397132874, 0.47540000081062317, 0.5095999836921692, 0.5379999876022339, 0.5641999840736389, 0.5866000056266785, 0.6087999939918518, 0.6287999749183655, 0.6520000100135803, 0.6758000254631042, 0.7034000158309937, 0.7465999722480774, 1.0, 1.0], [0.00860000029206276, 0.08299999684095383, 0.1379999965429306, 0.19699999690055847, 0.25440001487731934, 0.3156000077724457, 0.3686000108718872, 0.4235999882221222, 0.4708000123500824, 0.508400022983551, 0.5519999861717224, 0.5848000049591064, 0.6215999722480774, 0.6531999707221985, 0.6926000118255615, 0.7336000204086304, 0.7860000133514404, 0.8438000082969666, 0.9014000296592712, 0.979200005531311]], "y_calibration_mse": [0.007450490500125107, 0.0016069972336502348], "y_calibration_nmse": [0.0812155771619833, 0.017517398059419417], "calibration_local_dist_to_nearest_train_sample": [[0.5014892658615698, 0.6580701632790278, 0.8146510606964859, 0.9712319581139439, 1.127812855531402, 1.2843937529488598, 1.4409746503663179, 1.597555547783776, 1.754136445201234, 1.910717342618692, 2.06729824003615, 2.223879137453608, 2.3804600348710663, 2.5370409322885243, 2.6936218297059824, 2.8502027271234405, 3.0067836245408985, 3.1633645219583566, 3.3199454193758147, 3.4765263167932727], [0.464616687002664, 0.5843250055612162, 0.7040333241197685, 0.8237416426783207, 0.943449961236873, 1.063158279795425, 1.1828665983539774, 1.3025749169125298, 1.422283235471082, 1.541991554029634, 1.6616998725881866, 1.7814081911467388, 1.901116509705291, 2.020824828263843, 2.1405331468223956, 2.2602414653809477, 2.3799497839395, 2.499658102498052, 2.6193664210566046, 2.7390747396151567]], "calibration_local_y": [[0.02695142388743656, 0.010654838464196714, 0.025031081462625178, 0.015588501846096673, 0.015736204697879085, 0.017764134449491837, 0.01895805207479471, 0.01321911846865145, 0.005938518221507148, 0.0064122884328143125, 0.005816889913768535, 0.006763003284939917, 0.014732986350760379, 0.027255223869129586, 0.04432020414899886, 0.038335924998639234, 0.14417830280228144, 0.19725956472224332, 0.22131149562773222, 0.24718984210526312], [0.01233524532359483, 0.013803657282539092, 0.011479906242608072, 0.014664473592901744, 0.014959838648259682, 0.011892743380071406, 0.0071939163550378965, 0.006063679120869704, 0.005989605113493462, 0.0060175932390903785, 0.008394872630311533, 0.01354032920347823, 0.0352975594563965, 0.03341888024435517, 0.07592363477400187, 0.07191419351267055, 0.09019502536270342, 0.06856141977141408, 0.1462205432445449, 0.14476352631578948]], "elpd": [-1.4205228691830039, -1.0516369040972728], "expected_improvement": [null, null], "actual_improvement": [null, [[0.06529898364211384]]], "mse": [0.9999775279569078, 0.4727725111751726], "nmse": [1.0193362353364632, 0.48192498155081903], "y_regret_pool": [0.10392094347921743, 0.10392094347921743, 0.10392094347921743, 0.04558983918915849, 0.04558983918915849, 0.04558983918915849, 0.04558983918915849, 0.04558983918915849, 0.04558983918915849, 0.04558983918915849, 0.04558983918915849, 0.04558983918915849, 0.04558983918915849, 0.04558983918915849, 0.04558983918915849, 0.030061422347436473, 0.030061422347436473, 0.030061422347436473, 0.030061422347436473, 0.030061422347436473, 0.016523828177729794, 0.016523828177729794, 0.016523828177729794, 0.016523828177729794, 0.016523828177729794, 0.016523828177729794, 0.016523828177729794, 0.016523828177729794, 0.016523828177729794, 0.016523828177729794, 0.016523828177729794, 0.016523828177729794, 0.016523828177729794, 0.016523828177729794, 0.016523828177729794, 0.016523828177729794, 0.016523828177729794, 0.016523828177729794, 0.008958702024070453, 0.008958702024070453, 0.008958702024070453, 0.008958702024070453, 0.008958702024070453, 0.008958702024070453, 0.008958702024070453, 0.008958702024070453, 0.008958702024070453, 0.008958702024070453, 0.008958702024070453, 0.008958702024070453, 0.008958702024070453, 0.008958702024070453, 0.008958702024070453, 0.008958702024070453, 0.008958702024070453, 0.008958702024070453, 0.008958702024070453, 0.008958702024070453, 0.008958702024070453, 0.008958702024070453, 0.008958702024070453, 0.008958702024070453, 0.008958702024070453, 0.008958702024070453, 0.008958702024070453, 0.008958702024070453, 0.008958702024070453, 0.008958702024070453, 0.008958702024070453, 0.008958702024070453, 0.008958702024070453, 0.008958702024070453, 0.008958702024070453, 0.008958702024070453, 0.008958702024070453, 0.008958702024070453, 0.008958702024070453, 0.008958702024070453, 0.008958702024070453, 0.008958702024070453, 0.008958702024070453, 0.008958702024070453, 0.008958702024070453, 0.008958702024070453, 0.008958702024070453, 0.008958702024070453, 0.008958702024070453, 0.008958702024070453, 0.008958702024070453, 0.008958702024070453, 0.008958702024070453, 0.008958702024070453, 0.008958702024070453, 0.008958702024070453, 0.008958702024070453, 0.008958702024070453, 0.008958702024070453, 0.008958702024070453, 0.008958702024070453, 0.008958702024070453, 0.008958702024070453], "y_regret_test": [0.10849983562485344, 0.10849983562485344, 0.10849983562485344, 0.05016873133479449, 0.05016873133479449, 0.05016873133479449, 0.05016873133479449, 0.05016873133479449, 0.05016873133479449, 0.05016873133479449, 0.05016873133479449, 0.05016873133479449, 0.05016873133479449, 0.05016873133479449, 0.05016873133479449, 0.03464031449307248, 0.03464031449307248, 0.03464031449307248, 0.03464031449307248, 0.03464031449307248, 0.021102720323365798, 0.021102720323365798, 0.021102720323365798, 0.021102720323365798, 0.021102720323365798, 0.021102720323365798, 0.021102720323365798, 0.021102720323365798, 0.021102720323365798, 0.021102720323365798, 0.021102720323365798, 0.021102720323365798, 0.021102720323365798, 0.021102720323365798, 0.021102720323365798, 0.021102720323365798, 0.021102720323365798, 0.021102720323365798, 0.013537594169706457, 0.013537594169706457, 0.013537594169706457, 0.013537594169706457, 0.013537594169706457, 0.013537594169706457, 0.013537594169706457, 0.013537594169706457, 0.013537594169706457, 0.013537594169706457, 0.013537594169706457, 0.013537594169706457, 0.013537594169706457, 0.013537594169706457, 0.013537594169706457, 0.013537594169706457, 0.013537594169706457, 0.013537594169706457, 0.013537594169706457, 0.013537594169706457, 0.013537594169706457, 0.013537594169706457, 0.013537594169706457, 0.013537594169706457, 0.013537594169706457, 0.013537594169706457, 0.013537594169706457, 0.013537594169706457, 0.013537594169706457, 0.013537594169706457, 0.013537594169706457, 0.013537594169706457, 0.013537594169706457, 0.013537594169706457, 0.013537594169706457, 0.013537594169706457, 0.013537594169706457, 0.013537594169706457, 0.013537594169706457, 0.013537594169706457, 0.013537594169706457, 0.013537594169706457, 0.013537594169706457, 0.013537594169706457, 0.013537594169706457, 0.013537594169706457, 0.013537594169706457, 0.013537594169706457, 0.013537594169706457, 0.013537594169706457, 0.013537594169706457, 0.013537594169706457, 0.013537594169706457, 0.013537594169706457, 0.013537594169706457, 0.013537594169706457, 0.013537594169706457, 0.013537594169706457, 0.013537594169706457, 0.013537594169706457, 0.013537594169706457, 0.013537594169706457, 0.013537594169706457], "f_regret_pool": [], "f_regret_test": [],