{"p_array": [0.001, 0.053526315789473686, 0.10605263157894737, 0.15857894736842104, 0.21110526315789474, 0.26363157894736844, 0.3161578947368421, 0.3686842105263158, 0.4212105263157895, 0.4737368421052632, 0.5262631578947369, 0.5787894736842105, 0.6313157894736842, 0.6838421052631579, 0.7363684210526316, 0.7888947368421053, 0.841421052631579, 0.8939473684210526, 0.9464736842105264, 0.999], "mean_sharpness": [-0.27966715940112724, -0.27092476933862236], "sharpness_error_true_minus_model": [], "posterior_variance": [0.11078974226950537, 0.12011780900479695], "bias_mse": [], "bias_nmse": [], "f_calibration": [], "f_calibration_mse": [], "f_calibration_nmse": [], "y_calibration": [[0.051600001752376556, 0.17960000038146973, 0.22579999268054962, 0.25380000472068787, 0.28279998898506165, 0.30219998955726624, 0.32499998807907104, 0.34279999136924744, 0.36320000886917114, 0.38420000672340393, 0.40059998631477356, 0.4205999970436096, 0.44119998812675476, 0.46540001034736633, 0.490200012922287, 0.5189999938011169, 0.5504000186920166, 0.593999981880188, 0.6478000283241272, 0.8478000164031982], [0.018200000748038292, 0.16740000247955322, 0.25920000672340393, 0.3147999942302704, 0.36399999260902405, 0.4041999876499176, 0.43560001254081726, 0.4618000090122223, 0.4844000041484833, 0.5034000277519226, 0.5271999835968018, 0.5479999780654907, 0.5666000247001648, 0.590399980545044, 0.6128000020980835, 0.6406000256538391, 0.6741999983787537, 0.7098000049591064, 0.7537999749183655, 0.8862000107765198]], "y_calibration_mse": [0.03027332714610999, 0.014745864392849611], "y_calibration_nmse": [0.33000051966291, 0.16074027440173366], "calibration_local_dist_to_nearest_train_sample": [[0.5186325294769967, 0.6914723781905316, 0.8643122269040667, 1.0371520756176018, 1.2099919243311366, 1.3828317730446718, 1.555671621758207, 1.7285114704717417, 1.901351319185277, 2.0741911678988116, 2.247031016612347, 2.419870865325882, 2.5927107140394168, 2.765550562752952, 2.9383904114664867, 3.111230260180022, 3.284070108893557, 3.456909957607092, 3.629749806320627, 3.8025896550341622], [0.5186325294769965, 0.6914723781905315, 0.8643122269040666, 1.0371520756176016, 1.2099919243311366, 1.3828317730446718, 1.5556716217582067, 1.7285114704717417, 1.9013513191852767, 2.0741911678988116, 2.247031016612347, 2.419870865325882, 2.5927107140394168, 2.765550562752952, 2.9383904114664867, 3.111230260180022, 3.284070108893557, 3.456909957607092, 3.629749806320627, 3.8025896550341622]], "calibration_local_y": [[0.014893641778264136, 0.004224052828470498, 0.015038937845976066, 0.015868469753537316, 0.016527732754778722, 0.018814297823726817, 0.02057749168509012, 0.02127303976055362, 0.029551912731408607, 0.03610712327307417, 0.04800426188814821, 0.06923135654766598, 0.11430839305012327, 0.13346666173165794, 0.19450565942606607, 0.24449448999044449, 0.2351842705592105, 0.1824809268063765, 0.16707960700305866, 0.12112668421052633], [0.016873146280452795, 0.01732766202595533, 0.03194269113120947, 0.03251158020404852, 0.03077648580800285, 0.03461364783083676, 0.03341760075342828, 0.023980639166874554, 0.03157015687440735, 0.04231346108924543, 0.05475221763596853, 0.07035130692622538, 0.11770799151863212, 0.11838112266527219, 0.13449919435831229, 0.11724463111871367, 0.12552300861719495, 0.09811921101203296, 0.08367668421052629, 0.10274247368421055]], "next_sample_train_distance": [[0.6955934467726413]], "elpd": [-3.1249849017989377, -2.139209020222457], "expected_improvement": [null, null], "actual_improvement": [null, [[0.013303188877880956]]], "mse": [0.6716893012351827, 0.5439727592329715], "nmse": [0.6762248549995233, 0.5476459124174884], "y_regret_pool": [0.03176880926061121, 0.0], "y_regret_test": [0.03335724972364207, 0.0015884404630308602], "f_regret_pool": [], "f_regret_test": [], "x_y_opt_dist_pool": [1.62937110082692, 0.0], "x_f_opt_dist_pool": [], "x_y_opt_dist_test": [2.1962544581183128, 2.149238670989752], "x_f_opt_dist_test": [], "uct_calibration": [0.2964689680094573, 0.2444123762151542], "uct_sharpness": [0.3456921093386523, 0.3788265524948247]}