{"p_array": [0.001, 0.053526315789473686, 0.10605263157894737, 0.15857894736842104, 0.21110526315789474, 0.26363157894736844, 0.3161578947368421, 0.3686842105263158, 0.4212105263157895, 0.4737368421052632, 0.5262631578947369, 0.5787894736842105, 0.6313157894736842, 0.6838421052631579, 0.7363684210526316, 0.7888947368421053, 0.841421052631579, 0.8939473684210526, 0.9464736842105264, 0.999], "mean_sharpness": [-0.6326212715586389, -0.44216077245791313], "sharpness_error_true_minus_model": [], "posterior_variance": [0.23834087883915686, 0.1496028329688387], "bias_mse": [], "bias_nmse": [], "f_calibration": [], "f_calibration_mse": [], "f_calibration_nmse": [], "y_calibration": [[0.06080000102519989, 0.22660000622272491, 0.3003999888896942, 0.3555999994277954, 0.41019999980926514, 0.4618000090122223, 0.5067999958992004, 0.5475999712944031, 0.5809999704360962, 0.6132000088691711, 0.6398000121116638, 0.6654000282287598, 0.6890000104904175, 0.7099999785423279, 0.7319999933242798, 0.7552000284194946, 0.7789999842643738, 0.796999990940094, 0.8208000063896179, 0.921999990940094], [0.002400000113993883, 0.023800000548362732, 0.04800000041723251, 0.07959999889135361, 0.11460000276565552, 0.15919999778270721, 0.21359999477863312, 0.28299999237060547, 0.3492000102996826, 0.428600013256073, 0.5174000263214111, 0.5996000170707703, 0.6693999767303467, 0.7332000136375427, 0.775600016117096, 0.8047999739646912, 0.8334000110626221, 0.8697999715805054, 0.909600019454956, 0.9854000210762024]], "y_calibration_mse": [0.01814711295843518, 0.00320888848447861], "y_calibration_nmse": [0.19781627165597634, 0.03497913732136106], "calibration_local_dist_to_nearest_train_sample": [[0.500644532059779, 0.6588144097790954, 0.8169842874984119, 0.9751541652177285, 1.133324042937045, 1.2914939206563614, 1.449663798375678, 1.6078336760949945, 1.766003553814311, 1.9241734315336276, 2.082343309252944, 2.2405131869722608, 2.398683064691577, 2.5568529424108934, 2.7150228201302102, 2.8731926978495266, 3.031362575568843, 3.1895324532881597, 3.347702331007476, 3.505872208726793], [0.4290496089329341, 0.5156245635254058, 0.6021995181178773, 0.688774472710349, 0.7753494273028206, 0.8619243818952922, 0.9484993364877639, 1.0350742910802355, 1.1216492456727072, 1.2082242002651788, 1.2947991548576505, 1.381374109450122, 1.4679490640425936, 1.5545240186350653, 1.641098973227537, 1.7276739278200086, 1.8142488824124803, 1.900823837004952, 1.9873987915974236, 2.0739737461898953]], "calibration_local_y": [[0.02044580855259616, 0.010118813622513875, 0.01278431814012696, 0.012631818043791343, 0.01829212696634267, 0.023841531108576508, 0.035047356274386376, 0.032573373088758614, 0.024656282592952262, 0.027891271232982646, 0.014408727157294918, 0.019025822210386355, 0.012198283541232749, 0.01019939036536596, 0.028586077790506426, 0.038695215667410174, 0.019569421417680394, 0.024326537353018634, 0.09962229413145576, 0.1504624719947953], [0.011330194695723684, 0.00996875748777562, 0.006934734609418567, 0.00552758850791356, 0.0038930315723815535, 0.0022684616126082925, 0.003806799171267169, 0.0028864772138049045, 0.0034210068771054806, 0.004170353347883032, 0.008770144638947229, 0.009196867984944927, 0.005181578898944078, 0.013446842335752284, 0.003215964213930301, 0.023979315586989104, 0.07151698026315789, 0.007928762123904717, 0.1536951035921103, 0.1447635263157895]], "elpd": [-2.231256330679967, -0.4784354198797806], "expected_improvement": [null, null], "actual_improvement": [null, [[0.28831043887336616]]], "mse": [0.6344508943808272, 0.16159508863605324], "nmse": [0.6192561093478655, 0.15772496621057616], "y_regret_pool": [0.10303946982635881, 0.10303946982635881, 0.10303946982635881, 0.10303946982635881, 0.10303946982635881, 0.047418163784169076, 0.047418163784169076, 0.047418163784169076, 0.047418163784169076, 0.047418163784169076, 0.047418163784169076, 0.047418163784169076, 0.047418163784169076, 0.047418163784169076, 0.047418163784169076, 0.047418163784169076, 0.047418163784169076, 0.047418163784169076, 0.047418163784169076, 0.047418163784169076, 0.047418163784169076, 0.047418163784169076, 0.047418163784169076, 0.047418163784169076, 0.047418163784169076, 0.047418163784169076, 0.047418163784169076, 0.047418163784169076, 0.047418163784169076, 0.047418163784169076, 0.047418163784169076, 0.047418163784169076, 0.047418163784169076, 0.047418163784169076, 0.047418163784169076, 0.047418163784169076, 0.047418163784169076, 0.047418163784169076, 0.047418163784169076, 0.047418163784169076, 0.047418163784169076, 0.047418163784169076, 0.047418163784169076, 0.047418163784169076, 0.047418163784169076, 0.047418163784169076, 0.047418163784169076, 0.047418163784169076, 0.047418163784169076, 0.047418163784169076, 0.047418163784169076, 0.047418163784169076, 0.047418163784169076, 0.047418163784169076, 0.047418163784169076, 0.047418163784169076, 0.047418163784169076, 0.047418163784169076, 0.047418163784169076, 0.047418163784169076, 0.047418163784169076, 0.047418163784169076, 0.047418163784169076, 0.047418163784169076, 0.047418163784169076, 0.047418163784169076, 0.047418163784169076, 0.047418163784169076, 0.047418163784169076, 0.047418163784169076, 0.047418163784169076, 0.047418163784169076, 0.047418163784169076, 0.047418163784169076, 0.047418163784169076, 0.047418163784169076, 0.047418163784169076, 0.047418163784169076, 0.047418163784169076, 0.047418163784169076, 0.047418163784169076, 0.047418163784169076, 0.047418163784169076, 0.047418163784169076, 0.047418163784169076, 0.047418163784169076, 0.047418163784169076, 0.047418163784169076, 0.047418163784169076, 0.047418163784169076, 0.047418163784169076, 0.047418163784169076, 0.047418163784169076, 0.047418163784169076, 0.047418163784169076, 0.047418163784169076, 0.047418163784169076, 0.047418163784169076, 0.047418163784169076, 0.047418163784169076, 0.047418163784169076],