{"p_array": [0.001, 0.053526315789473686, 0.10605263157894737, 0.15857894736842104, 0.21110526315789474, 0.26363157894736844, 0.3161578947368421, 0.3686842105263158, 0.4212105263157895, 0.4737368421052632, 0.5262631578947369, 0.5787894736842105, 0.6313157894736842, 0.6838421052631579, 0.7363684210526316, 0.7888947368421053, 0.841421052631579, 0.8939473684210526, 0.9464736842105264, 0.999], "mean_sharpness": [-1.4174843416951313, -0.648617136593447, -0.648617136593447], "sharpness_error_true_minus_model": [], "posterior_variance": [0.9970958422296045, 0.21615581434628106, 0.21615581434628106], "bias_mse": [], "bias_nmse": [], "f_calibration": [], "f_calibration_mse": [], "f_calibration_nmse": [], "y_calibration": [[0.0, 0.0, 0.2865999937057495, 0.42719998955726624, 0.48980000615119934, 0.5249999761581421, 0.5508000254631042, 0.5699999928474426, 0.5893999934196472, 0.6075999736785889, 0.6248000264167786, 0.6413999795913696, 0.6600000262260437, 0.6773999929428101, 0.7016000151634216, 0.7319999933242798, 0.7851999998092651, 1.0, 1.0, 1.0], [0.0, 0.020999999716877937, 0.06419999897480011, 0.11940000206232071, 0.17440000176429749, 0.2362000048160553, 0.29019999504089355, 0.3531999886035919, 0.4068000018596649, 0.46239998936653137, 0.5217999815940857, 0.5726000070571899, 0.6291999816894531, 0.6836000084877014, 0.7365999817848206, 0.7815999984741211, 0.8321999907493591, 0.8672000169754028, 0.9106000065803528, 0.9958000183105469], [0.0, 0.020999999716877937, 0.06419999897480011, 0.11940000206232071, 0.17440000176429749, 0.2362000048160553, 0.29019999504089355, 0.3531999886035919, 0.4068000018596649, 0.46239998936653137, 0.5217999815940857, 0.5726000070571899, 0.6291999816894531, 0.6836000084877014, 0.7365999817848206, 0.7815999984741211, 0.8321999907493591, 0.8672000169754028, 0.9106000065803528, 0.9958000183105469]], "y_calibration_mse": [0.02158053260637069, 0.0004954381697318707, 0.0004954381697318707], "y_calibration_nmse": [0.23524295629394665, 0.005400623878679513, 0.005400623878679513], "calibration_local_dist_to_nearest_train_sample": [[0.500644532059779, 0.6588144097790954, 0.8169842874984119, 0.9751541652177285, 1.133324042937045, 1.2914939206563614, 1.449663798375678, 1.6078336760949945, 1.766003553814311, 1.9241734315336276, 2.082343309252944, 2.2405131869722608, 2.398683064691577, 2.5568529424108934, 2.7150228201302102, 2.8731926978495266, 3.031362575568843, 3.1895324532881597, 3.347702331007476, 3.505872208726793], [0.4360461486273456, 0.5296176429142287, 0.6231891372011118, 0.716760631487995, 0.8103321257748781, 0.9039036200617612, 0.9974751143486443, 1.0910466086355275, 1.1846181029224105, 1.2781895972092938, 1.3717610914961769, 1.46533258578306, 1.5589040800699432, 1.6524755743568262, 1.7460470686437095, 1.8396185629305926, 1.9331900572174756, 2.026761551504359, 2.120333045791242, 2.213904540078125], [0.4360461486273456, 0.5296176429142287, 0.6231891372011118, 0.716760631487995, 0.8103321257748781, 0.9039036200617612, 0.9974751143486443, 1.0910466086355275, 1.1846181029224105, 1.2781895972092938, 1.3717610914961769, 1.46533258578306, 1.5589040800699432, 1.6524755743568262, 1.7460470686437095, 1.8396185629305926, 1.9331900572174756, 2.026761551504359, 2.120333045791242, 2.213904540078125]], "calibration_local_y": [[0.014104617545748663, 0.02008067730757542, 0.01596067338872706, 0.008302806791082886, 0.017883397770035503, 0.027008388434264553, 0.031044240786687622, 0.026287414952021908, 0.028894960379558566, 0.028136407962931504, 0.01945897992761579, 0.029025145565738632, 0.015304823607457002, 0.018808919165370162, 0.01812522867869683, 0.024765416492241392, 0.017746788679540226, 0.011091533801947856, 0.02894802796238808, 0.015026682216437364], [0.0022054034552177948, 0.0040916076062640395, 0.0018608548614615684, 0.001984636826361884, 0.0019186941602760445, 0.0007062611110471693, 0.0006812898018786455, 0.0005769975287429036, 0.0013106344099707823, 0.001290721822400443, 0.004414452049513104, 0.003936959929367758, 0.0009814384269359031, 0.011608473749108337, 0.004627677351230602, 0.00823838064947094, 0.06707931578947367, 0.14398194736842104, NaN, 0.08173194736842104], [0.0022054034552177948, 0.0040916076062640395, 0.0018608548614615684, 0.001984636826361884, 0.0019186941602760445, 0.0007062611110471693, 0.0006812898018786455, 0.0005769975287429036, 0.0013106344099707823, 0.001290721822400443, 0.004414452049513104, 0.003936959929367758, 0.0009814384269359031, 0.011608473749108337, 0.004627677351230602, 0.00823838064947094, 0.06707931578947367, 0.14398194736842104, NaN, 0.08173194736842104]], "elpd": [-1.4903688323760933, -0.669641392801803, -0.669641392801803], "expected_improvement": [null, null, null], "actual_improvement": [null, null, null], "mse": [1.1424414874716229, 0.22900712244588362, 0.22900712244588362], "nmse": [1.1150805790567808, 0.2235225151620082, 0.2235225151620082], "y_regret_pool": [0.10303946982635881, 0.10303946982635881, 0.10303946982635881, 0.10303946982635881, 0.10303946982635881, 0.10303946982635881, 0.10303946982635881, 0.10303946982635881, 0.10303946982635881, 0.10303946982635881, 0.10303946982635881, 0.10303946982635881, 0.10303946982635881, 0.06542506142372684, 0.0316121091894459, 0.0316121091894459, 0.0316121091894459, 0.0316121091894459, 0.01240475170725075, 0.01240475170725075, 0.01240475170725075, 0.01240475170725075, 0.01240475170725075, 0.01240475170725075, 0.01240475170725075, 0.01240475170725075, 0.01240475170725075, 0.01240475170725075, 0.01240475170725075, 0.01240475170725075, 0.01240475170725075, 0.01240475170725075, 0.01240475170725075, 0.01240475170725075, 0.01240475170725075, 0.01240475170725075, 0.01240475170725075, 0.01240475170725075, 0.01240475170725075, 0.01240475170725075, 0.01240475170725075, 0.01240475170725075, 0.01240475170725075, 0.01240475170725075, 0.01240475170725075, 0.01240475170725075, 0.01240475170725075, 0.01240475170725075, 0.01240475170725075, 0.01240475170725075, 0.01240475170725075, 0.01240475170725075, 0.01240475170725075, 0.01240475170725075, 0.01240475170725075, 0.01240475170725075, 0.01240475170725075, 0.01240475170725075, 0.01240475170725075, 0.01240475170725075, 0.01240475170725075, 0.01240475170725075, 0.01240475170725075, 0.01240475170725075, 0.01240475170725075, 0.01240475170725075, 0.01240475170725075, 0.01240475170725075, 0.01240475170725075, 0.01240475170725075, 0.01240475170725075, 0.01240475170725075, 0.01240475170725075, 0.01240475170725075, 0.01240475170725075, 0.01240475170725075, 0.01240475170725075, 0.01240475170725075, 0.01240475170725075, 0.01240475170725075, 0.01240475170725075, 0.01240475170725075, 0.01240475170725075, 0.01240475170725075, 0.01240475170725075, 0.01240475170725075, 0.01240475170725075, 0.01240475170725075, 0.01240475170725075, 0.01240475170725075, 0.01240475170725075, 0.01240475170725075, 0.01240475170725075, 0.01240475170725075, 0.01240475170725075, 0.01240475170725075, 0.01240475170725075, 0.01240475170725075, 0.01240475170725075, 0.01240475170725075, 0.01240475170725075, 0.01240475170725075],