{"p_array": [0.001, 0.053526315789473686, 0.10605263157894737, 0.15857894736842104, 0.21110526315789474, 0.26363157894736844, 0.3161578947368421, 0.3686842105263158, 0.4212105263157895, 0.4737368421052632, 0.5262631578947369, 0.5787894736842105, 0.6313157894736842, 0.6838421052631579, 0.7363684210526316, 0.7888947368421053, 0.841421052631579, 0.8939473684210526, 0.9464736842105264, 0.999], "mean_sharpness": [-0.6404524948545816, 0.07551403318307144], "sharpness_error_true_minus_model": [], "posterior_variance": [0.24346164419831032, 0.05827267731824728], "bias_mse": [], "bias_nmse": [], "f_calibration": [], "f_calibration_mse": [], "f_calibration_nmse": [], "y_calibration": [[0.018799999728798866, 0.052000001072883606, 0.10300000011920929, 0.17260000109672546, 0.25459998846054077, 0.32019999623298645, 0.37560001015663147, 0.4228000044822693, 0.4586000144481659, 0.48500001430511475, 0.5058000087738037, 0.5212000012397766, 0.5350000262260437, 0.5509999990463257, 0.5662000179290771, 0.5852000117301941, 0.6061999797821045, 0.6313999891281128, 0.6601999998092651, 0.7842000126838684], [0.2078000009059906, 0.34940001368522644, 0.40139999985694885, 0.44359999895095825, 0.4867999851703644, 0.5284000039100647, 0.5703999996185303, 0.6068000197410583, 0.6431999802589417, 0.6650000214576721, 0.6866000294685364, 0.7026000022888184, 0.7196000218391418, 0.7350000143051147, 0.7486000061035156, 0.7653999924659729, 0.7832000255584717, 0.8032000064849854, 0.8274000287055969, 0.901199996471405]], "y_calibration_mse": [0.018353158716445148, 0.036980075951668176], "y_calibration_nmse": [0.2000623150753025, 0.40310879020089724], "calibration_local_dist_to_nearest_train_sample": [[0.4929206881397449, 0.6395164532955675, 0.7861122184513901, 0.9327079836072127, 1.0793037487630355, 1.225899513918858, 1.3724952790746805, 1.5190910442305032, 1.665686809386326, 1.8122825745421485, 1.958878339697971, 2.1054741048537937, 2.2520698700096164, 2.3986656351654387, 2.5452614003212615, 2.691857165477084, 2.838452930632907, 2.9850486957887297, 3.131644460944552, 3.2782402261003747], [0.4706572556060308, 0.5963701705029476, 0.7220830853998643, 0.8477960002967811, 0.973508915193698, 1.0992218300906147, 1.2249347449875314, 1.3506476598844483, 1.476360574781365, 1.602073489678282, 1.7277864045751987, 1.8534993194721154, 1.9792122343690324, 2.104925149265949, 2.230638064162866, 2.3563509790597825, 2.4820638939567, 2.6077768088536164, 2.733489723750533, 2.85920263864745]], "calibration_local_y": [[0.02379510553473172, 0.0523641062341195, 0.023788408044931663, 0.02881052266669095, 0.03297007127254926, 0.020540801643081617, 0.017430914283342057, 0.01599563152166631, 0.012762558632591578, 0.013363600089896833, 0.018138871470369418, 0.03482626312857935, 0.0598814210909982, 0.07766829135759032, 0.12152130720207266, 0.12665039321296917, 0.15223807864930583, 0.23794194627456994, 0.2079982618206802, 0.2918372105263158], [0.06016885493248545, 0.05024717576985558, 0.05629957986127306, 0.06108466537601935, 0.0633821279490752, 0.07629847553654642, 0.059480680045367364, 0.06189737266361327, 0.05937617942772988, 0.05941101621893872, 0.038162525891780194, 0.03180981375905878, 0.027110631974382182, 0.012278895117421033, 0.009124793616503153, 0.0029783175056566037, 0.000972459073910105, 0.0023460474185417767, 0.009975992396767563, 0.010530948469735377]], "elpd": [-3.7577921669505887, -5.389969631853055], "expected_improvement": [null, null], "actual_improvement": [null, [[0.07393476290600232]]], "mse": [0.9182909132580426, 0.3698030582902164], "nmse": [0.9287462453901731, 0.37401350374065], "y_regret_pool": [0.04133986743131279, 0.04133986743131279, 0.0, 0.0, 0.0, 0.0, 0.0, 0.0, 0.0, 0.0, 0.0, 0.0, 0.0, 0.0, 0.0, 0.0, 0.0, 0.0, 0.0, 0.0, 0.0, 0.0, 0.0, 0.0, 0.0, 0.0, 0.0, 0.0, 0.0, 0.0, 0.0, 0.0, 0.0, 0.0, 0.0, 0.0, 0.0, 0.0, 0.0, 0.0, 0.0, 0.0, 0.0, 0.0, 0.0, 0.0, 0.0, 0.0, 0.0, 0.0, 0.0, 0.0, 0.0, 0.0, 0.0, 0.0, 0.0, 0.0, 0.0, 0.0, 0.0, 0.0, 0.0, 0.0, 0.0, 0.0, 0.0, 0.0, 0.0, 0.0, 0.0, 0.0, 0.0, 0.0, 0.0, 0.0, 0.0, 0.0, 0.0, 0.0, 0.0, 0.0, 0.0, 0.0, 0.0, 0.0, 0.0, 0.0, 0.0, 0.0, 0.0, 0.0, 0.0, 0.0, 0.0, 0.0, 0.0, 0.0, 0.0, 0.0, 0.0], "y_regret_test": [0.039352373804807605, 0.039352373804807605, 0.001987493626505188, 0.001987493626505188, 0.001987493626505188, 0.001987493626505188, 0.001987493626505188, 0.001987493626505188, 0.001987493626505188, 0.001987493626505188, 0.001987493626505188, 0.001987493626505188, 0.001987493626505188, 0.001987493626505188, 0.001987493626505188, 0.001987493626505188, 0.001987493626505188, 0.001987493626505188, 0.001987493626505188, 0.001987493626505188, 0.001987493626505188, 0.001987493626505188, 0.001987493626505188, 0.001987493626505188, 0.001987493626505188, 0.001987493626505188, 0.001987493626505188, 0.001987493626505188, 0.001987493626505188, 0.001987493626505188, 0.001987493626505188, 0.001987493626505188, 0.001987493626505188, 0.001987493626505188, 0.001987493626505188, 0.001987493626505188, 0.001987493626505188, 0.001987493626505188, 0.001987493626505188, 0.001987493626505188, 0.001987493626505188, 0.001987493626505188, 0.001987493626505188, 0.001987493626505188, 0.001987493626505188, 0.001987493626505188, 0.001987493626505188, 0.001987493626505188, 0.001987493626505188, 0.001987493626505188, 0.001987493626505188, 0.001987493626505188, 0.001987493626505188, 0.001987493626505188, 0.001987493626505188, 0.001987493626505188, 0.001987493626505188, 0.001987493626505188, 0.001987493626505188, 0.001987493626505188, 0.001987493626505188, 0.001987493626505188, 0.001987493626505188, 0.001987493626505188, 0.001987493626505188, 0.001987493626505188, 0.001987493626505188, 0.001987493626505188, 0.001987493626505188, 0.001987493626505188, 0.001987493626505188, 0.001987493626505188, 0.001987493626505188, 0.001987493626505188, 0.001987493626505188, 0.001987493626505188, 0.001987493626505188, 0.001987493626505188, 0.001987493626505188, 0.001987493626505188, 0.001987493626505188, 0.001987493626505188, 0.001987493626505188, 0.001987493626505188, 0.001987493626505188, 0.001987493626505188, 0.001987493626505188, 0.001987493626505188, 0.001987493626505188, 0.001987493626505188, 0.001987493626505188, 0.001987493626505188, 0.001987493626505188, 0.001987493626505188, 0.001987493626505188, 0.001987493626505188, 0.001987493626505188, 0.001987493626505188, 0.001987493626505188, 0.001987493626505188, 0.001987493626505188], "f_regret_pool": [], "f_regret_test": [], "x_y_opt_dist_pool": [1.9646848288219636, 1.9646848288219636, 1.9646848288219636, 0.0, 0.0, 0.0, 0.0, 0.0, 0.0, 0.0, 0.0, 0.0, 0.0, 0.0, 0.0, 0.0, 0.0, 0.0, 0.0, 0.0, 0.0, 0.0, 0.0, 0.0, 0.0, 0.0, 0.0, 0.0, 0.0, 0.0, 0.0, 0.0, 0.0, 0.0, 0.0, 0.0, 0.0, 0.0, 0.0, 0.0, 0.0, 0.0, 0.0, 0.0, 0.0, 0.0, 0.0, 0.0, 0.0, 0.0, 0.0, 0.0, 0.0, 0.0, 0.0, 0.0, 0.0, 0.0, 0.0, 0.0, 0.0, 0.0, 0.0, 0.0, 0.0, 0.0, 0.0, 0.0, 0.0, 0.0, 0.0, 0.0, 0.0, 0.0, 0.0, 0.0, 0.0, 0.0, 0.0, 0.0, 0.0, 0.0, 0.0, 0.0, 0.0, 0.0, 0.0, 0.0, 0.0, 0.0, 0.0, 0.0, 0.0, 0.0, 0.0, 0.0, 0.0, 0.0, 0.0, 0.0, 0.0, 0.0, 0.0], "x_f_opt_dist_pool": [],