{"p_array": [0.001, 0.053526315789473686, 0.10605263157894737, 0.15857894736842104, 0.21110526315789474, 0.26363157894736844, 0.3161578947368421, 0.3686842105263158, 0.4212105263157895, 0.4737368421052632, 0.5262631578947369, 0.5787894736842105, 0.6313157894736842, 0.6838421052631579, 0.7363684210526316, 0.7888947368421053, 0.841421052631579, 0.8939473684210526, 0.9464736842105264, 0.999], "mean_sharpness": [-0.7247814592615032, -0.37019501385245773, -0.37019501385245773], "sharpness_error_true_minus_model": [], "posterior_variance": [0.29136085273976187, 0.13020375921382912, 0.13020375921382912], "bias_mse": [], "bias_nmse": [], "f_calibration": [], "f_calibration_mse": [], "f_calibration_nmse": [], "y_calibration": [[0.021800000220537186, 0.16120000183582306, 0.22120000422000885, 0.2849999964237213, 0.34060001373291016, 0.3984000086784363, 0.4408000111579895, 0.48260000348091125, 0.515999972820282, 0.5397999882698059, 0.5568000078201294, 0.5699999928474426, 0.5848000049591064, 0.604200005531311, 0.6277999877929688, 0.6502000093460083, 0.6823999881744385, 0.7120000123977661, 0.7590000033378601, 0.9017999768257141], [0.009600000455975533, 0.0421999990940094, 0.07240000367164612, 0.10580000281333923, 0.14079999923706055, 0.1858000010251999, 0.23160000145435333, 0.29280000925064087, 0.36739999055862427, 0.4602000117301941, 0.5663999915122986, 0.6618000268936157, 0.730400025844574, 0.7692000269889832, 0.7993999719619751, 0.8302000164985657, 0.8561999797821045, 0.8858000040054321, 0.9151999950408936, 0.9807999730110168], [0.009600000455975533, 0.0421999990940094, 0.07240000367164612, 0.10580000281333923, 0.14079999923706055, 0.1858000010251999, 0.23160000145435333, 0.29280000925064087, 0.36739999055862427, 0.4602000117301941, 0.5663999915122986, 0.6618000268936157, 0.730400025844574, 0.7692000269889832, 0.7993999719619751, 0.8302000164985657, 0.8561999797821045, 0.8858000040054321, 0.9151999950408936, 0.9807999730110168]], "y_calibration_mse": [0.013079357937316474, 0.003199338838352947, 0.003199338838352947], "y_calibration_nmse": [0.14257418404459246, 0.03487503947414209, 0.03487503947414209], "calibration_local_dist_to_nearest_train_sample": [[0.49433791044584213, 0.6416179168603461, 0.7888979232748501, 0.936177929689354, 1.0834579361038579, 1.230737942518362, 1.3780179489328659, 1.5252979553473698, 1.6725779617618737, 1.8198579681763776, 1.9671379745908817, 2.114417981005386, 2.2616979874198897, 2.4089779938343936, 2.5562580002488975, 2.7035380066634014, 2.8508180130779053, 2.998098019492409, 3.145378025906913, 3.2926580323214174], [0.428968808086634, 0.5157291119577013, 0.6024894158287687, 0.6892497196998361, 0.7760100235709034, 0.8627703274419707, 0.949530631313038, 1.0362909351841054, 1.1230512390551728, 1.2098115429262402, 1.2965718467973075, 1.383332150668375, 1.4700924545394423, 1.5568527584105096, 1.643613062281577, 1.7303733661526444, 1.8171336700237117, 1.903893973894779, 1.9906542777658465, 2.077414581636914], [0.428968808086634, 0.5157291119577013, 0.6024894158287687, 0.6892497196998361, 0.7760100235709034, 0.8627703274419707, 0.949530631313038, 1.0362909351841054, 1.1230512390551728, 1.2098115429262402, 1.2965718467973075, 1.383332150668375, 1.4700924545394423, 1.5568527584105096, 1.643613062281577, 1.7303733661526444, 1.8171336700237117, 1.903893973894779, 1.9906542777658465, 2.077414581636914]], "calibration_local_y": [[0.011879688202747183, 0.02163142146295481, 0.03788883995171031, 0.02564746012638263, 0.020986030086888405, 0.021810349527995827, 0.02304044989150998, 0.0197999812989025, 0.017334611999034997, 0.01651766341288679, 0.011997613318941416, 0.014478523817974187, 0.00911157912830671, 0.012416793058691214, 0.009082762095960258, 0.0065294421238436765, 0.008267417436060838, 0.004036976726759174, 0.012837368890080372, 0.02682129358264974], [0.007349023766962333, 0.007472897021295737, 0.005588067345841064, 0.039874055258418514, 0.0032825616094752895, 0.003188371627271337, 0.0043327289754577815, 0.0032650467901211345, 0.004821033327352567, 0.002238499694884966, 0.0060758078464348405, 0.0043278749747334136, 0.0017200792518167133, 0.00321272242473349, 0.007445540678083062, 0.023276575890453267, 0.01282194028705251, 0.051553657894736836, 0.08173194736842106, 0.0896108947368421], [0.007349023766962333, 0.007472897021295737, 0.005588067345841064, 0.039874055258418514, 0.0032825616094752895, 0.003188371627271337, 0.0043327289754577815, 0.0032650467901211345, 0.004821033327352567, 0.002238499694884966, 0.0060758078464348405, 0.0043278749747334136, 0.0017200792518167133, 0.00321272242473349, 0.007445540678083062, 0.023276575890453267, 0.01282194028705251, 0.051553657894736836, 0.08173194736842106, 0.0896108947368421]], "elpd": [-2.1695299385363986, -0.4907432566186228, -0.4907432566186228], "expected_improvement": [null, null, null], "actual_improvement": [null, null, null], "mse": [0.640574008842469, 0.1618044625941017, 0.1618044625941017], "nmse": [0.6442824725407208, 0.16274119428702455, 0.16274119428702455], "y_regret_pool": [0.217520724863708, 0.217520724863708, 0.217520724863708, 0.059521580167251065, 0.059521580167251065, 0.059521580167251065, 0.059521580167251065, 0.059521580167251065, 0.059521580167251065, 0.059521580167251065, 0.059521580167251065, 0.059521580167251065, 0.059521580167251065, 0.059521580167251065, 0.059521580167251065, 0.059521580167251065, 0.059521580167251065, 0.059521580167251065, 0.059521580167251065, 0.059521580167251065, 0.059521580167251065, 0.059521580167251065, 0.059521580167251065, 0.059521580167251065, 0.059521580167251065, 0.059521580167251065, 0.059521580167251065, 0.059521580167251065, 0.059521580167251065, 0.05358919676187712, 0.05358919676187712, 0.05358919676187712, 0.05358919676187712, 0.05358919676187712, 0.05358919676187712, 0.05358919676187712, 0.05358919676187712, 0.05358919676187712, 0.05358919676187712, 0.05358919676187712, 0.05358919676187712, 0.05358919676187712, 0.05358919676187712, 0.05358919676187712, 0.05358919676187712, 0.05358919676187712, 0.05358919676187712, 0.05358919676187712, 0.05358919676187712, 0.05358919676187712, 0.05358919676187712, 0.05358919676187712, 0.05358919676187712, 0.05358919676187712, 0.05358919676187712, 0.05358919676187712, 0.05358919676187712, 0.05358919676187712, 0.05358919676187712, 0.05358919676187712, 0.05358919676187712, 0.05358919676187712, 0.05358919676187712, 0.05358919676187712, 0.05358919676187712, 0.05358919676187712, 0.05358919676187712, 0.05358919676187712, 0.05358919676187712, 0.05358919676187712, 0.05358919676187712, 0.05358919676187712, 0.05358919676187712, 0.05358919676187712, 0.05358919676187712, 0.05358919676187712, 0.05358919676187712, 0.05358919676187712, 0.05358919676187712, 0.05358919676187712, 0.05358919676187712, 0.05358919676187712, 0.05358919676187712, 0.05358919676187712, 0.05358919676187712, 0.05358919676187712, 0.05358919676187712, 0.05358919676187712, 0.05358919676187712, 0.043504144972741576, 0.043504144972741576, 0.043504144972741576, 0.043504144972741576, 0.043504144972741576, 0.043504144972741576, 0.043504144972741576, 0.043504144972741576, 0.043504144972741576, 0.043504144972741576, 0.043504144972741576, 0.043504144972741576, 0.043504144972741576],