{"p_array": [0.001, 0.053526315789473686, 0.10605263157894737, 0.15857894736842104, 0.21110526315789474, 0.26363157894736844, 0.3161578947368421, 0.3686842105263158, 0.4212105263157895, 0.4737368421052632, 0.5262631578947369, 0.5787894736842105, 0.6313157894736842, 0.6838421052631579, 0.7363684210526316, 0.7888947368421053, 0.841421052631579, 0.8939473684210526, 0.9464736842105264, 0.999], "mean_sharpness": [-1.005693953893098, -0.6670564519095457], "sharpness_error_true_minus_model": [], "posterior_variance": [0.4653002868955797, 0.2739470052395527], "bias_mse": [], "bias_nmse": [], "f_calibration": [], "f_calibration_mse": [], "f_calibration_nmse": [], "y_calibration": [[0.0012000000569969416, 0.186599999666214, 0.3294000029563904, 0.42640000581741333, 0.4846000075340271, 0.5185999870300293, 0.5432000160217285, 0.5622000098228455, 0.578000009059906, 0.5952000021934509, 0.6100000143051147, 0.6226000189781189, 0.6358000040054321, 0.647599995136261, 0.6661999821662903, 0.7021999955177307, 0.753000020980835, 0.8335999846458435, 0.9121999740600586, 0.9909999966621399], [0.0, 0.002400000113993883, 0.01979999989271164, 0.03840000182390213, 0.0551999993622303, 0.07919999957084656, 0.11999999731779099, 0.19539999961853027, 0.3102000057697296, 0.3928000032901764, 0.4551999866962433, 0.4959999918937683, 0.5317999720573425, 0.5622000098228455, 0.592199981212616, 0.6338000297546387, 0.7235999703407288, 0.7860000133514404, 0.8518000245094299, 0.9757999777793884]], "y_calibration_mse": [0.02214324962141246, 0.014333862961380428], "y_calibration_nmse": [0.2413769668204641, 0.15624916954792958], "calibration_local_dist_to_nearest_train_sample": [[0.5034046110189745, 0.6631495549223997, 0.8228944988258249, 0.98263944272925, 1.142384386632675, 1.3021293305361001, 1.4618742744395254, 1.6216192183429505, 1.7813641622463756, 1.9411091061498007, 2.100854050053226, 2.260598993956651, 2.4203439378600766, 2.5800888817635013, 2.739833825666927, 2.8995787695703514, 3.059323713473777, 3.2190686573772016, 3.378813601280627, 3.538558545184052], [0.473689651604702, 0.6037196360938548, 0.7337496205830075, 0.8637796050721602, 0.9938095895613129, 1.1238395740504656, 1.2538695585396185, 1.3838995430287713, 1.513929527517924, 1.6439595120070765, 1.7739894964962293, 1.904019480985382, 2.034049465474535, 2.1640794499636877, 2.29410943445284, 2.424139418941993, 2.5541694034311457, 2.6841993879202986, 2.814229372409451, 2.9442593568986037]], "calibration_local_y": [[0.027176156832707667, 0.003414374961670808, 0.012390447529377732, 0.025262422251013505, 0.029553182902635956, 0.022254494617882783, 0.03383864446848116, 0.028010518573188294, 0.03260430407154717, 0.024134373307543207, 0.022450119148348446, 0.020933979274897496, 0.020587680906292826, 0.01514691753053482, 0.015414333572400194, 0.01015630212630157, 0.010477937792545326, 0.021910506578167614, 0.03052207894736842, 0.10732258930464522], [0.042623018774207475, 0.03465284900891462, 0.02891352461778854, 0.01403847958751161, 0.007004549152233665, 0.0055285014321583845, 0.006760619435885717, 0.022756575504637333, 0.034074602601374585, 0.061271783578451866, 0.10256233436336523, 0.11054607834970123, 0.12345697262377084, 0.11156068174464084, 0.14068365423365795, 0.1821967675410474, 0.19427883297123827, 0.1658629044413464, 0.15756791098924167, 0.25701352631578944]], "elpd": [-1.5578251839466137, -0.8656855950031901], "expected_improvement": [null, null], "actual_improvement": [null, [[0.0966805639066235]]], "mse": [0.8505239550888393, 0.42171880390207095], "nmse": [0.8599439523414231, 0.4263895600287523], "y_regret_pool": [0.010208506747904522, 0.010208506747904522, 0.010208506747904522, 0.010208506747904522, 0.010208506747904522, 0.010208506747904522, 0.010208506747904522, 0.010208506747904522, 0.010208506747904522, 0.010208506747904522, 0.010208506747904522, 0.010208506747904522, 0.010208506747904522, 0.010208506747904522, 0.010208506747904522, 0.010208506747904522, 0.010208506747904522, 0.010208506747904522, 0.010208506747904522, 0.010208506747904522, 0.010208506747904522, 0.010208506747904522, 0.010208506747904522, 0.010208506747904522, 0.010208506747904522, 0.010208506747904522, 0.010208506747904522, 0.010208506747904522, 0.010208506747904522, 0.010208506747904522, 0.010208506747904522, 0.0048040031754847945, 0.0048040031754847945, 0.0048040031754847945, 0.0048040031754847945, 0.0048040031754847945, 0.0048040031754847945, 0.0048040031754847945, 0.0048040031754847945, 0.0048040031754847945, 0.002001667989785405, 0.002001667989785405, 0.002001667989785405, 0.002001667989785405, 0.002001667989785405, 0.002001667989785405, 0.002001667989785405, 0.002001667989785405, 0.002001667989785405, 0.002001667989785405, 0.002001667989785405, 0.002001667989785405, 0.002001667989785405, 0.002001667989785405, 0.002001667989785405, 0.002001667989785405, 0.002001667989785405, 0.002001667989785405, 0.002001667989785405, 0.002001667989785405, 0.002001667989785405, 0.002001667989785405, 0.002001667989785405, 0.002001667989785405, 0.0, 0.0, 0.0, 0.0, 0.0, 0.0, 0.0, 0.0, 0.0, 0.0, 0.0, 0.0, 0.0, 0.0, 0.0, 0.0, 0.0, 0.0, 0.0, 0.0, 0.0, 0.0, 0.0, 0.0, 0.0, 0.0, 0.0, 0.0, 0.0, 0.0, 0.0, 0.0, 0.0, 0.0, 0.0, 0.0, 0.0], "y_regret_test": [0.014412009526453495, 0.014412009526453495, 0.014412009526453495, 0.014412009526453495, 0.014412009526453495, 0.014412009526453495, 0.014412009526453495, 0.014412009526453495, 0.014412009526453495, 0.014412009526453495, 0.014412009526453495, 0.014412009526453495, 0.014412009526453495, 0.014412009526453495, 0.014412009526453495, 0.014412009526453495, 0.014412009526453495, 0.014412009526453495, 0.014412009526453495, 0.014412009526453495, 0.014412009526453495, 0.014412009526453495, 0.014412009526453495, 0.014412009526453495, 0.014412009526453495, 0.014412009526453495, 0.014412009526453495, 0.014412009526453495, 0.014412009526453495, 0.014412009526453495, 0.014412009526453495, 0.009007505954033768, 0.009007505954033768, 0.009007505954033768, 0.009007505954033768, 0.009007505954033768, 0.009007505954033768, 0.009007505954033768, 0.009007505954033768, 0.009007505954033768, 0.006205170768334378, 0.006205170768334378, 0.006205170768334378, 0.006205170768334378, 0.006205170768334378, 0.006205170768334378, 0.006205170768334378, 0.006205170768334378, 0.006205170768334378, 0.006205170768334378, 0.006205170768334378, 0.006205170768334378, 0.006205170768334378, 0.006205170768334378, 0.006205170768334378, 0.006205170768334378, 0.006205170768334378, 0.006205170768334378, 0.006205170768334378, 0.006205170768334378, 0.006205170768334378, 0.006205170768334378, 0.006205170768334378, 0.006205170768334378, 0.004203502778548973, 0.004203502778548973, 0.004203502778548973, 0.004203502778548973, 0.004203502778548973, 0.004203502778548973, 0.004203502778548973, 0.004203502778548973, 0.004203502778548973, 0.004203502778548973, 0.004203502778548973, 0.004203502778548973, 0.004203502778548973, 0.004203502778548973, 0.004203502778548973, 0.004203502778548973, 0.004203502778548973, 0.004203502778548973, 0.004203502778548973, 0.004203502778548973, 0.004203502778548973, 0.004203502778548973, 0.004203502778548973, 0.004203502778548973, 0.004203502778548973, 0.004203502778548973, 0.004203502778548973, 0.004203502778548973, 0.004203502778548973, 0.004203502778548973, 0.004203502778548973, 0.004203502778548973, 0.004203502778548973, 0.004203502778548973, 0.004203502778548973, 0.004203502778548973, 0.004203502778548973], "f_regret_pool": [], "f_regret_test": [],