{"p_array": [0.001, 0.053526315789473686, 0.10605263157894737, 0.15857894736842104, 0.21110526315789474, 0.26363157894736844, 0.3161578947368421, 0.3686842105263158, 0.4212105263157895, 0.4737368421052632, 0.5262631578947369, 0.5787894736842105, 0.6313157894736842, 0.6838421052631579, 0.7363684210526316, 0.7888947368421053, 0.841421052631579, 0.8939473684210526, 0.9464736842105264, 0.999], "mean_sharpness": [-0.9879900107802094, -0.6076913519184426], "sharpness_error_true_minus_model": [], "posterior_variance": [0.42236008582140544, 0.2367703980070178], "bias_mse": [], "bias_nmse": [], "f_calibration": [], "f_calibration_mse": [], "f_calibration_nmse": [], "y_calibration": [[0.0, 0.0, 0.052799999713897705, 0.23119999468326569, 0.3253999948501587, 0.38519999384880066, 0.42239999771118164, 0.45500001311302185, 0.4796000123023987, 0.49959999322891235, 0.5149999856948853, 0.5325999855995178, 0.550599992275238, 0.5666000247001648, 0.5831999778747559, 0.599399983882904, 0.6144000291824341, 0.6353999972343445, 0.6700000166893005, 1.0], [0.031599998474121094, 0.11500000208616257, 0.16899999976158142, 0.2264000028371811, 0.287200003862381, 0.34380000829696655, 0.40560001134872437, 0.4740000069141388, 0.5407999753952026, 0.5759999752044678, 0.6118000149726868, 0.6407999992370605, 0.6705999970436096, 0.7044000029563904, 0.7382000088691711, 0.7748000025749207, 0.8122000098228455, 0.8500000238418579, 0.8962000012397766, 0.977400004863739]], "y_calibration_mse": [0.016917390577633702, 0.004422725713889524], "y_calibration_nmse": [0.18441143436316682, 0.04821081531164301], "calibration_local_dist_to_nearest_train_sample": [[0.49685635761900515, 0.6476408845226915, 0.7984254114263778, 0.9492099383300642, 1.0999944652337506, 1.2507789921374368, 1.4015635190411233, 1.5523480459448096, 1.7031325728484958, 1.8539170997521823, 2.0047016266558684, 2.155486153559555, 2.3062706804632414, 2.4570552073669276, 2.6078397342706143, 2.7586242611743, 2.909408788077987, 3.0601933149816727, 3.2109778418853594, 3.3617623687890457], [0.47784957730548727, 0.6096273238956559, 0.7414050704858245, 0.8731828170759931, 1.0049605636661618, 1.1367383102563302, 1.268516056846499, 1.4002938034366674, 1.5320715500268363, 1.6638492966170046, 1.7956270432071735, 1.9274047897973419, 2.0591825363875107, 2.190960282977679, 2.322738029567848, 2.4545157761580163, 2.586293522748185, 2.7180712693383535, 2.849849015928522, 2.9816267625186907]], "calibration_local_y": [[0.04710097902747195, 0.029373615671084652, 0.008323688263508591, 0.0032473999960272366, 0.007439811578897222, 0.0112169201809508, 0.012599393822715129, 0.01295555228524728, 0.014873922109585946, 0.022345562739965803, 0.024491612830511777, 0.02258464215662651, 0.026780031420732965, 0.035186955835760356, 0.03138843109518821, 0.028132834334795485, 0.045917932952766013, 0.15062676727270394, 0.11119042573456459, 0.2918372105263158], [0.06577834746331292, 0.04504610954548248, 0.04316972040946012, 0.03975058453897436, 0.023101966006459175, 0.023471574361729915, 0.008856857078815799, 0.007917986293764185, 0.006199111045183111, 0.012780512180876788, 0.023711779040637666, 0.0169017294272167, 0.008440107032234554, 0.021622340868611832, 0.008208266618471504, 0.007463048098947778, 0.03710270649955745, 0.05983299997531115, 0.0896108947368421, 0.08173194736842106]], "elpd": [-1.8266156979148385, -1.229989548764275], "expected_improvement": [null, null], "actual_improvement": [null, [[0.35597547733754986]]], "mse": [1.1307641202018393, 0.49691777125671727], "nmse": [1.1068877215813242, 0.486425214430608], "y_regret_pool": [0.10695317329251108, 0.10695317329251108, 0.10695317329251108, 0.10695317329251108, 0.10695317329251108, 0.10695317329251108, 0.10695317329251108, 0.10695317329251108, 0.10695317329251108, 0.10695317329251108, 0.10695317329251108, 0.10695317329251108, 0.10695317329251108, 0.10695317329251108, 0.10695317329251108, 0.10695317329251108, 0.028092765968014577, 0.028092765968014577, 0.028092765968014577, 0.028092765968014577, 0.028092765968014577, 0.028092765968014577, 0.025082826757155674, 0.025082826757155674, 0.025082826757155674, 0.025082826757155674, 0.025082826757155674, 0.025082826757155674, 0.025082826757155674, 0.025082826757155674, 0.025082826757155674, 0.025082826757155674, 0.025082826757155674, 0.025082826757155674, 0.025082826757155674, 0.025082826757155674, 0.025082826757155674, 0.025082826757155674, 0.025082826757155674, 0.025082826757155674, 0.025082826757155674, 0.025082826757155674, 0.025082826757155674, 0.025082826757155674, 0.025082826757155674, 0.025082826757155674, 0.025082826757155674, 0.025082826757155674, 0.025082826757155674, 0.025082826757155674, 0.025082826757155674, 0.025082826757155674, 0.025082826757155674, 0.025082826757155674, 0.025082826757155674, 0.025082826757155674, 0.025082826757155674, 0.025082826757155674, 0.025082826757155674, 0.025082826757155674, 0.025082826757155674, 0.025082826757155674, 0.025082826757155674, 0.025082826757155674, 0.025082826757155674, 0.025082826757155674, 0.025082826757155674, 0.025082826757155674, 0.02086891186195361, 0.02086891186195361, 0.02086891186195361, 0.02086891186195361, 0.019664936177610226, 0.019664936177610226, 0.019664936177610226, 0.019664936177610226, 0.019664936177610226, 0.012039756843434724, 0.012039756843434724, 0.012039756843434724, 0.012039756843434724, 0.012039756843434724, 0.012039756843434724, 0.012039756843434724, 0.012039756843434724, 0.012039756843434724, 0.012039756843434724, 0.012039756843434724, 0.012039756843434724, 0.012039756843434724, 0.012039756843434724, 0.0052172279654887355, 0.0052172279654887355, 0.0052172279654887355, 0.0052172279654887355, 0.0052172279654887355, 0.0052172279654887355, 0.0052172279654887355, 0.0052172279654887355, 0.0052172279654887355, 0.0052172279654887355],