{"p_array": [0.001, 0.053526315789473686, 0.10605263157894737, 0.15857894736842104, 0.21110526315789474, 0.26363157894736844, 0.3161578947368421, 0.3686842105263158, 0.4212105263157895, 0.4737368421052632, 0.5262631578947369, 0.5787894736842105, 0.6313157894736842, 0.6838421052631579, 0.7363684210526316, 0.7888947368421053, 0.841421052631579, 0.8939473684210526, 0.9464736842105264, 0.999], "mean_sharpness": [1.8266581292492639, 2.010117414166664], "sharpness_error_true_minus_model": [], "posterior_variance": [0.0015719979095823455, 0.001085251985762088], "bias_mse": [], "bias_nmse": [], "f_calibration": [], "f_calibration_mse": [], "f_calibration_nmse": [], "y_calibration": [[0.5631999969482422, 0.5705999732017517, 0.5723999738693237, 0.573199987411499, 0.5752000212669373, 0.5756000280380249, 0.5759999752044678, 0.5766000151634216, 0.5767999887466431, 0.5767999887466431, 0.5776000022888184, 0.579200029373169, 0.5802000164985657, 0.5807999968528748, 0.5813999772071838, 0.5825999975204468, 0.5843999981880188, 0.5867999792098999, 0.5884000062942505, 0.5985999703407288], [0.5636000037193298, 0.5699999928474426, 0.5716000199317932, 0.5726000070571899, 0.5734000205993652, 0.5748000144958496, 0.5756000280380249, 0.5758000016212463, 0.5759999752044678, 0.5767999887466431, 0.5767999887466431, 0.5767999887466431, 0.5770000219345093, 0.5784000158309937, 0.5794000029563904, 0.5806000232696533, 0.5813999772071838, 0.5834000110626221, 0.5860000252723694, 0.5946000218391418]], "y_calibration_mse": [0.09398329511229589, 0.09432335178587431], "y_calibration_nmse": [1.0244838988791334, 1.0281907553622056], "calibration_local_dist_to_nearest_train_sample": [[0.49935063497275534, 0.6550331511386791, 0.810715667304603, 0.9663981834705268, 1.1220806996364505, 1.2777632158023744, 1.433445731968298, 1.589128248134222, 1.7448107643001458, 1.9004932804660695, 2.0561757966319933, 2.2118583127979172, 2.367540828963841, 2.5232233451297645, 2.6789058612956884, 2.8345883774616123, 2.990270893627536, 3.14595340979346, 3.3016359259593835, 3.4573184421253074], [0.422953096707061, 0.5022380746072904, 0.5815230525075199, 0.6608080304077493, 0.7400930083079786, 0.8193779862082081, 0.8986629641084376, 0.977947942008667, 1.0572329199088963, 1.1365178978091257, 1.2158028757093553, 1.2950878536095847, 1.374372831509814, 1.4536578094100436, 1.532942787310273, 1.6122277652105024, 1.6915127431107317, 1.7707977210109611, 1.8500826989111907, 1.92936767681142]], "calibration_local_y": [[0.10748092118491699, 0.20838307260843894, 0.09605628615707291, 0.12813817731529625, 0.11689879486000261, 0.10902746379254871, 0.09919915160089035, 0.09658275450155675, 0.0933945571903427, 0.09116016896763261, 0.0918081907080985, 0.09384795815922031, 0.09293489566462812, 0.09143657624174908, 0.09088166944400533, 0.10905248781065462, 0.11320924414594921, 0.08397216034196557, 0.09284832150497216, 0.0968392507344317], [0.10647955738219946, 0.09293806688454619, NaN, 0.12718583593680163, 0.1186658128006796, 0.10007142398452606, 0.1113556386006653, 0.11011751256315308, 0.1079681471387092, 0.09130838909379504, 0.09731583100902604, 0.09247717261708208, 0.0923080372808978, 0.10568665714783558, 0.13058609575124108, 0.16005614441012864, 0.14111992068882018, 0.14788522680173624, 0.17336986237111895, 0.3417372105263158]], "elpd": [-333.08635963413593, -481.4804029988833], "expected_improvement": [null, null], "actual_improvement": [null, [[0.4541902350321054]]], "mse": [1.0106795809462754, 1.0105121668659933], "nmse": [1.000996863732302, 1.000831053546298], "y_regret_pool": [0.19900914891866106, 0.19900914891866106, 0.19900914891866106, 0.19900914891866106, 0.19900914891866106, 0.19900914891866106, 0.19900914891866106, 0.1316028242849212, 0.033903776378279904, 0.033903776378279904, 0.033903776378279904, 0.033903776378279904, 0.033903776378279904, 0.033903776378279904, 0.033903776378279904, 0.033903776378279904, 0.033903776378279904, 0.033903776378279904, 0.033903776378279904, 0.033903776378279904, 0.033903776378279904, 0.033903776378279904, 0.033903776378279904, 0.033903776378279904, 0.033903776378279904, 0.033903776378279904, 0.033903776378279904, 0.033903776378279904, 0.033903776378279904, 0.033903776378279904, 0.033903776378279904, 0.033903776378279904, 0.033903776378279904, 0.033903776378279904, 0.033903776378279904, 0.033903776378279904, 0.033903776378279904, 0.033903776378279904, 0.033903776378279904, 0.033903776378279904, 0.033903776378279904, 0.033903776378279904, 0.033903776378279904, 0.033903776378279904, 0.033903776378279904, 0.033903776378279904, 0.01925894989535437, 0.01925894989535437, 0.01925894989535437, 0.01925894989535437, 0.01925894989535437, 0.01925894989535437, 0.01925894989535437, 0.01925894989535437, 0.01925894989535437, 0.01925894989535437, 0.01925894989535437, 0.01925894989535437, 0.01925894989535437, 0.01925894989535437, 0.01925894989535437, 0.01925894989535437, 0.01925894989535437, 0.01925894989535437, 0.01925894989535437, 0.01925894989535437, 0.01925894989535437, 0.01925894989535437, 0.01925894989535437, 0.01925894989535437, 0.01925894989535437, 0.01925894989535437, 0.01925894989535437, 0.01925894989535437, 0.01925894989535437, 0.01925894989535437, 0.01925894989535437, 0.01925894989535437, 0.01925894989535437, 0.01925894989535437, 0.01925894989535437, 0.01925894989535437, 0.01925894989535437, 0.01925894989535437, 0.01925894989535437, 0.01925894989535437, 0.01925894989535437, 0.01925894989535437, 0.01925894989535437, 0.01925894989535437, 0.01925894989535437, 0.01925894989535437, 0.01925894989535437, 0.01925894989535437, 0.01925894989535437, 0.01925894989535437, 0.01925894989535437, 0.01925894989535437, 0.01925894989535437, 0.01925894989535437, 0.01925894989535437], "y_regret_test": [0.20221897390122023, 0.20221897390122023, 0.20221897390122023, 0.20221897390122023, 0.20221897390122023, 0.20221897390122023, 0.20221897390122023, 0.13481264926748038, 0.03711360136083908, 0.03711360136083908, 0.03711360136083908, 0.03711360136083908, 0.03711360136083908, 0.03711360136083908, 0.03711360136083908, 0.03711360136083908, 0.03711360136083908, 0.03711360136083908, 0.03711360136083908, 0.03711360136083908, 0.03711360136083908, 0.03711360136083908, 0.03711360136083908, 0.03711360136083908, 0.03711360136083908, 0.03711360136083908, 0.03711360136083908, 0.03711360136083908, 0.03711360136083908, 0.03711360136083908, 0.03711360136083908, 0.03711360136083908, 0.03711360136083908, 0.03711360136083908, 0.03711360136083908, 0.03711360136083908, 0.03711360136083908, 0.03711360136083908, 0.03711360136083908, 0.03711360136083908, 0.03711360136083908, 0.03711360136083908, 0.03711360136083908, 0.03711360136083908, 0.03711360136083908, 0.03711360136083908, 0.022468774877913544, 0.022468774877913544, 0.022468774877913544, 0.022468774877913544, 0.022468774877913544, 0.022468774877913544, 0.022468774877913544, 0.022468774877913544, 0.022468774877913544, 0.022468774877913544, 0.022468774877913544, 0.022468774877913544, 0.022468774877913544, 0.022468774877913544, 0.022468774877913544, 0.022468774877913544, 0.022468774877913544, 0.022468774877913544, 0.022468774877913544, 0.022468774877913544, 0.022468774877913544, 0.022468774877913544, 0.022468774877913544, 0.022468774877913544, 0.022468774877913544, 0.022468774877913544, 0.022468774877913544, 0.022468774877913544, 0.022468774877913544, 0.022468774877913544, 0.022468774877913544, 0.022468774877913544, 0.022468774877913544, 0.022468774877913544, 0.022468774877913544, 0.022468774877913544, 0.022468774877913544, 0.022468774877913544, 0.022468774877913544, 0.022468774877913544, 0.022468774877913544, 0.022468774877913544, 0.022468774877913544, 0.022468774877913544, 0.022468774877913544, 0.022468774877913544, 0.022468774877913544, 0.022468774877913544, 0.022468774877913544, 0.022468774877913544, 0.022468774877913544, 0.022468774877913544, 0.022468774877913544, 0.022468774877913544, 0.022468774877913544], "f_regret_pool": [], "f_regret_test": [],