{"p_array": [0.001, 0.053526315789473686, 0.10605263157894737, 0.15857894736842104, 0.21110526315789474, 0.26363157894736844, 0.3161578947368421, 0.3686842105263158, 0.4212105263157895, 0.4737368421052632, 0.5262631578947369, 0.5787894736842105, 0.6313157894736842, 0.6838421052631579, 0.7363684210526316, 0.7888947368421053, 0.841421052631579, 0.8939473684210526, 0.9464736842105264, 0.999], "mean_sharpness": [-0.2716368201600928, 0.017408715155475384], "sharpness_error_true_minus_model": [], "posterior_variance": [0.11679900452078538, 0.0664331285904112], "bias_mse": [], "bias_nmse": [], "f_calibration": [], "f_calibration_mse": [], "f_calibration_nmse": [], "y_calibration": [[0.20579999685287476, 0.3662000000476837, 0.41339999437332153, 0.4447999894618988, 0.4715999960899353, 0.4943999946117401, 0.5131999850273132, 0.5320000052452087, 0.5514000058174133, 0.5694000124931335, 0.5863999724388123, 0.6082000136375427, 0.6259999871253967, 0.6453999876976013, 0.6672000288963318, 0.6905999779701233, 0.7164000272750854, 0.7432000041007996, 0.7865999937057495, 0.8996000289916992], [0.2985999882221222, 0.4887999892234802, 0.5479999780654907, 0.5916000008583069, 0.628000020980835, 0.6571999788284302, 0.6898000240325928, 0.7148000001907349, 0.7437999844551086, 0.7667999863624573, 0.7907999753952026, 0.8046000003814697, 0.8155999779701233, 0.8270000219345093, 0.8389999866485596, 0.8492000102996826, 0.8628000020980835, 0.8733999729156494, 0.890999972820282, 0.942799985408783]], "y_calibration_mse": [0.031151563734872555, 0.08178077251366242], "y_calibration_nmse": [0.33957391505747164, 0.8914678356194702], "calibration_local_dist_to_nearest_train_sample": [[0.5182002032062423, 0.6872734658020533, 0.8563467283978643, 1.0254199909936754, 1.1944932535894865, 1.3635665161852975, 1.5326397787811086, 1.7017130413769197, 1.8707863039727308, 2.039859566568542, 2.208932829164353, 2.378006091760164, 2.547079354355975, 2.716152616951786, 2.8852258795475976, 3.0542991421434085, 3.2233724047392194, 3.3924456673350303, 3.561518929930841, 3.7305921925266525], [0.5153302025682993, 0.6841849129742271, 0.8530396233801549, 1.0218943337860826, 1.1907490441920103, 1.3596037545979383, 1.528458465003866, 1.6973131754097937, 1.8661678858157214, 2.035022596221649, 2.203877306627577, 2.372732017033505, 2.5415867274394324, 2.7104414378453603, 2.8792961482512878, 3.0481508586572157, 3.2170055690631436, 3.385860279469071, 3.554714989874999, 3.7235697002809265]], "calibration_local_y": [[0.005542848957524774, 0.008949079959705042, 0.01198651101261186, 0.02080216642793536, 0.043360564338173806, 0.042077119728686205, 0.04829750024056724, 0.04960325594645354, 0.04748199528916819, 0.03908005266089143, 0.03310085643701236, 0.028346325225402553, 0.026518804023215974, 0.02537472013132395, 0.04746752091659486, 0.07797381816757379, 0.038286354374343655, 0.10316572071535927, 0.05973984210526316, 0.2918372105263158], [0.030475061537940783, 0.029224790152204038, 0.05772457401551366, 0.07008300605655818, 0.08196043153795937, 0.09438600173827456, 0.08690997999428852, 0.08863590822003159, 0.08861723341982977, 0.08335194625666673, 0.09393517292290972, 0.099688268085653, 0.11180485905821809, 0.15033098131630956, 0.1388720211367263, 0.13342212960091313, 0.10867341461524656, 0.15731476527299873, NaN, 0.20779510526315786]], "elpd": [-4.34027635348294, -5.637561549177468], "expected_improvement": [null, null], "actual_improvement": [null, [[0.027073830831053636]]], "mse": [0.644187579018709, 0.6106691576573751], "nmse": [0.6441524143186158, 0.6106358226498639], "y_regret_pool": [0.06509663736584193, 0.06509663736584193, 0.06509663736584193, 0.06509663736584193, 0.06509663736584193, 0.06509663736584193, 0.06509663736584193, 0.06509663736584193, 0.06509663736584193, 0.04897178223852339, 0.04897178223852339, 0.04897178223852339, 0.04897178223852339, 0.04897178223852339, 0.019509083981200437, 0.019509083981200437, 0.018314650268065558, 0.018314650268065558, 0.018314650268065558, 0.004180517995971522, 0.004180517995971522, 0.004180517995971522, 0.004180517995971522, 0.004180517995971522, 0.004180517995971522, 0.004180517995971522, 0.004180517995971522, 0.004180517995971522, 0.004180517995971522, 0.004180517995971522, 0.004180517995971522, 0.004180517995971522, 0.004180517995971522, 0.004180517995971522, 0.004180517995971522, 0.004180517995971522, 0.004180517995971522, 0.004180517995971522, 0.004180517995971522, 0.004180517995971522, 0.004180517995971522, 0.004180517995971522, 0.004180517995971522, 0.004180517995971522, 0.004180517995971522, 0.0, 0.0, 0.0, 0.0, 0.0, 0.0, 0.0, 0.0, 0.0, 0.0, 0.0, 0.0, 0.0, 0.0, 0.0, 0.0, 0.0, 0.0, 0.0, 0.0, 0.0, 0.0, 0.0, 0.0, 0.0, 0.0, 0.0, 0.0, 0.0, 0.0, 0.0, 0.0, 0.0, 0.0, 0.0, 0.0, 0.0, 0.0, 0.0, 0.0, 0.0, 0.0, 0.0, 0.0, 0.0, 0.0, 0.0, 0.0, 0.0, 0.0, 0.0, 0.0, 0.0, 0.0, 0.0, 0.0], "y_regret_test": [0.06449942050927482, 0.06449942050927482, 0.06449942050927482, 0.06449942050927482, 0.06449942050927482, 0.06449942050927482, 0.06449942050927482, 0.06449942050927482, 0.06449942050927482, 0.04837456538195628, 0.04837456538195628, 0.04837456538195628, 0.04837456538195628, 0.04837456538195628, 0.01891186712463333, 0.01891186712463333, 0.01771743341149845, 0.01771743341149845, 0.01771743341149845, 0.0035833011394044156, 0.0035833011394044156, 0.0035833011394044156, 0.0035833011394044156, 0.0035833011394044156, 0.0035833011394044156, 0.0035833011394044156, 0.0035833011394044156, 0.0035833011394044156, 0.0035833011394044156, 0.0035833011394044156, 0.0035833011394044156, 0.0035833011394044156, 0.0035833011394044156, 0.0035833011394044156, 0.0035833011394044156, 0.0035833011394044156, 0.0035833011394044156, 0.0035833011394044156, 0.0035833011394044156, 0.0035833011394044156, 0.0035833011394044156, 0.0035833011394044156, 0.0035833011394044156, 0.0035833011394044156, 0.0035833011394044156, 0.0005972168565671065, 0.0005972168565671065, 0.0005972168565671065, 0.0005972168565671065, 0.0005972168565671065, 0.0005972168565671065, 0.0005972168565671065, 0.0005972168565671065, 0.0005972168565671065, 0.0005972168565671065, 0.0005972168565671065, 0.0005972168565671065, 0.0005972168565671065, 0.0005972168565671065, 0.0005972168565671065, 0.0005972168565671065, 0.0005972168565671065, 0.0005972168565671065, 0.0005972168565671065, 0.0005972168565671065, 0.0005972168565671065, 0.0005972168565671065, 0.0005972168565671065, 0.0005972168565671065, 0.0005972168565671065, 0.0005972168565671065, 0.0005972168565671065, 0.0005972168565671065, 0.0005972168565671065, 0.0005972168565671065, 0.0005972168565671065, 0.0005972168565671065, 0.0005972168565671065, 0.0005972168565671065, 0.0005972168565671065, 0.0005972168565671065, 0.0005972168565671065, 0.0005972168565671065, 0.0005972168565671065, 0.0005972168565671065, 0.0005972168565671065, 0.0005972168565671065, 0.0005972168565671065, 0.0005972168565671065, 0.0005972168565671065, 0.0005972168565671065, 0.0005972168565671065, 0.0005972168565671065, 0.0005972168565671065, 0.0005972168565671065, 0.0005972168565671065, 0.0005972168565671065, 0.0005972168565671065, 0.0005972168565671065, 0.0005972168565671065, 0.0005972168565671065], "f_regret_pool": [], "f_regret_test": [],