{"p_array": [0.001, 0.053526315789473686, 0.10605263157894737, 0.15857894736842104, 0.21110526315789474, 0.26363157894736844, 0.3161578947368421, 0.3686842105263158, 0.4212105263157895, 0.4737368421052632, 0.5262631578947369, 0.5787894736842105, 0.6313157894736842, 0.6838421052631579, 0.7363684210526316, 0.7888947368421053, 0.841421052631579, 0.8939473684210526, 0.9464736842105264, 0.999], "mean_sharpness": [0.9888552569457794, 1.1768410417640818, 1.181278928149637], "sharpness_error_true_minus_model": [], "posterior_variance": [0.008508029912572088, 0.005792664560590671, 0.005723095399160018], "bias_mse": [], "bias_nmse": [], "f_calibration": [], "f_calibration_mse": [], "f_calibration_nmse": [], "y_calibration": [[0.5422000288963318, 0.5644000172615051, 0.5680000185966492, 0.5722000002861023, 0.5756000280380249, 0.578000009059906, 0.5807999968528748, 0.5825999975204468, 0.5843999981880188, 0.5870000123977661, 0.5896000266075134, 0.5911999940872192, 0.5935999751091003, 0.5961999893188477, 0.5978000164031982, 0.5989999771118164, 0.6015999913215637, 0.6050000190734863, 0.6086000204086304, 0.6276000142097473], [0.5598000288009644, 0.5770000219345093, 0.5802000164985657, 0.5839999914169312, 0.5870000123977661, 0.5889999866485596, 0.592199981212616, 0.5935999751091003, 0.5956000089645386, 0.597599983215332, 0.5983999967575073, 0.5996000170707703, 0.6003999710083008, 0.6025999784469604, 0.6047999858856201, 0.6061999797821045, 0.6075999736785889, 0.6101999878883362, 0.6136000156402588, 0.6287999749183655], [0.5612000226974487, 0.5774000287055969, 0.5827999711036682, 0.5857999920845032, 0.5893999934196472, 0.5920000076293945, 0.5925999879837036, 0.5942000150680542, 0.5968000292778015, 0.5982000231742859, 0.599399983882904, 0.6000000238418579, 0.6014000177383423, 0.6029999852180481, 0.6050000190734863, 0.6065999865531921, 0.6082000136375427, 0.6105999946594238, 0.6132000088691711, 0.6294000148773193]], "y_calibration_mse": [0.08934687864627035, 0.09293504395950485, 0.09343391348436036], "y_calibration_nmse": [0.973943704344926, 1.013057225375797, 1.0184952534343503], "calibration_local_dist_to_nearest_train_sample": [[0.5034046110189745, 0.6631495549223997, 0.8228944988258249, 0.98263944272925, 1.142384386632675, 1.3021293305361001, 1.4618742744395254, 1.6216192183429505, 1.7813641622463756, 1.9411091061498007, 2.100854050053226, 2.260598993956651, 2.4203439378600766, 2.5800888817635013, 2.739833825666927, 2.8995787695703514, 3.059323713473777, 3.2190686573772016, 3.378813601280627, 3.538558545184052], [0.43719788008824245, 0.5307360930609356, 0.6242743060336288, 0.7178125190063219, 0.8113507319790151, 0.9048889449517082, 0.9984271579244014, 1.0919653708970944, 1.1855035838697878, 1.2790417968424808, 1.3725800098151741, 1.466118222787867, 1.5596564357605605, 1.6531946487332534, 1.7467328617059468, 1.8402710746786397, 1.933809287651333, 2.027347500624026, 2.1208857135967194, 2.2144239265694123], [0.43719788008824245, 0.5307360930609356, 0.6242743060336288, 0.7178125190063219, 0.8113507319790151, 0.9048889449517082, 0.9984271579244014, 1.0919653708970944, 1.1855035838697878, 1.2790417968424808, 1.3725800098151741, 1.466118222787867, 1.5596564357605605, 1.6531946487332534, 1.7467328617059468, 1.8402710746786397, 1.933809287651333, 2.027347500624026, 2.1208857135967194, 2.2144239265694123]], "calibration_local_y": [[0.10171300277086363, 0.061169459663703074, 0.08172402120246003, 0.09235527211684084, 0.09191153822469571, 0.09204242132209187, 0.1080943752099764, 0.09781277976720665, 0.10287871272958642, 0.0903215391526613, 0.08752384769931865, 0.08628361392473036, 0.08634975530926489, 0.08070862161179723, 0.07788281307228426, 0.07897771296082971, 0.08163219988745438, 0.1136511705666678, 0.12514189802631578, 0.3139927654205909], [0.098348264449873, 0.08069864405850183, 0.08655523158826298, 0.08512993260773451, 0.09875732019415065, 0.09128965101493278, 0.09733128400921637, 0.08925926915353496, 0.10694808965124052, 0.09347207486035389, 0.09973917500474486, 0.08508896517573686, 0.07826867160043736, 0.08621692297517401, 0.10998120577916363, 0.1043503580172191, 0.11951498499272453, 0.1542372105263158, 0.3417372105263158, 0.18075036842105266], [0.098348264449873, 0.08069635198860106, 0.0876305210371559, 0.08507041269823161, 0.09920995917612875, 0.0922169135277976, 0.09791016861337318, 0.08964987246675207, 0.10704050727464479, 0.09402529749009306, 0.09984725032580152, 0.08574364836161272, 0.07992477763696487, 0.08658048980330518, 0.10998120577916363, 0.10557509497251041, 0.11951498499272453, 0.1542372105263158, 0.3417372105263158, 0.20769510526315793]], "elpd": [-59.42306686697602, -90.82780462269935, -89.59369971508968], "expected_improvement": [null, null, null], "actual_improvement": [null, null, null], "mse": [0.9663675784278488, 0.9795027739234036, 0.9745896974243473], "nmse": [0.97707060434418, 0.9903512789937786, 0.985383787605117], "y_regret_pool": [0.010208506747904522, 0.010208506747904522, 0.010208506747904522, 0.010208506747904522, 0.010208506747904522, 0.010208506747904522, 0.010208506747904522, 0.010208506747904522, 0.010208506747904522, 0.010208506747904522, 0.010208506747904522, 0.010208506747904522, 0.010208506747904522, 0.010208506747904522, 0.010208506747904522, 0.010208506747904522, 0.010208506747904522, 0.010208506747904522, 0.010208506747904522, 0.010208506747904522, 0.010208506747904522, 0.010208506747904522, 0.010208506747904522, 0.010208506747904522, 0.010208506747904522, 0.010208506747904522, 0.010208506747904522, 0.010208506747904522, 0.010208506747904522, 0.010208506747904522, 0.010208506747904522, 0.010208506747904522, 0.010208506747904522, 0.010208506747904522, 0.010208506747904522, 0.010208506747904522, 0.010208506747904522, 0.010208506747904522, 0.010208506747904522, 0.010208506747904522, 0.010208506747904522, 0.010208506747904522, 0.010208506747904522, 0.010208506747904522, 0.010208506747904522, 0.010208506747904522, 0.010208506747904522, 0.010208506747904522, 0.010208506747904522, 0.010208506747904522, 0.010208506747904522, 0.010208506747904522, 0.010208506747904522, 0.010208506747904522, 0.010208506747904522, 0.010208506747904522, 0.010208506747904522, 0.010208506747904522, 0.010208506747904522, 0.010208506747904522, 0.010208506747904522, 0.010208506747904522, 0.010208506747904522, 0.010208506747904522, 0.010208506747904522, 0.010208506747904522, 0.010208506747904522, 0.010208506747904522, 0.010208506747904522, 0.010208506747904522, 0.010208506747904522, 0.010208506747904522, 0.010208506747904522, 0.010208506747904522, 0.010208506747904522, 0.010208506747904522, 0.010208506747904522, 0.010208506747904522, 0.010208506747904522, 0.010208506747904522, 0.010208506747904522, 0.010208506747904522, 0.010208506747904522, 0.010208506747904522, 0.010208506747904522, 0.010208506747904522, 0.010208506747904522, 0.010208506747904522, 0.010208506747904522, 0.010208506747904522, 0.010208506747904522, 0.010208506747904522, 0.010208506747904522, 0.010208506747904522, 0.010208506747904522, 0.010208506747904522, 0.010208506747904522, 0.010208506747904522, 0.010208506747904522, 0.010208506747904522, 0.010208506747904522, 0.010208506747904522],