{"p_array": [0.001, 0.053526315789473686, 0.10605263157894737, 0.15857894736842104, 0.21110526315789474, 0.26363157894736844, 0.3161578947368421, 0.3686842105263158, 0.4212105263157895, 0.4737368421052632, 0.5262631578947369, 0.5787894736842105, 0.6313157894736842, 0.6838421052631579, 0.7363684210526316, 0.7888947368421053, 0.841421052631579, 0.8939473684210526, 0.9464736842105264, 0.999], "mean_sharpness": [0.8338630994258729, 2.0967074093289897, 2.017834823174614], "sharpness_error_true_minus_model": [], "posterior_variance": [0.014091584571173207, 0.0009248285662731182, 0.0010742681420959409], "bias_mse": [], "bias_nmse": [], "f_calibration": [], "f_calibration_mse": [], "f_calibration_nmse": [], "y_calibration": [[0.5162000060081482, 0.5461999773979187, 0.5523999929428101, 0.5551999807357788, 0.5595999956130981, 0.5613999962806702, 0.5649999976158142, 0.5680000185966492, 0.5708000063896179, 0.5730000138282776, 0.5763999819755554, 0.5789999961853027, 0.58160001039505, 0.5852000117301941, 0.5884000062942505, 0.5911999940872192, 0.59579998254776, 0.6000000238418579, 0.6068000197410583, 0.6323999762535095], [0.5541999936103821, 0.5600000023841858, 0.5608000159263611, 0.5627999901771545, 0.5636000037193298, 0.5645999908447266, 0.5654000043869019, 0.5659999847412109, 0.5666000247001648, 0.5672000050544739, 0.5680000185966492, 0.5684000253677368, 0.5687999725341797, 0.5698000192642212, 0.571399986743927, 0.5723999738693237, 0.5727999806404114, 0.5745999813079834, 0.5758000016212463, 0.5824000239372253], [0.5526000261306763, 0.5590000152587891, 0.5605999827384949, 0.5622000098228455, 0.5630000233650208, 0.5640000104904175, 0.5648000240325928, 0.5659999847412109, 0.5666000247001648, 0.5672000050544739, 0.5680000185966492, 0.5685999989509583, 0.5691999793052673, 0.5703999996185303, 0.5717999935150146, 0.5723999738693237, 0.5738000273704529, 0.5748000144958496, 0.5766000151634216, 0.5843999981880188]], "y_calibration_mse": [0.08404443167018619, 0.09282208269616646, 0.09243361402568184], "y_calibration_nmse": [0.9161433096559781, 1.011825868299532, 1.0075912870619308], "calibration_local_dist_to_nearest_train_sample": [[0.5069666794009249, 0.6694584842080392, 0.8319502890151536, 0.994442093822268, 1.1569338986293825, 1.319425703436497, 1.4819175082436111, 1.6444093130507256, 1.80690111785784, 1.9693929226649545, 2.1318847274720687, 2.294376532279183, 2.4568683370862976, 2.619360141893412, 2.7818519467005265, 2.944343751507641, 3.1068355563147554, 3.26932736112187, 3.4318191659289843, 3.5943109707360987], [0.4355254907807391, 0.5281316620692509, 0.6207378333577627, 0.7133440046462745, 0.8059501759347862, 0.8985563472232981, 0.9911625185118099, 1.0837686898003218, 1.1763748610888336, 1.2689810323773454, 1.3615872036658572, 1.454193374954369, 1.5467995462428807, 1.6394057175313925, 1.7320118888199043, 1.824618060108416, 1.9172242313969279, 2.0098304026854397, 2.1024365739739515, 2.1950427452624632], [0.4355254907807391, 0.5281316620692509, 0.6207378333577627, 0.7133440046462745, 0.8059501759347862, 0.8985563472232981, 0.9911625185118099, 1.0837686898003218, 1.1763748610888336, 1.2689810323773454, 1.3615872036658572, 1.454193374954369, 1.5467995462428807, 1.6394057175313925, 1.7320118888199043, 1.824618060108416, 1.9172242313969279, 2.0098304026854397, 2.1024365739739515, 2.1950427452624632]], "calibration_local_y": [[0.1268934605263158, 0.07624449577767989, 0.08804437997829058, 0.08772428025424439, 0.1006525241263762, 0.10209801931859838, 0.1292547145442709, 0.10823054531848471, 0.11649964337705025, 0.09955185534385243, 0.08179010280286585, 0.0770524027449575, 0.07384128352828045, 0.09463458174088156, 0.12942885606668436, 0.21812297645606105, 0.33803859886670956, 0.33686721045560974, 0.3417372105263158, 0.3417372105263158], [0.08687151113351185, 0.0921372097633767, 0.0917300816248344, 0.09826911521947293, 0.0888989228810995, 0.09980529460726952, 0.09479532871896054, 0.09928813317169616, 0.10063896515139792, 0.08818270667143693, 0.09380007734619869, 0.09749004639216377, 0.08622575951438853, 0.09439856526367241, 0.08824632724356544, 0.11754372693055375, 0.1838054625311171, 0.3417372105263158, 0.23202569736842102, 0.3417372105263158], [0.08687151113351185, 0.0921372097633767, 0.0917300816248344, 0.09809956146043189, 0.08863421317655469, 0.09977371577623748, 0.09444353774741193, 0.09909705622236378, 0.10009767534365983, 0.08724095665737926, 0.0928703646059931, 0.09655707440265596, 0.08612796345171332, 0.09470607907044537, 0.08757751389871181, 0.11754372693055375, 0.1838054625311171, 0.3417372105263158, 0.23202569736842102, 0.3417372105263158]], "elpd": [-63.7161984485475, -571.7365901729062, -496.1170722105841], "expected_improvement": [null, null, null], "actual_improvement": [null, null, null], "mse": [0.9762852427490912, 1.008063284491398, 1.0079746845422728], "nmse": [0.9670219459906916, 0.9984984678306479, 0.9984107085452812], "y_regret_pool": [0.07383119172368935, 0.07383119172368935, 0.07383119172368935, 0.07383119172368935, 0.07383119172368935, 0.07383119172368935, 0.07383119172368935, 0.07383119172368935, 0.07383119172368935, 0.07383119172368935, 0.07383119172368935, 0.07383119172368935, 0.07383119172368935, 0.018854739821910105, 0.018854739821910105, 0.018854739821910105, 0.018854739821910105, 0.018854739821910105, 0.018854739821910105, 0.018854739821910105, 0.018854739821910105, 0.018854739821910105, 0.018854739821910105, 0.018854739821910105, 0.018854739821910105, 0.018854739821910105, 0.018854739821910105, 0.018854739821910105, 0.018854739821910105, 0.018854739821910105, 0.018854739821910105, 0.018854739821910105, 0.018854739821910105, 0.018854739821910105, 0.018854739821910105, 0.018854739821910105, 0.018854739821910105, 0.018854739821910105, 0.018854739821910105, 0.018854739821910105, 0.018854739821910105, 0.018854739821910105, 0.018854739821910105, 0.018854739821910105, 0.018854739821910105, 0.018854739821910105, 0.018854739821910105, 0.018854739821910105, 0.018854739821910105, 0.018854739821910105, 0.018854739821910105, 0.018854739821910105, 0.018854739821910105, 0.018854739821910105, 0.018854739821910105, 0.018854739821910105, 0.018854739821910105, 0.018854739821910105, 0.018854739821910105, 0.018854739821910105, 0.018854739821910105, 0.018854739821910105, 0.018854739821910105, 0.018854739821910105, 0.018854739821910105, 0.018854739821910105, 0.018854739821910105, 0.018854739821910105, 0.018854739821910105, 0.018854739821910105, 0.018854739821910105, 0.018854739821910105, 0.018854739821910105, 0.018854739821910105, 0.018854739821910105, 0.018854739821910105, 0.018854739821910105, 0.018854739821910105, 0.018854739821910105, 0.018854739821910105, 0.018854739821910105, 0.018854739821910105, 0.018854739821910105, 0.018854739821910105, 0.018854739821910105, 0.018854739821910105, 0.018854739821910105, 0.018854739821910105, 0.018854739821910105, 0.018854739821910105, 0.018854739821910105, 0.018854739821910105, 0.018854739821910105, 0.018854739821910105, 0.018854739821910105, 0.018854739821910105, 0.018854739821910105, 0.018854739821910105, 0.018854739821910105, 0.018854739821910105, 0.018854739821910105, 0.018854739821910105],