{"p_array": [0.001, 0.053526315789473686, 0.10605263157894737, 0.15857894736842104, 0.21110526315789474, 0.26363157894736844, 0.3161578947368421, 0.3686842105263158, 0.4212105263157895, 0.4737368421052632, 0.5262631578947369, 0.5787894736842105, 0.6313157894736842, 0.6838421052631579, 0.7363684210526316, 0.7888947368421053, 0.841421052631579, 0.8939473684210526, 0.9464736842105264, 0.999], "mean_sharpness": [0.3149899668671758, -0.3479223388000221], "sharpness_error_true_minus_model": [], "posterior_variance": [0.036437398168632285, 0.1433731957184055], "bias_mse": [], "bias_nmse": [], "f_calibration": [], "f_calibration_mse": [], "f_calibration_nmse": [], "y_calibration": [[0.28380000591278076, 0.37779998779296875, 0.4041999876499176, 0.4205999970436096, 0.4359999895095825, 0.4458000063896179, 0.45739999413490295, 0.46959999203681946, 0.4797999858856201, 0.4918000102043152, 0.503000020980835, 0.5157999992370605, 0.5267999768257141, 0.5392000079154968, 0.5555999875068665, 0.5722000002861023, 0.5911999940872192, 0.6191999912261963, 0.6547999978065491, 0.7807999849319458], [0.08720000088214874, 0.27619999647140503, 0.38040000200271606, 0.47119998931884766, 0.5360000133514404, 0.5875999927520752, 0.6276000142097473, 0.6728000044822693, 0.7008000016212463, 0.732200026512146, 0.7559999823570251, 0.7781999707221985, 0.796999990940094, 0.8126000165939331, 0.8303999900817871, 0.8510000109672546, 0.8736000061035156, 0.895799994468689, 0.9241999983787537, 0.9764000177383423]], "y_calibration_mse": [0.04235502480066738, 0.046314942084588], "y_calibration_nmse": [0.4616995062054714, 0.5048653847099708], "calibration_local_dist_to_nearest_train_sample": [[0.5071285340475428, 0.6677195702996999, 0.8283106065518568, 0.9889016428040138, 1.1494926790561708, 1.310083715308328, 1.470674751560485, 1.631265787812642, 1.791856824064799, 1.952447860316956, 2.113038896569113, 2.27362993282127, 2.4342209690734276, 2.5948120053255845, 2.7554030415777415, 2.9159940778298985, 3.0765851140820555, 3.2371761503342125, 3.3977671865863694, 3.5583582228385264], [0.49176223238404393, 0.6385690646981432, 0.7853758970122426, 0.9321827293263419, 1.0789895616404412, 1.2257963939545407, 1.3726032262686398, 1.5194100585827393, 1.6662168908968387, 1.8130237232109379, 1.9598305555250373, 2.106637387839137, 2.253444220153236, 2.4002510524673353, 2.5470578847814345, 2.6938647170955337, 2.840671549409633, 2.987478381723733, 3.134285214037832, 3.2810920463519313]], "calibration_local_y": [[0.015377562043618332, 0.026106599928441315, 0.043442883398556724, 0.03307181107695811, 0.04140860821263438, 0.04574089843085335, 0.05766003262244253, 0.04291630554481289, 0.05477589359328572, 0.04884844634159832, 0.04635642688876791, 0.04579473741128489, 0.04827552686778079, 0.06756474225771701, 0.06395172175505295, 0.07678481710576465, 0.14029953029216718, 0.21882714515327617, 0.2703180241070554, 0.3417372105263158], [0.027344359525693095, 0.03848055977679991, 0.04688223107684268, 0.06618749398399544, 0.06256881799009836, 0.05770811505831569, 0.0630734714902281, 0.05583701663852066, 0.05376442022392001, 0.04183361414554208, 0.05139404285657444, 0.032046545595439124, 0.03620414638998542, 0.045526373689154534, 0.030642614420774934, 0.04769119739936957, 0.020476281021968464, 0.024037611193347904, 0.08180628947368421, 0.15318165604948236]], "elpd": [-15.351845046996536, -1.8169966559637623], "expected_improvement": [null, null], "actual_improvement": [null, [[0.03952953696618988]]], "mse": [0.7585829762312732, 0.5005840151560234], "nmse": [0.752727445126503, 0.4967199879327137], "y_regret_pool": [0.12098434041167305, 0.12098434041167305, 0.12098434041167305, 0.12098434041167305, 0.12098434041167305, 0.12098434041167305, 0.07706263267146185, 0.07646370029318583, 0.07646370029318583, 0.04851352264032438, 0.04851352264032438, 0.04851352264032438, 0.04851352264032438, 0.04851352264032438, 0.04851352264032438, 0.04851352264032438, 0.04851352264032438, 0.04851352264032438, 0.04851352264032438, 0.04851352264032438, 0.04851352264032438, 0.04851352264032438, 0.04851352264032438, 0.04851352264032438, 0.04851352264032438, 0.04851352264032438, 0.04851352264032438, 0.042923487109752134, 0.042923487109752134, 0.03992882521837382, 0.03992882521837382, 0.03992882521837382, 0.03992882521837382, 0.009782562178501708, 0.00399288252183716, 0.00399288252183716, 0.00399288252183716, 0.00399288252183716, 0.00399288252183716, 0.00399288252183716, 0.00399288252183716, 0.00399288252183716, 0.00399288252183716, 0.00399288252183716, 0.00399288252183716, 0.00399288252183716, 0.00399288252183716, 0.00399288252183716, 0.00399288252183716, 0.002395729513102518, 0.002395729513102518, 0.002395729513102518, 0.002395729513102518, 0.002395729513102518, 0.002395729513102518, 0.0, 0.0, 0.0, 0.0, 0.0, 0.0, 0.0, 0.0, 0.0, 0.0, 0.0, 0.0, 0.0, 0.0, 0.0, 0.0, 0.0, 0.0, 0.0, 0.0, 0.0, 0.0, 0.0, 0.0, 0.0, 0.0, 0.0, 0.0, 0.0, 0.0, 0.0, 0.0, 0.0, 0.0, 0.0, 0.0, 0.0, 0.0, 0.0, 0.0, 0.0, 0.0, 0.0, 0.0, 0.0, 0.0], "y_regret_test": [0.1215832727899484, 0.1215832727899484, 0.1215832727899484, 0.1215832727899484, 0.1215832727899484, 0.1215832727899484, 0.0776615650497372, 0.07706263267146118, 0.07706263267146118, 0.04911245501859973, 0.04911245501859973, 0.04911245501859973, 0.04911245501859973, 0.04911245501859973, 0.04911245501859973, 0.04911245501859973, 0.04911245501859973, 0.04911245501859973, 0.04911245501859973, 0.04911245501859973, 0.04911245501859973, 0.04911245501859973, 0.04911245501859973, 0.04911245501859973, 0.04911245501859973, 0.04911245501859973, 0.04911245501859973, 0.043522419488027486, 0.043522419488027486, 0.04052775759664917, 0.04052775759664917, 0.04052775759664917, 0.04052775759664917, 0.01038149455677706, 0.004591814900112512, 0.004591814900112512, 0.004591814900112512, 0.004591814900112512, 0.004591814900112512, 0.004591814900112512, 0.004591814900112512, 0.004591814900112512, 0.004591814900112512, 0.004591814900112512, 0.004591814900112512, 0.004591814900112512, 0.004591814900112512, 0.004591814900112512, 0.004591814900112512, 0.00299466189137787, 0.00299466189137787, 0.00299466189137787, 0.00299466189137787, 0.00299466189137787, 0.00299466189137787, 0.000598932378275352, 0.000598932378275352, 0.000598932378275352, 0.000598932378275352, 0.000598932378275352, 0.000598932378275352, 0.000598932378275352, 0.000598932378275352, 0.000598932378275352, 0.000598932378275352, 0.000598932378275352, 0.000598932378275352, 0.000598932378275352, 0.000598932378275352, 0.000598932378275352, 0.000598932378275352, 0.000598932378275352, 0.000598932378275352, 0.000598932378275352, 0.000598932378275352, 0.000598932378275352, 0.000598932378275352, 0.000598932378275352, 0.000598932378275352, 0.000598932378275352, 0.000598932378275352, 0.000598932378275352, 0.000598932378275352, 0.000598932378275352, 0.000598932378275352, 0.000598932378275352, 0.000598932378275352, 0.000598932378275352, 0.000598932378275352, 0.000598932378275352, 0.000598932378275352, 0.000598932378275352, 0.000598932378275352, 0.000598932378275352, 0.000598932378275352, 0.000598932378275352, 0.000598932378275352, 0.000598932378275352, 0.000598932378275352, 0.000598932378275352, 0.000598932378275352], "f_regret_pool": [], "f_regret_test": [],