{"p_array": [0.001, 0.053526315789473686, 0.10605263157894737, 0.15857894736842104, 0.21110526315789474, 0.26363157894736844, 0.3161578947368421, 0.3686842105263158, 0.4212105263157895, 0.4737368421052632, 0.5262631578947369, 0.5787894736842105, 0.6313157894736842, 0.6838421052631579, 0.7363684210526316, 0.7888947368421053, 0.841421052631579, 0.8939473684210526, 0.9464736842105264, 0.999], "mean_sharpness": [4.112819492393377, 0.0076225154832923496], "sharpness_error_true_minus_model": [], "posterior_variance": [0.08008907579248581, 0.14849948806831217], "bias_mse": [], "bias_nmse": [], "f_calibration": [], "f_calibration_mse": [], "f_calibration_nmse": [], "y_calibration": [[0.0803999975323677, 0.15000000596046448, 0.1842000037431717, 0.20960000157356262, 0.2305999994277954, 0.24979999661445618, 0.26499998569488525, 0.2831999957561493, 0.30300000309944153, 0.3174000084400177, 0.33160001039505005, 0.3476000130176544, 0.36399999260902405, 0.3806000053882599, 0.399399995803833, 0.42419999837875366, 0.5598000288009644, 0.616599977016449, 0.6381999850273132, 0.6934000253677368], [0.013000000268220901, 0.058400001376867294, 0.10459999740123749, 0.147599995136261, 0.2011999934911728, 0.2621999979019165, 0.31380000710487366, 0.37059998512268066, 0.42879998683929443, 0.47040000557899475, 0.5076000094413757, 0.54339998960495, 0.5906000137329102, 0.651199996471405, 0.7228000164031982, 0.8050000071525574, 0.864799976348877, 0.9021999835968018, 0.9297999739646912, 0.978600025177002]], "y_calibration_mse": [0.04595972231633306, 0.00032724356854496627], "y_calibration_nmse": [0.5009932398494832, 0.003567184642605772], "calibration_local_dist_to_nearest_train_sample": [[0.4987223717356208, 0.6563415065352174, 0.8139606413348139, 0.9715797761344106, 1.129198910934007, 1.2868180457336038, 1.4444371805332006, 1.602056315332797, 1.7596754501323937, 1.91729458493199, 2.074913719731587, 2.2325328545311836, 2.39015198933078, 2.5477711241303767, 2.705390258929973, 2.8630093937295698, 3.0206285285291665, 3.178247663328763, 3.3358667981283596, 3.4934859329279564], [0.42301096463817794, 0.5049186923403318, 0.5868264200424858, 0.6687341477446396, 0.7506418754467935, 0.8325496031489474, 0.9144573308511013, 0.9963650585532552, 1.0782727862554091, 1.160180513957563, 1.242088241659717, 1.3239959693618708, 1.4059036970640246, 1.4878114247661784, 1.5697191524683325, 1.6516268801704863, 1.7335346078726401, 1.8154423355747942, 1.897350063276948, 1.9792577909791018]], "calibration_local_y": [[0.037679107024911326, 0.03559352682848362, 0.030083424656607682, 0.04491800669603561, 0.031652218778914554, 0.042412821783703654, 0.03905392995303581, 0.031124647772051105, 0.040864023844865933, 0.042812868179704464, 0.05516404124358811, 0.03963507227841067, 0.06236280425789035, 0.10687514610418287, 0.07342492079711753, 0.12842556464248073, 0.20868175712538867, 0.30992790123263025, 0.3417372105263158, 0.3417372105263158], [0.0023523678042763154, 0.0016693953469753494, NaN, 0.00025980555637788647, 0.0014656650745237389, 0.00045517002623341395, 0.0002909186018247238, 0.0004105547319672938, 0.0012103340322630618, 0.0007039237593934467, 0.0010260242256609833, 0.003255359905240344, 0.005618934324299988, 0.007493746362735508, 0.008779480766294628, 0.017783330647184122, 0.02425027844667816, 0.004242527768137242, 0.01086221052631579, 0.008842473684210527]], "elpd": [-820615831308210.0, -127487899640.78067], "expected_improvement": [null, null], "actual_improvement": [null, [[0.3900142175161305]]], "mse": [0.7437145241077405, 0.18545323244886902], "nmse": [0.7466514488463667, 0.18618558628704468], "y_regret_pool": [0.05367168130955924, 0.05367168130955924, 0.05367168130955924, 0.05367168130955924, 0.05367168130955924, 0.05367168130955924, 0.05367168130955924, 0.05367168130955924, 0.05367168130955924, 0.05367168130955924, 0.05367168130955924, 0.05367168130955924, 0.05367168130955924, 0.05367168130955924, 0.05367168130955924, 0.05367168130955924, 0.05367168130955924, 0.05367168130955924, 0.05367168130955924, 0.05367168130955924, 0.05367168130955924, 0.05367168130955924, 0.05367168130955924, 0.05367168130955924, 0.05367168130955924, 0.05367168130955924, 0.05367168130955924, 0.05367168130955924, 0.05367168130955924, 0.05367168130955924, 0.05367168130955924, 0.05367168130955924, 0.05367168130955924, 0.05367168130955924, 0.05367168130955924, 0.05367168130955924, 0.05367168130955924, 0.05367168130955924, 0.05367168130955924, 0.05367168130955924, 0.05367168130955924, 0.05367168130955924, 0.05367168130955924, 0.05367168130955924, 0.05367168130955924, 0.05367168130955924, 0.05367168130955924, 0.05367168130955924, 0.05367168130955924, 0.05367168130955924, 0.05367168130955924, 0.05367168130955924, 0.05367168130955924, 0.05367168130955924, 0.05367168130955924, 0.05367168130955924, 0.05367168130955924, 0.05367168130955924, 0.05367168130955924, 0.05367168130955924, 0.05367168130955924, 0.001789056043652204, 0.001789056043652204, 0.001789056043652204, 0.001789056043652204, 0.001789056043652204, 0.001789056043652204, 0.001789056043652204, 0.001789056043652204, 0.001789056043652204, 0.001789056043652204, 0.001789056043652204, 0.001789056043652204, 0.001789056043652204, 0.001789056043652204, 0.001789056043652204, 0.001789056043652204, 0.001789056043652204, 0.001789056043652204, 0.001789056043652204, 0.001789056043652204, 0.001789056043652204, 0.001789056043652204, 0.001789056043652204, 0.001789056043652204, 0.001789056043652204, 0.001789056043652204, 0.001789056043652204, 0.001789056043652204, 0.001789056043652204, 0.001789056043652204, 0.001789056043652204, 0.001789056043652204, 0.001789056043652204, 0.001789056043652204, 0.001789056043652204, 0.001789056043652204, 0.001789056043652204, 0.001789056043652204, 0.001789056043652204, 0.001789056043652204],