{"p_array": [0.001, 0.053526315789473686, 0.10605263157894737, 0.15857894736842104, 0.21110526315789474, 0.26363157894736844, 0.3161578947368421, 0.3686842105263158, 0.4212105263157895, 0.4737368421052632, 0.5262631578947369, 0.5787894736842105, 0.6313157894736842, 0.6838421052631579, 0.7363684210526316, 0.7888947368421053, 0.841421052631579, 0.8939473684210526, 0.9464736842105264, 0.999], "mean_sharpness": [-0.7206253445850436, -0.6664257780121485], "sharpness_error_true_minus_model": [], "posterior_variance": [0.27863530336839376, 0.2883006672307803], "bias_mse": [], "bias_nmse": [], "f_calibration": [], "f_calibration_mse": [], "f_calibration_nmse": [], "y_calibration": [[0.0, 0.006800000090152025, 0.010999999940395355, 0.026200000196695328, 0.09179999679327011, 0.16979999840259552, 0.23559999465942383, 0.3019999861717224, 0.34880000352859497, 0.38940000534057617, 0.41760000586509705, 0.4456000030040741, 0.46779999136924744, 0.48899999260902405, 0.5112000107765198, 0.5356000065803528, 0.5546000003814697, 0.5834000110626221, 0.6538000106811523, 0.9002000093460083], [0.0007999999797903001, 0.007199999876320362, 0.014000000432133675, 0.03220000118017197, 0.06800000369548798, 0.1404000073671341, 0.22679999470710754, 0.2930000126361847, 0.33959999680519104, 0.38260000944137573, 0.4189999997615814, 0.45320001244544983, 0.4805999994277954, 0.5166000127792358, 0.5496000051498413, 0.6060000061988831, 0.6686000227928162, 0.7486000061035156, 0.8203999996185303, 0.9556000232696533]], "y_calibration_mse": [0.027915315233319853, 0.015300152266706061], "y_calibration_nmse": [0.3042965343415587, 0.16678240137154648], "calibration_local_dist_to_nearest_train_sample": [[0.48706660928289025, 0.6299368491290879, 0.7728070889752855, 0.9156773288214831, 1.0585475686676808, 1.2014178085138782, 1.344288048360076, 1.4871582882062735, 1.6300285280524713, 1.7728987678986687, 1.9157690077448666, 2.058639247591064, 2.201509487437262, 2.3443797272834592, 2.487249967129657, 2.6301202069758545, 2.772990446822052, 2.9158606866682497, 3.0587309265144476, 3.201601166360645], [0.46473501218492985, 0.5852736549331672, 0.7058122976814044, 0.8263509404296416, 0.9468895831778789, 1.067428225926116, 1.1879668686743534, 1.3085055114225908, 1.4290441541708279, 1.549582796919065, 1.6701214396673025, 1.7906600824155396, 1.9111987251637768, 2.0317373679120143, 2.1522760106602514, 2.2728146534084885, 2.3933532961567257, 2.513891938904963, 2.6344305816532003, 2.7549692244014374]], "calibration_local_y": [[0.027187739723880194, 0.007183501005598598, 0.011942614123143054, 0.007991399544157427, 0.006944124924756162, 0.009757618455877526, 0.009999078464123828, 0.02188916634267366, 0.023575731029443305, 0.03162942516257345, 0.04021092539042722, 0.032395796002180455, 0.051152589283238535, 0.048916691684291726, 0.0505975045750555, 0.08644576598432478, 0.1761111976595499, 0.20329402659850984, 0.2393999572368421, 0.3042872105263158], [0.04874523158338996, 0.01781888413479203, 0.012157361440900582, 0.005039080545209073, 0.003572488106979467, 0.0028215063031017847, 0.011232842407669755, 0.02209023027244414, 0.06389589149872929, 0.077668451625225, 0.11937923172491102, 0.15694905069466827, 0.18260633527343864, 0.21503064675489023, 0.23315170365733437, 0.22991186145153839, 0.23954036708464854, 0.21910913868011717, 0.22481615789473683, 0.1952451052631579]], "elpd": [-2.19384015943739, -1.2233617363696985], "expected_improvement": [null, null], "actual_improvement": [null, [[0.19891316383463586]]], "mse": [1.049723188013297, 0.5928666710053508], "nmse": [1.0616313682227108, 0.5995922185012089], "y_regret_pool": [0.02432039677103437, 0.02432039677103437, 0.02432039677103437, 0.02432039677103437, 0.02432039677103437, 0.02432039677103437, 0.02432039677103437, 0.02432039677103437, 0.02432039677103437, 0.02432039677103437, 0.02432039677103437, 0.02432039677103437, 0.02432039677103437, 0.02432039677103437, 0.02432039677103437, 0.02432039677103437, 0.021156767922769548, 0.021156767922769548, 0.021156767922769548, 0.021156767922769548, 0.021156767922769548, 0.021156767922769548, 0.021156767922769548, 0.021156767922769548, 0.021156767922769548, 0.021156767922769548, 0.020365860710703787, 0.01937722669562114, 0.01937722669562114, 0.01937722669562114, 0.013247695802108161, 0.005536350484463215, 0.005536350484463215, 0.005536350484463215, 0.005536350484463215, 0.005536350484463215, 0.005536350484463215, 0.005536350484463215, 0.005536350484463215, 0.005536350484463215, 0.005536350484463215, 0.005536350484463215, 0.005536350484463215, 0.005536350484463215, 0.005536350484463215, 0.005536350484463215, 0.005536350484463215, 0.005536350484463215, 0.005536350484463215, 0.005536350484463215, 0.005536350484463215, 0.005536350484463215, 0.005536350484463215, 0.005536350484463215, 0.005536350484463215, 0.005536350484463215, 0.005536350484463215, 0.005536350484463215, 0.005536350484463215, 0.005536350484463215, 0.005536350484463215, 0.005536350484463215, 0.005536350484463215, 0.005536350484463215, 0.005536350484463215, 0.005536350484463215, 0.005536350484463215, 0.005536350484463215, 0.005536350484463215, 0.005536350484463215, 0.005536350484463215, 0.005536350484463215, 0.005536350484463215, 0.005536350484463215, 0.005536350484463215, 0.005536350484463215, 0.005536350484463215, 0.005536350484463215, 0.005536350484463215, 0.005536350484463215, 0.005536350484463215, 0.005536350484463215, 0.005536350484463215, 0.005536350484463215, 0.005536350484463215, 0.005536350484463215, 0.005536350484463215, 0.005536350484463215, 0.004152262863347467, 0.004152262863347467, 0.004152262863347467, 0.004152262863347467, 0.004152262863347467, 0.004152262863347467, 0.004152262863347467, 0.004152262863347467, 0.004152262863347467, 0.004152262863347467, 0.004152262863347467, 0.004152262863347467, 0.004152262863347467],