{"p_array": [0.001, 0.053526315789473686, 0.10605263157894737, 0.15857894736842104, 0.21110526315789474, 0.26363157894736844, 0.3161578947368421, 0.3686842105263158, 0.4212105263157895, 0.4737368421052632, 0.5262631578947369, 0.5787894736842105, 0.6313157894736842, 0.6838421052631579, 0.7363684210526316, 0.7888947368421053, 0.841421052631579, 0.8939473684210526, 0.9464736842105264, 0.999], "mean_sharpness": [1.295238533008804, 2.004354754255325], "sharpness_error_true_minus_model": [], "posterior_variance": [0.004624106292342815, 0.0010980634981556689], "bias_mse": [], "bias_nmse": [], "f_calibration": [], "f_calibration_mse": [], "f_calibration_nmse": [], "y_calibration": [[0.5230000019073486, 0.5393999814987183, 0.5443999767303467, 0.5473999977111816, 0.5496000051498413, 0.5523999929428101, 0.5547999739646912, 0.5565999746322632, 0.5583999752998352, 0.5595999956130981, 0.5609999895095825, 0.5633999705314636, 0.5641999840736389, 0.5662000179290771, 0.5685999989509583, 0.5702000260353088, 0.571399986743927, 0.5740000009536743, 0.5794000029563904, 0.5947999954223633], [0.546999990940094, 0.5568000078201294, 0.5591999888420105, 0.5605999827384949, 0.5609999895095825, 0.5627999901771545, 0.5636000037193298, 0.5640000104904175, 0.5644000172615051, 0.5649999976158142, 0.5663999915122986, 0.5669999718666077, 0.5680000185966492, 0.5694000124931335, 0.5699999928474426, 0.5702000260353088, 0.5703999996185303, 0.5720000267028809, 0.5741999745368958, 0.5843999981880188]], "y_calibration_mse": [0.08687344181833376, 0.09202224981190434], "y_calibration_nmse": [0.9469815064129641, 1.0031071283283328], "calibration_local_dist_to_nearest_train_sample": [[0.4929206881397449, 0.6395164532955675, 0.7861122184513901, 0.9327079836072127, 1.0793037487630355, 1.225899513918858, 1.3724952790746805, 1.5190910442305032, 1.665686809386326, 1.8122825745421485, 1.958878339697971, 2.1054741048537937, 2.2520698700096164, 2.3986656351654387, 2.5452614003212615, 2.691857165477084, 2.838452930632907, 2.9850486957887297, 3.131644460944552, 3.2782402261003747], [0.4361234151226386, 0.5273024895361632, 0.6184815639496878, 0.7096606383632124, 0.8008397127767369, 0.8920187871902616, 0.9831978616037862, 1.0743769360173108, 1.1655560104308353, 1.25673508484436, 1.3479141592578845, 1.439093233671409, 1.5302723080849336, 1.6214513824984582, 1.7126304569119828, 1.8038095313255074, 1.894988605739032, 1.9861676801525565, 2.077346754566081, 2.1685258289796057]], "calibration_local_y": [[0.11423720337375898, 0.1478852271241844, 0.11209973292602016, 0.12880746555386527, 0.13090153489960885, 0.11964369041363039, 0.1080605098203014, 0.11119432996809646, 0.09615008958294477, 0.09514126609142659, 0.08596443852082371, 0.0847079934628081, 0.09052381255206295, 0.0980258313239577, 0.12869641402821014, 0.1274549139891476, 0.183590189314179, 0.2621119462694565, 0.18173720873817648, 0.3417372105263158], [0.09411918696072166, 0.08726267168286492, 0.10552103420032685, 0.09206052710783284, 0.09270675043618452, 0.09428643880609114, 0.09329013733887383, 0.09083809982641006, 0.08950422707587646, 0.10181112558615173, 0.08930165758429306, 0.10310333743011506, 0.093314039168274, 0.08918593733932696, 0.08873307582160637, 0.10675486627676263, 0.12567073315493105, 0.19297687649960082, 0.18173720873817648, 0.3139927654205909]], "elpd": [-124.4144385686431, -476.18384484639495], "expected_improvement": [null, null], "actual_improvement": [null, [[0.20451309416741037]]], "mse": [0.9875209105277747, 0.9889144350943275], "nmse": [0.9987644706653348, 1.000173861404543], "y_regret_pool": [0.04133986743131279, 0.04133986743131279, 0.04133986743131279, 0.04133986743131279, 0.04133986743131279, 0.04133986743131279, 0.04133986743131279, 0.04133986743131279, 0.04133986743131279, 0.04133986743131279, 0.04133986743131279, 0.04133986743131279, 0.04133986743131279, 0.04133986743131279, 0.04133986743131279, 0.04133986743131279, 0.04133986743131279, 0.04133986743131279, 0.04133986743131279, 0.04133986743131279, 0.04133986743131279, 0.04133986743131279, 0.04133986743131279, 0.028023660133726702, 0.028023660133726702, 0.028023660133726702, 0.028023660133726702, 0.028023660133726702, 0.028023660133726702, 0.028023660133726702, 0.028023660133726702, 0.028023660133726702, 0.028023660133726702, 0.028023660133726702, 0.028023660133726702, 0.028023660133726702, 0.028023660133726702, 0.028023660133726702, 0.028023660133726702, 0.028023660133726702, 0.028023660133726702, 0.028023660133726702, 0.028023660133726702, 0.028023660133726702, 0.028023660133726702, 0.028023660133726702, 0.028023660133726702, 0.028023660133726702, 0.028023660133726702, 0.028023660133726702, 0.028023660133726702, 0.028023660133726702, 0.028023660133726702, 0.028023660133726702, 0.028023660133726702, 0.028023660133726702, 0.028023660133726702, 0.028023660133726702, 0.028023660133726702, 0.028023660133726702, 0.028023660133726702, 0.028023660133726702, 0.028023660133726702, 0.028023660133726702, 0.028023660133726702, 0.028023660133726702, 0.028023660133726702, 0.028023660133726702, 0.028023660133726702, 0.028023660133726702, 0.028023660133726702, 0.028023660133726702, 0.028023660133726702, 0.028023660133726702, 0.028023660133726702, 0.028023660133726702, 0.028023660133726702, 0.028023660133726702, 0.028023660133726702, 0.028023660133726702, 0.028023660133726702, 0.028023660133726702, 0.028023660133726702, 0.028023660133726702, 0.028023660133726702, 0.028023660133726702, 0.028023660133726702, 0.028023660133726702, 0.028023660133726702, 0.028023660133726702, 0.028023660133726702, 0.028023660133726702, 0.028023660133726702, 0.028023660133726702, 0.028023660133726702, 0.028023660133726702, 0.028023660133726702, 0.028023660133726702, 0.028023660133726702, 0.028023660133726702, 0.028023660133726702],