{"p_array": [0.001, 0.053526315789473686, 0.10605263157894737, 0.15857894736842104, 0.21110526315789474, 0.26363157894736844, 0.3161578947368421, 0.3686842105263158, 0.4212105263157895, 0.4737368421052632, 0.5262631578947369, 0.5787894736842105, 0.6313157894736842, 0.6838421052631579, 0.7363684210526316, 0.7888947368421053, 0.841421052631579, 0.8939473684210526, 0.9464736842105264, 0.999], "mean_sharpness": [-0.6465960227124189, -0.49338993588952523], "sharpness_error_true_minus_model": [], "posterior_variance": [0.22076983177635623, 0.21994814045118002], "bias_mse": [], "bias_nmse": [], "f_calibration": [], "f_calibration_mse": [], "f_calibration_nmse": [], "y_calibration": [[0.0, 0.006599999964237213, 0.03959999978542328, 0.10360000282526016, 0.2054000049829483, 0.2948000133037567, 0.35760000348091125, 0.3962000012397766, 0.41920000314712524, 0.446399986743927, 0.46700000762939453, 0.4848000109195709, 0.4991999864578247, 0.5134000182151794, 0.5306000113487244, 0.5475999712944031, 0.5651999711990356, 0.5843999981880188, 0.607200026512146, 0.7487999796867371], [0.00019999999494757503, 0.005400000140070915, 0.01860000006854534, 0.04960000142455101, 0.10419999808073044, 0.1873999983072281, 0.27480000257492065, 0.35580000281333923, 0.4221999943256378, 0.47839999198913574, 0.527999997138977, 0.5766000151634216, 0.6191999912261963, 0.6665999889373779, 0.7202000021934509, 0.7883999943733215, 0.8661999702453613, 0.9294000267982483, 0.9729999899864197, 0.9987999796867371]], "y_calibration_mse": [0.026155550402453136, 0.0022134237000053744], "y_calibration_nmse": [0.2851138622200654, 0.024127872292022987], "calibration_local_dist_to_nearest_train_sample": [[0.49685635761900515, 0.6476408845226915, 0.7984254114263778, 0.9492099383300642, 1.0999944652337506, 1.2507789921374368, 1.4015635190411233, 1.5523480459448096, 1.7031325728484958, 1.8539170997521823, 2.0047016266558684, 2.155486153559555, 2.3062706804632414, 2.4570552073669276, 2.6078397342706143, 2.7586242611743, 2.909408788077987, 3.0601933149816727, 3.2109778418853594, 3.3617623687890457], [0.434408947097658, 0.5227460634799972, 0.6110831798623365, 0.6994202962446758, 0.7877574126270152, 0.8760945290093544, 0.9644316453916937, 1.0527687617740331, 1.1411058781563723, 1.2294429945387115, 1.317780110921051, 1.40611722730339, 1.4944543436857294, 1.5827914600680688, 1.6711285764504082, 1.7594656928327472, 1.8478028092150867, 1.936139925597426, 2.024477041979765, 2.1128141583621045]], "calibration_local_y": [[0.012302674123908203, 0.007766744569284561, 0.004374806872195847, 0.010196784906249177, 0.013874384277803154, 0.011895818632324553, 0.01874525435200884, 0.020284252767820483, 0.021920664649853407, 0.02981262810773072, 0.03549938688571587, 0.03449875393150474, 0.038329412588367806, 0.052888655380043635, 0.04234234328418745, 0.03846162341630636, 0.0731001349010693, 0.2154771223028292, 0.15033867177908639, 0.3417372105263158], [0.00975072730472951, 0.006522050383388477, 0.0029295207923321085, 0.003435536611146944, 0.0027241901651687325, 0.004199747308503006, 0.002903948525483705, 0.00215019820181036, 0.002132108613254698, 0.001664674250703883, 0.0023938030604306665, 0.004892457552630269, 0.0034208525318833727, 0.009091584041651161, 0.007446133986406399, 0.01901764988222243, 0.016297235275400092, 0.024359315092821084, 0.2918372105263158, 0.20779510526315786]], "elpd": [-2.6757735416430433, -0.3088346523918468], "expected_improvement": [null, null], "actual_improvement": [null, [[1.1132761827895878]]], "mse": [1.1739969054538848, 0.18083844832867957], "nmse": [1.1492076345590279, 0.1770199942399168], "y_regret_pool": [0.10695317329251108, 0.10695317329251108, 0.10695317329251108, 0.10695317329251108, 0.10695317329251108, 0.10695317329251108, 0.10695317329251108, 0.10695317329251108, 0.10695317329251108, 0.10695317329251108, 0.10695317329251108, 0.10695317329251108, 0.09952865657239296, 0.09952865657239296, 0.09952865657239296, 0.09952865657239296, 0.09952865657239296, 0.09952865657239296, 0.09952865657239296, 0.09952865657239296, 0.09952865657239296, 0.09952865657239296, 0.09952865657239296, 0.09952865657239296, 0.09952865657239296, 0.09952865657239296, 0.09952865657239296, 0.09952865657239296, 0.09952865657239296, 0.09952865657239296, 0.09952865657239296, 0.09952865657239296, 0.09952865657239296, 0.09952865657239296, 0.09952865657239296, 0.09952865657239296, 0.09952865657239296, 0.09952865657239296, 0.09952865657239296, 0.09952865657239296, 0.09952865657239296, 0.09952865657239296, 0.09952865657239296, 0.09952865657239296, 0.09952865657239296, 0.09952865657239296, 0.09952865657239296, 0.09952865657239296, 0.09952865657239296, 0.09952865657239296, 0.09952865657239296, 0.03571794530218941, 0.03571794530218941, 0.03571794530218941, 0.03571794530218941, 0.03571794530218941, 0.03571794530218941, 0.03571794530218941, 0.03571794530218941, 0.03571794530218941, 0.03571794530218941, 0.03571794530218941, 0.03571794530218941, 0.03571794530218941, 0.03571794530218941, 0.03571794530218941, 0.03571794530218941, 0.03571794530218941, 0.03571794530218941, 0.03571794530218941, 0.03571794530218941, 0.03571794530218941, 0.03571794530218941, 0.03571794530218941, 0.03571794530218941, 0.03571794530218941, 0.03571794530218941, 0.03571794530218941, 0.03571794530218941, 0.03571794530218941, 0.03571794530218941, 0.03210601824915926, 0.03210601824915926, 0.03210601824915926, 0.03210601824915926, 0.03210601824915926, 0.03210601824915926, 0.03210601824915926, 0.03210601824915926, 0.03210601824915926, 0.03210601824915926, 0.03210601824915926, 0.03210601824915926, 0.03210601824915926, 0.03210601824915926, 0.03210601824915926, 0.03210601824915926, 0.03210601824915926, 0.03210601824915926, 0.03210601824915926, 0.03210601824915926], "y_regret_test": [0.10815714897685447, 0.10815714897685447, 0.10815714897685447, 0.10815714897685447, 0.10815714897685447, 0.10815714897685447, 0.10815714897685447, 0.10815714897685447, 0.10815714897685447, 0.10815714897685447, 0.10815714897685447, 0.10815714897685447, 0.10073263225673634, 0.10073263225673634, 0.10073263225673634, 0.10073263225673634, 0.10073263225673634, 0.10073263225673634, 0.10073263225673634, 0.10073263225673634, 0.10073263225673634, 0.10073263225673634, 0.10073263225673634, 0.10073263225673634, 0.10073263225673634, 0.10073263225673634, 0.10073263225673634, 0.10073263225673634, 0.10073263225673634, 0.10073263225673634, 0.10073263225673634, 0.10073263225673634, 0.10073263225673634, 0.10073263225673634, 0.10073263225673634, 0.10073263225673634, 0.10073263225673634, 0.10073263225673634, 0.10073263225673634, 0.10073263225673634, 0.10073263225673634, 0.10073263225673634, 0.10073263225673634, 0.10073263225673634, 0.10073263225673634, 0.10073263225673634, 0.10073263225673634, 0.10073263225673634, 0.10073263225673634, 0.10073263225673634, 0.10073263225673634, 0.0369219209865328, 0.0369219209865328, 0.0369219209865328, 0.0369219209865328, 0.0369219209865328, 0.0369219209865328, 0.0369219209865328, 0.0369219209865328, 0.0369219209865328, 0.0369219209865328, 0.0369219209865328, 0.0369219209865328, 0.0369219209865328, 0.0369219209865328, 0.0369219209865328, 0.0369219209865328, 0.0369219209865328, 0.0369219209865328, 0.0369219209865328, 0.0369219209865328, 0.0369219209865328, 0.0369219209865328, 0.0369219209865328, 0.0369219209865328, 0.0369219209865328, 0.0369219209865328, 0.0369219209865328, 0.0369219209865328, 0.0369219209865328, 0.0369219209865328, 0.033309993933502646, 0.033309993933502646, 0.033309993933502646, 0.033309993933502646, 0.033309993933502646, 0.033309993933502646, 0.033309993933502646, 0.033309993933502646, 0.033309993933502646, 0.033309993933502646, 0.033309993933502646, 0.033309993933502646, 0.033309993933502646, 0.033309993933502646, 0.033309993933502646, 0.033309993933502646, 0.033309993933502646, 0.033309993933502646, 0.033309993933502646, 0.033309993933502646], "f_regret_pool": [], "f_regret_test": [],