{"p_array": [0.001, 0.053526315789473686, 0.10605263157894737, 0.15857894736842104, 0.21110526315789474, 0.26363157894736844, 0.3161578947368421, 0.3686842105263158, 0.4212105263157895, 0.4737368421052632, 0.5262631578947369, 0.5787894736842105, 0.6313157894736842, 0.6838421052631579, 0.7363684210526316, 0.7888947368421053, 0.841421052631579, 0.8939473684210526, 0.9464736842105264, 0.999], "mean_sharpness": [1.3331032182234437, 0.7006048178330014], "sharpness_error_true_minus_model": [], "posterior_variance": [0.004243514627035699, 0.015061952133235246], "bias_mse": [], "bias_nmse": [], "f_calibration": [], "f_calibration_mse": [], "f_calibration_nmse": [], "y_calibration": [[0.527999997138977, 0.5414000153541565, 0.5472000241279602, 0.5493999719619751, 0.5519999861717224, 0.5550000071525574, 0.5568000078201294, 0.5583999752998352, 0.5598000288009644, 0.5618000030517578, 0.5627999901771545, 0.5648000240325928, 0.5655999779701233, 0.5680000185966492, 0.5694000124931335, 0.5705999732017517, 0.5717999935150146, 0.574999988079071, 0.5813999772071838, 0.5947999954223633], [0.5260000228881836, 0.555400013923645, 0.5641999840736389, 0.5685999989509583, 0.5723999738693237, 0.5770000219345093, 0.5802000164985657, 0.5831999778747559, 0.5856000185012817, 0.5892000198364258, 0.5910000205039978, 0.5929999947547913, 0.5947999954223633, 0.5974000096321106, 0.6000000238418579, 0.603600025177002, 0.607200026512146, 0.6118000149726868, 0.6186000108718872, 0.6514000296592712]], "y_calibration_mse": [0.08754742688954698, 0.08596327304356602], "y_calibration_nmse": [0.9543284168688895, 0.9370600277725529], "calibration_local_dist_to_nearest_train_sample": [[0.4929206881397449, 0.6395164532955675, 0.7861122184513901, 0.9327079836072127, 1.0793037487630355, 1.225899513918858, 1.3724952790746805, 1.5190910442305032, 1.665686809386326, 1.8122825745421485, 1.958878339697971, 2.1054741048537937, 2.2520698700096164, 2.3986656351654387, 2.5452614003212615, 2.691857165477084, 2.838452930632907, 2.9850486957887297, 3.131644460944552, 3.2782402261003747], [0.4331761708284044, 0.5214080009476948, 0.6096398310669853, 0.6978716611862756, 0.786103491305566, 0.8743353214248564, 0.9625671515441467, 1.050798981663437, 1.1390308117827275, 1.2272626419020178, 1.3154944720213084, 1.4037263021405988, 1.4919581322598892, 1.5801899623791795, 1.66842179249847, 1.7566536226177603, 1.8448854527370506, 1.933117282856341, 2.0213491129756314, 2.109580943094922]], "calibration_local_y": [[0.11423720337375898, 0.1478852271241844, 0.11361359660959372, 0.1295364558678458, 0.13146211094579863, 0.1204725574529022, 0.10816081061260623, 0.11237278907454917, 0.09701197907538042, 0.09614013992764311, 0.08678151340118648, 0.0848484802867662, 0.09073241401301568, 0.09766696252789767, 0.12830766750535488, 0.12677811420610088, 0.17863605719676046, 0.25985563045194904, 0.18173720873817648, 0.3417372105263158], [0.08036842200123903, 0.0792234699769824, 0.08024680773335574, 0.08214825124775087, 0.08480127371621764, 0.0845159368583063, 0.08337350053356316, 0.09103423614991826, 0.07775421187494382, 0.08768395125108834, 0.08633468515545957, 0.09176883467657979, 0.09198401212488114, 0.08705003028519998, 0.09317519068093752, 0.0762257149323433, 0.08304484147224862, 0.09373759152212582, 0.08992971025928702, 0.09555628947368422]], "elpd": [-126.41547134474482, -34.59666954140643], "expected_improvement": [null, null], "actual_improvement": [null, [[2.6111691265028556]]], "mse": [0.9945114754394272, 0.9407597919685194], "nmse": [1.0058346276505745, 0.9514709467230487], "y_regret_pool": [0.04133986743131279, 0.04133986743131279, 0.04133986743131279, 0.04133986743131279, 0.04133986743131279, 0.04133986743131279, 0.04133986743131279, 0.04133986743131279, 0.04133986743131279, 0.04133986743131279, 0.04133986743131279, 0.04133986743131279, 0.04133986743131279, 0.04133986743131279, 0.04133986743131279, 0.04133986743131279, 0.04133986743131279, 0.04133986743131279, 0.04133986743131279, 0.04133986743131279, 0.04133986743131279, 0.04133986743131279, 0.04133986743131279, 0.04133986743131279, 0.04133986743131279, 0.04133986743131279, 0.04133986743131279, 0.04133986743131279, 0.04133986743131279, 0.04133986743131279, 0.04133986743131279, 0.04133986743131279, 0.04133986743131279, 0.04133986743131279, 0.04133986743131279, 0.04133986743131279, 0.04133986743131279, 0.04133986743131279, 0.04133986743131279, 0.04133986743131279, 0.04133986743131279, 0.04133986743131279, 0.04133986743131279, 0.04133986743131279, 0.04133986743131279, 0.04133986743131279, 0.04133986743131279, 0.04133986743131279, 0.04133986743131279, 0.04133986743131279, 0.04133986743131279, 0.04133986743131279, 0.04133986743131279, 0.04133986743131279, 0.04133986743131279, 0.0, 0.0, 0.0, 0.0, 0.0, 0.0, 0.0, 0.0, 0.0, 0.0, 0.0, 0.0, 0.0, 0.0, 0.0, 0.0, 0.0, 0.0, 0.0, 0.0, 0.0, 0.0, 0.0, 0.0, 0.0, 0.0, 0.0, 0.0, 0.0, 0.0, 0.0, 0.0, 0.0, 0.0, 0.0, 0.0, 0.0, 0.0, 0.0, 0.0, 0.0, 0.0, 0.0, 0.0, 0.0, 0.0], "y_regret_test": [0.039352373804807605, 0.039352373804807605, 0.039352373804807605, 0.039352373804807605, 0.039352373804807605, 0.039352373804807605, 0.039352373804807605, 0.039352373804807605, 0.039352373804807605, 0.039352373804807605, 0.039352373804807605, 0.039352373804807605, 0.039352373804807605, 0.039352373804807605, 0.039352373804807605, 0.039352373804807605, 0.039352373804807605, 0.039352373804807605, 0.039352373804807605, 0.039352373804807605, 0.039352373804807605, 0.039352373804807605, 0.039352373804807605, 0.039352373804807605, 0.039352373804807605, 0.039352373804807605, 0.039352373804807605, 0.039352373804807605, 0.039352373804807605, 0.039352373804807605, 0.039352373804807605, 0.039352373804807605, 0.039352373804807605, 0.039352373804807605, 0.039352373804807605, 0.039352373804807605, 0.039352373804807605, 0.039352373804807605, 0.039352373804807605, 0.039352373804807605, 0.039352373804807605, 0.039352373804807605, 0.039352373804807605, 0.039352373804807605, 0.039352373804807605, 0.039352373804807605, 0.039352373804807605, 0.039352373804807605, 0.039352373804807605, 0.039352373804807605, 0.039352373804807605, 0.039352373804807605, 0.039352373804807605, 0.039352373804807605, 0.039352373804807605, 0.001987493626505188, 0.001987493626505188, 0.001987493626505188, 0.001987493626505188, 0.001987493626505188, 0.001987493626505188, 0.001987493626505188, 0.001987493626505188, 0.001987493626505188, 0.001987493626505188, 0.001987493626505188, 0.001987493626505188, 0.001987493626505188, 0.001987493626505188, 0.001987493626505188, 0.001987493626505188, 0.001987493626505188, 0.001987493626505188, 0.001987493626505188, 0.001987493626505188, 0.001987493626505188, 0.001987493626505188, 0.001987493626505188, 0.001987493626505188, 0.001987493626505188, 0.001987493626505188, 0.001987493626505188, 0.001987493626505188, 0.001987493626505188, 0.001987493626505188, 0.001987493626505188, 0.001987493626505188, 0.001987493626505188, 0.001987493626505188, 0.001987493626505188, 0.001987493626505188, 0.001987493626505188, 0.001987493626505188, 0.001987493626505188, 0.001987493626505188, 0.001987493626505188, 0.001987493626505188, 0.001987493626505188, 0.001987493626505188, 0.001987493626505188, 0.001987493626505188], "f_regret_pool": [], "f_regret_test": [],