{"p_array": [0.001, 0.053526315789473686, 0.10605263157894737, 0.15857894736842104, 0.21110526315789474, 0.26363157894736844, 0.3161578947368421, 0.3686842105263158, 0.4212105263157895, 0.4737368421052632, 0.5262631578947369, 0.5787894736842105, 0.6313157894736842, 0.6838421052631579, 0.7363684210526316, 0.7888947368421053, 0.841421052631579, 0.8939473684210526, 0.9464736842105264, 0.999], "mean_sharpness": [-1.1370641872573881, -0.4061440225739041, -0.4061440225739041], "sharpness_error_true_minus_model": [], "posterior_variance": [0.6124205551016076, 0.16128299315261044, 0.16128299315261044], "bias_mse": [], "bias_nmse": [], "f_calibration": [], "f_calibration_mse": [], "f_calibration_nmse": [], "y_calibration": [[0.013000000268220901, 0.04560000076889992, 0.05900000035762787, 0.1111999973654747, 0.24779999256134033, 0.37599998712539673, 0.4519999921321869, 0.4986000061035156, 0.5303999781608582, 0.5582000017166138, 0.5914000272750854, 0.6187999844551086, 0.6496000289916992, 0.717199981212616, 0.7893999814987183, 0.8145999908447266, 0.847599983215332, 0.9047999978065491, 0.9599999785423279, 1.0], [0.0, 0.004600000102072954, 0.017999999225139618, 0.04259999841451645, 0.09880000352859497, 0.18400000035762787, 0.28540000319480896, 0.3853999972343445, 0.4602000117301941, 0.5144000053405762, 0.5550000071525574, 0.5902000069618225, 0.6244000196456909, 0.6894000172615051, 0.7675999999046326, 0.8388000130653381, 0.8853999972343445, 0.9204000234603882, 0.9549999833106995, 0.9965999722480774], [0.0, 0.004600000102072954, 0.017999999225139618, 0.04259999841451645, 0.09880000352859497, 0.18400000035762787, 0.28540000319480896, 0.3853999972343445, 0.4602000117301941, 0.5144000053405762, 0.5550000071525574, 0.5902000069618225, 0.6244000196456909, 0.6894000172615051, 0.7675999999046326, 0.8388000130653381, 0.8853999972343445, 0.9204000234603882, 0.9549999833106995, 0.9965999722480774]], "y_calibration_mse": [0.004206499739905947, 0.0027082493248698266, 0.0027082493248698266], "y_calibration_nmse": [0.0458538003910558, 0.029521819001602806, 0.029521819001602806], "calibration_local_dist_to_nearest_train_sample": [[0.5011007174539057, 0.6606144412342715, 0.8201281650146373, 0.9796418887950029, 1.1391556125753686, 1.2986693363557342, 1.4581830601361, 1.6176967839164658, 1.7772105076968314, 1.936724231477197, 2.096237955257563, 2.2557516790379286, 2.415265402818294, 2.57477912659866, 2.734292850379026, 2.8938065741593917, 3.0533202979397576, 3.2128340217201226, 3.3723477455004884, 3.531861469280854], [0.4288321957661846, 0.5160773978588291, 0.6033225999514735, 0.690567802044118, 0.7778130041367626, 0.865058206229407, 0.9523034083220515, 1.039548610414696, 1.1267938125073407, 1.214039014599985, 1.3012842166926295, 1.388529418785274, 1.4757746208779186, 1.563019822970563, 1.6502650250632076, 1.737510227155852, 1.8247554292484964, 1.912000631341141, 1.9992458334337855, 2.08649103552643], [0.4288321957661846, 0.5160773978588291, 0.6033225999514735, 0.690567802044118, 0.7778130041367626, 0.865058206229407, 0.9523034083220515, 1.039548610414696, 1.1267938125073407, 1.214039014599985, 1.3012842166926295, 1.388529418785274, 1.4757746208779186, 1.563019822970563, 1.6502650250632076, 1.737510227155852, 1.8247554292484964, 1.912000631341141, 1.9992458334337855, 2.08649103552643]], "calibration_local_y": [[0.006817420709217934, 0.006247892173797203, 0.009160300683739589, 0.0099764799428926, 0.013143609809714418, 0.010389755950927572, 0.026985264239641565, 0.01612167818283112, 0.017562575076040567, 0.010146767675120693, 0.009671503563955977, 0.002087955934086889, 0.0033526728750320014, 0.010172325630481625, 0.0359698701404585, 0.04151849644865375, 0.07122170736492686, 0.04858644983552632, 0.24048670927106616, 0.08384247368421052], [0.010908956670075754, 0.005856630768576702, 0.00454665761087694, 0.008303055756820828, 0.005844955673602303, 0.005110999598811293, 0.005385819569972247, 0.004764474420412142, 0.0022707305207827766, 0.003661657332644614, 0.005383159132396636, 0.010901164534755415, 0.008762432694778074, 0.011071618775012199, 0.02918608768581481, 0.007582751934734178, 0.009657091938938116, 0.05378749996875404, 0.0896108947368421, 0.12238984210526319], [0.010908956670075754, 0.005856630768576702, 0.00454665761087694, 0.008303055756820828, 0.005844955673602303, 0.005110999598811293, 0.005385819569972247, 0.004764474420412142, 0.0022707305207827766, 0.003661657332644614, 0.005383159132396636, 0.010901164534755415, 0.008762432694778074, 0.011071618775012199, 0.02918608768581481, 0.007582751934734178, 0.009657091938938116, 0.05378749996875404, 0.0896108947368421, 0.12238984210526319]], "elpd": [-1.1904492139888356, -0.24243219615736397, -0.24243219615736397], "expected_improvement": [null, null, null], "actual_improvement": [null, null, null], "mse": [0.6427692957957656, 0.13307235503644074, 0.13307235503644074], "nmse": [0.6599896337548343, 0.13663747698878867, 0.13663747698878867], "y_regret_pool": [0.012689725214249048, 0.012689725214249048, 0.012689725214249048, 0.012689725214249048, 0.012689725214249048, 0.012689725214249048, 0.012689725214249048, 0.012689725214249048, 0.012689725214249048, 0.012689725214249048, 0.012689725214249048, 0.012689725214249048, 0.012689725214249048, 0.012689725214249048, 0.012689725214249048, 0.012689725214249048, 0.012689725214249048, 0.012689725214249048, 0.012689725214249048, 0.012689725214249048, 0.012689725214249048, 0.012689725214249048, 0.012689725214249048, 0.007534524345959914, 0.007534524345959914, 0.007534524345959914, 0.007534524345959914, 0.007534524345959914, 0.007534524345959914, 0.007534524345959914, 0.007534524345959914, 0.007534524345959914, 0.007534524345959914, 0.007534524345959914, 0.007534524345959914, 0.007534524345959914, 0.007534524345959914, 0.007534524345959914, 0.007534524345959914, 0.007534524345959914, 0.007534524345959914, 0.007534524345959914, 0.007534524345959914, 0.007534524345959914, 0.007534524345959914, 0.007534524345959914, 0.007534524345959914, 0.007534524345959914, 0.007534524345959914, 0.007534524345959914, 0.007534524345959914, 0.007534524345959914, 0.007534524345959914, 0.007534524345959914, 0.007534524345959914, 0.007534524345959914, 0.007534524345959914, 0.007534524345959914, 0.007534524345959914, 0.007534524345959914, 0.007534524345959914, 0.007534524345959914, 0.007534524345959914, 0.007534524345959914, 0.007534524345959914, 0.007534524345959914, 0.007534524345959914, 0.007534524345959914, 0.007534524345959914, 0.007534524345959914, 0.007534524345959914, 0.007534524345959914, 0.007534524345959914, 0.007534524345959914, 0.007534524345959914, 0.007534524345959914, 0.007534524345959914, 0.007534524345959914, 0.007534524345959914, 0.007534524345959914, 0.007534524345959914, 0.007534524345959914, 0.007534524345959914, 0.007534524345959914, 0.007534524345959914, 0.007534524345959914, 0.007534524345959914, 0.007534524345959914, 0.007534524345959914, 0.007534524345959914, 0.007534524345959914, 0.007534524345959914, 0.007534524345959914, 0.007534524345959914, 0.007534524345959914, 0.007534524345959914, 0.007534524345959914, 0.007534524345959914, 0.007534524345959914, 0.007534524345959914, 0.007534524345959914, 0.007534524345959914],