{"p_array": [0.001, 0.053526315789473686, 0.10605263157894737, 0.15857894736842104, 0.21110526315789474, 0.26363157894736844, 0.3161578947368421, 0.3686842105263158, 0.4212105263157895, 0.4737368421052632, 0.5262631578947369, 0.5787894736842105, 0.6313157894736842, 0.6838421052631579, 0.7363684210526316, 0.7888947368421053, 0.841421052631579, 0.8939473684210526, 0.9464736842105264, 0.999], "mean_sharpness": [-0.8401872281822376, -0.10225808929622276], "sharpness_error_true_minus_model": [], "posterior_variance": [0.42759219742330495, 0.15959201681051993], "bias_mse": [], "bias_nmse": [], "f_calibration": [], "f_calibration_mse": [], "f_calibration_nmse": [], "y_calibration": [[0.006200000178068876, 0.05660000070929527, 0.10119999945163727, 0.17900000512599945, 0.26440000534057617, 0.34040001034736633, 0.3946000039577484, 0.43380001187324524, 0.46959999203681946, 0.49399998784065247, 0.5189999938011169, 0.5437999963760376, 0.5667999982833862, 0.5934000015258789, 0.6299999952316284, 0.6886000037193298, 0.7742000222206116, 0.8342000246047974, 0.879800021648407, 0.9508000016212463], [0.03460000082850456, 0.06459999829530716, 0.09560000151395798, 0.14880000054836273, 0.21459999680519104, 0.27059999108314514, 0.3248000144958496, 0.376800000667572, 0.42660000920295715, 0.4699999988079071, 0.5109999775886536, 0.5429999828338623, 0.5771999955177307, 0.6110000014305115, 0.656000018119812, 0.7247999906539917, 0.8113999962806702, 0.8592000007629395, 0.9160000085830688, 0.9782000184059143]], "y_calibration_mse": [0.003610276375053655, 0.0012743147145951822], "y_calibration_nmse": [0.03935454712804908, 0.01389092503777005], "calibration_local_dist_to_nearest_train_sample": [[0.49935063497275534, 0.6550331511386791, 0.810715667304603, 0.9663981834705268, 1.1220806996364505, 1.2777632158023744, 1.433445731968298, 1.589128248134222, 1.7448107643001458, 1.9004932804660695, 2.0561757966319933, 2.2118583127979172, 2.367540828963841, 2.5232233451297645, 2.6789058612956884, 2.8345883774616123, 2.990270893627536, 3.14595340979346, 3.3016359259593835, 3.4573184421253074], [0.4542628773183793, 0.564857635829927, 0.6754523943414746, 0.7860471528530224, 0.89664191136457, 1.0072366698761177, 1.1178314283876656, 1.2284261868992132, 1.3390209454107609, 1.4496157039223085, 1.5602104624338562, 1.6708052209454038, 1.7813999794569515, 1.8919947379684994, 2.002589496480047, 2.1131842549915945, 2.223779013503142, 2.3343737720146898, 2.444968530526238, 2.5555632890377855]], "calibration_local_y": [[0.0030026084088727867, 0.035310426466462035, 0.003942464608135837, 0.004950929404514722, 0.0018428507609597078, 0.0019593025130501393, 0.0021936284713901548, 0.0026794877794868487, 0.0025751022942894835, 0.005386050289663562, 0.006265286153982121, 0.007373553496665112, 0.009910312814695505, 0.008813851681964198, 0.021377206777299464, 0.042678056826207025, 0.05196934574760396, 0.03970962925641016, 0.07055673981254322, 0.09595911894584949], [0.004566185734797473, 0.006997696542062818, 0.013755832258865616, 0.007337666728280015, 0.007110258621946737, 0.004545597950676038, 0.002488813391272956, 0.001267182318520562, 0.006710485446843694, 0.010575046274350186, 0.03398869434620372, 0.051682123136435165, 0.07888930417346023, 0.10047287734568902, 0.10558166839295724, 0.1312987733253258, 0.19718077699105746, 0.11486527824829129, 0.13142405263157897, 0.1739225902960691]], "elpd": [-3.3590201360712677, -1.1413613459035499], "expected_improvement": [null, null], "actual_improvement": [null, [[0.26099889389433295]]], "mse": [0.660949932078567, 0.26778773003213474], "nmse": [0.6546177656773029, 0.265222215785923], "y_regret_pool": [0.19900914891866106, 0.19900914891866106, 0.19900914891866106, 0.19900914891866106, 0.19900914891866106, 0.19900914891866106, 0.19900914891866106, 0.19900914891866106, 0.19900914891866106, 0.15808388039103316, 0.15808388039103316, 0.15808388039103316, 0.07543088709013746, 0.064798341835411, 0.064798341835411, 0.064798341835411, 0.064798341835411, 0.023471845184963147, 0.023471845184963147, 0.023471845184963147, 0.023471845184963147, 0.023471845184963147, 0.023471845184963147, 0.023471845184963147, 0.023471845184963147, 0.023471845184963147, 0.01925894989535437, 0.01925894989535437, 0.01925894989535437, 0.01925894989535437, 0.01925894989535437, 0.01925894989535437, 0.01925894989535437, 0.01925894989535437, 0.01925894989535437, 0.01925894989535437, 0.01645035303561504, 0.01645035303561504, 0.01645035303561504, 0.01645035303561504, 0.01645035303561504, 0.01645035303561504, 0.01645035303561504, 0.01645035303561504, 0.01645035303561504, 0.01645035303561504, 0.01645035303561504, 0.01645035303561504, 0.01645035303561504, 0.01645035303561504, 0.01645035303561504, 0.01645035303561504, 0.01645035303561504, 0.01645035303561504, 0.01645035303561504, 0.01645035303561504, 0.01645035303561504, 0.01645035303561504, 0.01645035303561504, 0.01645035303561504, 0.01645035303561504, 0.01645035303561504, 0.01645035303561504, 0.01645035303561504, 0.01645035303561504, 0.01645035303561504, 0.01645035303561504, 0.01645035303561504, 0.01645035303561504, 0.01645035303561504, 0.01645035303561504, 0.01645035303561504, 0.01645035303561504, 0.01645035303561504, 0.01645035303561504, 0.01645035303561504, 0.01645035303561504, 0.01645035303561504, 0.01645035303561504, 0.01645035303561504, 0.01645035303561504, 0.01645035303561504, 0.01645035303561504, 0.01645035303561504, 0.01645035303561504, 0.01645035303561504, 0.01645035303561504, 0.01645035303561504, 0.01645035303561504, 0.01645035303561504, 0.01645035303561504, 0.01645035303561504, 0.01645035303561504, 0.01645035303561504, 0.01645035303561504, 0.01645035303561504, 0.01645035303561504, 0.01645035303561504, 0.01645035303561504, 0.01645035303561504, 0.01645035303561504], "y_regret_test": [0.20221897390122023, 0.20221897390122023, 0.20221897390122023, 0.20221897390122023, 0.20221897390122023, 0.20221897390122023, 0.20221897390122023, 0.20221897390122023, 0.20221897390122023, 0.16129370537359233, 0.16129370537359233, 0.16129370537359233, 0.07864071207269663, 0.06800816681797017, 0.06800816681797017, 0.06800816681797017, 0.06800816681797017, 0.02668167016752232, 0.02668167016752232, 0.02668167016752232, 0.02668167016752232, 0.02668167016752232, 0.02668167016752232, 0.02668167016752232, 0.02668167016752232, 0.02668167016752232, 0.022468774877913544, 0.022468774877913544, 0.022468774877913544, 0.022468774877913544, 0.022468774877913544, 0.022468774877913544, 0.022468774877913544, 0.022468774877913544, 0.022468774877913544, 0.022468774877913544, 0.019660178018174213, 0.019660178018174213, 0.019660178018174213, 0.019660178018174213, 0.019660178018174213, 0.019660178018174213, 0.019660178018174213, 0.019660178018174213, 0.019660178018174213, 0.019660178018174213, 0.019660178018174213, 0.019660178018174213, 0.019660178018174213, 0.019660178018174213, 0.019660178018174213, 0.019660178018174213, 0.019660178018174213, 0.019660178018174213, 0.019660178018174213, 0.019660178018174213, 0.019660178018174213, 0.019660178018174213, 0.019660178018174213, 0.019660178018174213, 0.019660178018174213, 0.019660178018174213, 0.019660178018174213, 0.019660178018174213, 0.019660178018174213, 0.019660178018174213, 0.019660178018174213, 0.019660178018174213, 0.019660178018174213, 0.019660178018174213, 0.019660178018174213, 0.019660178018174213, 0.019660178018174213, 0.019660178018174213, 0.019660178018174213, 0.019660178018174213, 0.019660178018174213, 0.019660178018174213, 0.019660178018174213, 0.019660178018174213, 0.019660178018174213, 0.019660178018174213, 0.019660178018174213, 0.019660178018174213, 0.019660178018174213, 0.019660178018174213, 0.019660178018174213, 0.019660178018174213, 0.019660178018174213, 0.019660178018174213, 0.019660178018174213, 0.019660178018174213, 0.019660178018174213, 0.019660178018174213, 0.019660178018174213, 0.019660178018174213, 0.019660178018174213, 0.019660178018174213, 0.019660178018174213, 0.019660178018174213, 0.019660178018174213],