{"p_array": [0.001, 0.053526315789473686, 0.10605263157894737, 0.15857894736842104, 0.21110526315789474, 0.26363157894736844, 0.3161578947368421, 0.3686842105263158, 0.4212105263157895, 0.4737368421052632, 0.5262631578947369, 0.5787894736842105, 0.6313157894736842, 0.6838421052631579, 0.7363684210526316, 0.7888947368421053, 0.841421052631579, 0.8939473684210526, 0.9464736842105264, 0.999], "mean_sharpness": [-1.4190861212767616, -0.5615199103413588, -0.5615199103413588], "sharpness_error_true_minus_model": [], "posterior_variance": [1.0002952197129427, 0.1848022239448361, 0.1848022239448361], "bias_mse": [], "bias_nmse": [], "f_calibration": [], "f_calibration_mse": [], "f_calibration_nmse": [], "y_calibration": [[0.0, 0.0, 0.0, 0.0010000000474974513, 0.20160000026226044, 0.3384000062942505, 0.4163999855518341, 0.46219998598098755, 0.49380001425743103, 0.5198000073432922, 0.545799970626831, 0.5690000057220459, 0.592199981212616, 0.61080002784729, 0.6345999836921692, 0.6597999930381775, 0.6850000023841858, 0.7229999899864197, 0.9467999935150146, 1.0], [0.004999999888241291, 0.06199999898672104, 0.10400000214576721, 0.15600000321865082, 0.20800000429153442, 0.2596000134944916, 0.3158000111579895, 0.37119999527931213, 0.426800012588501, 0.48500001430511475, 0.5396000146865845, 0.5961999893188477, 0.6462000012397766, 0.6959999799728394, 0.7513999938964844, 0.803600013256073, 0.852400004863739, 0.8998000025749207, 0.9419999718666077, 0.9972000122070312], [0.004999999888241291, 0.06199999898672104, 0.10400000214576721, 0.15600000321865082, 0.20800000429153442, 0.2596000134944916, 0.3158000111579895, 0.37119999527931213, 0.426800012588501, 0.48500001430511475, 0.5396000146865845, 0.5961999893188477, 0.6462000012397766, 0.6959999799728394, 0.7513999938964844, 0.803600013256073, 0.852400004863739, 0.8998000025749207, 0.9419999718666077, 0.9972000122070312]], "y_calibration_mse": [0.007943319156691508, 8.79855976038108e-05, 8.79855976038108e-05], "y_calibration_nmse": [0.08658775551511763, 0.0009591047852776295, 0.0009591047852776295], "calibration_local_dist_to_nearest_train_sample": [[0.5146757253619179, 0.6854085733101861, 0.8561414212584544, 1.0268742692067225, 1.197607117154991, 1.3683399651032593, 1.5390728130515274, 1.7098056609997956, 1.8805385089480637, 2.0512713568963323, 2.2220042048446005, 2.3927370527928686, 2.563469900741137, 2.7342027486894054, 2.9049355966376735, 3.0756684445859417, 3.24640129253421, 3.417134140482478, 3.5878669884307466, 3.7585998363790147], [0.4260060456009153, 0.5080692137881812, 0.5901323819754469, 0.6721955501627128, 0.7542587183499787, 0.8363218865372445, 0.9183850547245103, 1.0004482229117762, 1.082511391099042, 1.164574559286308, 1.2466377274735736, 1.3287008956608395, 1.4107640638481054, 1.492827232035371, 1.574890400222637, 1.6569535684099028, 1.7390167365971687, 1.8210799047844346, 1.9031430729717003, 1.9852062411589662], [0.4260060456009153, 0.5080692137881812, 0.5901323819754469, 0.6721955501627128, 0.7542587183499787, 0.8363218865372445, 0.9183850547245103, 1.0004482229117762, 1.082511391099042, 1.164574559286308, 1.2466377274735736, 1.3287008956608395, 1.4107640638481054, 1.492827232035371, 1.574890400222637, 1.6569535684099028, 1.7390167365971687, 1.8210799047844346, 1.9031430729717003, 1.9852062411589662]], "calibration_local_y": [[0.01618724580464949, 0.03840906072403975, 0.031390476766038566, 0.008139336198151144, 0.013180506405764195, 0.011002373232989124, 0.007866035149496095, 0.007353176357845935, 0.011753590676366754, 0.01105441683237467, 0.013852672789310108, 0.012861182533407933, 0.014028078292495388, 0.014609394412904892, 0.01564210990880261, 0.04724418096701805, 0.10555030224768688, 0.10400969859552929, 0.14198721052631583, 0.25701352631578944], [0.009521340567678971, 0.0027701889460779268, NaN, 0.002447649602860288, 0.0012931815160359373, 0.0014894376491899788, 0.001172936856034369, 0.00035284339783116074, 5.4306181937921676e-05, 9.795220789338195e-05, 0.0009366684869214553, 0.0008729955156086752, 0.001782132544258546, 0.0016218546499182078, 0.004654185027116018, 0.03389305691088811, 0.006572914612144045, 0.0034289003406706453, 0.08536984099624031, 0.0731834069855932], [0.009521340567678971, 0.0027701889460779268, NaN, 0.002447649602860288, 0.0012931815160359373, 0.0014894376491899788, 0.001172936856034369, 0.00035284339783116074, 5.4306181937921676e-05, 9.795220789338195e-05, 0.0009366684869214553, 0.0008729955156086752, 0.001782132544258546, 0.0016218546499182078, 0.004654185027116018, 0.03389305691088811, 0.006572914612144045, 0.0034289003406706453, 0.08536984099624031, 0.0731834069855932]], "elpd": [-1.432820629037725, -0.6112624304692683, -0.6112624304692683], "expected_improvement": [null, null, null], "actual_improvement": [null, null, null], "mse": [1.0277723446297466, 0.2072060822647063, 0.2072060822647063], "nmse": [1.0344869805398687, 0.20855979975675606, 0.20855979975675606], "y_regret_pool": [0.10187146457895446, 0.10187146457895446, 0.10187146457895446, 0.034421412836248555, 0.034421412836248555, 0.034421412836248555, 0.034421412836248555, 0.034421412836248555, 0.034421412836248555, 0.034421412836248555, 0.034421412836248555, 0.014524642410671307, 0.014524642410671307, 0.014524642410671307, 0.014524642410671307, 0.014524642410671307, 0.014524642410671307, 0.014524642410671307, 0.014524642410671307, 0.014524642410671307, 0.014524642410671307, 0.014524642410671307, 0.014524642410671307, 0.014524642410671307, 0.014524642410671307, 0.014524642410671307, 0.014524642410671307, 0.014524642410671307, 0.014524642410671307, 0.014524642410671307, 0.014524642410671307, 0.014524642410671307, 0.014524642410671307, 0.014524642410671307, 0.014524642410671307, 0.014524642410671307, 0.014524642410671307, 0.014524642410671307, 0.014524642410671307, 0.014524642410671307, 0.014524642410671307, 0.014524642410671307, 0.014524642410671307, 0.014524642410671307, 0.014524642410671307, 0.014524642410671307, 0.014524642410671307, 0.014524642410671307, 0.014524642410671307, 0.014524642410671307, 0.014524642410671307, 0.014524642410671307, 0.014524642410671307, 0.014524642410671307, 0.014524642410671307, 0.014524642410671307, 0.014524642410671307, 0.014524642410671307, 0.014524642410671307, 0.014524642410671307, 0.014524642410671307, 0.014524642410671307, 0.014524642410671307, 0.014524642410671307, 0.014524642410671307, 0.014524642410671307, 0.014524642410671307, 0.014524642410671307, 0.014524642410671307, 0.014524642410671307, 0.014524642410671307, 0.014524642410671307, 0.014524642410671307, 0.014524642410671307, 0.014524642410671307, 0.014524642410671307, 0.014524642410671307, 0.014524642410671307, 0.014524642410671307, 0.014524642410671307, 0.014524642410671307, 0.014524642410671307, 0.014524642410671307, 0.014524642410671307, 0.014524642410671307, 0.014524642410671307, 0.014524642410671307, 0.014524642410671307, 0.014524642410671307, 0.014524642410671307, 0.014524642410671307, 0.014524642410671307, 0.014524642410671307, 0.014524642410671307, 0.014524642410671307, 0.014524642410671307, 0.014524642410671307, 0.014524642410671307, 0.014524642410671307, 0.014524642410671307, 0.014524642410671307, 0.014524642410671307],