{"p_array": [0.001, 0.053526315789473686, 0.10605263157894737, 0.15857894736842104, 0.21110526315789474, 0.26363157894736844, 0.3161578947368421, 0.3686842105263158, 0.4212105263157895, 0.4737368421052632, 0.5262631578947369, 0.5787894736842105, 0.6313157894736842, 0.6838421052631579, 0.7363684210526316, 0.7888947368421053, 0.841421052631579, 0.8939473684210526, 0.9464736842105264, 0.999], "mean_sharpness": [-1.4190861212767616, 0.3087977365192016], "sharpness_error_true_minus_model": [], "posterior_variance": [1.0002952197129427, 0.03686318385480414], "bias_mse": [], "bias_nmse": [], "f_calibration": [], "f_calibration_mse": [], "f_calibration_nmse": [], "y_calibration": [[0.0, 0.0, 0.0, 0.0010000000474974513, 0.20160000026226044, 0.3384000062942505, 0.4163999855518341, 0.46219998598098755, 0.49380001425743103, 0.5198000073432922, 0.545799970626831, 0.5690000057220459, 0.592199981212616, 0.61080002784729, 0.6345999836921692, 0.6597999930381775, 0.6850000023841858, 0.7229999899864197, 0.9467999935150146, 1.0], [0.10239999741315842, 0.18240000307559967, 0.22619999945163727, 0.2671999931335449, 0.3041999936103821, 0.3425999879837036, 0.38040000200271606, 0.4205999970436096, 0.4708000123500824, 0.5149999856948853, 0.5396000146865845, 0.5580000281333923, 0.574400007724762, 0.5881999731063843, 0.6046000123023987, 0.6197999715805054, 0.6376000046730042, 0.6553999781608582, 0.6776000261306763, 0.7657999992370605]], "y_calibration_mse": [0.007943319156691508, 0.01815435095869003], "y_calibration_nmse": [0.08658775551511763, 0.1978951709402834], "calibration_local_dist_to_nearest_train_sample": [[0.5146757253619179, 0.6854085733101861, 0.8561414212584544, 1.0268742692067225, 1.197607117154991, 1.3683399651032593, 1.5390728130515274, 1.7098056609997956, 1.8805385089480637, 2.0512713568963323, 2.2220042048446005, 2.3927370527928686, 2.563469900741137, 2.7342027486894054, 2.9049355966376735, 3.0756684445859417, 3.24640129253421, 3.417134140482478, 3.5878669884307466, 3.7585998363790147], [0.4657235171795734, 0.5875041569454973, 0.7092847967114211, 0.831065436477345, 0.9528460762432689, 1.0746267160091927, 1.1964073557751167, 1.3181879955410405, 1.4399686353069643, 1.5617492750728883, 1.683529914838812, 1.8053105546047359, 1.92709119437066, 2.048871834136584, 2.170652473902508, 2.2924331136684315, 2.4142137534343555, 2.535994393200279, 2.657775032966203, 2.779555672732127]], "calibration_local_y": [[0.01618724580464949, 0.03840906072403975, 0.031390476766038566, 0.008139336198151144, 0.013180506405764195, 0.011002373232989124, 0.007866035149496095, 0.007353176357845935, 0.011753590676366754, 0.01105441683237467, 0.013852672789310108, 0.012861182533407933, 0.014028078292495388, 0.014609394412904892, 0.01564210990880261, 0.04724418096701805, 0.10555030224768688, 0.10400969859552929, 0.14198721052631583, 0.25701352631578944], [0.032854777177340824, 0.0273301767523521, 0.017640311202793586, 0.00956992416003246, 0.009394441666823438, 0.013640127071533028, 0.017300259989878698, 0.02798074965420046, 0.03592303584870456, 0.04791874495868402, 0.05650408518117276, 0.03854991913205662, 0.053264547437682094, 0.05790475589201274, 0.03595471669407895, 0.020017058227150008, 0.0063669184513941894, 0.11957909602679155, 0.10274247368421055, 0.2918372105263158]], "elpd": [-1.432820629037725, -8.643765440900927], "expected_improvement": [null, null], "actual_improvement": [null, [[0.00795870817023081]]], "mse": [1.0277723446297466, 0.5373826392679754], "nmse": [1.0344869805398687, 0.5408934641952649], "y_regret_pool": [0.10187146457895446, 0.10187146457895446, 0.10187146457895446, 0.10187146457895446, 0.10187146457895446, 0.10187146457895446, 0.10187146457895446, 0.10187146457895446, 0.10187146457895446, 0.10187146457895446, 0.10187146457895446, 0.10187146457895446, 0.10187146457895446, 0.10187146457895446, 0.10187146457895446, 0.09172411166191052, 0.09172411166191052, 0.09172411166191052, 0.09172411166191052, 0.09172411166191052, 0.07879121088528529, 0.07879121088528529, 0.07879121088528529, 0.077199469251239, 0.077199469251239, 0.077199469251239, 0.0762046307299602, 0.0762046307299602, 0.0762046307299602, 0.04854811983840812, 0.04854811983840812, 0.04854811983840812, 0.04854811983840812, 0.04854811983840812, 0.04854811983840812, 0.041982185597967625, 0.041982185597967625, 0.041982185597967625, 0.041982185597967625, 0.040390443963921774, 0.033227606610713556, 0.008157675874486348, 0.008157675874486348, 0.008157675874486348, 0.008157675874486348, 0.008157675874486348, 0.008157675874486348, 0.008157675874486348, 0.008157675874486348, 0.008157675874486348, 0.008157675874486348, 0.008157675874486348, 0.008157675874486348, 0.008157675874486348, 0.008157675874486348, 0.008157675874486348, 0.008157675874486348, 0.008157675874486348, 0.008157675874486348, 0.008157675874486348, 0.008157675874486348, 0.008157675874486348, 0.008157675874486348, 0.008157675874486348, 0.008157675874486348, 0.0067649019446964775, 0.0067649019446964775, 0.0067649019446964775, 0.0067649019446964775, 0.0067649019446964775, 0.0067649019446964775, 0.0067649019446964775, 0.0067649019446964775, 0.0067649019446964775, 0.0067649019446964775, 0.0067649019446964775, 0.0067649019446964775, 0.0067649019446964775, 0.0067649019446964775, 0.0067649019446964775, 0.0067649019446964775, 0.0067649019446964775, 0.006167998831928756, 0.006167998831928756, 0.006167998831928756, 0.006167998831928756, 0.006167998831928756, 0.006167998831928756, 0.006167998831928756, 0.006167998831928756, 0.0, 0.0, 0.0, 0.0, 0.0, 0.0, 0.0, 0.0, 0.0, 0.0, 0.0], "y_regret_test": [0.10505494784704683, 0.10505494784704683, 0.10505494784704683, 0.10505494784704683, 0.10505494784704683, 0.10505494784704683, 0.10505494784704683, 0.10505494784704683, 0.10505494784704683, 0.10505494784704683, 0.10505494784704683, 0.10505494784704683, 0.10505494784704683, 0.10505494784704683, 0.10505494784704683, 0.09490759493000289, 0.09490759493000289, 0.09490759493000289, 0.09490759493000289, 0.09490759493000289, 0.08197469415337766, 0.08197469415337766, 0.08197469415337766, 0.08038295251933136, 0.08038295251933136, 0.08038295251933136, 0.07938811399805257, 0.07938811399805257, 0.07938811399805257, 0.05173160310650049, 0.05173160310650049, 0.05173160310650049, 0.05173160310650049, 0.05173160310650049, 0.05173160310650049, 0.045165668866059994, 0.045165668866059994, 0.045165668866059994, 0.045165668866059994, 0.04357392723201414, 0.036411089878805925, 0.011341159142578716, 0.011341159142578716, 0.011341159142578716, 0.011341159142578716, 0.011341159142578716, 0.011341159142578716, 0.011341159142578716, 0.011341159142578716, 0.011341159142578716, 0.011341159142578716, 0.011341159142578716, 0.011341159142578716, 0.011341159142578716, 0.011341159142578716, 0.011341159142578716, 0.011341159142578716, 0.011341159142578716, 0.011341159142578716, 0.011341159142578716, 0.011341159142578716, 0.011341159142578716, 0.011341159142578716, 0.011341159142578716, 0.011341159142578716, 0.009948385212788846, 0.009948385212788846, 0.009948385212788846, 0.009948385212788846, 0.009948385212788846, 0.009948385212788846, 0.009948385212788846, 0.009948385212788846, 0.009948385212788846, 0.009948385212788846, 0.009948385212788846, 0.009948385212788846, 0.009948385212788846, 0.009948385212788846, 0.009948385212788846, 0.009948385212788846, 0.009948385212788846, 0.009351482100021125, 0.009351482100021125, 0.009351482100021125, 0.009351482100021125, 0.009351482100021125, 0.009351482100021125, 0.009351482100021125, 0.009351482100021125, 0.0031834832680923686, 0.0031834832680923686, 0.0031834832680923686, 0.0031834832680923686, 0.0031834832680923686, 0.0031834832680923686, 0.0031834832680923686, 0.0031834832680923686, 0.0031834832680923686, 0.0031834832680923686, 0.0031834832680923686], "f_regret_pool": [], "f_regret_test": [],