{"p_array": [0.001, 0.053526315789473686, 0.10605263157894737, 0.15857894736842104, 0.21110526315789474, 0.26363157894736844, 0.3161578947368421, 0.3686842105263158, 0.4212105263157895, 0.4737368421052632, 0.5262631578947369, 0.5787894736842105, 0.6313157894736842, 0.6838421052631579, 0.7363684210526316, 0.7888947368421053, 0.841421052631579, 0.8939473684210526, 0.9464736842105264, 0.999], "mean_sharpness": [0.8338630994258729, -0.12013583769932015], "sharpness_error_true_minus_model": [], "posterior_variance": [0.014091584571173207, 0.0941550400003206], "bias_mse": [], "bias_nmse": [], "f_calibration": [], "f_calibration_mse": [], "f_calibration_nmse": [], "y_calibration": [[0.5162000060081482, 0.5461999773979187, 0.5523999929428101, 0.5551999807357788, 0.5595999956130981, 0.5613999962806702, 0.5649999976158142, 0.5680000185966492, 0.5708000063896179, 0.5730000138282776, 0.5763999819755554, 0.5789999961853027, 0.58160001039505, 0.5852000117301941, 0.5884000062942505, 0.5911999940872192, 0.59579998254776, 0.6000000238418579, 0.6068000197410583, 0.6323999762535095], [0.444599986076355, 0.5333999991416931, 0.5511999726295471, 0.5609999895095825, 0.5720000267028809, 0.5813999772071838, 0.5888000130653381, 0.5960000157356262, 0.603600025177002, 0.609000027179718, 0.6169999837875366, 0.6244000196456909, 0.6313999891281128, 0.6367999911308289, 0.6466000080108643, 0.6539999842643738, 0.6705999970436096, 0.7092000246047974, 0.7674000263214111, 0.9509999752044678]], "y_calibration_mse": [0.08404443167018619, 0.06662064042781415], "y_calibration_nmse": [0.9161433096559781, 0.7262117525222038], "calibration_local_dist_to_nearest_train_sample": [[0.5069666794009249, 0.6694584842080392, 0.8319502890151536, 0.994442093822268, 1.1569338986293825, 1.319425703436497, 1.4819175082436111, 1.6444093130507256, 1.80690111785784, 1.9693929226649545, 2.1318847274720687, 2.294376532279183, 2.4568683370862976, 2.619360141893412, 2.7818519467005265, 2.944343751507641, 3.1068355563147554, 3.26932736112187, 3.4318191659289843, 3.5943109707360987], [0.45321117126507526, 0.563503023037923, 0.6737948748107707, 0.7840867265836184, 0.8943785783564662, 1.0046704301293141, 1.1149622819021618, 1.2252541336750096, 1.3355459854478573, 1.445837837220705, 1.5561296889935528, 1.6664215407664007, 1.7767133925392484, 1.8870052443120962, 1.9972970960849439, 2.1075889478577916, 2.217880799630639, 2.328172651403487, 2.438464503176335, 2.5487563549491825]], "calibration_local_y": [[0.1268934605263158, 0.07624449577767989, 0.08804437997829058, 0.08772428025424439, 0.1006525241263762, 0.10209801931859838, 0.1292547145442709, 0.10823054531848471, 0.11649964337705025, 0.09955185534385243, 0.08179010280286585, 0.0770524027449575, 0.07384128352828045, 0.09463458174088156, 0.12942885606668436, 0.21812297645606105, 0.33803859886670956, 0.33686721045560974, 0.3417372105263158, 0.3417372105263158], [0.090376317317343, 0.09461629714574983, 0.05413003731600321, 0.05287857683150464, 0.04744016322047829, 0.05711107836767439, 0.06283472302540616, 0.07562166628940506, 0.07722813610529601, 0.08647706748663185, 0.084219181615838, 0.09563324696953046, 0.09181846220767687, 0.09727184717334382, 0.08229323246190823, 0.04802562777991999, 0.0530924176300684, 0.08225627422961232, 0.04268931377675038, 0.05847404752601557]], "elpd": [-63.7161984485475, -11.656602649080384], "expected_improvement": [null, null], "actual_improvement": [null, [[1.2850993720722876]]], "mse": [0.9762852427490912, 0.894013402309468], "nmse": [0.9670219459906916, 0.8855307262544049], "y_regret_pool": [0.07383119172368935, 0.07383119172368935, 0.07383119172368935, 0.07383119172368935, 0.07383119172368935, 0.07383119172368935, 0.07383119172368935, 0.07383119172368935, 0.07383119172368935, 0.07383119172368935, 0.07383119172368935, 0.07383119172368935, 0.07383119172368935, 0.07383119172368935, 0.07383119172368935, 0.07383119172368935, 0.07383119172368935, 0.07383119172368935, 0.07383119172368935, 0.07383119172368935, 0.07383119172368935, 0.07383119172368935, 0.07383119172368935, 0.07383119172368935, 0.07383119172368935, 0.07383119172368935, 0.07383119172368935, 0.07383119172368935, 0.07383119172368935, 0.07383119172368935, 0.07383119172368935, 0.07383119172368935, 0.07383119172368935, 0.07383119172368935, 0.07383119172368935, 0.07383119172368935, 0.07383119172368935, 0.07383119172368935, 0.07383119172368935, 0.07383119172368935, 0.07383119172368935, 0.07383119172368935, 0.07383119172368935, 0.07383119172368935, 0.07383119172368935, 0.07383119172368935, 0.07383119172368935, 0.07383119172368935, 0.07383119172368935, 0.07383119172368935, 0.07383119172368935, 0.07383119172368935, 0.07383119172368935, 0.07383119172368935, 0.07383119172368935, 0.07383119172368935, 0.07383119172368935, 0.07383119172368935, 0.07383119172368935, 0.07383119172368935, 0.07383119172368935, 0.07383119172368935, 0.07383119172368935, 0.07383119172368935, 0.07383119172368935, 0.07383119172368935, 0.07383119172368935, 0.07383119172368935, 0.07383119172368935, 0.07383119172368935, 0.07383119172368935, 0.07383119172368935, 0.07383119172368935, 0.07383119172368935, 0.07383119172368935, 0.07383119172368935, 0.07383119172368935, 0.07383119172368935, 0.07383119172368935, 0.07383119172368935, 0.07383119172368935, 0.07383119172368935, 0.07383119172368935, 0.07383119172368935, 0.07383119172368935, 0.07383119172368935, 0.07383119172368935, 0.07383119172368935, 0.07383119172368935, 0.07383119172368935, 0.07383119172368935, 0.07383119172368935, 0.07383119172368935, 0.07383119172368935, 0.07383119172368935, 0.07383119172368935, 0.07383119172368935, 0.07383119172368935, 0.07383119172368935, 0.07383119172368935, 0.07383119172368935], "y_regret_test": [0.07621284306961496, 0.07621284306961496, 0.07621284306961496, 0.07621284306961496, 0.07621284306961496, 0.07621284306961496, 0.07621284306961496, 0.07621284306961496, 0.07621284306961496, 0.07621284306961496, 0.07621284306961496, 0.07621284306961496, 0.07621284306961496, 0.07621284306961496, 0.07621284306961496, 0.07621284306961496, 0.07621284306961496, 0.07621284306961496, 0.07621284306961496, 0.07621284306961496, 0.07621284306961496, 0.07621284306961496, 0.07621284306961496, 0.07621284306961496, 0.07621284306961496, 0.07621284306961496, 0.07621284306961496, 0.07621284306961496, 0.07621284306961496, 0.07621284306961496, 0.07621284306961496, 0.07621284306961496, 0.07621284306961496, 0.07621284306961496, 0.07621284306961496, 0.07621284306961496, 0.07621284306961496, 0.07621284306961496, 0.07621284306961496, 0.07621284306961496, 0.07621284306961496, 0.07621284306961496, 0.07621284306961496, 0.07621284306961496, 0.07621284306961496, 0.07621284306961496, 0.07621284306961496, 0.07621284306961496, 0.07621284306961496, 0.07621284306961496, 0.07621284306961496, 0.07621284306961496, 0.07621284306961496, 0.07621284306961496, 0.07621284306961496, 0.07621284306961496, 0.07621284306961496, 0.07621284306961496, 0.07621284306961496, 0.07621284306961496, 0.07621284306961496, 0.07621284306961496, 0.07621284306961496, 0.07621284306961496, 0.07621284306961496, 0.07621284306961496, 0.07621284306961496, 0.07621284306961496, 0.07621284306961496, 0.07621284306961496, 0.07621284306961496, 0.07621284306961496, 0.07621284306961496, 0.07621284306961496, 0.07621284306961496, 0.07621284306961496, 0.07621284306961496, 0.07621284306961496, 0.07621284306961496, 0.07621284306961496, 0.07621284306961496, 0.07621284306961496, 0.07621284306961496, 0.07621284306961496, 0.07621284306961496, 0.07621284306961496, 0.07621284306961496, 0.07621284306961496, 0.07621284306961496, 0.07621284306961496, 0.07621284306961496, 0.07621284306961496, 0.07621284306961496, 0.07621284306961496, 0.07621284306961496, 0.07621284306961496, 0.07621284306961496, 0.07621284306961496, 0.07621284306961496, 0.07621284306961496, 0.07621284306961496], "f_regret_pool": [], "f_regret_test": [],