{"p_array": [0.001, 0.053526315789473686, 0.10605263157894737, 0.15857894736842104, 0.21110526315789474, 0.26363157894736844, 0.3161578947368421, 0.3686842105263158, 0.4212105263157895, 0.4737368421052632, 0.5262631578947369, 0.5787894736842105, 0.6313157894736842, 0.6838421052631579, 0.7363684210526316, 0.7888947368421053, 0.841421052631579, 0.8939473684210526, 0.9464736842105264, 0.999], "mean_sharpness": [1.1177799310273946, 1.9279325433118144, 1.9211530169516715], "sharpness_error_true_minus_model": [], "posterior_variance": [0.006592985346706617, 0.0012939103613368488, 0.0013096939453371861], "bias_mse": [], "bias_nmse": [], "f_calibration": [], "f_calibration_mse": [], "f_calibration_nmse": [], "y_calibration": [[0.524399995803833, 0.5432000160217285, 0.550599992275238, 0.5541999936103821, 0.5565999746322632, 0.5583999752998352, 0.5601999759674072, 0.5619999766349792, 0.5641999840736389, 0.5655999779701233, 0.5673999786376953, 0.5684000253677368, 0.5702000260353088, 0.5722000002861023, 0.5745999813079834, 0.576200008392334, 0.5785999894142151, 0.5830000042915344, 0.5863999724388123, 0.6039999723434448], [0.5523999929428101, 0.5609999895095825, 0.5636000037193298, 0.5649999976158142, 0.5658000111579895, 0.5663999915122986, 0.5673999786376953, 0.567799985408783, 0.5685999989509583, 0.5694000124931335, 0.5703999996185303, 0.5709999799728394, 0.5716000199317932, 0.5727999806404114, 0.5741999745368958, 0.5752000212669373, 0.5758000016212463, 0.5771999955177307, 0.5789999961853027, 0.5863999724388123], [0.5519999861717224, 0.5605999827384949, 0.5627999901771545, 0.5649999976158142, 0.5655999779701233, 0.5669999718666077, 0.5672000050544739, 0.567799985408783, 0.5685999989509583, 0.569599986076355, 0.5703999996185303, 0.5709999799728394, 0.5717999935150146, 0.5730000138282776, 0.574400007724762, 0.5753999948501587, 0.576200008392334, 0.5771999955177307, 0.5795999765396118, 0.5879999995231628]], "y_calibration_mse": [0.08703911139391604, 0.09266246180145013, 0.09248207255396941], "y_calibration_nmse": [0.9487874210972215, 1.0100858884832662, 1.008119519041185], "calibration_local_dist_to_nearest_train_sample": [[0.48660499529629103, 0.6296100263009582, 0.7726150573056254, 0.9156200883102925, 1.0586251193149596, 1.2016301503196267, 1.344635181324294, 1.4876402123289612, 1.6306452433336283, 1.7736502743382954, 1.9166553053429627, 2.05966033634763, 2.2026653673522967, 2.3456703983569644, 2.4886754293616313, 2.631680460366298, 2.774685491370966, 2.917690522375633, 3.0606955533802997, 3.2037005843849666], [0.4391399053937608, 0.5346798464958977, 0.6302197875980347, 0.7257597287001716, 0.8212996698023085, 0.9168396109044453, 1.0123795520065824, 1.107919493108719, 1.2034594342108562, 1.298999375312993, 1.3945393164151298, 1.4900792575172668, 1.5856191986194037, 1.6811591397215406, 1.7766990808236776, 1.8722390219258145, 1.9677789630279514, 2.0633189041300883, 2.158858845232225, 2.254398786334362], [0.4391399053937608, 0.5346798464958977, 0.6302197875980347, 0.7257597287001716, 0.8212996698023085, 0.9168396109044453, 1.0123795520065824, 1.107919493108719, 1.2034594342108562, 1.298999375312993, 1.3945393164151298, 1.4900792575172668, 1.5856191986194037, 1.6811591397215406, 1.7766990808236776, 1.8722390219258145, 1.9677789630279514, 2.0633189041300883, 2.158858845232225, 2.254398786334362]], "calibration_local_y": [[0.10736221052631581, 0.07978420105600349, 0.09044738201578152, 0.11392726563234815, 0.10631923458053631, 0.10663762039453997, 0.10044307157021863, 0.0953452840773851, 0.08900969114594948, 0.09600415417514506, 0.08498036266581246, 0.08709789881401772, 0.0836296330284586, 0.08599076012388158, 0.08446264606305703, 0.11291149526220239, 0.10311166405696182, 0.089448436034439, 0.11033224889302776, 0.12848618531243697], [0.08443708462824814, 0.09036528504881136, 0.09465030245541219, 0.09568097719554726, 0.10131632881546601, 0.10273888426880125, 0.09857109637851787, 0.10149705158338307, 0.09087669613003248, 0.08972203867815218, 0.0889799299140426, 0.09143356692801594, 0.10928779649753129, 0.11281317813530538, 0.11133720652088389, 0.09796989701159577, 0.20681615282122762, 0.15423721052631578, 0.3417372105263158, 0.3417372105263158], [0.08465965236189191, 0.09081745201786251, 0.09434124144262347, 0.09526339159574808, 0.10095293044675738, 0.10263154891182906, 0.0984510678627597, 0.10148759634369364, 0.09076168315279944, 0.08945507813904001, 0.08868109735866872, 0.0912298791993388, 0.10928779649753129, 0.11146602969643786, 0.11133720652088389, 0.09796989701159577, 0.19685095375591677, 0.15423721052631578, 0.3417372105263158, 0.3417372105263158]], "elpd": [-80.45413647354965, -407.4798635256853, -419.4016084546182], "expected_improvement": [null, null, null], "actual_improvement": [null, null, null], "mse": [1.0121002912541777, 1.00780845189153, 1.0071199921257146], "nmse": [1.0062818161857636, 1.0020146502280591, 1.0013301483565529], "y_regret_pool": [0.009952228285151188, 0.009952228285151188, 0.009952228285151188, 0.009952228285151188, 0.009952228285151188, 0.009952228285151188, 0.009952228285151188, 0.009952228285151188, 0.009952228285151188, 0.009952228285151188, 0.009952228285151188, 0.009952228285151188, 0.009952228285151188, 0.009952228285151188, 0.009952228285151188, 0.009952228285151188, 0.009952228285151188, 0.009952228285151188, 0.009952228285151188, 0.009952228285151188, 0.009952228285151188, 0.009952228285151188, 0.009952228285151188, 0.009952228285151188, 0.009952228285151188, 0.009952228285151188, 0.009952228285151188, 0.009952228285151188, 0.009952228285151188, 0.009952228285151188, 0.009952228285151188, 0.009952228285151188, 0.009952228285151188, 0.009952228285151188, 0.009952228285151188, 0.009952228285151188, 0.009952228285151188, 0.009952228285151188, 0.009952228285151188, 0.009952228285151188, 0.009952228285151188, 0.009952228285151188, 0.009952228285151188, 0.009952228285151188, 0.009952228285151188, 0.009952228285151188, 0.009952228285151188, 0.009952228285151188, 0.009952228285151188, 0.009952228285151188, 0.009952228285151188, 0.009952228285151188, 0.009952228285151188, 0.009952228285151188, 0.009952228285151188, 0.009952228285151188, 0.009952228285151188, 0.009952228285151188, 0.009952228285151188, 0.009952228285151188, 0.009952228285151188, 0.009952228285151188, 0.009952228285151188, 0.009952228285151188, 0.009952228285151188, 0.009952228285151188, 0.009952228285151188, 0.009952228285151188, 0.009952228285151188, 0.009952228285151188, 0.009952228285151188, 0.009952228285151188, 0.009952228285151188, 0.009952228285151188, 0.009952228285151188, 0.009952228285151188, 0.009952228285151188, 0.009952228285151188, 0.009952228285151188, 0.009952228285151188, 0.009952228285151188, 0.009952228285151188, 0.009952228285151188, 0.009952228285151188, 0.009952228285151188, 0.009952228285151188, 0.009952228285151188, 0.009952228285151188, 0.009952228285151188, 0.009952228285151188, 0.009952228285151188, 0.009952228285151188, 0.009952228285151188, 0.009952228285151188, 0.009952228285151188, 0.009952228285151188, 0.009952228285151188, 0.009952228285151188, 0.009952228285151188, 0.009952228285151188, 0.009952228285151188, 0.009952228285151188],