{"p_array": [0.001, 0.053526315789473686, 0.10605263157894737, 0.15857894736842104, 0.21110526315789474, 0.26363157894736844, 0.3161578947368421, 0.3686842105263158, 0.4212105263157895, 0.4737368421052632, 0.5262631578947369, 0.5787894736842105, 0.6313157894736842, 0.6838421052631579, 0.7363684210526316, 0.7888947368421053, 0.841421052631579, 0.8939473684210526, 0.9464736842105264, 0.999], "mean_sharpness": [-0.22770769029817278, 1.3472848896012686, 1.3472848896012686], "sharpness_error_true_minus_model": [], "posterior_variance": [0.23013369196835218, 0.049708316216724405, 0.049708316216724405], "bias_mse": [], "bias_nmse": [], "f_calibration": [], "f_calibration_mse": [], "f_calibration_nmse": [], "y_calibration": [[0.008999999612569809, 0.05400000140070915, 0.11420000344514847, 0.1850000023841858, 0.23499999940395355, 0.2786000072956085, 0.3172000050544739, 0.3522000014781952, 0.376800000667572, 0.40119999647140503, 0.4214000105857849, 0.4375999867916107, 0.45680001378059387, 0.48339998722076416, 0.5333999991416931, 0.5651999711990356, 0.6200000047683716, 0.6642000079154968, 0.7117999792098999, 0.8561999797821045], [0.1128000020980835, 0.19760000705718994, 0.24699999392032623, 0.28999999165534973, 0.33180001378059387, 0.36559998989105225, 0.4113999903202057, 0.4490000009536743, 0.48179998993873596, 0.5095999836921692, 0.5375999808311462, 0.5636000037193298, 0.5907999873161316, 0.6222000122070312, 0.675000011920929, 0.7113999724388123, 0.7577999830245972, 0.8041999936103821, 0.8398000001907349, 0.907800018787384], [0.1128000020980835, 0.19760000705718994, 0.24699999392032623, 0.28999999165534973, 0.33180001378059387, 0.36559998989105225, 0.4113999903202057, 0.4490000009536743, 0.48179998993873596, 0.5095999836921692, 0.5375999808311462, 0.5636000037193298, 0.5907999873161316, 0.6222000122070312, 0.675000011920929, 0.7113999724388123, 0.7577999830245972, 0.8041999936103821, 0.8398000001907349, 0.907800018787384]], "y_calibration_mse": [0.018960209702116912, 0.008307682851519192, 0.008307682851519192], "y_calibration_nmse": [0.2066795970069089, 0.09055957559485685, 0.09055957559485685], "calibration_local_dist_to_nearest_train_sample": [[0.5146757253619179, 0.6854085733101861, 0.8561414212584544, 1.0268742692067225, 1.197607117154991, 1.3683399651032593, 1.5390728130515274, 1.7098056609997956, 1.8805385089480637, 2.0512713568963323, 2.2220042048446005, 2.3927370527928686, 2.563469900741137, 2.7342027486894054, 2.9049355966376735, 3.0756684445859417, 3.24640129253421, 3.417134140482478, 3.5878669884307466, 3.7585998363790147], [0.42789409969834963, 0.5118453219830498, 0.59579654426775, 0.6797477665524501, 0.7636989888371503, 0.8476502111218505, 0.9316014334065505, 1.0155526556912506, 1.099503877975951, 1.183455100260651, 1.2674063225453511, 1.3513575448300514, 1.4353087671147515, 1.5192599893994516, 1.603211211684152, 1.687162433968852, 1.771113656253552, 1.8550648785382524, 1.9390161008229525, 2.0229673231076526], [0.42789409969834963, 0.5118453219830498, 0.59579654426775, 0.6797477665524501, 0.7636989888371503, 0.8476502111218505, 0.9316014334065505, 1.0155526556912506, 1.099503877975951, 1.183455100260651, 1.2674063225453511, 1.3513575448300514, 1.4353087671147515, 1.5192599893994516, 1.603211211684152, 1.687162433968852, 1.771113656253552, 1.8550648785382524, 1.9390161008229525, 2.0229673231076526]], "calibration_local_y": [[0.00477843846447224, 0.015952486974491635, 0.011448376184845328, 0.005807529302343064, 0.006055471167662295, 0.00570401389026405, 0.008699272455422104, 0.013615928555392948, 0.02664332927927552, 0.027941073457892866, 0.03671678972185162, 0.04176371464569288, 0.061511753732629, 0.09110786743863955, 0.07741708973005602, 0.17285150708832356, 0.25555010736811967, 0.25315495557639206, 0.23416615789473685, 0.2918372105263158], [0.01155879039817594, 0.008926451611635529, NaN, 0.006537540394578406, 0.007245072018555766, 0.007029262562838319, 0.006651592349548601, 0.0068673561999232895, 0.009045226036032791, 0.008638293043330197, 0.01313093265330829, 0.008085713202235183, 0.02307513216242393, 0.024199721646508042, 0.014274083375229776, 0.014776971669930458, 0.012635546728579005, 0.042672096985386945, 0.03578618968811254, 0.04398194736842105], [0.01155879039817594, 0.008926451611635529, NaN, 0.006537540394578406, 0.007245072018555766, 0.007029262562838319, 0.006651592349548601, 0.0068673561999232895, 0.009045226036032791, 0.008638293043330197, 0.01313093265330829, 0.008085713202235183, 0.02307513216242393, 0.024199721646508042, 0.014274083375229776, 0.014776971669930458, 0.012635546728579005, 0.042672096985386945, 0.03578618968811254, 0.04398194736842105]], "elpd": [-3307082310479.652, -80289515673048.02, -80289515673048.02], "expected_improvement": [null, null, null], "actual_improvement": [null, null, null], "mse": [0.8110626417783682, 0.220212209438284, 0.220212209438284], "nmse": [0.8163614712013425, 0.22165089847975097, 0.22165089847975097], "y_regret_pool": [0.10187146457895446, 0.10187146457895446, 0.10187146457895446, 0.10187146457895446, 0.10187146457895446, 0.10187146457895446, 0.10187146457895446, 0.10187146457895446, 0.10187146457895446, 0.10187146457895446, 0.10187146457895446, 0.10187146457895446, 0.10187146457895446, 0.10187146457895446, 0.10187146457895446, 0.10187146457895446, 0.10187146457895446, 0.10187146457895446, 0.10187146457895446, 0.10187146457895446, 0.10187146457895446, 0.10187146457895446, 0.10187146457895446, 0.10187146457895446, 0.10187146457895446, 0.10187146457895446, 0.10187146457895446, 0.10187146457895446, 0.10187146457895446, 0.10187146457895446, 0.10187146457895446, 0.10187146457895446, 0.10187146457895446, 0.10187146457895446, 0.10187146457895446, 0.10187146457895446, 0.10187146457895446, 0.10187146457895446, 0.10187146457895446, 0.10187146457895446, 0.10187146457895446, 0.10187146457895446, 0.10187146457895446, 0.10187146457895446, 0.10187146457895446, 0.10187146457895446, 0.10187146457895446, 0.10187146457895446, 0.10187146457895446, 0.10187146457895446, 0.10187146457895446, 0.10187146457895446, 0.10187146457895446, 0.10187146457895446, 0.10187146457895446, 0.10187146457895446, 0.05471611867033732, 0.05471611867033732, 0.05471611867033732, 0.05471611867033732, 0.05471611867033732, 0.03462038054050409, 0.03462038054050409, 0.03462038054050409, 0.03462038054050409, 0.03462038054050409, 0.03462038054050409, 0.03462038054050409, 0.03462038054050409, 0.03462038054050409, 0.03462038054050409, 0.03462038054050409, 0.03462038054050409, 0.03462038054050409, 0.03462038054050409, 0.03462038054050409, 0.03462038054050409, 0.03462038054050409, 0.03462038054050409, 0.03462038054050409, 0.03462038054050409, 0.03462038054050409, 0.03462038054050409, 0.03462038054050409, 0.03462038054050409, 0.03462038054050409, 0.03462038054050409, 0.03462038054050409, 0.03462038054050409, 0.03462038054050409, 0.03462038054050409, 0.03462038054050409, 0.03462038054050409, 0.03462038054050409, 0.03462038054050409, 0.03462038054050409, 0.03462038054050409, 0.03462038054050409, 0.03462038054050409, 0.03462038054050409, 0.03462038054050409, 0.03462038054050409],