{"p_array": [0.001, 0.053526315789473686, 0.10605263157894737, 0.15857894736842104, 0.21110526315789474, 0.26363157894736844, 0.3161578947368421, 0.3686842105263158, 0.4212105263157895, 0.4737368421052632, 0.5262631578947369, 0.5787894736842105, 0.6313157894736842, 0.6838421052631579, 0.7363684210526316, 0.7888947368421053, 0.841421052631579, 0.8939473684210526, 0.9464736842105264, 0.999], "mean_sharpness": [-1.4682884626200858, -0.43741804730846434], "sharpness_error_true_minus_model": [], "posterior_variance": [1.1037349735336666, 0.15033864538987146], "bias_mse": [], "bias_nmse": [], "f_calibration": [], "f_calibration_mse": [], "f_calibration_nmse": [], "y_calibration": [[0.0, 0.0, 0.0, 0.06159999966621399, 0.2797999978065491, 0.3880000114440918, 0.4465999901294708, 0.48739999532699585, 0.5144000053405762, 0.5429999828338623, 0.5667999982833862, 0.590399980545044, 0.6096000075340271, 0.6326000094413757, 0.6557999849319458, 0.6815999746322632, 0.7098000049591064, 0.7608000040054321, 1.0, 1.0], [0.009399999864399433, 0.06419999897480011, 0.11400000005960464, 0.15940000116825104, 0.20800000429153442, 0.2540000081062317, 0.3041999936103821, 0.36000001430511475, 0.4142000079154968, 0.46540001034736633, 0.5170000195503235, 0.5681999921798706, 0.620199978351593, 0.6633999943733215, 0.7111999988555908, 0.7663999795913696, 0.8136000037193298, 0.8578000068664551, 0.9074000120162964, 0.9818000197410583]], "y_calibration_mse": [0.007454602478884196, 0.00032349350823617683], "y_calibration_nmse": [0.0812604006173238, 0.003526306352462933], "calibration_local_dist_to_nearest_train_sample": [[0.5146757253619179, 0.6854085733101861, 0.8561414212584544, 1.0268742692067225, 1.197607117154991, 1.3683399651032593, 1.5390728130515274, 1.7098056609997956, 1.8805385089480637, 2.0512713568963323, 2.2220042048446005, 2.3927370527928686, 2.563469900741137, 2.7342027486894054, 2.9049355966376735, 3.0756684445859417, 3.24640129253421, 3.417134140482478, 3.5878669884307466, 3.7585998363790147], [0.4306592744854557, 0.5173756715572619, 0.6040920686290683, 0.6908084657008745, 0.7775248627726807, 0.8642412598444871, 0.9509576569162933, 1.0376740539880995, 1.1243904510599059, 1.211106848131712, 1.2978232452035183, 1.3845396422753247, 1.4712560393471308, 1.5579724364189371, 1.6446888334907432, 1.7314052305625496, 1.818121627634356, 1.904838024706162, 1.9915544217779684, 2.0782708188497745]], "calibration_local_y": [[0.017689256766066683, 0.041215820246073426, 0.04152641367149501, 0.011264957394590488, 0.01722169752114232, 0.01493005270434048, 0.009991736343211818, 0.006499972372336413, 0.00864661665490887, 0.008701070723062053, 0.011125749920707622, 0.0102192652276729, 0.010393800251096812, 0.009784193882836372, 0.010992793518222434, 0.038385641792048696, 0.08935270644607227, 0.09221189570904252, 0.14020036842105266, 0.24718984210526312], [0.0029114998558629557, 0.0012586794449664744, 0.0015298058996766838, 0.010302860473434615, 0.0001917195848871432, 0.0005873840290728739, 0.0007669673579448033, 0.0013148492887672407, 0.00044678937380891357, 0.0008940817491691533, 0.0008228845155618841, 0.0024000365265906655, 0.0026468532090991002, 0.0010422631634000245, 0.004839029391780813, 0.0005758386519069164, 0.012632401500076227, 0.036224693836540416, 0.015874052475038414, 0.04223721052631578]], "elpd": [-1.420400974924448, -0.7216502548837923], "expected_improvement": [null, null], "actual_improvement": [null, [[0.5121428707543545]]], "mse": [0.9980247836049874, 0.23982294170433432], "nmse": [1.0045450729338463, 0.24138975146026245], "y_regret_pool": [0.10187146457895446, 0.06267482684056769, 0.06267482684056769, 0.06267482684056769, 0.06267482684056769, 0.06267482684056769, 0.06267482684056769, 0.06267482684056769, 0.06267482684056769, 0.06267482684056769, 0.06267482684056769, 0.06267482684056769, 0.06267482684056769, 0.06267482684056769, 0.06267482684056769, 0.06267482684056769, 0.027656510891552077, 0.027656510891552077, 0.027656510891552077, 0.027656510891552077, 0.027656510891552077, 0.027656510891552077, 0.027656510891552077, 0.027656510891552077, 0.027656510891552077, 0.027656510891552077, 0.027656510891552077, 0.027656510891552077, 0.027656510891552077, 0.027656510891552077, 0.027656510891552077, 0.027656510891552077, 0.027656510891552077, 0.027656510891552077, 0.027656510891552077, 0.027656510891552077, 0.027656510891552077, 0.027656510891552077, 0.027656510891552077, 0.027656510891552077, 0.027656510891552077, 0.027656510891552077, 0.027656510891552077, 0.027656510891552077, 0.027656510891552077, 0.027656510891552077, 0.027656510891552077, 0.027656510891552077, 0.027656510891552077, 0.027656510891552077, 0.027656510891552077, 0.027656510891552077, 0.027656510891552077, 0.027656510891552077, 0.027656510891552077, 0.027656510891552077, 0.027656510891552077, 0.027656510891552077, 0.027656510891552077, 0.027656510891552077, 0.027656510891552077, 0.027656510891552077, 0.027656510891552077, 0.017509157974507694, 0.017509157974507694, 0.017509157974507694, 0.017509157974507694, 0.017509157974507694, 0.017509157974507694, 0.017509157974507694, 0.017509157974507694, 0.017509157974507694, 0.01591741634046162, 0.01591741634046162, 0.01591741634046162, 0.01591741634046162, 0.01591741634046162, 0.01591741634046162, 0.01591741634046162, 0.01591741634046162, 0.01591741634046162, 0.01591741634046162, 0.01591741634046162, 0.01591741634046162, 0.01591741634046162, 0.01591741634046162, 0.01591741634046162, 0.01591741634046162, 0.01591741634046162, 0.01591741634046162, 0.01591741634046162, 0.01591741634046162, 0.01591741634046162, 0.008953546691509606, 0.008953546691509606, 0.008953546691509606, 0.008953546691509606, 0.008953546691509606, 0.008953546691509606, 0.008953546691509606, 0.008953546691509606], "y_regret_test": [0.10505494784704683, 0.06585831010866006, 0.06585831010866006, 0.06585831010866006, 0.06585831010866006, 0.06585831010866006, 0.06585831010866006, 0.06585831010866006, 0.06585831010866006, 0.06585831010866006, 0.06585831010866006, 0.06585831010866006, 0.06585831010866006, 0.06585831010866006, 0.06585831010866006, 0.06585831010866006, 0.030839994159644446, 0.030839994159644446, 0.030839994159644446, 0.030839994159644446, 0.030839994159644446, 0.030839994159644446, 0.030839994159644446, 0.030839994159644446, 0.030839994159644446, 0.030839994159644446, 0.030839994159644446, 0.030839994159644446, 0.030839994159644446, 0.030839994159644446, 0.030839994159644446, 0.030839994159644446, 0.030839994159644446, 0.030839994159644446, 0.030839994159644446, 0.030839994159644446, 0.030839994159644446, 0.030839994159644446, 0.030839994159644446, 0.030839994159644446, 0.030839994159644446, 0.030839994159644446, 0.030839994159644446, 0.030839994159644446, 0.030839994159644446, 0.030839994159644446, 0.030839994159644446, 0.030839994159644446, 0.030839994159644446, 0.030839994159644446, 0.030839994159644446, 0.030839994159644446, 0.030839994159644446, 0.030839994159644446, 0.030839994159644446, 0.030839994159644446, 0.030839994159644446, 0.030839994159644446, 0.030839994159644446, 0.030839994159644446, 0.030839994159644446, 0.030839994159644446, 0.030839994159644446, 0.020692641242600063, 0.020692641242600063, 0.020692641242600063, 0.020692641242600063, 0.020692641242600063, 0.020692641242600063, 0.020692641242600063, 0.020692641242600063, 0.020692641242600063, 0.01910089960855399, 0.01910089960855399, 0.01910089960855399, 0.01910089960855399, 0.01910089960855399, 0.01910089960855399, 0.01910089960855399, 0.01910089960855399, 0.01910089960855399, 0.01910089960855399, 0.01910089960855399, 0.01910089960855399, 0.01910089960855399, 0.01910089960855399, 0.01910089960855399, 0.01910089960855399, 0.01910089960855399, 0.01910089960855399, 0.01910089960855399, 0.01910089960855399, 0.01910089960855399, 0.012137029959601975, 0.012137029959601975, 0.012137029959601975, 0.012137029959601975, 0.012137029959601975, 0.012137029959601975, 0.012137029959601975, 0.012137029959601975], "f_regret_pool": [],