{"p_array": [0.001, 0.053526315789473686, 0.10605263157894737, 0.15857894736842104, 0.21110526315789474, 0.26363157894736844, 0.3161578947368421, 0.3686842105263158, 0.4212105263157895, 0.4737368421052632, 0.5262631578947369, 0.5787894736842105, 0.6313157894736842, 0.6838421052631579, 0.7363684210526316, 0.7888947368421053, 0.841421052631579, 0.8939473684210526, 0.9464736842105264, 0.999], "mean_sharpness": [-0.8698452115098607, -0.14082431250126282], "sharpness_error_true_minus_model": [], "posterior_variance": [0.37058750177971944, 0.09410675153825415], "bias_mse": [], "bias_nmse": [], "f_calibration": [], "f_calibration_mse": [], "f_calibration_nmse": [], "y_calibration": [[0.04859999939799309, 0.13379999995231628, 0.21359999477863312, 0.2272000014781952, 0.2468000054359436, 0.28859999775886536, 0.36500000953674316, 0.4350000023841858, 0.48080000281333923, 0.5144000053405762, 0.5418000221252441, 0.5645999908447266, 0.5898000001907349, 0.61080002784729, 0.6363999843597412, 0.6758000254631042, 0.7820000052452087, 0.8622000217437744, 0.8888000249862671, 0.9926000237464905], [0.026000000536441803, 0.04619999974966049, 0.06459999829530716, 0.09799999743700027, 0.16220000386238098, 0.23720000684261322, 0.3203999996185303, 0.3991999924182892, 0.4636000096797943, 0.5113999843597412, 0.551800012588501, 0.5983999967575073, 0.6452000141143799, 0.6872000098228455, 0.7342000007629395, 0.7946000099182129, 0.8510000109672546, 0.9057999849319458, 0.946399986743927, 0.9908000230789185]], "y_calibration_mse": [0.0038530844648384487, 0.000744961763439333], "y_calibration_nmse": [0.04200132577317849, 0.008120606231270056], "calibration_local_dist_to_nearest_train_sample": [[0.48660499529629103, 0.6296100263009582, 0.7726150573056254, 0.9156200883102925, 1.0586251193149596, 1.2016301503196267, 1.344635181324294, 1.4876402123289612, 1.6306452433336283, 1.7736502743382954, 1.9166553053429627, 2.05966033634763, 2.2026653673522967, 2.3456703983569644, 2.4886754293616313, 2.631680460366298, 2.774685491370966, 2.917690522375633, 3.0606955533802997, 3.2037005843849666], [0.43305852192842476, 0.5225170795652256, 0.6119756372020264, 0.7014341948388273, 0.7908927524756282, 0.880351310112429, 0.9698098677492298, 1.0592684253860307, 1.1487269830228315, 1.2381855406596325, 1.3276440982964333, 1.417102655933234, 1.506561213570035, 1.5960197712068358, 1.6854783288436368, 1.7749368864804376, 1.8643954441172383, 1.9538540017540393, 2.04331255939084, 2.132771117027641]], "calibration_local_y": [[0.00588392105263158, 0.006734251099599578, 0.003656398777410603, 0.009114224494935201, 0.002982127175521416, 0.006946681406218638, 0.006814201417326896, 0.010535494359939012, 0.0037865785680918453, 0.007409522401360074, 0.0035833399842151287, 0.004196473847312848, 0.005875707503532664, 0.015350620612600775, 0.03574978008685796, 0.04353243468991874, 0.06190232975665747, 0.013738553624193784, 0.049779791379383445, 0.02205224645639044], [0.003497616029046347, 0.007891169310879496, 0.008164475345904258, 0.00233574251719068, 0.0025881146365006693, 0.0020938356702830873, 0.0019915496506846806, 0.002268571139432484, 0.0025886885689028406, 0.0007509774844389868, 0.0011425724838310483, 0.006070428149741619, 0.014034550577421364, 0.021769668354521945, 0.03566457875529531, 0.02474636182344026, 0.058902472363567736, 0.04445299886300226, 0.02195332894736842, 0.05522878593735646]], "elpd": [-1.736688981047397, -0.4954360217494687], "expected_improvement": [null, null], "actual_improvement": [null, [[0.2350716320952706]]], "mse": [0.9146429989437129, 0.17925430722954594], "nmse": [0.9093847972300678, 0.17822379006980035], "y_regret_pool": [0.009952228285151188, 0.009952228285151188, 0.009952228285151188, 0.009952228285151188, 0.009952228285151188, 0.009952228285151188, 0.009952228285151188, 0.009952228285151188, 0.009952228285151188, 0.009952228285151188, 0.009952228285151188, 0.009952228285151188, 0.009952228285151188, 0.009952228285151188, 0.009952228285151188, 0.009952228285151188, 0.009952228285151188, 0.009952228285151188, 0.009952228285151188, 0.009952228285151188, 0.009952228285151188, 0.009952228285151188, 0.009952228285151188, 0.009952228285151188, 0.009952228285151188, 0.009952228285151188, 0.009952228285151188, 0.009952228285151188, 0.009952228285151188, 0.009952228285151188, 0.009952228285151188, 0.009952228285151188, 0.009952228285151188, 0.009952228285151188, 0.009952228285151188, 0.009952228285151188, 0.009952228285151188, 0.009952228285151188, 0.009952228285151188, 0.009952228285151188, 0.009952228285151188, 0.009952228285151188, 0.009952228285151188, 0.009952228285151188, 0.009952228285151188, 0.009952228285151188, 0.009952228285151188, 0.009952228285151188, 0.009952228285151188, 0.009952228285151188, 0.009952228285151188, 0.009952228285151188, 0.009952228285151188, 0.009952228285151188, 0.009952228285151188, 0.009952228285151188, 0.009952228285151188, 0.009952228285151188, 0.009952228285151188, 0.009952228285151188, 0.009952228285151188, 0.009952228285151188, 0.009952228285151188, 0.009952228285151188, 0.009952228285151188, 0.009952228285151188, 0.009952228285151188, 0.009952228285151188, 0.009952228285151188, 0.009952228285151188, 0.009952228285151188, 0.009952228285151188, 0.009952228285151188, 0.009952228285151188, 0.009952228285151188, 0.009952228285151188, 0.009952228285151188, 0.009952228285151188, 0.009952228285151188, 0.009952228285151188, 0.009952228285151188, 0.009952228285151188, 0.009952228285151188, 0.009952228285151188, 0.009952228285151188, 0.009952228285151188, 0.009952228285151188, 0.009952228285151188, 0.009952228285151188, 0.009952228285151188, 0.009952228285151188, 0.009952228285151188, 0.009952228285151188, 0.009952228285151188, 0.009952228285151188, 0.009952228285151188, 0.009952228285151188, 0.009952228285151188, 0.009952228285151188, 0.009952228285151188, 0.009952228285151188],