{"p_array": [0.001, 0.053526315789473686, 0.10605263157894737, 0.15857894736842104, 0.21110526315789474, 0.26363157894736844, 0.3161578947368421, 0.3686842105263158, 0.4212105263157895, 0.4737368421052632, 0.5262631578947369, 0.5787894736842105, 0.6313157894736842, 0.6838421052631579, 0.7363684210526316, 0.7888947368421053, 0.841421052631579, 0.8939473684210526, 0.9464736842105264, 0.999], "mean_sharpness": [-0.36771669473432694, 0.06101769524487122], "sharpness_error_true_minus_model": [], "posterior_variance": [0.12929916887932438, 0.05841319005805402], "bias_mse": [], "bias_nmse": [], "f_calibration": [], "f_calibration_mse": [], "f_calibration_nmse": [], "y_calibration": [[0.01360000018030405, 0.09939999878406525, 0.15000000596046448, 0.19460000097751617, 0.23440000414848328, 0.2720000147819519, 0.30660000443458557, 0.33820000290870667, 0.3693999946117401, 0.3991999924182892, 0.4296000003814697, 0.45879998803138733, 0.4893999993801117, 0.5203999876976013, 0.5491999983787537, 0.5735999941825867, 0.6037999987602234, 0.635200023651123, 0.6615999937057495, 0.7426000237464905], [0.07760000228881836, 0.20260000228881836, 0.2637999951839447, 0.31360000371932983, 0.3555999994277954, 0.40459999442100525, 0.45239999890327454, 0.49559998512268066, 0.5324000120162964, 0.5681999921798706, 0.5974000096321106, 0.6236000061035156, 0.6421999931335449, 0.6571999788284302, 0.6759999990463257, 0.7003999948501587, 0.7242000102996826, 0.7491999864578247, 0.7767999768257141, 0.88919997215271]], "y_calibration_mse": [0.021882592874203736, 0.01343115898331651], "y_calibration_nmse": [0.2385356252785393, 0.1464090624323446], "calibration_local_dist_to_nearest_train_sample": [[0.5126890179875845, 0.6811993323671673, 0.8497096467467502, 1.018219961126333, 1.1867302755059157, 1.3552405898854987, 1.5237509042650814, 1.6922612186446642, 1.860771533024247, 2.02928184740383, 2.1977921617834126, 2.3663024761629954, 2.5348127905425786, 2.703323104922161, 2.871833419301744, 3.0403437336813264, 3.2088540480609096, 3.377364362440492, 3.545874676820075, 3.7143849911996574], [0.4922361954986475, 0.6402936873892934, 0.7883511792799393, 0.9364086711705851, 1.0844661630612311, 1.2325236549518768, 1.3805811468425229, 1.5286386387331685, 1.6766961306238146, 1.8247536225144603, 1.9728111144051064, 2.120868606295752, 2.268926098186398, 2.4169835900770438, 2.5650410819676894, 2.7130985738583355, 2.8611560657489816, 3.0092135576396273, 3.157271049530273, 3.305328541420919]], "calibration_local_y": [[0.016127737352893627, 0.011392165296052631, 0.0064432231613265984, 0.011012118061605078, 0.0033742601320090083, 0.004267445948878251, 0.011278978746043384, 0.02307341403834843, 0.024614489697640563, 0.047395775768042984, 0.050288099616103664, 0.056518298885460574, 0.07351964332339639, 0.09368363139429134, 0.05755133996937918, 0.10070521158707102, 0.13349870755928844, 0.27225965384656375, 0.297359432088251, 0.2918372105263158], [0.0382794632418223, 0.039235879651083376, 0.04371731744459139, 0.03695042481790403, 0.043556883852214096, 0.028413934994191224, 0.028007837742548773, 0.029128353201026858, 0.031955150597850396, 0.018870529521009243, 0.026185100924960913, 0.009243294768236751, 0.0063899149120011395, 0.003473086406580691, 0.007337637849902973, 0.007360243438606704, 0.03396650633809062, 0.06420878529638718, 0.09490563572241137, 0.11006131874389502]], "elpd": [-4.005337833034426, -2.477034751034953], "expected_improvement": [null, null], "actual_improvement": [null, [[0.015355285087857329]]], "mse": [1.13998637464299, 0.29103612617588803], "nmse": [1.138520492378814, 0.29066188951386707], "y_regret_pool": [0.06281707535941616, 0.06281707535941616, 0.06281707535941616, 0.06281707535941616, 0.06281707535941616, 0.04048211523162348, 0.04048211523162348, 0.04048211523162348, 0.04048211523162348, 0.04048211523162348, 0.04048211523162348, 0.04048211523162348, 0.04048211523162348, 0.04048211523162348, 0.04048211523162348, 0.04048211523162348, 0.04048211523162348, 0.04048211523162348, 0.04048211523162348, 0.04048211523162348, 0.04048211523162348, 0.04048211523162348, 0.04048211523162348, 0.02652276515175367, 0.013161672932449076, 0.013161672932449076, 0.013161672932449076, 0.013161672932449076, 0.013161672932449076, 0.013161672932449076, 0.013161672932449076, 0.007378513613645277, 0.007378513613645277, 0.007378513613645277, 0.007378513613645277, 0.007378513613645277, 0.0029912893028292142, 0.0029912893028292142, 0.0029912893028292142, 0.0029912893028292142, 0.0029912893028292142, 0.0029912893028292142, 0.0029912893028292142, 0.0029912893028292142, 0.0029912893028292142, 0.0029912893028292142, 0.0029912893028292142, 0.0029912893028292142, 0.0029912893028292142, 0.0029912893028292142, 0.0029912893028292142, 0.0029912893028292142, 0.0029912893028292142, 0.0029912893028292142, 0.0029912893028292142, 0.0029912893028292142, 0.0029912893028292142, 0.0029912893028292142, 0.0029912893028292142, 0.0029912893028292142, 0.0029912893028292142, 0.0029912893028292142, 0.0029912893028292142, 0.0029912893028292142, 0.0029912893028292142, 0.0029912893028292142, 0.0029912893028292142, 0.0029912893028292142, 0.0029912893028292142, 0.0029912893028292142, 0.0029912893028292142, 0.0029912893028292142, 0.0029912893028292142, 0.0029912893028292142, 0.0029912893028292142, 0.0029912893028292142, 0.0029912893028292142, 0.0029912893028292142, 0.0029912893028292142, 0.0029912893028292142, 0.0029912893028292142, 0.0029912893028292142, 0.0029912893028292142, 0.0029912893028292142, 0.0029912893028292142, 0.0029912893028292142, 0.0029912893028292142, 0.0029912893028292142, 0.0029912893028292142, 0.0029912893028292142, 0.0029912893028292142, 0.0029912893028292142, 0.0, 0.0, 0.0, 0.0, 0.0, 0.0, 0.0, 0.0, 0.0], "y_regret_test": [0.0622188174988505, 0.0622188174988505, 0.0622188174988505, 0.0622188174988505, 0.0622188174988505, 0.03988385737105782, 0.03988385737105782, 0.03988385737105782, 0.03988385737105782, 0.03988385737105782, 0.03988385737105782, 0.03988385737105782, 0.03988385737105782, 0.03988385737105782, 0.03988385737105782, 0.03988385737105782, 0.03988385737105782, 0.03988385737105782, 0.03988385737105782, 0.03988385737105782, 0.03988385737105782, 0.03988385737105782, 0.03988385737105782, 0.025924507291188004, 0.01256341507188341, 0.01256341507188341, 0.01256341507188341, 0.01256341507188341, 0.01256341507188341, 0.01256341507188341, 0.01256341507188341, 0.0067802557530796115, 0.0067802557530796115, 0.0067802557530796115, 0.0067802557530796115, 0.0067802557530796115, 0.002393031442263549, 0.002393031442263549, 0.002393031442263549, 0.002393031442263549, 0.002393031442263549, 0.002393031442263549, 0.002393031442263549, 0.002393031442263549, 0.002393031442263549, 0.002393031442263549, 0.002393031442263549, 0.002393031442263549, 0.002393031442263549, 0.002393031442263549, 0.002393031442263549, 0.002393031442263549, 0.002393031442263549, 0.002393031442263549, 0.002393031442263549, 0.002393031442263549, 0.002393031442263549, 0.002393031442263549, 0.002393031442263549, 0.002393031442263549, 0.002393031442263549, 0.002393031442263549, 0.002393031442263549, 0.002393031442263549, 0.002393031442263549, 0.002393031442263549, 0.002393031442263549, 0.002393031442263549, 0.002393031442263549, 0.002393031442263549, 0.002393031442263549, 0.002393031442263549, 0.002393031442263549, 0.002393031442263549, 0.002393031442263549, 0.002393031442263549, 0.002393031442263549, 0.002393031442263549, 0.002393031442263549, 0.002393031442263549, 0.002393031442263549, 0.002393031442263549, 0.002393031442263549, 0.002393031442263549, 0.002393031442263549, 0.002393031442263549, 0.002393031442263549, 0.002393031442263549, 0.002393031442263549, 0.002393031442263549, 0.002393031442263549, 0.002393031442263549, 0.0005982578605656652, 0.0005982578605656652, 0.0005982578605656652, 0.0005982578605656652, 0.0005982578605656652, 0.0005982578605656652, 0.0005982578605656652, 0.0005982578605656652, 0.0005982578605656652], "f_regret_pool": [], "f_regret_test": [],