{"p_array": [0.001, 0.053526315789473686, 0.10605263157894737, 0.15857894736842104, 0.21110526315789474, 0.26363157894736844, 0.3161578947368421, 0.3686842105263158, 0.4212105263157895, 0.4737368421052632, 0.5262631578947369, 0.5787894736842105, 0.6313157894736842, 0.6838421052631579, 0.7363684210526316, 0.7888947368421053, 0.841421052631579, 0.8939473684210526, 0.9464736842105264, 0.999], "mean_sharpness": [-0.5747676333963058, -0.5180889488957857], "sharpness_error_true_minus_model": [], "posterior_variance": [0.2366334822551553, 0.2936630927032343], "bias_mse": [], "bias_nmse": [], "f_calibration": [], "f_calibration_mse": [], "f_calibration_nmse": [], "y_calibration": [[0.0, 0.020600000396370888, 0.08100000023841858, 0.1324000060558319, 0.19200000166893005, 0.2750000059604645, 0.3440000116825104, 0.39559999108314514, 0.4323999881744385, 0.451200008392334, 0.47040000557899475, 0.4860000014305115, 0.5049999952316284, 0.520799994468689, 0.5400000214576721, 0.5582000017166138, 0.574400007724762, 0.5974000096321106, 0.6358000040054321, 0.8682000041007996], [0.00039999998989515007, 0.011800000444054604, 0.03139999881386757, 0.06379999965429306, 0.12039999663829803, 0.20360000431537628, 0.29580000042915344, 0.3846000134944916, 0.4603999853134155, 0.510200023651123, 0.5537999868392944, 0.5974000096321106, 0.650600016117096, 0.7081999778747559, 0.7911999821662903, 0.8727999925613403, 0.9261999726295471, 0.9628000259399414, 0.9833999872207642, 0.9972000122070312]], "y_calibration_mse": [0.021197103358296585, 0.002853661654737519], "y_calibration_nmse": [0.23106330829860988, 0.03110691548571684], "calibration_local_dist_to_nearest_train_sample": [[0.49685635761900515, 0.6476408845226915, 0.7984254114263778, 0.9492099383300642, 1.0999944652337506, 1.2507789921374368, 1.4015635190411233, 1.5523480459448096, 1.7031325728484958, 1.8539170997521823, 2.0047016266558684, 2.155486153559555, 2.3062706804632414, 2.4570552073669276, 2.6078397342706143, 2.7586242611743, 2.909408788077987, 3.0601933149816727, 3.2109778418853594, 3.3617623687890457], [0.434408947097658, 0.5227460634799972, 0.6110831798623365, 0.6994202962446758, 0.7877574126270152, 0.8760945290093544, 0.9644316453916937, 1.0527687617740331, 1.1411058781563723, 1.2294429945387115, 1.317780110921051, 1.40611722730339, 1.4944543436857294, 1.5827914600680688, 1.6711285764504082, 1.7594656928327472, 1.8478028092150867, 1.936139925597426, 2.024477041979765, 2.1128141583621045]], "calibration_local_y": [[0.009175792152071562, 0.010643016696094434, 0.0030287439170264222, 0.008371008464950336, 0.010098599476600242, 0.010671189367237049, 0.01388962002439879, 0.017598762463160837, 0.017425633058617055, 0.024874519905753605, 0.02913387779871495, 0.026718909654972995, 0.031234953603161746, 0.04121423120825922, 0.03614734041874932, 0.0292810051548199, 0.07235542887223935, 0.2074800435103667, 0.13529188814107723, 0.3113059605263158], [0.011024751217073107, 0.003048504289547566, 0.004642424839283416, 0.004172076824444909, 0.003941992559376753, 0.004754331495544989, 0.0036579263296393086, 0.003071549254802653, 0.0034158707089923072, 0.0021193771179024326, 0.002081024544496831, 0.00233340819329571, 0.0037054864890093777, 0.004594532876735558, 0.005852054703461306, 0.011879184322209281, 0.010897410111342768, 0.022702473563150534, 0.24718984210526312, 0.14476352631578948]], "elpd": [-4.644965615432162, -3.776644231605396], "expected_improvement": [null, null], "actual_improvement": [null, [[1.1132761827895878]]], "mse": [1.1089839817697138, 0.16669173434044837], "nmse": [1.0855674768245682, 0.16317199204870753], "y_regret_pool": [0.10695317329251108, 0.10695317329251108, 0.10695317329251108, 0.10695317329251108, 0.10695317329251108, 0.10695317329251108, 0.10695317329251108, 0.10695317329251108, 0.10695317329251108, 0.10695317329251108, 0.10695317329251108, 0.10695317329251108, 0.09952865657239296, 0.09952865657239296, 0.09952865657239296, 0.09952865657239296, 0.09952865657239296, 0.09952865657239296, 0.09952865657239296, 0.09952865657239296, 0.09952865657239296, 0.09952865657239296, 0.09952865657239296, 0.09952865657239296, 0.09952865657239296, 0.09952865657239296, 0.09952865657239296, 0.09952865657239296, 0.09952865657239296, 0.09952865657239296, 0.09952865657239296, 0.09952865657239296, 0.09952865657239296, 0.09952865657239296, 0.09952865657239296, 0.09952865657239296, 0.09952865657239296, 0.09952865657239296, 0.09952865657239296, 0.09952865657239296, 0.09952865657239296, 0.09952865657239296, 0.09952865657239296, 0.09952865657239296, 0.09952865657239296, 0.09952865657239296, 0.09952865657239296, 0.09952865657239296, 0.09952865657239296, 0.09952865657239296, 0.09952865657239296, 0.03571794530218941, 0.03571794530218941, 0.03571794530218941, 0.03571794530218941, 0.03571794530218941, 0.03571794530218941, 0.03571794530218941, 0.03571794530218941, 0.03571794530218941, 0.03571794530218941, 0.03571794530218941, 0.03571794530218941, 0.03571794530218941, 0.03571794530218941, 0.03571794530218941, 0.03571794530218941, 0.03571794530218941, 0.03571794530218941, 0.03571794530218941, 0.03571794530218941, 0.03571794530218941, 0.03571794530218941, 0.03571794530218941, 0.03571794530218941, 0.03571794530218941, 0.03571794530218941, 0.03571794530218941, 0.03571794530218941, 0.03571794530218941, 0.03571794530218941, 0.03210601824915926, 0.03210601824915926, 0.03210601824915926, 0.03210601824915926, 0.03210601824915926, 0.03210601824915926, 0.03210601824915926, 0.03210601824915926, 0.03210601824915926, 0.03210601824915926, 0.03210601824915926, 0.03210601824915926, 0.03210601824915926, 0.03210601824915926, 0.03210601824915926, 0.03210601824915926, 0.03210601824915926, 0.03210601824915926, 0.03210601824915926, 0.03210601824915926], "y_regret_test": [0.10815714897685447, 0.10815714897685447, 0.10815714897685447, 0.10815714897685447, 0.10815714897685447, 0.10815714897685447, 0.10815714897685447, 0.10815714897685447, 0.10815714897685447, 0.10815714897685447, 0.10815714897685447, 0.10815714897685447, 0.10073263225673634, 0.10073263225673634, 0.10073263225673634, 0.10073263225673634, 0.10073263225673634, 0.10073263225673634, 0.10073263225673634, 0.10073263225673634, 0.10073263225673634, 0.10073263225673634, 0.10073263225673634, 0.10073263225673634, 0.10073263225673634, 0.10073263225673634, 0.10073263225673634, 0.10073263225673634, 0.10073263225673634, 0.10073263225673634, 0.10073263225673634, 0.10073263225673634, 0.10073263225673634, 0.10073263225673634, 0.10073263225673634, 0.10073263225673634, 0.10073263225673634, 0.10073263225673634, 0.10073263225673634, 0.10073263225673634, 0.10073263225673634, 0.10073263225673634, 0.10073263225673634, 0.10073263225673634, 0.10073263225673634, 0.10073263225673634, 0.10073263225673634, 0.10073263225673634, 0.10073263225673634, 0.10073263225673634, 0.10073263225673634, 0.0369219209865328, 0.0369219209865328, 0.0369219209865328, 0.0369219209865328, 0.0369219209865328, 0.0369219209865328, 0.0369219209865328, 0.0369219209865328, 0.0369219209865328, 0.0369219209865328, 0.0369219209865328, 0.0369219209865328, 0.0369219209865328, 0.0369219209865328, 0.0369219209865328, 0.0369219209865328, 0.0369219209865328, 0.0369219209865328, 0.0369219209865328, 0.0369219209865328, 0.0369219209865328, 0.0369219209865328, 0.0369219209865328, 0.0369219209865328, 0.0369219209865328, 0.0369219209865328, 0.0369219209865328, 0.0369219209865328, 0.0369219209865328, 0.0369219209865328, 0.033309993933502646, 0.033309993933502646, 0.033309993933502646, 0.033309993933502646, 0.033309993933502646, 0.033309993933502646, 0.033309993933502646, 0.033309993933502646, 0.033309993933502646, 0.033309993933502646, 0.033309993933502646, 0.033309993933502646, 0.033309993933502646, 0.033309993933502646, 0.033309993933502646, 0.033309993933502646, 0.033309993933502646, 0.033309993933502646, 0.033309993933502646, 0.033309993933502646], "f_regret_pool": [], "f_regret_test": [],