{"p_array": [0.001, 0.053526315789473686, 0.10605263157894737, 0.15857894736842104, 0.21110526315789474, 0.26363157894736844, 0.3161578947368421, 0.3686842105263158, 0.4212105263157895, 0.4737368421052632, 0.5262631578947369, 0.5787894736842105, 0.6313157894736842, 0.6838421052631579, 0.7363684210526316, 0.7888947368421053, 0.841421052631579, 0.8939473684210526, 0.9464736842105264, 0.999], "mean_sharpness": [2.219406683637344, 0.22342790514458125], "sharpness_error_true_minus_model": [], "posterior_variance": [0.0007218899865277018, 0.04953639121263879], "bias_mse": [], "bias_nmse": [], "f_calibration": [], "f_calibration_mse": [], "f_calibration_nmse": [], "y_calibration": [[0.5649999976158142, 0.5720000267028809, 0.573199987411499, 0.5745999813079834, 0.5759999752044678, 0.5771999955177307, 0.5776000022888184, 0.578000009059906, 0.5784000158309937, 0.5785999894142151, 0.579200029373169, 0.579800009727478, 0.5803999900817871, 0.5806000232696533, 0.5807999968528748, 0.58160001039505, 0.5824000239372253, 0.5830000042915344, 0.5845999717712402, 0.5916000008583069], [0.48579999804496765, 0.5483999848365784, 0.5654000043869019, 0.574400007724762, 0.5809999704360962, 0.5863999724388123, 0.592199981212616, 0.5978000164031982, 0.6015999913215637, 0.605400025844574, 0.6097999811172485, 0.6144000291824341, 0.6191999912261963, 0.625, 0.629800021648407, 0.6362000107765198, 0.6425999999046326, 0.6514000296592712, 0.6692000031471252, 0.8335999846458435]], "y_calibration_mse": [0.09507445768065328, 0.0766266801145344], "y_calibration_nmse": [1.0363783369386423, 0.8352846099735419], "calibration_local_dist_to_nearest_train_sample": [[0.5014892658615698, 0.6580701632790278, 0.8146510606964859, 0.9712319581139439, 1.127812855531402, 1.2843937529488598, 1.4409746503663179, 1.597555547783776, 1.754136445201234, 1.910717342618692, 2.06729824003615, 2.223879137453608, 2.3804600348710663, 2.5370409322885243, 2.6936218297059824, 2.8502027271234405, 3.0067836245408985, 3.1633645219583566, 3.3199454193758147, 3.4765263167932727], [0.4489412721266381, 0.5529741758091644, 0.6570070794916908, 0.7610399831742172, 0.8650728868567434, 0.9691057905392698, 1.0731386942217962, 1.1771715979043225, 1.2812045015868487, 1.385237405269375, 1.4892703089519013, 1.593303212634428, 1.6973361163169542, 1.8013690199994805, 1.9054019236820068, 2.009434827364533, 2.1134677310470593, 2.217500634729586, 2.3215335384121123, 2.4255664420946386]], "calibration_local_y": [[0.18173721767887333, 0.11581568661510847, 0.14610114292697424, 0.14115479555757177, 0.12883941220537978, 0.1371630522889104, 0.12891573475512141, 0.12224158557496981, 0.0960965432189934, 0.09230678261208058, 0.09826059072708118, 0.09107495589897786, 0.08847258672530918, 0.0945682467141635, 0.11724561399107554, 0.1031990660291636, 0.22690156523179641, 0.28637388853365364, 0.3360337502981008, 0.3417372105263158], [0.1023836083035313, 0.10273442257024253, 0.0718088916799086, 0.06912331051141542, 0.07070662255108577, 0.06656536757748387, 0.06925175402063982, 0.07140010891038355, 0.07910035993576472, 0.09703500074916052, 0.08417030811294517, 0.09957354946254092, 0.08469150713468954, 0.0875944406962186, 0.10867930284953671, 0.12111986873777629, 0.11336817189694423, 0.07490568593815614, 0.09601148755880082, 0.3417372105263158]], "elpd": [-719.7659014254639, -23.029304224029104], "expected_improvement": [null, null], "actual_improvement": [null, [[1.2195779688767976]]], "mse": [0.9785799379983376, 0.8912751353307931], "nmse": [0.997524406386461, 0.9085294576102093], "y_regret_pool": [0.10392094347921743, 0.10392094347921743, 0.10392094347921743, 0.10392094347921743, 0.10392094347921743, 0.10392094347921743, 0.10392094347921743, 0.10392094347921743, 0.10392094347921743, 0.10392094347921743, 0.10392094347921743, 0.10392094347921743, 0.10392094347921743, 0.10392094347921743, 0.10392094347921743, 0.10392094347921743, 0.10392094347921743, 0.10392094347921743, 0.10392094347921743, 0.10392094347921743, 0.10392094347921743, 0.10392094347921743, 0.10392094347921743, 0.10392094347921743, 0.10392094347921743, 0.10392094347921743, 0.10392094347921743, 0.10392094347921743, 0.10392094347921743, 0.10392094347921743, 0.10392094347921743, 0.10392094347921743, 0.10392094347921743, 0.10392094347921743, 0.10392094347921743, 0.10392094347921743, 0.10392094347921743, 0.10392094347921743, 0.10392094347921743, 0.10392094347921743, 0.10392094347921743, 0.10392094347921743, 0.10392094347921743, 0.10392094347921743, 0.10392094347921743, 0.10392094347921743, 0.10392094347921743, 0.10392094347921743, 0.10392094347921743, 0.10392094347921743, 0.10392094347921743, 0.10392094347921743, 0.10392094347921743, 0.10392094347921743, 0.10392094347921743, 0.10392094347921743, 0.10392094347921743, 0.10392094347921743, 0.10392094347921743, 0.10392094347921743, 0.10392094347921743, 0.10392094347921743, 0.10392094347921743, 0.10392094347921743, 0.10392094347921743, 0.10392094347921743, 0.10392094347921743, 0.10392094347921743, 0.10392094347921743, 0.10392094347921743, 0.10392094347921743, 0.10392094347921743, 0.10392094347921743, 0.10392094347921743, 0.10392094347921743, 0.10392094347921743, 0.10392094347921743, 0.10392094347921743, 0.10392094347921743, 0.10392094347921743, 0.10392094347921743, 0.10392094347921743, 0.10392094347921743, 0.10392094347921743, 0.10392094347921743, 0.10392094347921743, 0.10392094347921743, 0.10392094347921743, 0.10392094347921743, 0.10392094347921743, 0.10392094347921743, 0.10392094347921743, 0.10392094347921743, 0.10392094347921743, 0.10392094347921743, 0.10392094347921743, 0.10392094347921743, 0.10392094347921743, 0.10392094347921743, 0.10392094347921743, 0.10392094347921743], "y_regret_test": [0.10849983562485344, 0.10849983562485344, 0.10849983562485344, 0.10849983562485344, 0.10849983562485344, 0.10849983562485344, 0.10849983562485344, 0.10849983562485344, 0.10849983562485344, 0.10849983562485344, 0.10849983562485344, 0.10849983562485344, 0.10849983562485344, 0.10849983562485344, 0.10849983562485344, 0.10849983562485344, 0.10849983562485344, 0.10849983562485344, 0.10849983562485344, 0.10849983562485344, 0.10849983562485344, 0.10849983562485344, 0.10849983562485344, 0.10849983562485344, 0.10849983562485344, 0.10849983562485344, 0.10849983562485344, 0.10849983562485344, 0.10849983562485344, 0.10849983562485344, 0.10849983562485344, 0.10849983562485344, 0.10849983562485344, 0.10849983562485344, 0.10849983562485344, 0.10849983562485344, 0.10849983562485344, 0.10849983562485344, 0.10849983562485344, 0.10849983562485344, 0.10849983562485344, 0.10849983562485344, 0.10849983562485344, 0.10849983562485344, 0.10849983562485344, 0.10849983562485344, 0.10849983562485344, 0.10849983562485344, 0.10849983562485344, 0.10849983562485344, 0.10849983562485344, 0.10849983562485344, 0.10849983562485344, 0.10849983562485344, 0.10849983562485344, 0.10849983562485344, 0.10849983562485344, 0.10849983562485344, 0.10849983562485344, 0.10849983562485344, 0.10849983562485344, 0.10849983562485344, 0.10849983562485344, 0.10849983562485344, 0.10849983562485344, 0.10849983562485344, 0.10849983562485344, 0.10849983562485344, 0.10849983562485344, 0.10849983562485344, 0.10849983562485344, 0.10849983562485344, 0.10849983562485344, 0.10849983562485344, 0.10849983562485344, 0.10849983562485344, 0.10849983562485344, 0.10849983562485344, 0.10849983562485344, 0.10849983562485344, 0.10849983562485344, 0.10849983562485344, 0.10849983562485344, 0.10849983562485344, 0.10849983562485344, 0.10849983562485344, 0.10849983562485344, 0.10849983562485344, 0.10849983562485344, 0.10849983562485344, 0.10849983562485344, 0.10849983562485344, 0.10849983562485344, 0.10849983562485344, 0.10849983562485344, 0.10849983562485344, 0.10849983562485344, 0.10849983562485344, 0.10849983562485344, 0.10849983562485344, 0.10849983562485344], "f_regret_pool": [], "f_regret_test": [],