{"p_array": [0.001, 0.053526315789473686, 0.10605263157894737, 0.15857894736842104, 0.21110526315789474, 0.26363157894736844, 0.3161578947368421, 0.3686842105263158, 0.4212105263157895, 0.4737368421052632, 0.5262631578947369, 0.5787894736842105, 0.6313157894736842, 0.6838421052631579, 0.7363684210526316, 0.7888947368421053, 0.841421052631579, 0.8939473684210526, 0.9464736842105264, 0.999], "mean_sharpness": [-1.3627072625007535, -0.41537334855954666], "sharpness_error_true_minus_model": [], "posterior_variance": [0.9883741426635186, 0.36220798113097835], "bias_mse": [], "bias_nmse": [], "f_calibration": [], "f_calibration_mse": [], "f_calibration_nmse": [], "y_calibration": [[0.0010000000474974513, 0.012799999676644802, 0.06480000168085098, 0.12380000203847885, 0.22439999878406525, 0.2913999855518341, 0.36820000410079956, 0.44440001249313354, 0.4984000027179718, 0.5443999767303467, 0.5748000144958496, 0.604200005531311, 0.6312000155448914, 0.6606000065803528, 0.7354000210762024, 0.8302000164985657, 0.9085999727249146, 0.9589999914169312, 0.9869999885559082, 1.0], [0.005200000014156103, 0.03099999949336052, 0.052799999713897705, 0.07620000094175339, 0.11640000343322754, 0.15780000388622284, 0.1987999975681305, 0.24879999458789825, 0.2863999903202057, 0.32839998602867126, 0.3594000041484833, 0.3944000005722046, 0.42820000648498535, 0.45840001106262207, 0.5049999952316284, 0.5795999765396118, 0.6621999740600586, 0.8015999794006348, 0.8641999959945679, 0.9467999935150146]], "y_calibration_mse": [0.0020273802939570337, 0.019957951526410868], "y_calibration_nmse": [0.02209986855198151, 0.2175556833689173], "calibration_local_dist_to_nearest_train_sample": [[0.5052561895343232, 0.6689007158742097, 0.8325452422140962, 0.9961897685539828, 1.1598342948938694, 1.3234788212337558, 1.4871233475736425, 1.650767873913529, 1.8144124002534154, 1.9780569265933021, 2.1417014529331886, 2.305345979273075, 2.4689905056129615, 2.6326350319528484, 2.796279558292735, 2.9599240846326214, 3.123568610972508, 3.2872131373123943, 3.450857663652281, 3.6145021899921677], [0.4704443808014257, 0.5992770984084148, 0.7281098160154039, 0.856942533622393, 0.9857752512293821, 1.1146079688363713, 1.2434406864433605, 1.3722734040503495, 1.5011061216573385, 1.6299388392643277, 1.758771556871317, 1.887604274478306, 2.016436992085295, 2.1452697096922844, 2.2741024272992734, 2.4029351449062624, 2.5317678625132514, 2.6606005801202404, 2.78943329772723, 2.918266015334219]], "calibration_local_y": [[0.015492366336218161, 0.012551536978298397, 0.01841106314297105, 0.012356075595021021, 0.013216593411829684, 0.017181879896331527, 0.0200137301946118, 0.01538028683792538, 0.008768650985012765, 0.012441953151242484, 0.0022638331721906773, 0.0018343965246017588, 0.02167233440475324, 0.06287263911099683, 0.0715691635872914, 0.10085100529820976, 0.11637852978914479, 0.11469864971567434, 0.11017990034736583, 0.12112668421052633], [0.042112388330485404, 0.00811993750721102, 0.004411305011225836, 0.0022082932633369742, 0.005067534211351974, 0.004115577469480785, 0.019826217574472126, 0.03366154503260354, 0.06308777462173235, 0.09545504379056538, 0.11974967365033092, 0.12012474296062263, 0.14213736360570026, 0.1292376016189566, 0.1173871434628456, 0.14821477291780547, 0.15056307150846251, 0.14614036802251323, 0.16566368637782408, 0.14001674252751384]], "elpd": [-1.21297331446191, -1.6366170072791244], "expected_improvement": [null, null], "actual_improvement": [null, [[1.6315820443104139]]], "mse": [0.7238214926821896, 0.4538037237906234], "nmse": [0.729103591702786, 0.4571153637864116], "y_regret_pool": [0.05820008748207517, 0.05820008748207517, 0.02058778604808076, 0.02058778604808076, 0.02058778604808076, 0.02058778604808076, 0.015242880054829211, 0.015242880054829211, 0.015242880054829211, 0.015242880054829211, 0.015242880054829211, 0.015242880054829211, 0.015242880054829211, 0.015242880054829211, 0.015242880054829211, 0.015242880054829211, 0.015242880054829211, 0.015242880054829211, 0.015242880054829211, 0.015242880054829211, 0.015242880054829211, 0.015242880054829211, 0.015242880054829211, 0.013659204204977016, 0.013659204204977016, 0.013659204204977016, 0.013659204204977016, 0.013659204204977016, 0.013659204204977016, 0.013659204204977016, 0.013659204204977016, 0.013659204204977016, 0.013659204204977016, 0.013659204204977016, 0.013659204204977016, 0.013659204204977016, 0.013659204204977016, 0.013659204204977016, 0.013659204204977016, 0.013659204204977016, 0.013659204204977016, 0.013659204204977016, 0.013659204204977016, 0.013659204204977016, 0.013659204204977016, 0.013659204204977016, 0.013659204204977016, 0.013659204204977016, 0.013659204204977016, 0.013659204204977016, 0.013659204204977016, 0.013659204204977016, 0.013659204204977016, 0.013659204204977016, 0.013659204204977016, 0.013659204204977016, 0.013659204204977016, 0.013659204204977016, 0.013659204204977016, 0.013659204204977016, 0.013659204204977016, 0.013659204204977016, 0.013659204204977016, 0.013659204204977016, 0.013659204204977016, 0.013659204204977016, 0.013659204204977016, 0.013659204204977016, 0.013659204204977016, 0.013659204204977016, 0.013659204204977016, 0.013659204204977016, 0.013659204204977016, 0.013659204204977016, 0.013659204204977016, 0.013659204204977016, 0.013659204204977016, 0.013659204204977016, 0.013659204204977016, 0.013659204204977016, 0.013659204204977016, 0.013659204204977016, 0.013659204204977016, 0.013659204204977016, 0.013659204204977016, 0.013659204204977016, 0.013659204204977016, 0.013659204204977016, 0.013659204204977016, 0.013659204204977016, 0.013659204204977016, 0.013659204204977016, 0.013659204204977016, 0.013659204204977016, 0.013659204204977016, 0.013659204204977016, 0.013659204204977016, 0.013659204204977016, 0.013659204204977016, 0.013659204204977016, 0.013659204204977016],