{"p_array": [0.001, 0.053526315789473686, 0.10605263157894737, 0.15857894736842104, 0.21110526315789474, 0.26363157894736844, 0.3161578947368421, 0.3686842105263158, 0.4212105263157895, 0.4737368421052632, 0.5262631578947369, 0.5787894736842105, 0.6313157894736842, 0.6838421052631579, 0.7363684210526316, 0.7888947368421053, 0.841421052631579, 0.8939473684210526, 0.9464736842105264, 0.999], "mean_sharpness": [-1.1053729715698732, -0.08876954704571002], "sharpness_error_true_minus_model": [], "posterior_variance": [0.6854102622732025, 0.20626343138428116], "bias_mse": [], "bias_nmse": [], "f_calibration": [], "f_calibration_mse": [], "f_calibration_nmse": [], "y_calibration": [[0.02199999988079071, 0.049800001084804535, 0.05779999867081642, 0.07639999687671661, 0.12700000405311584, 0.25220000743865967, 0.39160001277923584, 0.48739999532699585, 0.5400000214576721, 0.5717999935150146, 0.5978000164031982, 0.6236000061035156, 0.6567999720573425, 0.701200008392334, 0.7631999850273132, 0.8027999997138977, 0.8450000286102295, 0.9075999855995178, 0.9833999872207642, 1.0], [0.003599999938160181, 0.04280000180006027, 0.06300000101327896, 0.08699999749660492, 0.12700000405311584, 0.16840000450611115, 0.2134000062942505, 0.24959999322891235, 0.2906000018119812, 0.33160001039505005, 0.36899998784065247, 0.40700000524520874, 0.44519999623298645, 0.5184000134468079, 0.6082000136375427, 0.6534000039100647, 0.7261999845504761, 0.7753999829292297, 0.829800009727478, 0.9351999759674072]], "y_calibration_mse": [0.0035403262119369423, 0.014064794446663276], "y_calibration_nmse": [0.03859204124068458, 0.15331613383457565], "calibration_local_dist_to_nearest_train_sample": [[0.5011007174539057, 0.6606144412342715, 0.8201281650146373, 0.9796418887950029, 1.1391556125753686, 1.2986693363557342, 1.4581830601361, 1.6176967839164658, 1.7772105076968314, 1.936724231477197, 2.096237955257563, 2.2557516790379286, 2.415265402818294, 2.57477912659866, 2.734292850379026, 2.8938065741593917, 3.0533202979397576, 3.2128340217201226, 3.3723477455004884, 3.531861469280854], [0.4573614905065385, 0.573135987339537, 0.6889104841725353, 0.8046849810055338, 0.9204594778385322, 1.0362339746715306, 1.1520084715045291, 1.2677829683375275, 1.3835574651705258, 1.4993319620035244, 1.6151064588365227, 1.730880955669521, 1.8466554525025196, 1.962429949335518, 2.0782044461685167, 2.1939789430015146, 2.3097534398345134, 2.4255279366675113, 2.54130243350051, 2.6570769303335084]], "calibration_local_y": [[0.004456368576341662, 0.005081511348456144, 0.009306476321541633, 0.008405406258788804, 0.00901607035413812, 0.007577485878720149, 0.01826289776035759, 0.011996263771877815, 0.01222797740803783, 0.008391183440097469, 0.00826764497404036, 0.002343260992760501, 0.0038207007515374605, 0.009882473358968578, 0.03436636572660498, 0.03813427082965061, 0.04940312707943486, 0.04455766694078948, 0.18461802685171722, 0.05442931578947369], [0.0015464358333089601, 0.0028630827668272955, 0.0007171917138393035, 0.002817627970561302, 0.008156581671257837, 0.005502354641514523, 0.01300936657236482, 0.01667387288240669, 0.018613385358127392, 0.032466188693340434, 0.03768639597679942, 0.03311533417199145, 0.052125114368592976, 0.062379196169510764, 0.08161441673967006, 0.050258981327195626, 0.06545700580934684, 0.09679422770789427, 0.061909315138034125, 0.08701830587616688]], "elpd": [-2.4353956454306673, -1.66434722921303], "expected_improvement": [null, null], "actual_improvement": [null, [[0.06325034911477334]]], "mse": [0.6123723296536463, 0.3540716813148089], "nmse": [0.6287783069496881, 0.3635575638139537], "y_regret_pool": [0.012689725214249048, 0.012689725214249048, 0.012689725214249048, 0.012689725214249048, 0.012689725214249048, 0.012689725214249048, 0.012689725214249048, 0.012689725214249048, 0.012689725214249048, 0.012689725214249048, 0.012689725214249048, 0.012689725214249048, 0.012689725214249048, 0.0, 0.0, 0.0, 0.0, 0.0, 0.0, 0.0, 0.0, 0.0, 0.0, 0.0, 0.0, 0.0, 0.0, 0.0, 0.0, 0.0, 0.0, 0.0, 0.0, 0.0, 0.0, 0.0, 0.0, 0.0, 0.0, 0.0, 0.0, 0.0, 0.0, 0.0, 0.0, 0.0, 0.0, 0.0, 0.0, 0.0, 0.0, 0.0, 0.0, 0.0, 0.0, 0.0, 0.0, 0.0, 0.0, 0.0, 0.0, 0.0, 0.0, 0.0, 0.0, 0.0, 0.0, 0.0, 0.0, 0.0, 0.0, 0.0, 0.0, 0.0, 0.0, 0.0, 0.0, 0.0, 0.0, 0.0, 0.0, 0.0, 0.0, 0.0, 0.0, 0.0, 0.0, 0.0, 0.0, 0.0, 0.0, 0.0, 0.0, 0.0, 0.0, 0.0, 0.0, 0.0, 0.0, 0.0, 0.0], "y_regret_test": [0.014870771735448374, 0.014870771735448374, 0.014870771735448374, 0.014870771735448374, 0.014870771735448374, 0.014870771735448374, 0.014870771735448374, 0.014870771735448374, 0.014870771735448374, 0.014870771735448374, 0.014870771735448374, 0.014870771735448374, 0.014870771735448374, 0.0021810465211993257, 0.0021810465211993257, 0.0021810465211993257, 0.0021810465211993257, 0.0021810465211993257, 0.0021810465211993257, 0.0021810465211993257, 0.0021810465211993257, 0.0021810465211993257, 0.0021810465211993257, 0.0021810465211993257, 0.0021810465211993257, 0.0021810465211993257, 0.0021810465211993257, 0.0021810465211993257, 0.0021810465211993257, 0.0021810465211993257, 0.0021810465211993257, 0.0021810465211993257, 0.0021810465211993257, 0.0021810465211993257, 0.0021810465211993257, 0.0021810465211993257, 0.0021810465211993257, 0.0021810465211993257, 0.0021810465211993257, 0.0021810465211993257, 0.0021810465211993257, 0.0021810465211993257, 0.0021810465211993257, 0.0021810465211993257, 0.0021810465211993257, 0.0021810465211993257, 0.0021810465211993257, 0.0021810465211993257, 0.0021810465211993257, 0.0021810465211993257, 0.0021810465211993257, 0.0021810465211993257, 0.0021810465211993257, 0.0021810465211993257, 0.0021810465211993257, 0.0021810465211993257, 0.0021810465211993257, 0.0021810465211993257, 0.0021810465211993257, 0.0021810465211993257, 0.0021810465211993257, 0.0021810465211993257, 0.0021810465211993257, 0.0021810465211993257, 0.0021810465211993257, 0.0021810465211993257, 0.0021810465211993257, 0.0021810465211993257, 0.0021810465211993257, 0.0021810465211993257, 0.0021810465211993257, 0.0021810465211993257, 0.0021810465211993257, 0.0021810465211993257, 0.0021810465211993257, 0.0021810465211993257, 0.0021810465211993257, 0.0021810465211993257, 0.0021810465211993257, 0.0021810465211993257, 0.0021810465211993257, 0.0021810465211993257, 0.0021810465211993257, 0.0021810465211993257, 0.0021810465211993257, 0.0021810465211993257, 0.0021810465211993257, 0.0021810465211993257, 0.0021810465211993257, 0.0021810465211993257, 0.0021810465211993257, 0.0021810465211993257, 0.0021810465211993257, 0.0021810465211993257, 0.0021810465211993257, 0.0021810465211993257, 0.0021810465211993257, 0.0021810465211993257, 0.0021810465211993257, 0.0021810465211993257, 0.0021810465211993257], "f_regret_pool": [], "f_regret_test": [], "x_y_opt_dist_pool": [2.0375985141651194, 2.0375985141651194, 2.0375985141651194, 2.0375985141651194, 2.0375985141651194, 2.0375985141651194, 2.0375985141651194, 2.0375985141651194, 2.0375985141651194, 2.0375985141651194, 2.0375985141651194, 2.0375985141651194, 2.0375985141651194, 2.0375985141651194, 0.0, 0.0, 0.0, 0.0, 0.0, 0.0, 0.0, 0.0, 0.0, 0.0, 0.0, 0.0, 0.0, 0.0, 0.0, 0.0, 0.0, 0.0, 0.0, 0.0, 0.0, 0.0, 0.0, 0.0, 0.0, 0.0, 0.0, 0.0, 0.0, 0.0, 0.0, 0.0, 0.0, 0.0, 0.0, 0.0, 0.0, 0.0, 0.0, 0.0, 0.0, 0.0, 0.0, 0.0, 0.0, 0.0, 0.0, 0.0, 0.0, 0.0, 0.0, 0.0, 0.0, 0.0, 0.0, 0.0, 0.0, 0.0, 0.0, 0.0, 0.0, 0.0, 0.0, 0.0, 0.0, 0.0, 0.0, 0.0, 0.0, 0.0, 0.0, 0.0, 0.0, 0.0, 0.0, 0.0, 0.0, 0.0, 0.0, 0.0, 0.0, 0.0, 0.0, 0.0, 0.0, 0.0, 0.0, 0.0, 0.0], "x_f_opt_dist_pool": [],