{"p_array": [0.001, 0.053526315789473686, 0.10605263157894737, 0.15857894736842104, 0.21110526315789474, 0.26363157894736844, 0.3161578947368421, 0.3686842105263158, 0.4212105263157895, 0.4737368421052632, 0.5262631578947369, 0.5787894736842105, 0.6313157894736842, 0.6838421052631579, 0.7363684210526316, 0.7888947368421053, 0.841421052631579, 0.8939473684210526, 0.9464736842105264, 0.999], "mean_sharpness": [-1.497227835093302, -0.08391240090529094], "sharpness_error_true_minus_model": [], "posterior_variance": [1.1695026860348572, 0.08249992742010843], "bias_mse": [], "bias_nmse": [], "f_calibration": [], "f_calibration_mse": [], "f_calibration_nmse": [], "y_calibration": [[0.0, 0.0, 0.12099999934434891, 0.3547999858856201, 0.45019999146461487, 0.5026000142097473, 0.5360000133514404, 0.5604000091552734, 0.5830000042915344, 0.604200005531311, 0.6254000067710876, 0.6470000147819519, 0.6678000092506409, 0.6836000084877014, 0.7071999907493591, 0.7360000014305115, 0.8019999861717224, 1.0, 1.0, 1.0], [0.05380000174045563, 0.15919999778270721, 0.21320000290870667, 0.2581999897956848, 0.3025999963283539, 0.35019999742507935, 0.4004000127315521, 0.460999995470047, 0.5332000255584717, 0.5658000111579895, 0.5924000144004822, 0.6151999831199646, 0.6362000107765198, 0.6552000045776367, 0.675599992275238, 0.6959999799728394, 0.7196000218391418, 0.7473999857902527, 0.7868000268936157, 0.8895999789237976]], "y_calibration_mse": [0.015963710638360402, 0.009025404105506422], "y_calibration_nmse": [0.17401565348208448, 0.0983832411485565], "calibration_local_dist_to_nearest_train_sample": [[0.5071285340475428, 0.6677195702996999, 0.8283106065518568, 0.9889016428040138, 1.1494926790561708, 1.310083715308328, 1.470674751560485, 1.631265787812642, 1.791856824064799, 1.952447860316956, 2.113038896569113, 2.27362993282127, 2.4342209690734276, 2.5948120053255845, 2.7554030415777415, 2.9159940778298985, 3.0765851140820555, 3.2371761503342125, 3.3977671865863694, 3.5583582228385264], [0.4682928412931821, 0.5916302825164196, 0.7149677237396571, 0.8383051649628945, 0.9616426061861321, 1.0849800474093696, 1.208317488632607, 1.3316549298558447, 1.454992371079082, 1.5783298123023195, 1.701667253525557, 1.8250046947487946, 1.948342135972032, 2.0716795771952694, 2.1950170184185067, 2.3183544596417445, 2.4416919008649822, 2.565029342088219, 2.688366783311457, 2.811704224534694]], "calibration_local_y": [[0.054059725207406914, 0.035733020760905045, 0.01910218010637887, 0.012443196339325457, 0.016870504872699706, 0.023785914221319187, 0.024696207813363687, 0.02715103538175364, 0.024330225657145592, 0.03128922022900063, 0.021654017803500517, 0.016852890413572574, 0.007188872381435505, 0.009885872366752212, 0.006871908236650378, 0.012144296849631576, 0.025660153234771204, 0.07596715415741054, 0.11293390692337238, 0.20779510526315786], [0.06736647900668483, 0.05482581970643587, 0.02284951379296402, 0.016648672894947814, 0.014062666445868077, 0.014397157790227006, 0.01691047993488418, 0.02030217644482519, 0.0173935317098643, 0.020843597385306684, 0.02058384651073582, 0.030905930658021684, 0.013436598115031447, 0.029736373228774628, 0.020143138054276834, 0.02907135312353502, 0.018111826181893546, 0.023241302565579647, 0.03808984210526316, 0.04076247389281119]], "elpd": [-1.4644408652880792, -2.6873450295343275], "expected_improvement": [null, null], "actual_improvement": [null, [[0.04851352264032438]]], "mse": [1.0928137875265522, 0.2828024652165128], "nmse": [1.0843783159630134, 0.2806195021347311], "y_regret_pool": [0.12098434041167305, 0.12098434041167305, 0.12098434041167305, 0.12098434041167305, 0.12098434041167305, 0.12098434041167305, 0.09403238338927045, 0.09403238338927045, 0.09403238338927045, 0.09403238338927045, 0.09403238338927045, 0.09403238338927045, 0.09403238338927045, 0.09403238338927045, 0.09403238338927045, 0.09403238338927045, 0.09403238338927045, 0.06248861146675533, 0.06248861146675533, 0.06248861146675533, 0.05769715244055007, 0.05769715244055007, 0.05769715244055007, 0.05769715244055007, 0.05769715244055007, 0.05769715244055007, 0.05769715244055007, 0.05769715244055007, 0.05769715244055007, 0.05769715244055007, 0.05769715244055007, 0.024755871635391946, 0.024755871635391946, 0.024755871635391946, 0.024755871635391946, 0.024755871635391946, 0.024755871635391946, 0.024755871635391946, 0.024755871635391946, 0.024755871635391946, 0.024755871635391946, 0.024755871635391946, 0.024755871635391946, 0.024755871635391946, 0.024755871635391946, 0.017768327222176472, 0.017768327222176472, 0.017768327222176472, 0.017768327222176472, 0.017768327222176472, 0.017768327222176472, 0.017768327222176472, 0.017768327222176472, 0.015771885961257892, 0.015771885961257892, 0.015771885961257892, 0.015771885961257892, 0.015771885961257892, 0.015771885961257892, 0.007985765043674764, 0.002395729513102518, 0.002395729513102518, 0.002395729513102518, 0.002395729513102518, 0.002395729513102518, 0.002395729513102518, 0.002395729513102518, 0.002395729513102518, 0.002395729513102518, 0.002395729513102518, 0.002395729513102518, 0.0, 0.0, 0.0, 0.0, 0.0, 0.0, 0.0, 0.0, 0.0, 0.0, 0.0, 0.0, 0.0, 0.0, 0.0, 0.0, 0.0, 0.0, 0.0, 0.0, 0.0, 0.0, 0.0, 0.0, 0.0, 0.0, 0.0, 0.0, 0.0, 0.0], "y_regret_test": [0.1215832727899484, 0.1215832727899484, 0.1215832727899484, 0.1215832727899484, 0.1215832727899484, 0.1215832727899484, 0.0946313157675458, 0.0946313157675458, 0.0946313157675458, 0.0946313157675458, 0.0946313157675458, 0.0946313157675458, 0.0946313157675458, 0.0946313157675458, 0.0946313157675458, 0.0946313157675458, 0.0946313157675458, 0.06308754384503068, 0.06308754384503068, 0.06308754384503068, 0.05829608481882542, 0.05829608481882542, 0.05829608481882542, 0.05829608481882542, 0.05829608481882542, 0.05829608481882542, 0.05829608481882542, 0.05829608481882542, 0.05829608481882542, 0.05829608481882542, 0.05829608481882542, 0.025354804013667298, 0.025354804013667298, 0.025354804013667298, 0.025354804013667298, 0.025354804013667298, 0.025354804013667298, 0.025354804013667298, 0.025354804013667298, 0.025354804013667298, 0.025354804013667298, 0.025354804013667298, 0.025354804013667298, 0.025354804013667298, 0.025354804013667298, 0.018367259600451824, 0.018367259600451824, 0.018367259600451824, 0.018367259600451824, 0.018367259600451824, 0.018367259600451824, 0.018367259600451824, 0.018367259600451824, 0.016370818339533244, 0.016370818339533244, 0.016370818339533244, 0.016370818339533244, 0.016370818339533244, 0.016370818339533244, 0.008584697421950116, 0.00299466189137787, 0.00299466189137787, 0.00299466189137787, 0.00299466189137787, 0.00299466189137787, 0.00299466189137787, 0.00299466189137787, 0.00299466189137787, 0.00299466189137787, 0.00299466189137787, 0.00299466189137787, 0.000598932378275352, 0.000598932378275352, 0.000598932378275352, 0.000598932378275352, 0.000598932378275352, 0.000598932378275352, 0.000598932378275352, 0.000598932378275352, 0.000598932378275352, 0.000598932378275352, 0.000598932378275352, 0.000598932378275352, 0.000598932378275352, 0.000598932378275352, 0.000598932378275352, 0.000598932378275352, 0.000598932378275352, 0.000598932378275352, 0.000598932378275352, 0.000598932378275352, 0.000598932378275352, 0.000598932378275352, 0.000598932378275352, 0.000598932378275352, 0.000598932378275352, 0.000598932378275352, 0.000598932378275352, 0.000598932378275352, 0.000598932378275352, 0.000598932378275352], "f_regret_pool": [], "f_regret_test": [],