{"p_array": [0.001, 0.053526315789473686, 0.10605263157894737, 0.15857894736842104, 0.21110526315789474, 0.26363157894736844, 0.3161578947368421, 0.3686842105263158, 0.4212105263157895, 0.4737368421052632, 0.5262631578947369, 0.5787894736842105, 0.6313157894736842, 0.6838421052631579, 0.7363684210526316, 0.7888947368421053, 0.841421052631579, 0.8939473684210526, 0.9464736842105264, 0.999], "mean_sharpness": [-0.6308004636855756, -0.7447528029061368], "sharpness_error_true_minus_model": [], "posterior_variance": [0.23488017920290175, 0.2943256690446807], "bias_mse": [], "bias_nmse": [], "f_calibration": [], "f_calibration_mse": [], "f_calibration_nmse": [], "y_calibration": [[0.0, 0.018400000408291817, 0.04659999907016754, 0.10119999945163727, 0.17759999632835388, 0.23659999668598175, 0.29440000653266907, 0.33880001306533813, 0.3885999917984009, 0.42480000853538513, 0.459199994802475, 0.487199991941452, 0.5108000040054321, 0.5338000059127808, 0.5533999800682068, 0.5726000070571899, 0.5924000144004822, 0.6140000224113464, 0.6471999883651733, 0.8396000266075134], [0.0, 0.0, 0.002199999988079071, 0.012199999764561653, 0.025599999353289604, 0.04439999908208847, 0.08780000358819962, 0.1746000051498413, 0.2919999957084656, 0.36320000886917114, 0.41339999437332153, 0.4480000138282776, 0.47940000891685486, 0.508400022983551, 0.5350000262260437, 0.5633999705314636, 0.5997999906539917, 0.6585999727249146, 0.7508000135421753, 0.9399999976158142]], "y_calibration_mse": [0.020013929818855938, 0.02834602117153224], "y_calibration_nmse": [0.21816588605683326, 0.30899153145059804], "calibration_local_dist_to_nearest_train_sample": [[0.5186325294769967, 0.6914723781905316, 0.8643122269040667, 1.0371520756176018, 1.2099919243311366, 1.3828317730446718, 1.555671621758207, 1.7285114704717417, 1.901351319185277, 2.0741911678988116, 2.247031016612347, 2.419870865325882, 2.5927107140394168, 2.765550562752952, 2.9383904114664867, 3.111230260180022, 3.284070108893557, 3.456909957607092, 3.629749806320627, 3.8025896550341622], [0.38646922507430553, 0.521591659944411, 0.6567140948145165, 0.7918365296846219, 0.9269589645547274, 1.0620813994248328, 1.1972038342949383, 1.3323262691650437, 1.4674487040351492, 1.6025711389052546, 1.73769357377536, 1.8728160086454655, 2.0079384435155707, 2.1430608783856764, 2.278183313255782, 2.4133057481258873, 2.5484281829959925, 2.683550617866098, 2.818673052736204, 2.953795487606309]], "calibration_local_y": [[0.027352496918901466, 0.01573194722552694, 0.005497454753986266, 0.002559444111125544, 0.0037136423251435562, 0.005869898286556917, 0.006138544050410193, 0.006799989987377697, 0.01554754821043309, 0.023820813381539938, 0.05005932274199752, 0.0739671635619364, 0.16022789344045396, 0.18138653112456288, 0.2739478690600647, 0.29659935250559655, 0.3029865115131579, 0.3009780257606217, 0.2918372105263158, 0.2918372105263158], [0.045758837307276555, 0.03624125832639052, 0.02081666400241917, 0.01466369038207932, 0.009246663800369731, 0.008318589252363045, 0.013677678181486288, 0.023899573615430294, 0.04932580485305771, 0.07228031817604982, 0.11627029404745966, 0.14125698771819764, 0.21522417362801197, 0.21472693403299795, 0.2298910222993126, 0.24662982895673458, 0.25766766858984896, 0.28034268787298455, 0.24811931561486347, 0.24718984210526312]], "elpd": [-3.4823654269872235, -1.3440093372577344], "expected_improvement": [null, null], "actual_improvement": [null, [[2.1275174451715833]]], "mse": [1.0933169063783188, 0.7845155985301255], "nmse": [1.1006994828183823, 0.7898130071229884], "y_regret_pool": [0.03176880926061121, 0.03176880926061121, 0.03176880926061121, 0.03176880926061121, 0.03176880926061121, 0.03176880926061121, 0.03176880926061121, 0.01171474841485054, 0.01171474841485054, 0.01171474841485054, 0.01171474841485054, 0.01171474841485054, 0.01171474841485054, 0.01171474841485054, 0.009927752893940989, 0.009927752893940989, 0.009530642778183385, 0.009530642778183385, 0.009530642778183385, 0.009530642778183385, 0.009530642778183385, 0.009530642778183385, 0.009530642778183385, 0.009530642778183385, 0.009530642778183385, 0.009530642778183385, 0.009530642778183385, 0.009530642778183385, 0.005360986562727987, 0.005360986562727987, 0.005360986562727987, 0.005360986562727987, 0.005360986562727987, 0.005360986562727987, 0.005360986562727987, 0.005360986562727987, 0.005360986562727987, 0.005360986562727987, 0.005360986562727987, 0.005360986562727987, 0.005360986562727987, 0.005360986562727987, 0.005360986562727987, 0.005360986562727987, 0.005360986562727987, 0.005360986562727987, 0.005360986562727987, 0.005360986562727987, 0.005360986562727987, 0.005360986562727987, 0.005360986562727987, 0.005360986562727987, 0.005360986562727987, 0.005360986562727987, 0.005360986562727987, 0.005360986562727987, 0.005360986562727987, 0.005360986562727987, 0.005360986562727987, 0.005360986562727987, 0.005360986562727987, 0.005360986562727987, 0.005360986562727987, 0.005360986562727987, 0.005360986562727987, 0.005360986562727987, 0.005360986562727987, 0.005360986562727987, 0.005360986562727987, 0.005360986562727987, 0.005360986562727987, 0.005360986562727987, 0.005360986562727987, 0.005360986562727987, 0.005360986562727987, 0.005360986562727987, 0.005360986562727987, 0.005360986562727987, 0.005360986562727987, 0.005360986562727987, 0.005360986562727987, 0.005360986562727987, 0.005360986562727987, 0.005360986562727987, 0.005360986562727987, 0.005360986562727987, 0.005360986562727987, 0.005360986562727987, 0.005360986562727987, 0.005360986562727987, 0.005360986562727987, 0.005360986562727987, 0.005360986562727987, 0.005360986562727987, 0.005360986562727987, 0.005360986562727987, 0.005360986562727987, 0.005360986562727987, 0.005360986562727987, 0.005360986562727987, 0.005360986562727987],