{"p_array": [0.001, 0.053526315789473686, 0.10605263157894737, 0.15857894736842104, 0.21110526315789474, 0.26363157894736844, 0.3161578947368421, 0.3686842105263158, 0.4212105263157895, 0.4737368421052632, 0.5262631578947369, 0.5787894736842105, 0.6313157894736842, 0.6838421052631579, 0.7363684210526316, 0.7888947368421053, 0.841421052631579, 0.8939473684210526, 0.9464736842105264, 0.999], "mean_sharpness": [0.6342512045122348, 0.24932752844515843], "sharpness_error_true_minus_model": [], "posterior_variance": [0.017721708128831382, 0.04703867768491443], "bias_mse": [], "bias_nmse": [], "f_calibration": [], "f_calibration_mse": [], "f_calibration_nmse": [], "y_calibration": [[0.4973999857902527, 0.5400000214576721, 0.5504000186920166, 0.5562000274658203, 0.5598000288009644, 0.5636000037193298, 0.5658000111579895, 0.5690000057220459, 0.5723999738693237, 0.5753999948501587, 0.5774000287055969, 0.5803999900817871, 0.58160001039505, 0.5838000178337097, 0.5866000056266785, 0.5885999798774719, 0.592199981212616, 0.5964000225067139, 0.6039999723434448, 0.6277999877929688], [0.503000020980835, 0.5604000091552734, 0.5722000002861023, 0.5807999968528748, 0.5853999853134155, 0.5910000205039978, 0.5956000089645386, 0.6001999974250793, 0.605400025844574, 0.6078000068664551, 0.6110000014305115, 0.6137999892234802, 0.6172000169754028, 0.6209999918937683, 0.6262000203132629, 0.6308000087738037, 0.6359999775886536, 0.6439999938011169, 0.6632000207901001, 0.8019999861717224]], "y_calibration_mse": [0.08345982791335241, 0.08043758484751272], "y_calibration_nmse": [0.9097707182780652, 0.8768261470566335], "calibration_local_dist_to_nearest_train_sample": [[0.48574772489633683, 0.6261761368284074, 0.766604548760478, 0.9070329606925487, 1.0474613726246194, 1.18788978455669, 1.3283181964887605, 1.4687466084208312, 1.6091750203529018, 1.7496034322849725, 1.890031844217043, 2.0304602561491136, 2.1708886680811843, 2.3113170800132545, 2.451745491945325, 2.592173903877396, 2.7326023158094666, 2.8730307277415372, 3.013459139673608, 3.1538875516056786], [0.43952784362067576, 0.5337363742770854, 0.6279449049334951, 0.7221534355899047, 0.8163619662463144, 0.9105704969027241, 1.0047790275591337, 1.0989875582155433, 1.193196088871953, 1.2874046195283628, 1.3816131501847724, 1.475821680841182, 1.5700302114975915, 1.6642387421540015, 1.758447272810411, 1.8526558034668206, 1.9468643341232301, 2.04107286477964, 2.1352813954360497, 2.229489926092459]], "calibration_local_y": [[0.34173721052631584, 0.11578973562638632, 0.16760908312397377, 0.13536302844178832, 0.12819075380208916, 0.12381579492752437, 0.0962188781166578, 0.08959573856101974, 0.10142859216724728, 0.0849236263363676, 0.08486986794058841, 0.08056070311266735, 0.08386032036148257, 0.09644138715386796, 0.1003021719419073, 0.12619363125513114, 0.11500802418239615, 0.12860018121141373, 0.18173720873817648, 0.3417372105263158], [0.11067441432540907, 0.08305743553109556, 0.06429179594597276, 0.06614671676220629, 0.06960098615364976, 0.06378794963319392, 0.07511766880690507, 0.0757656395110351, 0.07290122841105473, 0.08451130257707665, 0.08898700118427838, 0.08929203439911265, 0.1041242383800269, 0.1128956263553598, 0.10432366853498483, 0.09778365212902826, 0.07663254347264051, 0.09845841185597735, 0.17075857582324666, 0.3284861895714016]], "elpd": [-33.75807480911979, -21.956346427814477], "expected_improvement": [null, null], "actual_improvement": [null, [[2.2413914784800086]]], "mse": [0.9958673562483565, 0.9527070380467234], "nmse": [0.9836711143876198, 0.9410393742905613], "y_regret_pool": [0.04980427247533581, 0.04980427247533581, 0.04980427247533581, 0.04980427247533581, 0.04980427247533581, 0.04980427247533581, 0.04980427247533581, 0.04980427247533581, 0.04980427247533581, 0.04980427247533581, 0.004980427247533337, 0.004980427247533337, 0.004980427247533337, 0.004980427247533337, 0.004980427247533337, 0.004980427247533337, 0.004980427247533337, 0.004980427247533337, 0.004980427247533337, 0.004980427247533337, 0.004980427247533337, 0.004980427247533337, 0.004980427247533337, 0.004980427247533337, 0.004980427247533337, 0.004980427247533337, 0.004980427247533337, 0.004980427247533337, 0.004980427247533337, 0.004980427247533337, 0.004980427247533337, 0.004980427247533337, 0.004980427247533337, 0.004980427247533337, 0.004980427247533337, 0.004980427247533337, 0.004980427247533337, 0.004980427247533337, 0.004980427247533337, 0.004980427247533337, 0.004980427247533337, 0.004980427247533337, 0.004980427247533337, 0.004980427247533337, 0.004980427247533337, 0.004980427247533337, 0.004980427247533337, 0.004980427247533337, 0.004980427247533337, 0.004980427247533337, 0.004980427247533337, 0.004980427247533337, 0.004980427247533337, 0.004980427247533337, 0.004980427247533337, 0.004980427247533337, 0.004980427247533337, 0.004980427247533337, 0.004980427247533337, 0.004980427247533337, 0.004980427247533337, 0.004980427247533337, 0.004980427247533337, 0.004980427247533337, 0.004980427247533337, 0.004980427247533337, 0.004980427247533337, 0.004980427247533337, 0.004980427247533337, 0.004980427247533337, 0.004980427247533337, 0.004980427247533337, 0.004980427247533337, 0.004980427247533337, 0.004980427247533337, 0.004980427247533337, 0.004980427247533337, 0.004980427247533337, 0.004980427247533337, 0.004980427247533337, 0.004980427247533337, 0.004980427247533337, 0.004980427247533337, 0.004980427247533337, 0.004980427247533337, 0.004980427247533337, 0.004980427247533337, 0.004980427247533337, 0.004980427247533337, 0.004980427247533337, 0.004980427247533337, 0.004980427247533337, 0.004980427247533337, 0.004980427247533337, 0.004980427247533337, 0.004980427247533337, 0.004980427247533337, 0.004980427247533337, 0.004980427247533337, 0.004980427247533337, 0.004980427247533337],