{"p_array": [0.001, 0.053526315789473686, 0.10605263157894737, 0.15857894736842104, 0.21110526315789474, 0.26363157894736844, 0.3161578947368421, 0.3686842105263158, 0.4212105263157895, 0.4737368421052632, 0.5262631578947369, 0.5787894736842105, 0.6313157894736842, 0.6838421052631579, 0.7363684210526316, 0.7888947368421053, 0.841421052631579, 0.8939473684210526, 0.9464736842105264, 0.999], "mean_sharpness": [-0.16211878180623404, -0.17562262538598497, -0.17562262538598497], "sharpness_error_true_minus_model": [], "posterior_variance": [0.09565880237765507, 0.0892460807231706, 0.0892460807231706], "bias_mse": [], "bias_nmse": [], "f_calibration": [], "f_calibration_mse": [], "f_calibration_nmse": [], "y_calibration": [[0.05420000106096268, 0.15160000324249268, 0.2046000063419342, 0.24040000140666962, 0.26980000734329224, 0.30160000920295715, 0.32659998536109924, 0.3497999906539917, 0.365200012922287, 0.38420000672340393, 0.40459999442100525, 0.42820000648498535, 0.4498000144958496, 0.4733999967575073, 0.49320000410079956, 0.5202000141143799, 0.5504000186920166, 0.5827999711036682, 0.6420000195503235, 0.829200029373169], [0.009800000116229057, 0.08460000157356262, 0.1379999965429306, 0.18619999289512634, 0.23240000009536743, 0.2791999876499176, 0.32679998874664307, 0.38260000944137573, 0.4406000077724457, 0.5088000297546387, 0.5784000158309937, 0.6376000046730042, 0.6934000253677368, 0.7468000054359436, 0.7904000282287598, 0.8313999772071838, 0.8629999756813049, 0.8898000121116638, 0.9186000227928162, 0.9810000061988831], [0.009800000116229057, 0.08460000157356262, 0.1379999965429306, 0.18619999289512634, 0.23240000009536743, 0.2791999876499176, 0.32679998874664307, 0.38260000944137573, 0.4406000077724457, 0.5088000297546387, 0.5784000158309937, 0.6376000046730042, 0.6934000253677368, 0.7468000054359436, 0.7904000282287598, 0.8313999772071838, 0.8629999756813049, 0.8898000121116638, 0.9186000227928162, 0.9810000061988831]], "y_calibration_mse": [0.02972220987991909, 0.0012869837747353087, 0.0012869837747353087], "y_calibration_nmse": [0.3239929545426167, 0.014029026687770538, 0.014029026687770538], "calibration_local_dist_to_nearest_train_sample": [[0.5146757253619179, 0.6854085733101861, 0.8561414212584544, 1.0268742692067225, 1.197607117154991, 1.3683399651032593, 1.5390728130515274, 1.7098056609997956, 1.8805385089480637, 2.0512713568963323, 2.2220042048446005, 2.3927370527928686, 2.563469900741137, 2.7342027486894054, 2.9049355966376735, 3.0756684445859417, 3.24640129253421, 3.417134140482478, 3.5878669884307466, 3.7585998363790147], [0.4259281161456363, 0.5079133548776231, 0.58989859360961, 0.6718838323415968, 0.7538690710735836, 0.8358543098055704, 0.9178395485375572, 0.999824787269544, 1.0818100260015309, 1.1637952647335177, 1.2457805034655045, 1.3277657421974913, 1.4097509809294781, 1.491736219661465, 1.5737214583934518, 1.6557066971254386, 1.7376919358574254, 1.8196771745894122, 1.901662413321399, 1.983647652053386], [0.4259281161456363, 0.5079133548776231, 0.58989859360961, 0.6718838323415968, 0.7538690710735836, 0.8358543098055704, 0.9178395485375572, 0.999824787269544, 1.0818100260015309, 1.1637952647335177, 1.2457805034655045, 1.3277657421974913, 1.4097509809294781, 1.491736219661465, 1.5737214583934518, 1.6557066971254386, 1.7376919358574254, 1.8196771745894122, 1.901662413321399, 1.983647652053386]], "calibration_local_y": [[0.0300161578884628, 0.014083332958599681, 0.019457549106753062, 0.021186774068950427, 0.024360402286849263, 0.02300475639432323, 0.029732549642590644, 0.03408245495038086, 0.03502127210479701, 0.030925939802924594, 0.03796649563045352, 0.042785100970356524, 0.04258159341926789, 0.06340213352604956, 0.08729876627845669, 0.10186167204658043, 0.2638062804293367, 0.17083322729667727, 0.29493721052631583, 0.2918372105263158], [0.007139137829605689, 0.005704312039894511, 0.1447635263157895, 0.0046552247448156045, 0.0019729808642839526, 0.002705796554717312, 0.0016125009982163655, 0.003059947418110715, 0.0013108402328094976, 0.0016864735805693948, 0.0020397421793103073, 0.0019162289516798225, 0.0009329134820135523, 0.0017608586088033163, 0.004491642698992733, 0.0028191577493924093, 0.004013745722526143, 0.016437080425095677, 0.014775105025931578, 0.21910913868011717], [0.007139137829605689, 0.005704312039894511, 0.1447635263157895, 0.0046552247448156045, 0.0019729808642839526, 0.002705796554717312, 0.0016125009982163655, 0.003059947418110715, 0.0013108402328094976, 0.0016864735805693948, 0.0020397421793103073, 0.0019162289516798225, 0.0009329134820135523, 0.0017608586088033163, 0.004491642698992733, 0.0028191577493924093, 0.004013745722526143, 0.016437080425095677, 0.014775105025931578, 0.21910913868011717]], "elpd": [-3.5651129319428176, -0.4482512504529488, -0.4482512504529488], "expected_improvement": [null, null, null], "actual_improvement": [null, null, null], "mse": [0.64165833569014, 0.18017408140029573, 0.18017408140029573], "nmse": [0.6458504139508235, 0.18135119359188667, 0.18135119359188667], "y_regret_pool": [0.10187146457895446, 0.10187146457895446, 0.10187146457895446, 0.10187146457895446, 0.10187146457895446, 0.10187146457895446, 0.10187146457895446, 0.08356643578742373, 0.08356643578742373, 0.08356643578742373, 0.08356643578742373, 0.08356643578742373, 0.08356643578742373, 0.08356643578742373, 0.08356643578742373, 0.08356643578742373, 0.08356643578742373, 0.08356643578742373, 0.08356643578742373, 0.08356643578742373, 0.08356643578742373, 0.08356643578742373, 0.08356643578742373, 0.08356643578742373, 0.08356643578742373, 0.08356643578742373, 0.08356643578742373, 0.08356643578742373, 0.08356643578742373, 0.08038295251933136, 0.05650682800863893, 0.05650682800863893, 0.05650682800863893, 0.05650682800863893, 0.05650682800863893, 0.05471611867033732, 0.05471611867033732, 0.05471611867033732, 0.05471611867033732, 0.05471611867033732, 0.05471611867033732, 0.042778056414990884, 0.042778056414990884, 0.042778056414990884, 0.042778056414990884, 0.042778056414990884, 0.042778056414990884, 0.042778056414990884, 0.042778056414990884, 0.042778056414990884, 0.042778056414990884, 0.042778056414990884, 0.042778056414990884, 0.042778056414990884, 0.042778056414990884, 0.042778056414990884, 0.042778056414990884, 0.042778056414990884, 0.042778056414990884, 0.042778056414990884, 0.042778056414990884, 0.042778056414990884, 0.042778056414990884, 0.042778056414990884, 0.042778056414990884, 0.042778056414990884, 0.042778056414990884, 0.042778056414990884, 0.042778056414990884, 0.042778056414990884, 0.015519480931950103, 0.015519480931950103, 0.015519480931950103, 0.015519480931950103, 0.015519480931950103, 0.015519480931950103, 0.015519480931950103, 0.015519480931950103, 0.015519480931950103, 0.015519480931950103, 0.015519480931950103, 0.015519480931950103, 0.015519480931950103, 0.015519480931950103, 0.015519480931950103, 0.015519480931950103, 0.015519480931950103, 0.015519480931950103, 0.015519480931950103, 0.015519480931950103, 0.015519480931950103, 0.015519480931950103, 0.015519480931950103, 0.015519480931950103, 0.015519480931950103, 0.015519480931950103, 0.015519480931950103, 0.015519480931950103, 0.015519480931950103, 0.015519480931950103, 0.015519480931950103, 0.015519480931950103],