{"p_array": [0.001, 0.053526315789473686, 0.10605263157894737, 0.15857894736842104, 0.21110526315789474, 0.26363157894736844, 0.3161578947368421, 0.3686842105263158, 0.4212105263157895, 0.4737368421052632, 0.5262631578947369, 0.5787894736842105, 0.6313157894736842, 0.6838421052631579, 0.7363684210526316, 0.7888947368421053, 0.841421052631579, 0.8939473684210526, 0.9464736842105264, 0.999], "mean_sharpness": [4.112819492393377, 0.3442400398485955], "sharpness_error_true_minus_model": [], "posterior_variance": [0.08008907579248581, 0.07034215992332662], "bias_mse": [], "bias_nmse": [], "f_calibration": [], "f_calibration_mse": [], "f_calibration_nmse": [], "y_calibration": [[0.0803999975323677, 0.15000000596046448, 0.1842000037431717, 0.20960000157356262, 0.2305999994277954, 0.24979999661445618, 0.26499998569488525, 0.2831999957561493, 0.30300000309944153, 0.3174000084400177, 0.33160001039505005, 0.3476000130176544, 0.36399999260902405, 0.3806000053882599, 0.399399995803833, 0.42419999837875366, 0.5598000288009644, 0.616599977016449, 0.6381999850273132, 0.6934000253677368], [0.015599999576807022, 0.09019999951124191, 0.11879999935626984, 0.13940000534057617, 0.16120000183582306, 0.18279999494552612, 0.2062000036239624, 0.2305999994277954, 0.25839999318122864, 0.2784000039100647, 0.30399999022483826, 0.3310000002384186, 0.423799991607666, 0.4763999879360199, 0.5109999775886536, 0.5437999963760376, 0.5734000205993652, 0.6037999987602234, 0.646399974822998, 0.8248000144958496]], "y_calibration_mse": [0.04595972231633306, 0.03455515218479677], "y_calibration_nmse": [0.5009932398494832, 0.3766754186937508], "calibration_local_dist_to_nearest_train_sample": [[0.4987223717356208, 0.6563415065352174, 0.8139606413348139, 0.9715797761344106, 1.129198910934007, 1.2868180457336038, 1.4444371805332006, 1.602056315332797, 1.7596754501323937, 1.91729458493199, 2.074913719731587, 2.2325328545311836, 2.39015198933078, 2.5477711241303767, 2.705390258929973, 2.8630093937295698, 3.0206285285291665, 3.178247663328763, 3.3358667981283596, 3.4934859329279564], [0.4480314383126688, 0.5549596396893135, 0.6618878410659583, 0.768816042442603, 0.8757442438192478, 0.9826724451958926, 1.0896006465725372, 1.196528847949182, 1.3034570493258268, 1.4103852507024714, 1.5173134520791163, 1.624241653455761, 1.7311698548324057, 1.8380980562090505, 1.9450262575856951, 2.05195445896234, 2.1588826603389846, 2.2658108617156296, 2.3727390630922742, 2.479667264468919]], "calibration_local_y": [[0.037679107024911326, 0.03559352682848362, 0.030083424656607682, 0.04491800669603561, 0.031652218778914554, 0.042412821783703654, 0.03905392995303581, 0.031124647772051105, 0.040864023844865933, 0.042812868179704464, 0.05516404124358811, 0.03963507227841067, 0.06236280425789035, 0.10687514610418287, 0.07342492079711753, 0.12842556464248073, 0.20868175712538867, 0.30992790123263025, 0.3417372105263158, 0.3417372105263158], [0.01514291800822728, 0.018314181153585136, 0.011013519471796244, 0.006930572969728123, 0.00677841551327178, 0.014588325804936917, 0.02309874715844788, 0.034360866265410385, 0.04830403237007767, 0.08487231799808255, 0.08978293369215694, 0.10723880401536315, 0.15540185107910234, 0.12423748356340739, 0.16190549963656337, 0.166751190956983, 0.1677852400980647, 0.1829421442758405, 0.22463510325072472, 0.2041416874349118]], "elpd": [-820615831308210.0, -3.6277058167948737], "expected_improvement": [null, null], "actual_improvement": [null, [[0.5502341254254068]]], "mse": [0.7437145241077405, 0.37866834363224655], "nmse": [0.7466514488463667, 0.3801637029268393], "y_regret_pool": [0.05367168130955924, 0.05367168130955924, 0.05367168130955924, 0.05367168130955924, 0.05367168130955924, 0.05367168130955924, 0.05367168130955924, 0.05367168130955924, 0.05367168130955924, 0.05367168130955924, 0.04134707300884588, 0.04134707300884588, 0.04134707300884588, 0.04134707300884588, 0.04134707300884588, 0.04134707300884588, 0.04134707300884588, 0.04134707300884588, 0.04134707300884588, 0.04134707300884588, 0.04134707300884588, 0.04134707300884588, 0.04134707300884588, 0.04134707300884588, 0.04134707300884588, 0.04134707300884588, 0.04134707300884588, 0.036973824902141184, 0.036973824902141184, 0.036973824902141184, 0.036973824902141184, 0.036973824902141184, 0.036973824902141184, 0.033793280824537586, 0.033793280824537586, 0.033793280824537586, 0.033793280824537586, 0.033793280824537586, 0.033793280824537586, 0.033793280824537586, 0.001789056043652204, 0.001789056043652204, 0.001789056043652204, 0.001789056043652204, 0.001789056043652204, 0.001789056043652204, 0.001789056043652204, 0.001789056043652204, 0.001789056043652204, 0.001789056043652204, 0.001789056043652204, 0.001789056043652204, 0.001789056043652204, 0.001789056043652204, 0.001789056043652204, 0.001789056043652204, 0.001789056043652204, 0.001789056043652204, 0.001789056043652204, 0.001789056043652204, 0.001789056043652204, 0.001789056043652204, 0.001789056043652204, 0.001789056043652204, 0.001789056043652204, 0.001789056043652204, 0.001789056043652204, 0.001789056043652204, 0.001789056043652204, 0.001789056043652204, 0.001789056043652204, 0.001789056043652204, 0.001789056043652204, 0.001789056043652204, 0.001789056043652204, 0.001789056043652204, 0.001789056043652204, 0.001789056043652204, 0.001789056043652204, 0.001789056043652204, 0.001789056043652204, 0.001789056043652204, 0.001789056043652204, 0.001789056043652204, 0.001789056043652204, 0.001789056043652204, 0.001789056043652204, 0.001789056043652204, 0.001789056043652204, 0.001789056043652204, 0.001789056043652204, 0.001789056043652204, 0.001789056043652204, 0.001789056043652204, 0.001789056043652204, 0.001789056043652204, 0.001789056043652204, 0.001789056043652204, 0.001789056043652204, 0.001789056043652204, 0.001789056043652204],