{"p_array": [0.001, 0.053526315789473686, 0.10605263157894737, 0.15857894736842104, 0.21110526315789474, 0.26363157894736844, 0.3161578947368421, 0.3686842105263158, 0.4212105263157895, 0.4737368421052632, 0.5262631578947369, 0.5787894736842105, 0.6313157894736842, 0.6838421052631579, 0.7363684210526316, 0.7888947368421053, 0.841421052631579, 0.8939473684210526, 0.9464736842105264, 0.999], "mean_sharpness": [-0.6712851121182536, -0.6613738865947986, -0.6613738865947986], "sharpness_error_true_minus_model": [], "posterior_variance": [0.224179806357065, 0.22186943852671617, 0.22186943852671617], "bias_mse": [], "bias_nmse": [], "f_calibration": [], "f_calibration_mse": [], "f_calibration_nmse": [], "y_calibration": [[0.0, 0.0, 0.09600000083446503, 0.23199999332427979, 0.3125999867916107, 0.36719998717308044, 0.40380001068115234, 0.43160000443458557, 0.45399999618530273, 0.4749999940395355, 0.4893999993801117, 0.5085999965667725, 0.5231999754905701, 0.5364000201225281, 0.5511999726295471, 0.5633999705314636, 0.5789999961853027, 0.5947999954223633, 0.618399977684021, 0.7085999846458435], [0.00019999999494757503, 0.05779999867081642, 0.11420000344514847, 0.17440000176429749, 0.2378000020980835, 0.3050000071525574, 0.3628000020980835, 0.4235999882221222, 0.4821999967098236, 0.5482000112533569, 0.6126000285148621, 0.6736000180244446, 0.725600004196167, 0.7684000134468079, 0.8068000078201294, 0.8324000239372253, 0.8561999797821045, 0.8826000094413757, 0.920199990272522, 0.996999979019165], [0.00019999999494757503, 0.05779999867081642, 0.11420000344514847, 0.17440000176429749, 0.2378000020980835, 0.3050000071525574, 0.3628000020980835, 0.4235999882221222, 0.4821999967098236, 0.5482000112533569, 0.6126000285148621, 0.6736000180244446, 0.725600004196167, 0.7684000134468079, 0.8068000078201294, 0.8324000239372253, 0.8561999797821045, 0.8826000094413757, 0.920199990272522, 0.996999979019165]], "y_calibration_mse": [0.025863451635701806, 0.0028796352940964774, 0.0028796352940964774], "y_calibration_nmse": [0.28192978059086066, 0.03139004638984988, 0.03139004638984988], "calibration_local_dist_to_nearest_train_sample": [[0.48574772489633683, 0.6261761368284074, 0.766604548760478, 0.9070329606925487, 1.0474613726246194, 1.18788978455669, 1.3283181964887605, 1.4687466084208312, 1.6091750203529018, 1.7496034322849725, 1.890031844217043, 2.0304602561491136, 2.1708886680811843, 2.3113170800132545, 2.451745491945325, 2.592173903877396, 2.7326023158094666, 2.8730307277415372, 3.013459139673608, 3.1538875516056786], [0.4320499983871555, 0.518780683810045, 0.6055113692329345, 0.6922420546558239, 0.7789727400787133, 0.8657034255016028, 0.9524341109244923, 1.0391647963473818, 1.125895481770271, 1.2126261671931604, 1.2993568526160502, 1.3860875380389395, 1.4728182234618288, 1.5595489088847185, 1.6462795943076078, 1.7330102797304971, 1.819740965153387, 1.9064716505762762, 1.9932023359991655, 2.079933021422055], [0.4320499983871555, 0.518780683810045, 0.6055113692329345, 0.6922420546558239, 0.7789727400787133, 0.8657034255016028, 0.9524341109244923, 1.0391647963473818, 1.125895481770271, 1.2126261671931604, 1.2993568526160502, 1.3860875380389395, 1.4728182234618288, 1.5595489088847185, 1.6462795943076078, 1.7330102797304971, 1.819740965153387, 1.9064716505762762, 1.9932023359991655, 2.079933021422055]], "calibration_local_y": [[0.13619826473683755, 0.0075402701964563555, 0.02306762296694978, 0.009268447839488044, 0.009392737022076655, 0.008150519364326637, 0.015424844629864065, 0.019470685875862807, 0.018029550830625404, 0.025595708717842707, 0.02645580276890407, 0.0509345602950211, 0.057543305698133665, 0.08848181822066077, 0.08968294253888862, 0.12151110171652395, 0.11151778784700757, 0.12695243051707522, 0.1714587869594348, 0.3417372105263158], [0.0025469060902554067, 0.0020719173180517086, 0.0019564878531448267, 0.010488260837662609, 0.003400600652420485, 0.0026164759708442293, 0.00671814789017308, 0.002781628438670284, 0.003197138335181298, 0.0033995132332486203, 0.00392888298520198, 0.0017876342851867726, 0.0015109868002438024, 0.00972572129438833, 0.006572389379381797, 0.0025749655779144795, 0.025004754429570564, 0.009967073073238361, 0.20779510526315786, 0.24718984210526312], [0.0025469060902554067, 0.0020719173180517086, 0.0019564878531448267, 0.010488260837662609, 0.003400600652420485, 0.0026164759708442293, 0.00671814789017308, 0.002781628438670284, 0.003197138335181298, 0.0033995132332486203, 0.00392888298520198, 0.0017876342851867726, 0.0015109868002438024, 0.00972572129438833, 0.006572389379381797, 0.0025749655779144795, 0.025004754429570564, 0.009967073073238361, 0.20779510526315786, 0.24718984210526312]], "elpd": [-2.9409054945310555, -0.7149236240347667, -0.7149236240347667], "expected_improvement": [null, null, null], "actual_improvement": [null, null, null], "mse": [1.2417859220237641, 0.2370191479686288, 0.2370191479686288], "nmse": [1.226577951454958, 0.2341164091288488, 0.2341164091288488], "y_regret_pool": [0.04980427247533581, 0.04980427247533581, 0.04980427247533581, 0.04980427247533581, 0.04980427247533581, 0.04980427247533581, 0.04980427247533581, 0.04980427247533581, 0.04980427247533581, 0.04980427247533581, 0.03785124708125509, 0.03785124708125509, 0.03785124708125509, 0.03785124708125509, 0.03785124708125509, 0.03785124708125509, 0.03785124708125509, 0.03785124708125509, 0.03785124708125509, 0.03785124708125509, 0.03785124708125509, 0.03785124708125509, 0.03785124708125509, 0.03785124708125509, 0.03785124708125509, 0.03785124708125509, 0.03785124708125509, 0.03785124708125509, 0.03785124708125509, 0.03785124708125509, 0.03785124708125509, 0.03785124708125509, 0.03785124708125509, 0.03785124708125509, 0.03785124708125509, 0.03785124708125509, 0.03785124708125509, 0.03785124708125509, 0.03785124708125509, 0.03785124708125509, 0.03785124708125509, 0.014941281742600676, 0.014941281742600676, 0.014941281742600676, 0.014941281742600676, 0.014941281742600676, 0.014941281742600676, 0.014941281742600676, 0.014941281742600676, 0.014941281742600676, 0.014941281742600676, 0.014941281742600676, 0.014941281742600676, 0.014941281742600676, 0.014941281742600676, 0.014941281742600676, 0.014941281742600676, 0.014941281742600676, 0.014941281742600676, 0.014941281742600676, 0.014941281742600676, 0.014941281742600676, 0.014941281742600676, 0.014941281742600676, 0.014941281742600676, 0.014941281742600676, 0.014941281742600676, 0.014941281742600676, 0.014941281742600676, 0.008765551955658868, 0.008765551955658868, 0.008765551955658868, 0.008765551955658868, 0.008765551955658868, 0.008765551955658868, 0.008765551955658868, 0.008765551955658868, 0.008765551955658868, 0.008765551955658868, 0.008765551955658868, 0.008765551955658868, 0.008765551955658868, 0.008765551955658868, 0.008765551955658868, 0.008765551955658868, 0.008765551955658868, 0.008765551955658868, 0.008765551955658868, 0.008765551955658868, 0.008765551955658868, 0.008765551955658868, 0.008765551955658868, 0.008765551955658868, 0.008765551955658868, 0.008765551955658868, 0.008765551955658868, 0.008765551955658868, 0.008765551955658868, 0.008765551955658868, 0.008765551955658868, 0.008765551955658868, 0.008765551955658868],