{"p_array": [0.001, 0.053526315789473686, 0.10605263157894737, 0.15857894736842104, 0.21110526315789474, 0.26363157894736844, 0.3161578947368421, 0.3686842105263158, 0.4212105263157895, 0.4737368421052632, 0.5262631578947369, 0.5787894736842105, 0.6313157894736842, 0.6838421052631579, 0.7363684210526316, 0.7888947368421053, 0.841421052631579, 0.8939473684210526, 0.9464736842105264, 0.999], "mean_sharpness": [0.04480863080555291, -0.22093807537736634], "sharpness_error_true_minus_model": [], "posterior_variance": [0.05798561468576233, 0.09641701199946281], "bias_mse": [], "bias_nmse": [], "f_calibration": [], "f_calibration_mse": [], "f_calibration_nmse": [], "y_calibration": [[0.012199999764561653, 0.11640000343322754, 0.1624000072479248, 0.19779999554157257, 0.2231999933719635, 0.24860000610351562, 0.2667999863624573, 0.2874000072479248, 0.3061999976634979, 0.328000009059906, 0.3467999994754791, 0.36419999599456787, 0.3846000134944916, 0.40540000796318054, 0.4251999855041504, 0.44519999623298645, 0.47440001368522644, 0.5099999904632568, 0.5580000281333923, 0.7016000151634216], [0.013399999588727951, 0.05820000171661377, 0.0966000035405159, 0.14560000598430634, 0.2013999968767166, 0.25279998779296875, 0.3025999963283539, 0.3612000048160553, 0.42160001397132874, 0.4867999851703644, 0.5546000003814697, 0.6204000115394592, 0.6940000057220459, 0.7612000107765198, 0.8069999814033508, 0.8410000205039978, 0.8722000122070312, 0.9035999774932861, 0.9437999725341797, 0.9937999844551086]], "y_calibration_mse": [0.050287941950924106, 0.001114100268330579], "y_calibration_nmse": [0.5481738725475904, 0.012144475092917583], "calibration_local_dist_to_nearest_train_sample": [[0.5126890179875845, 0.6811993323671673, 0.8497096467467502, 1.018219961126333, 1.1867302755059157, 1.3552405898854987, 1.5237509042650814, 1.6922612186446642, 1.860771533024247, 2.02928184740383, 2.1977921617834126, 2.3663024761629954, 2.5348127905425786, 2.703323104922161, 2.871833419301744, 3.0403437336813264, 3.2088540480609096, 3.377364362440492, 3.545874676820075, 3.7143849911996574], [0.43357910775662944, 0.5229795119052574, 0.6123799160538853, 0.7017803202025132, 0.7911807243511412, 0.8805811284997691, 0.969981532648397, 1.059381936797025, 1.1487823409456528, 1.2381827450942808, 1.3275831492429089, 1.4169835533915367, 1.5063839575401645, 1.5957843616887926, 1.6851847658374206, 1.7745851699860484, 1.8639855741346762, 1.9533859782833043, 2.0427863824319323, 2.13218678658056]], "calibration_local_y": [[0.018944579293491137, 0.01181774095394737, 0.008623022017981877, 0.013653905841850857, 0.022892233607214582, 0.036529179910929015, 0.03476510935637507, 0.045977864206946675, 0.04890951191286625, 0.07544313366308292, 0.07563132766131135, 0.08519032033185736, 0.09988657447574013, 0.12806879137343624, 0.08510155726564997, 0.1384691167109995, 0.1802898437839822, 0.2955289454745529, 0.297359432088251, 0.2918372105263158], [0.013475463163857268, 0.007640711963843698, 0.0037347738447126694, 0.0035850214221693467, 0.0038670195797745528, 0.0022197313259569628, 0.0035934089804340445, 0.0029211429009887322, 0.00022402898141356164, 0.0004210354975440057, 0.00017451915896928802, 0.0005338462551617517, 0.0019307493014643535, 0.0057451524538534434, 0.0072945137542135665, 0.03128931472771897, 0.04952536842105264, 0.03746615789473685, 0.06683721052631578, 0.08806586223888056]], "elpd": [-10.409079749330218, -0.29003919165715036], "expected_improvement": [null, null], "actual_improvement": [null, [[0.05444146531149441]]], "mse": [1.2167597880884353, 0.1317840009075676], "nmse": [1.2151951846573812, 0.13161454289128816], "y_regret_pool": [0.06281707535941616, 0.06281707535941616, 0.06281707535941616, 0.06281707535941616, 0.06281707535941616, 0.06281707535941616, 0.06281707535941616, 0.06281707535941616, 0.06281707535941616, 0.06281707535941616, 0.06281707535941616, 0.06281707535941616, 0.06281707535941616, 0.06281707535941616, 0.06281707535941616, 0.06281707535941616, 0.06281707535941616, 0.06281707535941616, 0.06281707535941616, 0.06281707535941616, 0.06281707535941616, 0.06281707535941616, 0.06281707535941616, 0.05563798103262596, 0.05563798103262596, 0.05563798103262596, 0.05563798103262596, 0.05563798103262596, 0.05563798103262596, 0.05563798103262596, 0.05563798103262596, 0.05563798103262596, 0.05563798103262596, 0.05563798103262596, 0.05563798103262596, 0.05563798103262596, 0.05563798103262596, 0.05563798103262596, 0.05563798103262596, 0.05563798103262596, 0.05563798103262596, 0.05563798103262596, 0.05563798103262596, 0.05563798103262596, 0.05563798103262596, 0.048458886705835535, 0.048458886705835535, 0.048458886705835535, 0.048458886705835535, 0.048458886705835535, 0.048458886705835535, 0.048458886705835535, 0.048458886705835535, 0.048458886705835535, 0.048458886705835535, 0.048458886705835535, 0.048458886705835535, 0.048458886705835535, 0.048458886705835535, 0.048458886705835535, 0.048458886705835535, 0.007378513613645277, 0.007378513613645277, 0.007378513613645277, 0.007378513613645277, 0.007378513613645277, 0.007378513613645277, 0.007378513613645277, 0.007378513613645277, 0.007378513613645277, 0.007378513613645277, 0.007378513613645277, 0.007378513613645277, 0.007378513613645277, 0.007378513613645277, 0.007378513613645277, 0.007378513613645277, 0.007378513613645277, 0.007378513613645277, 0.007378513613645277, 0.007378513613645277, 0.007378513613645277, 0.007378513613645277, 0.007378513613645277, 0.007378513613645277, 0.007378513613645277, 0.007378513613645277, 0.007378513613645277, 0.007378513613645277, 0.007378513613645277, 0.007378513613645277, 0.007378513613645277, 0.007378513613645277, 0.007378513613645277, 0.007378513613645277, 0.007378513613645277, 0.007378513613645277, 0.007378513613645277, 0.007378513613645277, 0.007378513613645277, 0.007378513613645277],