{"p_array": [0.001, 0.053526315789473686, 0.10605263157894737, 0.15857894736842104, 0.21110526315789474, 0.26363157894736844, 0.3161578947368421, 0.3686842105263158, 0.4212105263157895, 0.4737368421052632, 0.5262631578947369, 0.5787894736842105, 0.6313157894736842, 0.6838421052631579, 0.7363684210526316, 0.7888947368421053, 0.841421052631579, 0.8939473684210526, 0.9464736842105264, 0.999], "mean_sharpness": [0.3149899668671758, -0.15174902175108038, -0.15174902175108038], "sharpness_error_true_minus_model": [], "posterior_variance": [0.036437398168632285, 0.08549763450813277, 0.08549763450813277], "bias_mse": [], "bias_nmse": [], "f_calibration": [], "f_calibration_mse": [], "f_calibration_nmse": [], "y_calibration": [[0.28380000591278076, 0.37779998779296875, 0.4041999876499176, 0.4205999970436096, 0.4359999895095825, 0.4458000063896179, 0.45739999413490295, 0.46959999203681946, 0.4797999858856201, 0.4918000102043152, 0.503000020980835, 0.5157999992370605, 0.5267999768257141, 0.5392000079154968, 0.5555999875068665, 0.5722000002861023, 0.5911999940872192, 0.6191999912261963, 0.6547999978065491, 0.7807999849319458], [0.008999999612569809, 0.0949999988079071, 0.15839999914169312, 0.20640000700950623, 0.25459998846054077, 0.30160000920295715, 0.3456000089645386, 0.39079999923706055, 0.43639999628067017, 0.4950000047683716, 0.5486000180244446, 0.6079999804496765, 0.6633999943733215, 0.7206000089645386, 0.7666000127792358, 0.8133999705314636, 0.853600025177002, 0.8876000046730042, 0.9192000031471252, 0.9825999736785889], [0.008999999612569809, 0.0949999988079071, 0.15839999914169312, 0.20640000700950623, 0.25459998846054077, 0.30160000920295715, 0.3456000089645386, 0.39079999923706055, 0.43639999628067017, 0.4950000047683716, 0.5486000180244446, 0.6079999804496765, 0.6633999943733215, 0.7206000089645386, 0.7666000127792358, 0.8133999705314636, 0.853600025177002, 0.8876000046730042, 0.9192000031471252, 0.9825999736785889]], "y_calibration_mse": [0.04235502480066738, 0.0009315981697370921, 0.0009315981697370921], "y_calibration_nmse": [0.4616995062054714, 0.01015507409035348, 0.01015507409035348], "calibration_local_dist_to_nearest_train_sample": [[0.5071285340475428, 0.6677195702996999, 0.8283106065518568, 0.9889016428040138, 1.1494926790561708, 1.310083715308328, 1.470674751560485, 1.631265787812642, 1.791856824064799, 1.952447860316956, 2.113038896569113, 2.27362993282127, 2.4342209690734276, 2.5948120053255845, 2.7554030415777415, 2.9159940778298985, 3.0765851140820555, 3.2371761503342125, 3.3977671865863694, 3.5583582228385264], [0.4452823163570045, 0.5456092326440644, 0.6459361489311243, 0.7462630652181841, 0.846589981505244, 0.9469168977923039, 1.0472438140793638, 1.1475707303664238, 1.2478976466534837, 1.3482245629405434, 1.4485514792276033, 1.5488783955146632, 1.6492053118017231, 1.7495322280887828, 1.8498591443758428, 1.9501860606629027, 2.0505129769499626, 2.1508398932370225, 2.251166809524082, 2.351493725811142], [0.4452823163570045, 0.5456092326440644, 0.6459361489311243, 0.7462630652181841, 0.846589981505244, 0.9469168977923039, 1.0472438140793638, 1.1475707303664238, 1.2478976466534837, 1.3482245629405434, 1.4485514792276033, 1.5488783955146632, 1.6492053118017231, 1.7495322280887828, 1.8498591443758428, 1.9501860606629027, 2.0505129769499626, 2.1508398932370225, 2.251166809524082, 2.351493725811142]], "calibration_local_y": [[0.015377562043618332, 0.026106599928441315, 0.043442883398556724, 0.03307181107695811, 0.04140860821263438, 0.04574089843085335, 0.05766003262244253, 0.04291630554481289, 0.05477589359328572, 0.04884844634159832, 0.04635642688876791, 0.04579473741128489, 0.04827552686778079, 0.06756474225771701, 0.06395172175505295, 0.07678481710576465, 0.14029953029216718, 0.21882714515327617, 0.2703180241070554, 0.3417372105263158], [0.00450398338319794, 0.003512876265659163, 0.001720646551090958, 0.0025728202998187067, 0.0011319912850124261, 0.0019658742766370356, 0.0008287428382022877, 0.0010299328278185699, 0.0006550375900936532, 0.001258119351021287, 0.002938392893536397, 0.00831942477315506, 0.0024573593690617956, 0.011909455592105263, 0.004012795252395128, 0.032523787811922895, 0.02677610047388444, 0.05224037264997126, 0.06761089473684209, 0.18542142105263157], [0.00450398338319794, 0.003512876265659163, 0.001720646551090958, 0.0025728202998187067, 0.0011319912850124261, 0.0019658742766370356, 0.0008287428382022877, 0.0010299328278185699, 0.0006550375900936532, 0.001258119351021287, 0.002938392893536397, 0.00831942477315506, 0.0024573593690617956, 0.011909455592105263, 0.004012795252395128, 0.032523787811922895, 0.02677610047388444, 0.05224037264997126, 0.06761089473684209, 0.18542142105263157]], "elpd": [-15.351845046996536, -0.4583206488962431, -0.4583206488962431], "expected_improvement": [null, null, null], "actual_improvement": [null, null, null], "mse": [0.7585829762312732, 0.16123414330907201, 0.16123414330907201], "nmse": [0.752727445126503, 0.1599895707693774, 0.1599895707693774], "y_regret_pool": [0.12098434041167305, 0.10700925158524166, 0.10700925158524166, 0.10700925158524166, 0.10700925158524166, 0.10700925158524166, 0.10700925158524166, 0.10700925158524166, 0.10700925158524166, 0.0884423478586982, 0.0884423478586982, 0.0884423478586982, 0.0884423478586982, 0.0884423478586982, 0.0884423478586982, 0.0884423478586982, 0.0884423478586982, 0.0884423478586982, 0.0884423478586982, 0.0884423478586982, 0.0884423478586982, 0.0884423478586982, 0.0884423478586982, 0.0884423478586982, 0.0884423478586982, 0.0884423478586982, 0.0884423478586982, 0.0884423478586982, 0.0884423478586982, 0.0884423478586982, 0.0884423478586982, 0.0884423478586982, 0.0884423478586982, 0.0884423478586982, 0.0884423478586982, 0.0884423478586982, 0.0884423478586982, 0.0884423478586982, 0.0884423478586982, 0.0884423478586982, 0.0884423478586982, 0.03593594269653666, 0.03593594269653666, 0.03593594269653666, 0.03593594269653666, 0.03593594269653666, 0.03593594269653666, 0.03593594269653666, 0.03593594269653666, 0.03593594269653666, 0.03593594269653666, 0.03593594269653666, 0.03593594269653666, 0.03593594269653666, 0.03593594269653666, 0.03593594269653666, 0.03593594269653666, 0.03593594269653666, 0.03593594269653666, 0.03593594269653666, 0.03593594269653666, 0.03593594269653666, 0.03593594269653666, 0.03593594269653666, 0.03593594269653666, 0.03593594269653666, 0.03593594269653666, 0.03593594269653666, 0.03593594269653666, 0.03593594269653666, 0.03593594269653666, 0.03593594269653666, 0.03593594269653666, 0.03593594269653666, 0.03593594269653666, 0.03593594269653666, 0.03593594269653666, 0.03593594269653666, 0.03593594269653666, 0.03593594269653666, 0.03593594269653666, 0.03593594269653666, 0.03593594269653666, 0.03593594269653666, 0.03593594269653666, 0.03593594269653666, 0.03593594269653666, 0.03593594269653666, 0.03593594269653666, 0.03593594269653666, 0.03593594269653666, 0.03593594269653666, 0.03593594269653666, 0.03593594269653666, 0.03593594269653666, 0.03593594269653666, 0.03593594269653666, 0.03593594269653666, 0.03593594269653666, 0.03593594269653666, 0.03593594269653666, 0.03593594269653666],