{"p_array": [0.001, 0.053526315789473686, 0.10605263157894737, 0.15857894736842104, 0.21110526315789474, 0.26363157894736844, 0.3161578947368421, 0.3686842105263158, 0.4212105263157895, 0.4737368421052632, 0.5262631578947369, 0.5787894736842105, 0.6313157894736842, 0.6838421052631579, 0.7363684210526316, 0.7888947368421053, 0.841421052631579, 0.8939473684210526, 0.9464736842105264, 0.999], "mean_sharpness": [-0.7206253445850436, -0.6839213964930052, -0.6839213964930052], "sharpness_error_true_minus_model": [], "posterior_variance": [0.27863530336839376, 0.27957057819412506, 0.27957057819412506], "bias_mse": [], "bias_nmse": [], "f_calibration": [], "f_calibration_mse": [], "f_calibration_nmse": [], "y_calibration": [[0.0, 0.006800000090152025, 0.010999999940395355, 0.026200000196695328, 0.09179999679327011, 0.16979999840259552, 0.23559999465942383, 0.3019999861717224, 0.34880000352859497, 0.38940000534057617, 0.41760000586509705, 0.4456000030040741, 0.46779999136924744, 0.48899999260902405, 0.5112000107765198, 0.5356000065803528, 0.5546000003814697, 0.5834000110626221, 0.6538000106811523, 0.9002000093460083], [0.0, 0.00419999985024333, 0.0421999990940094, 0.0997999981045723, 0.16920000314712524, 0.2619999945163727, 0.3564000129699707, 0.42660000920295715, 0.4758000075817108, 0.51419997215271, 0.5455999970436096, 0.5745999813079834, 0.602400004863739, 0.6442000269889832, 0.6977999806404114, 0.7856000065803528, 0.878000020980835, 0.9563999772071838, 0.9901999831199646, 0.9990000128746033], [0.0, 0.00419999985024333, 0.0421999990940094, 0.0997999981045723, 0.16920000314712524, 0.2619999945163727, 0.3564000129699707, 0.42660000920295715, 0.4758000075817108, 0.51419997215271, 0.5455999970436096, 0.5745999813079834, 0.602400004863739, 0.6442000269889832, 0.6977999806404114, 0.7856000065803528, 0.878000020980835, 0.9563999772071838, 0.9901999831199646, 0.9990000128746033]], "y_calibration_mse": [0.027915315233319853, 0.0016381833274061314, 0.0016381833274061314], "y_calibration_nmse": [0.3042965343415587, 0.017857348375948285, 0.017857348375948285], "calibration_local_dist_to_nearest_train_sample": [[0.48706660928289025, 0.6299368491290879, 0.7728070889752855, 0.9156773288214831, 1.0585475686676808, 1.2014178085138782, 1.344288048360076, 1.4871582882062735, 1.6300285280524713, 1.7728987678986687, 1.9157690077448666, 2.058639247591064, 2.201509487437262, 2.3443797272834592, 2.487249967129657, 2.6301202069758545, 2.772990446822052, 2.9158606866682497, 3.0587309265144476, 3.201601166360645], [0.4358985381260079, 0.5276007068153231, 0.6193028755046384, 0.7110050441939536, 0.8027072128832689, 0.8944093815725841, 0.9861115502618993, 1.0778137189512145, 1.1695158876405298, 1.2612180563298452, 1.3529202250191603, 1.4446223937084754, 1.5363245623977906, 1.6280267310871062, 1.7197288997764213, 1.8114310684657364, 1.9031332371550516, 1.9948354058443671, 2.0865375745336823, 2.1782397432229974], [0.4358985381260079, 0.5276007068153231, 0.6193028755046384, 0.7110050441939536, 0.8027072128832689, 0.8944093815725841, 0.9861115502618993, 1.0778137189512145, 1.1695158876405298, 1.2612180563298452, 1.3529202250191603, 1.4446223937084754, 1.5363245623977906, 1.6280267310871062, 1.7197288997764213, 1.8114310684657364, 1.9031332371550516, 1.9948354058443671, 2.0865375745336823, 2.1782397432229974]], "calibration_local_y": [[0.027187739723880194, 0.007183501005598598, 0.011942614123143054, 0.007991399544157427, 0.006944124924756162, 0.009757618455877526, 0.009999078464123828, 0.02188916634267366, 0.023575731029443305, 0.03162942516257345, 0.04021092539042722, 0.032395796002180455, 0.051152589283238535, 0.048916691684291726, 0.0505975045750555, 0.08644576598432478, 0.1761111976595499, 0.20329402659850984, 0.2393999572368421, 0.3042872105263158], [0.011706053212317727, 0.0027961113787756233, 0.007318266003232332, 0.008272232878584211, 0.004331316350206113, 0.006619631514207679, 0.00543721677913645, 0.002401727812127683, 0.0023793161698201525, 0.0030586711188720483, 0.008509269396616026, 0.03578167043542933, 0.017454106342516446, 0.05077273022777418, 0.05788284787612071, 0.0623062221986276, 0.09595019402686039, 0.11148283422391714, 0.10065533869460246, 0.07968721052631578], [0.011706053212317727, 0.0027961113787756233, 0.007318266003232332, 0.008272232878584211, 0.004331316350206113, 0.006619631514207679, 0.00543721677913645, 0.002401727812127683, 0.0023793161698201525, 0.0030586711188720483, 0.008509269396616026, 0.03578167043542933, 0.017454106342516446, 0.05077273022777418, 0.05788284787612071, 0.0623062221986276, 0.09595019402686039, 0.11148283422391714, 0.10065533869460246, 0.07968721052631578]], "elpd": [-2.19384015943739, -0.5146889719500874, -0.5146889719500874], "expected_improvement": [null, null, null], "actual_improvement": [null, null, null], "mse": [1.049723188013297, 0.19105873564937606, 0.19105873564937606], "nmse": [1.0616313682227108, 0.19322612785398335, 0.19322612785398335], "y_regret_pool": [0.02432039677103437, 0.02432039677103437, 0.02432039677103437, 0.02432039677103437, 0.02432039677103437, 0.02432039677103437, 0.02432039677103437, 0.02432039677103437, 0.02432039677103437, 0.02432039677103437, 0.02432039677103437, 0.02432039677103437, 0.02432039677103437, 0.02432039677103437, 0.02432039677103437, 0.02432039677103437, 0.02432039677103437, 0.02432039677103437, 0.02432039677103437, 0.02432039677103437, 0.02432039677103437, 0.02432039677103437, 0.02432039677103437, 0.02432039677103437, 0.02432039677103437, 0.02432039677103437, 0.02432039677103437, 0.02432039677103437, 0.02432039677103437, 0.02432039677103437, 0.02432039677103437, 0.02432039677103437, 0.02432039677103437, 0.02432039677103437, 0.02432039677103437, 0.02432039677103437, 0.02432039677103437, 0.02432039677103437, 0.02432039677103437, 0.02432039677103437, 0.02432039677103437, 0.02432039677103437, 0.02432039677103437, 0.02432039677103437, 0.02432039677103437, 0.02432039677103437, 0.02432039677103437, 0.02432039677103437, 0.02432039677103437, 0.02432039677103437, 0.02432039677103437, 0.02432039677103437, 0.02432039677103437, 0.02432039677103437, 0.02432039677103437, 0.02432039677103437, 0.02432039677103437, 0.02432039677103437, 0.02432039677103437, 0.02432039677103437, 0.02432039677103437, 0.02432039677103437, 0.02432039677103437, 0.02432039677103437, 0.02432039677103437, 0.02432039677103437, 0.02432039677103437, 0.02432039677103437, 0.02432039677103437, 0.02432039677103437, 0.02432039677103437, 0.007513618514628728, 0.007513618514628728, 0.007513618514628728, 0.007513618514628728, 0.007513618514628728, 0.007513618514628728, 0.007513618514628728, 0.007513618514628728, 0.007513618514628728, 0.007513618514628728, 0.007513618514628728, 0.007513618514628728, 0.007513618514628728, 0.007513618514628728, 0.007513618514628728, 0.007513618514628728, 0.007513618514628728, 0.007513618514628728, 0.007513618514628728, 0.007513618514628728, 0.007513618514628728, 0.007513618514628728, 0.007513618514628728, 0.007513618514628728, 0.007513618514628728, 0.007513618514628728, 0.007513618514628728, 0.007513618514628728, 0.007513618514628728, 0.007513618514628728, 0.007513618514628728],