{"p_array": [0.001, 0.053526315789473686, 0.10605263157894737, 0.15857894736842104, 0.21110526315789474, 0.26363157894736844, 0.3161578947368421, 0.3686842105263158, 0.4212105263157895, 0.4737368421052632, 0.5262631578947369, 0.5787894736842105, 0.6313157894736842, 0.6838421052631579, 0.7363684210526316, 0.7888947368421053, 0.841421052631579, 0.8939473684210526, 0.9464736842105264, 0.999], "mean_sharpness": [0.3713326102692188, -0.3460483824037932], "sharpness_error_true_minus_model": [], "posterior_variance": [0.034076016884539935, 0.14782880040561164], "bias_mse": [], "bias_nmse": [], "f_calibration": [], "f_calibration_mse": [], "f_calibration_nmse": [], "y_calibration": [[0.08619999885559082, 0.15219999849796295, 0.17440000176429749, 0.19259999692440033, 0.20260000228881836, 0.2152000069618225, 0.22300000488758087, 0.23260000348091125, 0.24320000410079956, 0.2529999911785126, 0.26080000400543213, 0.27160000801086426, 0.2833999991416931, 0.29739999771118164, 0.311599999666214, 0.32899999618530273, 0.34439998865127563, 0.36340001225471497, 0.3935999870300293, 0.5131999850273132], [0.01360000018030405, 0.14159999787807465, 0.24079999327659607, 0.32420000433921814, 0.38940000534057617, 0.4390000104904175, 0.4779999852180481, 0.5135999917984009, 0.546999990940094, 0.5753999948501587, 0.6039999723434448, 0.6308000087738037, 0.6516000032424927, 0.6736000180244446, 0.6953999996185303, 0.7221999764442444, 0.751800000667572, 0.784600019454956, 0.8270000219345093, 0.9394000172615051]], "y_calibration_mse": [0.10150919233665823, 0.012130190163989375], "y_calibration_nmse": [1.1065214622755424, 0.1322275889401466], "calibration_local_dist_to_nearest_train_sample": [[0.48706660928289025, 0.6299368491290879, 0.7728070889752855, 0.9156773288214831, 1.0585475686676808, 1.2014178085138782, 1.344288048360076, 1.4871582882062735, 1.6300285280524713, 1.7728987678986687, 1.9157690077448666, 2.058639247591064, 2.201509487437262, 2.3443797272834592, 2.487249967129657, 2.6301202069758545, 2.772990446822052, 2.9158606866682497, 3.0587309265144476, 3.201601166360645], [0.48624832061182727, 0.6283002717869619, 0.7703522229620965, 0.9124041741372312, 1.0544561253123659, 1.1965080764875005, 1.338560027662635, 1.4806119788377696, 1.6226639300129042, 1.7647158811880388, 1.9067678323631738, 2.0488197835383084, 2.190871734713443, 2.3329236858885776, 2.474975637063712, 2.6170275882388467, 2.7590795394139813, 2.901131490589116, 3.0431834417642505, 3.185235392939385]], "calibration_local_y": [[0.0669077400372598, 0.05453935250277988, 0.06595172560149151, 0.04598523273739227, 0.044834282423809844, 0.06192150383010864, 0.0745672608972647, 0.10167668065386423, 0.09834808903596529, 0.12310759177888912, 0.10828598479119848, 0.1153106277752725, 0.13150354502520462, 0.1286987629078831, 0.14411799523008506, 0.21103803509515046, 0.26120918288528444, 0.2641670305226434, 0.22063334539473684, 0.29858019182045314], [0.025427009435922632, 0.022918290771441162, 0.017446155152560726, 0.040714876169327216, 0.04498337703664679, 0.03804626459778432, 0.03981012927333046, 0.023426896869590458, 0.01862324485004179, 0.014855956918165925, 0.019319160239209307, 0.01970697674744403, 0.014954246378918392, 0.007018098908781056, 0.009665304427240812, 0.006696303637609159, 0.03664247020976968, 0.019859308540733124, 0.06429510526315788, 0.10274247368421055]], "elpd": [-14.451776613343474, -1.375086058175006], "expected_improvement": [null, null], "actual_improvement": [null, [[0.13702467449045996]]], "mse": [0.92016753894383, 0.38179508937810785], "nmse": [0.930606025014938, 0.3861262166498493], "y_regret_pool": [0.02432039677103437, 0.02432039677103437, 0.02432039677103437, 0.02432039677103437, 0.02432039677103437, 0.02432039677103437, 0.02432039677103437, 0.02432039677103437, 0.02432039677103437, 0.02432039677103437, 0.02432039677103437, 0.022343128740869078, 0.022343128740869078, 0.022343128740869078, 0.022343128740869078, 0.022343128740869078, 0.022343128740869078, 0.022343128740869078, 0.022343128740869078, 0.022343128740869078, 0.022343128740869078, 0.022343128740869078, 0.022343128740869078, 0.022343128740869078, 0.0197726803016538, 0.009293159741777357, 0.009293159741777357, 0.009293159741777357, 0.009293159741777357, 0.009293159741777357, 0.009293159741777357, 0.009293159741777357, 0.009293159741777357, 0.009293159741777357, 0.009293159741777357, 0.009293159741777357, 0.009293159741777357, 0.009293159741777357, 0.009293159741777357, 0.009293159741777357, 0.009293159741777357, 0.009293159741777357, 0.009293159741777357, 0.009293159741777357, 0.009293159741777357, 0.009293159741777357, 0.009293159741777357, 0.009293159741777357, 0.009293159741777357, 0.009293159741777357, 0.009293159741777357, 0.009293159741777357, 0.009293159741777357, 0.009293159741777357, 0.009293159741777357, 0.009293159741777357, 0.009293159741777357, 0.009293159741777357, 0.009293159741777357, 0.009293159741777357, 0.009293159741777357, 0.009293159741777357, 0.009293159741777357, 0.009293159741777357, 0.009293159741777357, 0.009293159741777357, 0.009293159741777357, 0.009293159741777357, 0.00632725769652942, 0.00632725769652942, 0.00632725769652942, 0.00632725769652942, 0.0, 0.0, 0.0, 0.0, 0.0, 0.0, 0.0, 0.0, 0.0, 0.0, 0.0, 0.0, 0.0, 0.0, 0.0, 0.0, 0.0, 0.0, 0.0, 0.0, 0.0, 0.0, 0.0, 0.0, 0.0, 0.0, 0.0, 0.0, 0.0], "y_regret_test": [0.02689084521024898, 0.02689084521024898, 0.02689084521024898, 0.02689084521024898, 0.02689084521024898, 0.02689084521024898, 0.02689084521024898, 0.02689084521024898, 0.02689084521024898, 0.02689084521024898, 0.02689084521024898, 0.02491357718008369, 0.02491357718008369, 0.02491357718008369, 0.02491357718008369, 0.02491357718008369, 0.02491357718008369, 0.02491357718008369, 0.02491357718008369, 0.02491357718008369, 0.02491357718008369, 0.02491357718008369, 0.02491357718008369, 0.02491357718008369, 0.022343128740868412, 0.011863608180991969, 0.011863608180991969, 0.011863608180991969, 0.011863608180991969, 0.011863608180991969, 0.011863608180991969, 0.011863608180991969, 0.011863608180991969, 0.011863608180991969, 0.011863608180991969, 0.011863608180991969, 0.011863608180991969, 0.011863608180991969, 0.011863608180991969, 0.011863608180991969, 0.011863608180991969, 0.011863608180991969, 0.011863608180991969, 0.011863608180991969, 0.011863608180991969, 0.011863608180991969, 0.011863608180991969, 0.011863608180991969, 0.011863608180991969, 0.011863608180991969, 0.011863608180991969, 0.011863608180991969, 0.011863608180991969, 0.011863608180991969, 0.011863608180991969, 0.011863608180991969, 0.011863608180991969, 0.011863608180991969, 0.011863608180991969, 0.011863608180991969, 0.011863608180991969, 0.011863608180991969, 0.011863608180991969, 0.011863608180991969, 0.011863608180991969, 0.011863608180991969, 0.011863608180991969, 0.011863608180991969, 0.008897706135744032, 0.008897706135744032, 0.008897706135744032, 0.008897706135744032, 0.002570448439214612, 0.002570448439214612, 0.002570448439214612, 0.002570448439214612, 0.002570448439214612, 0.002570448439214612, 0.002570448439214612, 0.002570448439214612, 0.002570448439214612, 0.002570448439214612, 0.002570448439214612, 0.002570448439214612, 0.002570448439214612, 0.002570448439214612, 0.002570448439214612, 0.002570448439214612, 0.002570448439214612, 0.002570448439214612, 0.002570448439214612, 0.002570448439214612, 0.002570448439214612, 0.002570448439214612, 0.002570448439214612, 0.002570448439214612, 0.002570448439214612, 0.002570448439214612, 0.002570448439214612, 0.002570448439214612, 0.002570448439214612], "f_regret_pool": [], "f_regret_test": [],