{"p_array": [0.001, 0.053526315789473686, 0.10605263157894737, 0.15857894736842104, 0.21110526315789474, 0.26363157894736844, 0.3161578947368421, 0.3686842105263158, 0.4212105263157895, 0.4737368421052632, 0.5262631578947369, 0.5787894736842105, 0.6313157894736842, 0.6838421052631579, 0.7363684210526316, 0.7888947368421053, 0.841421052631579, 0.8939473684210526, 0.9464736842105264, 0.999], "mean_sharpness": [-0.9636339074855694, -0.37300711229266376, -0.37300711229266376], "sharpness_error_true_minus_model": [], "posterior_variance": [0.4458366084364458, 0.13139200983496147, 0.13139200983496147], "bias_mse": [], "bias_nmse": [], "f_calibration": [], "f_calibration_mse": [], "f_calibration_nmse": [], "y_calibration": [[0.004399999976158142, 0.0414000004529953, 0.07119999825954437, 0.10920000076293945, 0.15639999508857727, 0.2037999927997589, 0.2651999890804291, 0.3319999873638153, 0.39559999108314514, 0.45339998602867126, 0.5058000087738037, 0.5436000227928162, 0.5644000172615051, 0.5857999920845032, 0.602400004863739, 0.6262000203132629, 0.6488000154495239, 0.6949999928474426, 0.7462000250816345, 0.9556000232696533], [0.0031999999191612005, 0.03519999980926514, 0.07639999687671661, 0.11999999731779099, 0.16380000114440918, 0.2142000049352646, 0.2720000147819519, 0.3458000123500824, 0.43140000104904175, 0.5284000039100647, 0.6092000007629395, 0.676800012588501, 0.7423999905586243, 0.7832000255584717, 0.8118000030517578, 0.8348000049591064, 0.8628000020980835, 0.8920000195503235, 0.9215999841690063, 0.9824000000953674], [0.0031999999191612005, 0.03519999980926514, 0.07639999687671661, 0.11999999731779099, 0.16380000114440918, 0.2142000049352646, 0.2720000147819519, 0.3458000123500824, 0.43140000104904175, 0.5284000039100647, 0.6092000007629395, 0.676800012588501, 0.7423999905586243, 0.7832000255584717, 0.8118000030517578, 0.8348000049591064, 0.8628000020980835, 0.8920000195503235, 0.9215999841690063, 0.9824000000953674]], "y_calibration_mse": [0.009711807355682148, 0.00304018396770364, 0.00304018396770364], "y_calibration_nmse": [0.10586551847351204, 0.033140139647384756, 0.033140139647384756], "calibration_local_dist_to_nearest_train_sample": [[0.49935063497275534, 0.6550331511386791, 0.810715667304603, 0.9663981834705268, 1.1220806996364505, 1.2777632158023744, 1.433445731968298, 1.589128248134222, 1.7448107643001458, 1.9004932804660695, 2.0561757966319933, 2.2118583127979172, 2.367540828963841, 2.5232233451297645, 2.6789058612956884, 2.8345883774616123, 2.990270893627536, 3.14595340979346, 3.3016359259593835, 3.4573184421253074], [0.4503568562730029, 0.5570455937391743, 0.6637343312053458, 0.7704230686715171, 0.8771118061376885, 0.9838005436038599, 1.0904892810700313, 1.1971780185362026, 1.303866756002374, 1.4105554934685454, 1.5172442309347167, 1.6239329684008883, 1.7306217058670597, 1.837310443333231, 1.9439991807994024, 2.0506879182655737, 2.157376655731745, 2.2640653931979164, 2.370754130664088, 2.477442868130259], [0.4503568562730029, 0.5570455937391743, 0.6637343312053458, 0.7704230686715171, 0.8771118061376885, 0.9838005436038599, 1.0904892810700313, 1.1971780185362026, 1.303866756002374, 1.4105554934685454, 1.5172442309347167, 1.6239329684008883, 1.7306217058670597, 1.837310443333231, 1.9439991807994024, 2.0506879182655737, 2.157376655731745, 2.2640653931979164, 2.370754130664088, 2.477442868130259]], "calibration_local_y": [[0.005909132606567769, 0.0112250497225426, 0.0015888532235971225, 0.0030093402307745745, 0.003681582476566593, 0.003056820653097942, 0.005281194135330157, 0.0070588918938561205, 0.009778748630796353, 0.01086316083615287, 0.012076244349299289, 0.017224496438121715, 0.018390236164644892, 0.02078905642301488, 0.048501089915689626, 0.08727918041126323, 0.08951474941173891, 0.0688193168093406, 0.07910796967198731, 0.08403881857839737], [0.016525280386659513, 0.009859596239626088, 0.00759379888962204, 0.006963765292849311, 0.004571096003015056, 0.00448822604431132, 0.0032259907967410384, 0.003162099493517325, 0.002040366172448601, 0.0016384347067322543, 0.004378804430743353, 0.0023165555198764154, 0.0018730276870987002, 0.008201538732792427, 0.02406268782360515, 0.025115500000000002, 0.047265576097703405, 0.19661732531286058, 0.10322405263157894, 0.2149924736842105], [0.016525280386659513, 0.009859596239626088, 0.00759379888962204, 0.006963765292849311, 0.004571096003015056, 0.00448822604431132, 0.0032259907967410384, 0.003162099493517325, 0.002040366172448601, 0.0016384347067322543, 0.004378804430743353, 0.0023165555198764154, 0.0018730276870987002, 0.008201538732792427, 0.02406268782360515, 0.025115500000000002, 0.047265576097703405, 0.19661732531286058, 0.10322405263157894, 0.2149924736842105]], "elpd": [-1.6530176163804682, -0.4543200486387028, -0.4543200486387028], "expected_improvement": [null, null, null], "actual_improvement": [null, null, null], "mse": [0.8731324778641752, 0.16111401946940324, 0.16111401946940324], "nmse": [0.864767517264517, 0.15957048230971488, 0.15957048230971488], "y_regret_pool": [0.19900914891866106, 0.19900914891866106, 0.19900914891866106, 0.19900914891866106, 0.1235782618285235, 0.1235782618285235, 0.1235782618285235, 0.1235782618285235, 0.1235782618285235, 0.1235782618285235, 0.1235782618285235, 0.1235782618285235, 0.025879213921882416, 0.025879213921882416, 0.025879213921882416, 0.025879213921882416, 0.025879213921882416, 0.025879213921882416, 0.025879213921882416, 0.025879213921882416, 0.025879213921882416, 0.025879213921882416, 0.025879213921882416, 0.025879213921882416, 0.025879213921882416, 0.025879213921882416, 0.025879213921882416, 0.025879213921882416, 0.025879213921882416, 0.025879213921882416, 0.025879213921882416, 0.025879213921882416, 0.025879213921882416, 0.025879213921882416, 0.025879213921882416, 0.025879213921882416, 0.025879213921882416, 0.025879213921882416, 0.025879213921882416, 0.025879213921882416, 0.025879213921882416, 0.025879213921882416, 0.025879213921882416, 0.025879213921882416, 0.025879213921882416, 0.025879213921882416, 0.025879213921882416, 0.025879213921882416, 0.025879213921882416, 0.025879213921882416, 0.025879213921882416, 0.025879213921882416, 0.025879213921882416, 0.025879213921882416, 0.025879213921882416, 0.025879213921882416, 0.025879213921882416, 0.025879213921882416, 0.025879213921882416, 0.025879213921882416, 0.025879213921882416, 0.025879213921882416, 0.025879213921882416, 0.025879213921882416, 0.025879213921882416, 0.025879213921882416, 0.012237457746006264, 0.012237457746006264, 0.012237457746006264, 0.012237457746006264, 0.012237457746006264, 0.012237457746006264, 0.012237457746006264, 0.012237457746006264, 0.012237457746006264, 0.012237457746006264, 0.012237457746006264, 0.012237457746006264, 0.012237457746006264, 0.012237457746006264, 0.012237457746006264, 0.012237457746006264, 0.012237457746006264, 0.012237457746006264, 0.012237457746006264, 0.012237457746006264, 0.012237457746006264, 0.012237457746006264, 0.012237457746006264, 0.012237457746006264, 0.012237457746006264, 0.012237457746006264, 0.012237457746006264, 0.012237457746006264, 0.012237457746006264, 0.012237457746006264, 0.012237457746006264, 0.012237457746006264, 0.012237457746006264, 0.012237457746006264, 0.012237457746006264, 0.012237457746006264],