{"p_array": [0.001, 0.053526315789473686, 0.10605263157894737, 0.15857894736842104, 0.21110526315789474, 0.26363157894736844, 0.3161578947368421, 0.3686842105263158, 0.4212105263157895, 0.4737368421052632, 0.5262631578947369, 0.5787894736842105, 0.6313157894736842, 0.6838421052631579, 0.7363684210526316, 0.7888947368421053, 0.841421052631579, 0.8939473684210526, 0.9464736842105264, 0.999], "mean_sharpness": [-0.010465453929405991, -0.43694871901875365], "sharpness_error_true_minus_model": [], "posterior_variance": [0.06999198625704639, 0.17376768148636432], "bias_mse": [], "bias_nmse": [], "f_calibration": [], "f_calibration_mse": [], "f_calibration_nmse": [], "y_calibration": [[0.23759999871253967, 0.41499999165534973, 0.4652000069618225, 0.49459999799728394, 0.524399995803833, 0.5497999787330627, 0.5667999982833862, 0.5867999792098999, 0.604200005531311, 0.6233999729156494, 0.640999972820282, 0.6571999788284302, 0.6743999719619751, 0.6955999732017517, 0.7182000279426575, 0.7422000169754028, 0.7694000005722046, 0.796999990940094, 0.8361999988555908, 0.920799970626831], [0.04340000078082085, 0.2612000107765198, 0.34880000352859497, 0.4296000003814697, 0.4986000061035156, 0.5511999726295471, 0.5978000164031982, 0.6402000188827515, 0.675599992275238, 0.7080000042915344, 0.7409999966621399, 0.7694000005722046, 0.7932000160217285, 0.8136000037193298, 0.8342000246047974, 0.850600004196167, 0.8709999918937683, 0.8902000188827515, 0.9118000268936157, 0.9747999906539917]], "y_calibration_mse": [0.04157724703367974, 0.03784166489670915], "y_calibration_nmse": [0.4532211824966365, 0.41250071459120574], "calibration_local_dist_to_nearest_train_sample": [[0.5011007174539057, 0.6606144412342715, 0.8201281650146373, 0.9796418887950029, 1.1391556125753686, 1.2986693363557342, 1.4581830601361, 1.6176967839164658, 1.7772105076968314, 1.936724231477197, 2.096237955257563, 2.2557516790379286, 2.415265402818294, 2.57477912659866, 2.734292850379026, 2.8938065741593917, 3.0533202979397576, 3.2128340217201226, 3.3723477455004884, 3.531861469280854], [0.49450503402336027, 0.6474230743731805, 0.8003411147230006, 0.9532591550728209, 1.1061771954226411, 1.2590952357724614, 1.4120132761222814, 1.5649313164721017, 1.717849356821922, 1.8707673971717422, 2.0236854375215625, 2.1766034778713825, 2.3295215182212026, 2.4824395585710226, 2.6353575989208435, 2.7882756392706636, 2.9411936796204836, 3.0941117199703037, 3.2470297603201237, 3.399947800669944]], "calibration_local_y": [[0.027556788367086645, 0.027687959003143154, 0.020837307021308017, 0.04728350774301952, 0.05192538994451856, 0.03976233291624842, 0.07175294731613777, 0.04957987377777634, 0.05564969674805609, 0.04521989452460814, 0.05676798090793156, 0.045488269231736975, 0.03127658730822293, 0.02483554544080231, 0.019229694325169293, 0.014338395626377735, 0.018803632933799348, 0.012594817434210528, 0.15679462398886168, 0.040308263157894736], [0.015579492541731943, 0.015356892539455219, 0.03506566122113462, 0.048183565667635445, 0.056604666786843186, 0.04171839886323553, 0.05231328509757786, 0.07004857159403806, 0.049294052948003264, 0.058599791749301265, 0.04849693639173762, 0.03206607773805464, 0.027792705280322866, 0.0115478201840214, 0.0093991343224823, 0.010847213005202489, 0.00515121133659879, 0.006570288095016169, 0.020989254166663304, 0.10119451897067915]], "next_sample_train_distance": [[0.3415869936735402]], "elpd": [-8.171366914813607, -1.4642490805821933], "expected_improvement": [null, null], "actual_improvement": [null, [[0.03608640607802083]]], "mse": [0.7185456166099684, 0.45632701831544564], "nmse": [0.7377960668694387, 0.4685524085552168], "y_regret_pool": [0.012689725214249048, 0.0], "y_regret_test": [0.014870771735448374, 0.0021810465211993257], "f_regret_pool": [], "f_regret_test": [], "x_y_opt_dist_pool": [2.0375985141651194, 0.0], "x_f_opt_dist_pool": [], "x_y_opt_dist_test": [1.2513792127339995, 1.2597434203384854], "x_f_opt_dist_test": [], "uct_calibration": [0.32354578562644426, 0.18095179507279655], "uct_sharpness": [0.28277463462804453, 0.4610701834518103]}