{"p_array": [0.001, 0.053526315789473686, 0.10605263157894737, 0.15857894736842104, 0.21110526315789474, 0.26363157894736844, 0.3161578947368421, 0.3686842105263158, 0.4212105263157895, 0.4737368421052632, 0.5262631578947369, 0.5787894736842105, 0.6313157894736842, 0.6838421052631579, 0.7363684210526316, 0.7888947368421053, 0.841421052631579, 0.8939473684210526, 0.9464736842105264, 0.999], "mean_sharpness": [0.30992466468084967, -0.3453645750539805], "sharpness_error_true_minus_model": [], "posterior_variance": [0.036642773304937516, 0.14020273445136452], "bias_mse": [], "bias_nmse": [], "f_calibration": [], "f_calibration_mse": [], "f_calibration_nmse": [], "y_calibration": [[0.0737999975681305, 0.17180000245571136, 0.2003999948501587, 0.21819999814033508, 0.23520000278949738, 0.24779999256134033, 0.2653999924659729, 0.28060001134872437, 0.2946000099182129, 0.30660000443458557, 0.3197999894618988, 0.3346000015735626, 0.35019999742507935, 0.3659999966621399, 0.3815999925136566, 0.40119999647140503, 0.4196000099182129, 0.44279998540878296, 0.4742000102996826, 0.5871999859809875], [0.004000000189989805, 0.14640000462532043, 0.21719999611377716, 0.26440000534057617, 0.305400013923645, 0.34060001373291016, 0.37560001015663147, 0.40880000591278076, 0.4381999969482422, 0.4650000035762787, 0.49239999055862427, 0.5145999789237976, 0.5368000268936157, 0.5586000084877014, 0.5803999900817871, 0.5974000096321106, 0.6200000047683716, 0.6470000147819519, 0.7039999961853027, 0.8802000284194946]], "y_calibration_mse": [0.07097188206270694, 0.01631545048300925], "y_calibration_nmse": [0.773643341186485, 0.17784986473214148], "calibration_local_dist_to_nearest_train_sample": [[0.48574772489633683, 0.6261761368284074, 0.766604548760478, 0.9070329606925487, 1.0474613726246194, 1.18788978455669, 1.3283181964887605, 1.4687466084208312, 1.6091750203529018, 1.7496034322849725, 1.890031844217043, 2.0304602561491136, 2.1708886680811843, 2.3113170800132545, 2.451745491945325, 2.592173903877396, 2.7326023158094666, 2.8730307277415372, 3.013459139673608, 3.1538875516056786], [0.4814120465491899, 0.6175047801341136, 0.7535975137190374, 0.8896902473039611, 1.0257829808888848, 1.1618757144738086, 1.2979684480587323, 1.434061181643656, 1.5701539152285797, 1.7062466488135033, 1.842339382398427, 1.978432115983351, 2.1145248495682747, 2.2506175831531983, 2.386710316738122, 2.522803050323046, 2.658895783907969, 2.794988517492893, 2.931081251077817, 3.0671739846627406]], "calibration_local_y": [[0.056442478991769254, 0.03665244647360395, 0.035414556975254655, 0.038333665601555364, 0.036626433726226156, 0.04535173087520082, 0.04578960630697498, 0.056556662432419434, 0.052861091620736364, 0.06758293188329698, 0.06907665129008973, 0.11477335235816657, 0.12460560342908147, 0.1599182659962073, 0.15625379453472155, 0.17918994688903267, 0.1576207076997135, 0.20661129394148245, 0.19217562970048346, 0.3417372105263158], [0.0347796402403064, 0.01569114904705719, 0.010182543834095146, 0.019549146950599068, 0.0123830669855714, 0.02098021718204922, 0.01684318966432787, 0.0206288562357502, 0.01840009798477136, 0.03982830986241668, 0.04168225230463686, 0.0945584360535907, 0.0875256052015942, 0.1217559579251756, 0.1733390354298053, 0.1445822236732583, 0.15723889417187797, 0.17031394636251598, 0.25096118657857636, 0.0953360397214458]], "elpd": [-14.252106256050512, -2.4497458995911336], "expected_improvement": [null, null], "actual_improvement": [null, [[0.21196698365502886]]], "mse": [1.1082810300891743, 0.7453372205607562], "nmse": [1.0947080744060451, 0.7362091846303354], "y_regret_pool": [0.04980427247533581, 0.04980427247533581, 0.04980427247533581, 0.04980427247533581, 0.04980427247533581, 0.004980427247533337, 0.004980427247533337, 0.004980427247533337, 0.004980427247533337, 0.004980427247533337, 0.004980427247533337, 0.004980427247533337, 0.004980427247533337, 0.004980427247533337, 0.004980427247533337, 0.004980427247533337, 0.004980427247533337, 0.004980427247533337, 0.004980427247533337, 0.00478121015763211, 0.0, 0.0, 0.0, 0.0, 0.0, 0.0, 0.0, 0.0, 0.0, 0.0, 0.0, 0.0, 0.0, 0.0, 0.0, 0.0, 0.0, 0.0, 0.0, 0.0, 0.0, 0.0, 0.0, 0.0, 0.0, 0.0, 0.0, 0.0, 0.0, 0.0, 0.0, 0.0, 0.0, 0.0, 0.0, 0.0, 0.0, 0.0, 0.0, 0.0, 0.0, 0.0, 0.0, 0.0, 0.0, 0.0, 0.0, 0.0, 0.0, 0.0, 0.0, 0.0, 0.0, 0.0, 0.0, 0.0, 0.0, 0.0, 0.0, 0.0, 0.0, 0.0, 0.0, 0.0, 0.0, 0.0, 0.0, 0.0, 0.0, 0.0, 0.0, 0.0, 0.0, 0.0, 0.0, 0.0, 0.0, 0.0, 0.0, 0.0, 0.0], "y_regret_test": [0.04840975284602633, 0.04840975284602633, 0.04840975284602633, 0.04840975284602633, 0.04840975284602633, 0.0035859076182238603, 0.0035859076182238603, 0.0035859076182238603, 0.0035859076182238603, 0.0035859076182238603, 0.0035859076182238603, 0.0035859076182238603, 0.0035859076182238603, 0.0035859076182238603, 0.0035859076182238603, 0.0035859076182238603, 0.0035859076182238603, 0.0035859076182238603, 0.0035859076182238603, 0.0033866905283226334, 0.0013945196293094764, 0.0013945196293094764, 0.0013945196293094764, 0.0013945196293094764, 0.0013945196293094764, 0.0013945196293094764, 0.0013945196293094764, 0.0013945196293094764, 0.0013945196293094764, 0.0013945196293094764, 0.0013945196293094764, 0.0013945196293094764, 0.0013945196293094764, 0.0013945196293094764, 0.0013945196293094764, 0.0013945196293094764, 0.0013945196293094764, 0.0013945196293094764, 0.0013945196293094764, 0.0013945196293094764, 0.0013945196293094764, 0.0013945196293094764, 0.0013945196293094764, 0.0013945196293094764, 0.0013945196293094764, 0.0013945196293094764, 0.0013945196293094764, 0.0013945196293094764, 0.0013945196293094764, 0.0013945196293094764, 0.0013945196293094764, 0.0013945196293094764, 0.0013945196293094764, 0.0013945196293094764, 0.0013945196293094764, 0.0013945196293094764, 0.0013945196293094764, 0.0013945196293094764, 0.0013945196293094764, 0.0013945196293094764, 0.0013945196293094764, 0.0013945196293094764, 0.0013945196293094764, 0.0013945196293094764, 0.0013945196293094764, 0.0013945196293094764, 0.0013945196293094764, 0.0013945196293094764, 0.0013945196293094764, 0.0013945196293094764, 0.0013945196293094764, 0.0013945196293094764, 0.0013945196293094764, 0.0013945196293094764, 0.0013945196293094764, 0.0013945196293094764, 0.0013945196293094764, 0.0013945196293094764, 0.0013945196293094764, 0.0013945196293094764, 0.0013945196293094764, 0.0013945196293094764, 0.0013945196293094764, 0.0013945196293094764, 0.0013945196293094764, 0.0013945196293094764, 0.0013945196293094764, 0.0013945196293094764, 0.0013945196293094764, 0.0013945196293094764, 0.0013945196293094764, 0.0013945196293094764, 0.0013945196293094764, 0.0013945196293094764, 0.0013945196293094764, 0.0013945196293094764, 0.0013945196293094764, 0.0013945196293094764, 0.0013945196293094764, 0.0013945196293094764, 0.0013945196293094764], "f_regret_pool": [], "f_regret_test": [], "x_y_opt_dist_pool": [1.8429966112805343, 1.8429966112805343, 1.8429966112805343, 1.8429966112805343, 1.8429966112805343, 1.8429966112805343, 0.6962678462224698, 0.6962678462224698, 0.6962678462224698, 0.6962678462224698, 0.6962678462224698, 0.6962678462224698, 0.6962678462224698, 0.6962678462224698, 0.6962678462224698, 0.6962678462224698, 0.6962678462224698, 0.6962678462224698, 0.6962678462224698, 0.6962678462224698, 2.487553243818996, 0.0, 0.0, 0.0, 0.0, 0.0, 0.0, 0.0, 0.0, 0.0, 0.0, 0.0, 0.0, 0.0, 0.0, 0.0, 0.0, 0.0, 0.0, 0.0, 0.0, 0.0, 0.0, 0.0, 0.0, 0.0, 0.0, 0.0, 0.0, 0.0, 0.0, 0.0, 0.0, 0.0, 0.0, 0.0, 0.0, 0.0, 0.0, 0.0, 0.0, 0.0, 0.0, 0.0, 0.0, 0.0, 0.0, 0.0, 0.0, 0.0, 0.0, 0.0, 0.0, 0.0, 0.0, 0.0, 0.0, 0.0, 0.0, 0.0, 0.0, 0.0, 0.0, 0.0, 0.0, 0.0, 0.0, 0.0, 0.0, 0.0, 0.0, 0.0, 0.0, 0.0, 0.0, 0.0, 0.0, 0.0, 0.0, 0.0, 0.0, 0.0, 0.0], "x_f_opt_dist_pool": [],