{"p_array": [0.001, 0.053526315789473686, 0.10605263157894737, 0.15857894736842104, 0.21110526315789474, 0.26363157894736844, 0.3161578947368421, 0.3686842105263158, 0.4212105263157895, 0.4737368421052632, 0.5262631578947369, 0.5787894736842105, 0.6313157894736842, 0.6838421052631579, 0.7363684210526316, 0.7888947368421053, 0.841421052631579, 0.8939473684210526, 0.9464736842105264, 0.999], "mean_sharpness": [-1.102644205236517, 0.34607787200013335, 0.34607787200013335], "sharpness_error_true_minus_model": [], "posterior_variance": [0.6312450872180378, 0.07730940821963016, 0.07730940821963016], "bias_mse": [], "bias_nmse": [], "f_calibration": [], "f_calibration_mse": [], "f_calibration_nmse": [], "y_calibration": [[0.00019999999494757503, 0.002199999988079071, 0.01080000028014183, 0.03739999979734421, 0.11860000342130661, 0.23240000009536743, 0.328000009059906, 0.39640000462532043, 0.4505999982357025, 0.4864000082015991, 0.5163999795913696, 0.5428000092506409, 0.5673999786376953, 0.5917999744415283, 0.6259999871253967, 0.6790000200271606, 0.7656000256538391, 0.8370000123977661, 0.9093999862670898, 0.9876000285148621], [0.07540000230073929, 0.1589999943971634, 0.2215999960899353, 0.27320000529289246, 0.31220000982284546, 0.3598000109195709, 0.40299999713897705, 0.438400000333786, 0.47839999198913574, 0.5126000046730042, 0.5540000200271606, 0.5910000205039978, 0.6355999708175659, 0.6934000253677368, 0.7513999938964844, 0.8033999800682068, 0.852400004863739, 0.8871999979019165, 0.9165999889373779, 0.9661999940872192], [0.07540000230073929, 0.1589999943971634, 0.2215999960899353, 0.27320000529289246, 0.31220000982284546, 0.3598000109195709, 0.40299999713897705, 0.438400000333786, 0.47839999198913574, 0.5126000046730042, 0.5540000200271606, 0.5910000205039978, 0.6355999708175659, 0.6934000253677368, 0.7513999938964844, 0.8033999800682068, 0.852400004863739, 0.8871999979019165, 0.9165999889373779, 0.9661999940872192]], "y_calibration_mse": [0.00432806803057341, 0.004169970346358264, 0.004169970346358264], "y_calibration_nmse": [0.047178980107879534, 0.04545560435546559, 0.04545560435546559], "calibration_local_dist_to_nearest_train_sample": [[0.4929206881397449, 0.6395164532955675, 0.7861122184513901, 0.9327079836072127, 1.0793037487630355, 1.225899513918858, 1.3724952790746805, 1.5190910442305032, 1.665686809386326, 1.8122825745421485, 1.958878339697971, 2.1054741048537937, 2.2520698700096164, 2.3986656351654387, 2.5452614003212615, 2.691857165477084, 2.838452930632907, 2.9850486957887297, 3.131644460944552, 3.2782402261003747], [0.43440759795472716, 0.5238708552003404, 0.6133341124459537, 0.7027973696915669, 0.7922606269371801, 0.8817238841827935, 0.9711871414284067, 1.06065039867402, 1.150113655919633, 1.2395769131652463, 1.3290401704108596, 1.418503427656473, 1.507966684902086, 1.5974299421476994, 1.6868931993933125, 1.7763564566389258, 1.8658197138845392, 1.9552829711301523, 2.0447462283757654, 2.134209485621379], [0.43440759795472716, 0.5238708552003404, 0.6133341124459537, 0.7027973696915669, 0.7922606269371801, 0.8817238841827935, 0.9711871414284067, 1.06065039867402, 1.150113655919633, 1.2395769131652463, 1.3290401704108596, 1.418503427656473, 1.507966684902086, 1.5974299421476994, 1.6868931993933125, 1.7763564566389258, 1.8658197138845392, 1.9552829711301523, 2.0447462283757654, 2.134209485621379]], "calibration_local_y": [[0.009280893335960572, 0.011895292551547466, 0.005972964276778991, 0.010328677823406332, 0.011243929237754932, 0.006399752052295886, 0.006227794146815511, 0.00470870508509128, 0.003316815524313281, 0.0031117601067918825, 0.004260145945916304, 0.01192588026026806, 0.01898274108721301, 0.02921927557835883, 0.044758684598417475, 0.03695001016240159, 0.05134410584186185, 0.10279457763660746, 0.06892563040370063, 0.14328223952323654], [0.0018711875559345708, 0.008655596130585265, 0.004519634813096092, 0.0027434041538694966, 0.0041233647912932315, 0.005217587925408938, 0.0033245760290196067, 0.007029346614578323, 0.005849546385264103, 0.006295106942548699, 0.0048584428583897206, 0.0066205828002893095, 0.008600554517935942, 0.008311833694228016, 0.01819054256650698, 0.024025953051071646, 0.019268792416585287, 0.05803136620152376, 0.025697736842105263, 0.173653], [0.0018711875559345708, 0.008655596130585265, 0.004519634813096092, 0.0027434041538694966, 0.0041233647912932315, 0.005217587925408938, 0.0033245760290196067, 0.007029346614578323, 0.005849546385264103, 0.006295106942548699, 0.0048584428583897206, 0.0066205828002893095, 0.008600554517935942, 0.008311833694228016, 0.01819054256650698, 0.024025953051071646, 0.019268792416585287, 0.05803136620152376, 0.025697736842105263, 0.173653]], "elpd": [-1.1591673479535387, -1.5336018603829977, -1.5336018603829977], "expected_improvement": [null, null, null], "actual_improvement": [null, null, null], "mse": [0.6132463089398409, 0.16435206374440747, 0.16435206374440747], "nmse": [0.6202285122331533, 0.16622331760115341, 0.16622331760115341], "y_regret_pool": [0.04133986743131279, 0.04133986743131279, 0.04133986743131279, 0.04133986743131279, 0.04133986743131279, 0.04133986743131279, 0.04133986743131279, 0.04133986743131279, 0.04133986743131279, 0.04133986743131279, 0.04133986743131279, 0.04133986743131279, 0.04133986743131279, 0.04133986743131279, 0.04133986743131279, 0.04133986743131279, 0.04133986743131279, 0.04133986743131279, 0.04133986743131279, 0.04133986743131279, 0.04133986743131279, 0.04133986743131279, 0.04133986743131279, 0.04133986743131279, 0.04133986743131279, 0.04133986743131279, 0.04133986743131279, 0.04133986743131279, 0.04133986743131279, 0.04133986743131279, 0.04133986743131279, 0.04133986743131279, 0.04133986743131279, 0.04133986743131279, 0.04133986743131279, 0.04133986743131279, 0.04133986743131279, 0.04133986743131279, 0.04133986743131279, 0.04133986743131279, 0.04133986743131279, 0.04133986743131279, 0.04133986743131279, 0.04133986743131279, 0.04133986743131279, 0.04133986743131279, 0.04133986743131279, 0.04133986743131279, 0.04133986743131279, 0.04133986743131279, 0.04133986743131279, 0.04133986743131279, 0.04133986743131279, 0.04133986743131279, 0.04133986743131279, 0.04133986743131279, 0.04133986743131279, 0.04133986743131279, 0.04133986743131279, 0.04133986743131279, 0.04133986743131279, 0.04133986743131279, 0.04133986743131279, 0.04133986743131279, 0.04133986743131279, 0.04133986743131279, 0.04133986743131279, 0.04133986743131279, 0.04133986743131279, 0.04133986743131279, 0.04133986743131279, 0.04133986743131279, 0.04133986743131279, 0.04133986743131279, 0.04133986743131279, 0.04133986743131279, 0.04133986743131279, 0.03617238400239886, 0.03617238400239886, 0.03617238400239886, 0.03617238400239886, 0.03617238400239886, 0.03617238400239886, 0.03617238400239886, 0.03617238400239886, 0.03617238400239886, 0.03617238400239886, 0.03617238400239886, 0.03617238400239886, 0.03617238400239886, 0.03617238400239886, 0.03617238400239886, 0.03617238400239886, 0.03617238400239886, 0.03617238400239886, 0.03617238400239886, 0.03617238400239886, 0.03617238400239886, 0.03617238400239886, 0.03617238400239886, 0.03617238400239886, 0.03617238400239886],