{"p_array": [0.001, 0.053526315789473686, 0.10605263157894737, 0.15857894736842104, 0.21110526315789474, 0.26363157894736844, 0.3161578947368421, 0.3686842105263158, 0.4212105263157895, 0.4737368421052632, 0.5262631578947369, 0.5787894736842105, 0.6313157894736842, 0.6838421052631579, 0.7363684210526316, 0.7888947368421053, 0.841421052631579, 0.8939473684210526, 0.9464736842105264, 0.999], "mean_sharpness": [1.6999080260711588, 1.7644391187895112, 1.8363969744178146], "sharpness_error_true_minus_model": [], "posterior_variance": [0.0020224483708081247, 0.0017896290601289132, 0.0015502151669572269], "bias_mse": [], "bias_nmse": [], "f_calibration": [], "f_calibration_mse": [], "f_calibration_nmse": [], "y_calibration": [[0.545199990272522, 0.5569999814033508, 0.5605999827384949, 0.5623999834060669, 0.5636000037193298, 0.5648000240325928, 0.5654000043869019, 0.5667999982833862, 0.5681999921798706, 0.5690000057220459, 0.5699999928474426, 0.5709999799728394, 0.5716000199317932, 0.5726000070571899, 0.5741999745368958, 0.5756000280380249, 0.5766000151634216, 0.5785999894142151, 0.5820000171661377, 0.5928000211715698], [0.5450000166893005, 0.5565999746322632, 0.5594000220298767, 0.5612000226974487, 0.5623999834060669, 0.5633999705314636, 0.5645999908447266, 0.5654000043869019, 0.5666000247001648, 0.5667999982833862, 0.5684000253677368, 0.5690000057220459, 0.5703999996185303, 0.5712000131607056, 0.5716000199317932, 0.5740000009536743, 0.574400007724762, 0.5766000151634216, 0.5795999765396118, 0.5892000198364258], [0.546999990940094, 0.5568000078201294, 0.5604000091552734, 0.5618000030517578, 0.5627999901771545, 0.5640000104904175, 0.5649999976158142, 0.5659999847412109, 0.5666000247001648, 0.5669999718666077, 0.5685999989509583, 0.5690000057220459, 0.5703999996185303, 0.5712000131607056, 0.5716000199317932, 0.5730000138282776, 0.574400007724762, 0.5758000016212463, 0.5788000226020813, 0.5878000259399414]], "y_calibration_mse": [0.09117263789243693, 0.09131379177305712, 0.09169276288964805], "y_calibration_nmse": [0.9938457619253976, 0.995384438323016, 0.9995154895552988], "calibration_local_dist_to_nearest_train_sample": [[0.5146757253619179, 0.6854085733101861, 0.8561414212584544, 1.0268742692067225, 1.197607117154991, 1.3683399651032593, 1.5390728130515274, 1.7098056609997956, 1.8805385089480637, 2.0512713568963323, 2.2220042048446005, 2.3927370527928686, 2.563469900741137, 2.7342027486894054, 2.9049355966376735, 3.0756684445859417, 3.24640129253421, 3.417134140482478, 3.5878669884307466, 3.7585998363790147], [0.4260060456009153, 0.5080692137881812, 0.5901323819754469, 0.6721955501627128, 0.7542587183499787, 0.8363218865372445, 0.9183850547245103, 1.0004482229117762, 1.082511391099042, 1.164574559286308, 1.2466377274735736, 1.3287008956608395, 1.4107640638481054, 1.492827232035371, 1.574890400222637, 1.6569535684099028, 1.7390167365971687, 1.8210799047844346, 1.9031430729717003, 1.9852062411589662], [0.4260060456009153, 0.5080692137881812, 0.5901323819754469, 0.6721955501627128, 0.7542587183499787, 0.8363218865372445, 0.9183850547245103, 1.0004482229117762, 1.082511391099042, 1.164574559286308, 1.2466377274735736, 1.3287008956608395, 1.4107640638481054, 1.492827232035371, 1.574890400222637, 1.6569535684099028, 1.7390167365971687, 1.8210799047844346, 1.9031430729717003, 1.9852062411589662]], "calibration_local_y": [[0.10736221052631581, 0.15907809033154763, 0.17944183802547392, 0.11509723076542414, 0.12142067541211099, 0.12022451326668256, 0.1051199349957728, 0.09090033788560767, 0.08681714100452718, 0.08680587013026424, 0.08567844403522142, 0.08738503463726091, 0.08587462571168362, 0.08715294633248732, 0.08537791160019578, 0.11279045158162462, 0.19802570653463655, 0.1666496467188734, 0.1823293157894737, 0.3417372105263158], [0.09501839760208093, 0.09609625917378363, NaN, 0.10836027442552613, 0.10250448528474083, 0.09689053822652785, 0.10651288647775384, 0.09334631652462584, 0.0943211575836289, 0.08487924814423449, 0.08786049771428653, 0.08836546371566215, 0.09232021001677493, 0.09353924492922766, 0.11748989492090922, 0.16394607634358102, 0.10557803932618726, 0.14409704141320095, 0.3417372105263158, 0.11951498499272453], [0.09501839760208093, 0.09609625917378363, NaN, 0.10887325266540573, 0.10269905408231131, 0.0973310250320656, 0.10691898334643439, 0.09372744415490779, 0.09486877873952056, 0.08547855146150721, 0.08823338676699097, 0.08843661078068628, 0.09278146926714144, 0.09401546529271906, 0.11748989492090922, 0.16394607634358102, 0.10557803932618726, 0.14409704141320095, 0.3417372105263158, 0.11951498499272453]], "elpd": [-262.76179450127063, -296.32508543679046, -339.0920206910939], "expected_improvement": [null, null, null], "actual_improvement": [null, null, null], "mse": [0.9936169928794459, 0.9953301421868215, 0.9949162714947357], "nmse": [1.0001084852572635, 1.0018328269010732, 1.0014162523115477], "y_regret_pool": [0.10187146457895446, 0.10187146457895446, 0.10187146457895446, 0.034421412836248555, 0.034421412836248555, 0.034421412836248555, 0.034421412836248555, 0.034421412836248555, 0.034421412836248555, 0.034421412836248555, 0.034421412836248555, 0.014524642410671307, 0.014524642410671307, 0.014524642410671307, 0.014524642410671307, 0.014524642410671307, 0.014524642410671307, 0.014524642410671307, 0.014524642410671307, 0.014524642410671307, 0.014524642410671307, 0.014524642410671307, 0.014524642410671307, 0.014524642410671307, 0.014524642410671307, 0.014524642410671307, 0.014524642410671307, 0.014524642410671307, 0.014524642410671307, 0.014524642410671307, 0.014524642410671307, 0.014524642410671307, 0.014524642410671307, 0.014524642410671307, 0.014524642410671307, 0.014524642410671307, 0.014524642410671307, 0.014524642410671307, 0.014524642410671307, 0.014524642410671307, 0.014524642410671307, 0.014524642410671307, 0.014524642410671307, 0.014524642410671307, 0.014524642410671307, 0.014524642410671307, 0.014524642410671307, 0.014524642410671307, 0.014524642410671307, 0.014524642410671307, 0.014524642410671307, 0.014524642410671307, 0.014524642410671307, 0.014524642410671307, 0.014524642410671307, 0.014524642410671307, 0.014524642410671307, 0.014524642410671307, 0.014524642410671307, 0.014524642410671307, 0.014524642410671307, 0.014524642410671307, 0.014524642410671307, 0.014524642410671307, 0.014524642410671307, 0.014524642410671307, 0.014524642410671307, 0.014524642410671307, 0.014524642410671307, 0.014524642410671307, 0.014524642410671307, 0.014524642410671307, 0.014524642410671307, 0.014524642410671307, 0.014524642410671307, 0.014524642410671307, 0.014524642410671307, 0.014524642410671307, 0.014524642410671307, 0.014524642410671307, 0.014524642410671307, 0.014524642410671307, 0.014524642410671307, 0.014524642410671307, 0.014524642410671307, 0.014524642410671307, 0.014524642410671307, 0.014524642410671307, 0.014524642410671307, 0.014524642410671307, 0.014524642410671307, 0.014524642410671307, 0.014524642410671307, 0.014524642410671307, 0.014524642410671307, 0.014524642410671307, 0.014524642410671307, 0.014524642410671307, 0.014524642410671307, 0.014524642410671307, 0.014524642410671307, 0.014524642410671307],