{"p_array": [0.001, 0.053526315789473686, 0.10605263157894737, 0.15857894736842104, 0.21110526315789474, 0.26363157894736844, 0.3161578947368421, 0.3686842105263158, 0.4212105263157895, 0.4737368421052632, 0.5262631578947369, 0.5787894736842105, 0.6313157894736842, 0.6838421052631579, 0.7363684210526316, 0.7888947368421053, 0.841421052631579, 0.8939473684210526, 0.9464736842105264, 0.999], "mean_sharpness": [-0.27966715940112724, -0.00047429178742542516], "sharpness_error_true_minus_model": [], "posterior_variance": [0.11078974226950537, 0.0627847960177718], "bias_mse": [], "bias_nmse": [], "f_calibration": [], "f_calibration_mse": [], "f_calibration_nmse": [], "y_calibration": [[0.051600001752376556, 0.17960000038146973, 0.22579999268054962, 0.25380000472068787, 0.28279998898506165, 0.30219998955726624, 0.32499998807907104, 0.34279999136924744, 0.36320000886917114, 0.38420000672340393, 0.40059998631477356, 0.4205999970436096, 0.44119998812675476, 0.46540001034736633, 0.490200012922287, 0.5189999938011169, 0.5504000186920166, 0.593999981880188, 0.6478000283241272, 0.8478000164031982], [0.012600000016391277, 0.08020000159740448, 0.13459999859333038, 0.18520000576972961, 0.23080000281333923, 0.2800000011920929, 0.3301999866962433, 0.38040000200271606, 0.4343999922275543, 0.49219998717308044, 0.5537999868392944, 0.6187999844551086, 0.6764000058174133, 0.7289999723434448, 0.771399974822998, 0.8040000200271606, 0.8299999833106995, 0.8586000204086304, 0.8917999863624573, 0.9592000246047974]], "y_calibration_mse": [0.03027332714610999, 0.0008857110097767674], "y_calibration_nmse": [0.33000051966291, 0.009654871831127803], "calibration_local_dist_to_nearest_train_sample": [[0.5186325294769967, 0.6914723781905316, 0.8643122269040667, 1.0371520756176018, 1.2099919243311366, 1.3828317730446718, 1.555671621758207, 1.7285114704717417, 1.901351319185277, 2.0741911678988116, 2.247031016612347, 2.419870865325882, 2.5927107140394168, 2.765550562752952, 2.9383904114664867, 3.111230260180022, 3.284070108893557, 3.456909957607092, 3.629749806320627, 3.8025896550341622], [0.4324517424645205, 0.5191108041655795, 0.6057698658666386, 0.6924289275676976, 0.7790879892687567, 0.8657470509698157, 0.9524061126708747, 1.0390651743719337, 1.1257242360729929, 1.2123832977740518, 1.299042359475111, 1.38570142117617, 1.472360482877229, 1.559019544578288, 1.6456786062793471, 1.7323376679804061, 1.818996729681465, 1.9056557913825243, 1.9923148530835832, 2.078973914784642]], "calibration_local_y": [[0.014893641778264136, 0.004224052828470498, 0.015038937845976066, 0.015868469753537316, 0.016527732754778722, 0.018814297823726817, 0.02057749168509012, 0.02127303976055362, 0.029551912731408607, 0.03610712327307417, 0.04800426188814821, 0.06923135654766598, 0.11430839305012327, 0.13346666173165794, 0.19450565942606607, 0.24449448999044449, 0.2351842705592105, 0.1824809268063765, 0.16707960700305866, 0.12112668421052633], [0.006293812901562371, 0.004018316780315351, 0.003986902955773844, 0.0028952613238515065, 0.001360280892798784, 0.001188207484406733, 0.0021432692372898568, 0.0013808432909473173, 0.002260682987943613, 0.0012961344380251385, 0.00200233414613584, 0.003964819294249173, 0.0018267964197088728, 0.007576814118968935, 0.022989137952302636, 0.021246117635483598, 0.04660906735643614, 0.055908263157894746, 0.3042872105263158, 0.0792872105263158]], "elpd": [-3.1249849017989377, -0.7119984752080134], "expected_improvement": [null, null], "actual_improvement": [null, [[2.604049584080758]]], "mse": [0.6716893012351827, 0.1834875804836325], "nmse": [0.6762248549995233, 0.18472657265581974], "y_regret_pool": [0.03176880926061121, 0.03176880926061121, 0.03176880926061121, 0.03176880926061121, 0.03176880926061121, 0.03176880926061121, 0.03176880926061121, 0.03176880926061121, 0.03176880926061121, 0.03176880926061121, 0.03176880926061121, 0.027797708103034946, 0.027797708103034946, 0.027797708103034946, 0.01747284509333613, 0.01747284509333613, 0.01747284509333613, 0.01747284509333613, 0.01747284509333613, 0.01747284509333613, 0.01747284509333613, 0.01747284509333613, 0.01747284509333613, 0.01747284509333613, 0.01747284509333613, 0.01747284509333613, 0.01747284509333613, 0.01747284509333613, 0.01747284509333613, 0.01747284509333613, 0.01747284509333613, 0.01747284509333613, 0.01747284509333613, 0.01747284509333613, 0.01747284509333613, 0.01747284509333613, 0.01747284509333613, 0.01747284509333613, 0.01747284509333613, 0.01747284509333613, 0.01747284509333613, 0.01747284509333613, 0.01747284509333613, 0.01747284509333613, 0.01747284509333613, 0.01747284509333613, 0.01747284509333613, 0.01747284509333613, 0.01747284509333613, 0.01747284509333613, 0.01747284509333613, 0.01747284509333613, 0.01747284509333613, 0.01747284509333613, 0.01747284509333613, 0.01747284509333613, 0.01747284509333613, 0.01747284509333613, 0.01747284509333613, 0.01747284509333613, 0.01747284509333613, 0.01747284509333613, 0.01747284509333613, 0.01747284509333613, 0.01747284509333613, 0.01747284509333613, 0.01747284509333613, 0.01747284509333613, 0.01747284509333613, 0.01747284509333613, 0.01747284509333613, 0.01747284509333613, 0.01747284509333613, 0.01747284509333613, 0.01747284509333613, 0.01747284509333613, 0.01747284509333613, 0.01747284509333613, 0.01747284509333613, 0.01747284509333613, 0.01747284509333613, 0.01747284509333613, 0.01747284509333613, 0.01747284509333613, 0.01747284509333613, 0.01747284509333613, 0.01747284509333613, 0.01747284509333613, 0.01747284509333613, 0.01747284509333613, 0.01747284509333613, 0.01747284509333613, 0.01747284509333613, 0.01747284509333613, 0.01747284509333613, 0.01747284509333613, 0.01747284509333613, 0.01747284509333613, 0.01747284509333613, 0.01747284509333613, 0.01747284509333613], "y_regret_test": [0.03335724972364207, 0.03335724972364207, 0.03335724972364207, 0.03335724972364207, 0.03335724972364207, 0.03335724972364207, 0.03335724972364207, 0.03335724972364207, 0.03335724972364207, 0.03335724972364207, 0.03335724972364207, 0.029386148566065806, 0.029386148566065806, 0.029386148566065806, 0.01906128555636699, 0.01906128555636699, 0.01906128555636699, 0.01906128555636699, 0.01906128555636699, 0.01906128555636699, 0.01906128555636699, 0.01906128555636699, 0.01906128555636699, 0.01906128555636699, 0.01906128555636699, 0.01906128555636699, 0.01906128555636699, 0.01906128555636699, 0.01906128555636699, 0.01906128555636699, 0.01906128555636699, 0.01906128555636699, 0.01906128555636699, 0.01906128555636699, 0.01906128555636699, 0.01906128555636699, 0.01906128555636699, 0.01906128555636699, 0.01906128555636699, 0.01906128555636699, 0.01906128555636699, 0.01906128555636699, 0.01906128555636699, 0.01906128555636699, 0.01906128555636699, 0.01906128555636699, 0.01906128555636699, 0.01906128555636699, 0.01906128555636699, 0.01906128555636699, 0.01906128555636699, 0.01906128555636699, 0.01906128555636699, 0.01906128555636699, 0.01906128555636699, 0.01906128555636699, 0.01906128555636699, 0.01906128555636699, 0.01906128555636699, 0.01906128555636699, 0.01906128555636699, 0.01906128555636699, 0.01906128555636699, 0.01906128555636699, 0.01906128555636699, 0.01906128555636699, 0.01906128555636699, 0.01906128555636699, 0.01906128555636699, 0.01906128555636699, 0.01906128555636699, 0.01906128555636699, 0.01906128555636699, 0.01906128555636699, 0.01906128555636699, 0.01906128555636699, 0.01906128555636699, 0.01906128555636699, 0.01906128555636699, 0.01906128555636699, 0.01906128555636699, 0.01906128555636699, 0.01906128555636699, 0.01906128555636699, 0.01906128555636699, 0.01906128555636699, 0.01906128555636699, 0.01906128555636699, 0.01906128555636699, 0.01906128555636699, 0.01906128555636699, 0.01906128555636699, 0.01906128555636699, 0.01906128555636699, 0.01906128555636699, 0.01906128555636699, 0.01906128555636699, 0.01906128555636699, 0.01906128555636699, 0.01906128555636699, 0.01906128555636699], "f_regret_pool": [], "f_regret_test": [],