{"p_array": [0.001, 0.053526315789473686, 0.10605263157894737, 0.15857894736842104, 0.21110526315789474, 0.26363157894736844, 0.3161578947368421, 0.3686842105263158, 0.4212105263157895, 0.4737368421052632, 0.5262631578947369, 0.5787894736842105, 0.6313157894736842, 0.6838421052631579, 0.7363684210526316, 0.7888947368421053, 0.841421052631579, 0.8939473684210526, 0.9464736842105264, 0.999], "mean_sharpness": [0.6342512045122348, 1.975525371259655], "sharpness_error_true_minus_model": [], "posterior_variance": [0.017721708128831382, 0.0011746295987201591], "bias_mse": [], "bias_nmse": [], "f_calibration": [], "f_calibration_mse": [], "f_calibration_nmse": [], "y_calibration": [[0.4973999857902527, 0.5400000214576721, 0.5504000186920166, 0.5562000274658203, 0.5598000288009644, 0.5636000037193298, 0.5658000111579895, 0.5690000057220459, 0.5723999738693237, 0.5753999948501587, 0.5774000287055969, 0.5803999900817871, 0.58160001039505, 0.5838000178337097, 0.5866000056266785, 0.5885999798774719, 0.592199981212616, 0.5964000225067139, 0.6039999723434448, 0.6277999877929688], [0.5681999921798706, 0.5776000022888184, 0.5794000029563904, 0.5806000232696533, 0.5812000036239624, 0.5812000036239624, 0.5820000171661377, 0.5827999711036682, 0.5835999846458435, 0.5843999981880188, 0.5852000117301941, 0.5857999920845032, 0.5861999988555908, 0.5870000123977661, 0.5870000123977661, 0.5875999927520752, 0.5885999798774719, 0.5899999737739563, 0.5920000076293945, 0.5997999906539917]], "y_calibration_mse": [0.08345982791335241, 0.09552822182847304], "y_calibration_nmse": [0.9097707182780652, 1.0413246847207083], "calibration_local_dist_to_nearest_train_sample": [[0.48574772489633683, 0.6261761368284074, 0.766604548760478, 0.9070329606925487, 1.0474613726246194, 1.18788978455669, 1.3283181964887605, 1.4687466084208312, 1.6091750203529018, 1.7496034322849725, 1.890031844217043, 2.0304602561491136, 2.1708886680811843, 2.3113170800132545, 2.451745491945325, 2.592173903877396, 2.7326023158094666, 2.8730307277415372, 3.013459139673608, 3.1538875516056786], [0.43322795574783346, 0.5211365985314009, 0.6090452413149683, 0.6969538840985356, 0.784862526882103, 0.8727711696656705, 0.9606798124492378, 1.0485884552328053, 1.1364970980163727, 1.22440574079994, 1.3123143835835074, 1.4002230263670747, 1.488131669150642, 1.5760403119342095, 1.6639489547177768, 1.7518575975013442, 1.8397662402849115, 1.927674883068479, 2.0155835258520463, 2.1034921686356136]], "calibration_local_y": [[0.34173721052631584, 0.11578973562638632, 0.16760908312397377, 0.13536302844178832, 0.12819075380208916, 0.12381579492752437, 0.0962188781166578, 0.08959573856101974, 0.10142859216724728, 0.0849236263363676, 0.08486986794058841, 0.08056070311266735, 0.08386032036148257, 0.09644138715386796, 0.1003021719419073, 0.12619363125513114, 0.11500802418239615, 0.12860018121141373, 0.18173720873817648, 0.3417372105263158], [0.09973361146643392, 0.09817881555936236, 0.08881218238687441, 0.08955111798215777, 0.09899539916035319, 0.09707985597118848, 0.10703382801443113, 0.09663076104665237, 0.09656887167842712, 0.10474464801443888, 0.09425689754949892, 0.09341258366956966, 0.09015099943457101, 0.0935766739787692, 0.09774445808418346, 0.09194129213464043, 0.1351399924433051, 0.0917372105263158, 0.20284831832605774, 0.0917372105263158]], "elpd": [-33.75807480911979, -458.0747539122377], "expected_improvement": [null, null], "actual_improvement": [null, [[0.4175590204332146]]], "mse": [0.9958673562483565, 1.0155163527672795], "nmse": [0.9836711143876198, 1.0030794725199523], "y_regret_pool": [0.04980427247533581, 0.04980427247533581, 0.04980427247533581, 0.04980427247533581, 0.04980427247533581, 0.04980427247533581, 0.04980427247533581, 0.04980427247533581, 0.04980427247533581, 0.04980427247533581, 0.04980427247533581, 0.04980427247533581, 0.04980427247533581, 0.04980427247533581, 0.04980427247533581, 0.04980427247533581, 0.04980427247533581, 0.04980427247533581, 0.04980427247533581, 0.04980427247533581, 0.04980427247533581, 0.04980427247533581, 0.04980427247533581, 0.04980427247533581, 0.04980427247533581, 0.04980427247533581, 0.04980427247533581, 0.04980427247533581, 0.04980427247533581, 0.04980427247533581, 0.04980427247533581, 0.04980427247533581, 0.04980427247533581, 0.04980427247533581, 0.04980427247533581, 0.04980427247533581, 0.04980427247533581, 0.04980427247533581, 0.04980427247533581, 0.04980427247533581, 0.04980427247533581, 0.04980427247533581, 0.04980427247533581, 0.04980427247533581, 0.04980427247533581, 0.04980427247533581, 0.04980427247533581, 0.04980427247533581, 0.04980427247533581, 0.04980427247533581, 0.04980427247533581, 0.04980427247533581, 0.04980427247533581, 0.04980427247533581, 0.04980427247533581, 0.04980427247533581, 0.04980427247533581, 0.04980427247533581, 0.04980427247533581, 0.04980427247533581, 0.04980427247533581, 0.04980427247533581, 0.04980427247533581, 0.04980427247533581, 0.04980427247533581, 0.04980427247533581, 0.04980427247533581, 0.04980427247533581, 0.04980427247533581, 0.04980427247533581, 0.04980427247533581, 0.04980427247533581, 0.04980427247533581, 0.04980427247533581, 0.04980427247533581, 0.04980427247533581, 0.04980427247533581, 0.04980427247533581, 0.04980427247533581, 0.04980427247533581, 0.04980427247533581, 0.04980427247533581, 0.04980427247533581, 0.04980427247533581, 0.04980427247533581, 0.04980427247533581, 0.04980427247533581, 0.04980427247533581, 0.04980427247533581, 0.04980427247533581, 0.04980427247533581, 0.04980427247533581, 0.04980427247533581, 0.04980427247533581, 0.04980427247533581, 0.04980427247533581, 0.04980427247533581, 0.04980427247533581, 0.04980427247533581, 0.04980427247533581, 0.04980427247533581], "y_regret_test": [0.04840975284602633, 0.04840975284602633, 0.04840975284602633, 0.04840975284602633, 0.04840975284602633, 0.04840975284602633, 0.04840975284602633, 0.04840975284602633, 0.04840975284602633, 0.04840975284602633, 0.04840975284602633, 0.04840975284602633, 0.04840975284602633, 0.04840975284602633, 0.04840975284602633, 0.04840975284602633, 0.04840975284602633, 0.04840975284602633, 0.04840975284602633, 0.04840975284602633, 0.04840975284602633, 0.04840975284602633, 0.04840975284602633, 0.04840975284602633, 0.04840975284602633, 0.04840975284602633, 0.04840975284602633, 0.04840975284602633, 0.04840975284602633, 0.04840975284602633, 0.04840975284602633, 0.04840975284602633, 0.04840975284602633, 0.04840975284602633, 0.04840975284602633, 0.04840975284602633, 0.04840975284602633, 0.04840975284602633, 0.04840975284602633, 0.04840975284602633, 0.04840975284602633, 0.04840975284602633, 0.04840975284602633, 0.04840975284602633, 0.04840975284602633, 0.04840975284602633, 0.04840975284602633, 0.04840975284602633, 0.04840975284602633, 0.04840975284602633, 0.04840975284602633, 0.04840975284602633, 0.04840975284602633, 0.04840975284602633, 0.04840975284602633, 0.04840975284602633, 0.04840975284602633, 0.04840975284602633, 0.04840975284602633, 0.04840975284602633, 0.04840975284602633, 0.04840975284602633, 0.04840975284602633, 0.04840975284602633, 0.04840975284602633, 0.04840975284602633, 0.04840975284602633, 0.04840975284602633, 0.04840975284602633, 0.04840975284602633, 0.04840975284602633, 0.04840975284602633, 0.04840975284602633, 0.04840975284602633, 0.04840975284602633, 0.04840975284602633, 0.04840975284602633, 0.04840975284602633, 0.04840975284602633, 0.04840975284602633, 0.04840975284602633, 0.04840975284602633, 0.04840975284602633, 0.04840975284602633, 0.04840975284602633, 0.04840975284602633, 0.04840975284602633, 0.04840975284602633, 0.04840975284602633, 0.04840975284602633, 0.04840975284602633, 0.04840975284602633, 0.04840975284602633, 0.04840975284602633, 0.04840975284602633, 0.04840975284602633, 0.04840975284602633, 0.04840975284602633, 0.04840975284602633, 0.04840975284602633, 0.04840975284602633], "f_regret_pool": [], "f_regret_test": [],