{"p_array": [0.001, 0.053526315789473686, 0.10605263157894737, 0.15857894736842104, 0.21110526315789474, 0.26363157894736844, 0.3161578947368421, 0.3686842105263158, 0.4212105263157895, 0.4737368421052632, 0.5262631578947369, 0.5787894736842105, 0.6313157894736842, 0.6838421052631579, 0.7363684210526316, 0.7888947368421053, 0.841421052631579, 0.8939473684210526, 0.9464736842105264, 0.999], "mean_sharpness": [-1.7526624907701225, 0.18925533800259087], "sharpness_error_true_minus_model": [], "posterior_variance": [1.9492562998732386, 0.07284305811468098], "bias_mse": [], "bias_nmse": [], "f_calibration": [], "f_calibration_mse": [], "f_calibration_nmse": [], "y_calibration": [[0.0, 0.0, 0.0, 0.0, 0.0, 0.0, 0.0, 0.0, 0.12860000133514404, 0.3046000003814697, 0.40400001406669617, 0.46720001101493835, 0.5109999775886536, 0.5468000173568726, 0.5802000164985657, 0.6176000237464905, 0.6607999801635742, 0.7038000226020813, 1.0, 1.0], [0.032600000500679016, 0.15780000388622284, 0.22499999403953552, 0.2766000032424927, 0.32019999623298645, 0.35420000553131104, 0.38359999656677246, 0.41200000047683716, 0.4375999867916107, 0.46619999408721924, 0.49059998989105225, 0.5149999856948853, 0.5397999882698059, 0.5616000294685364, 0.5888000130653381, 0.6190000176429749, 0.6611999869346619, 0.7049999833106995, 0.7534000277519226, 0.8748000264167786]], "y_calibration_mse": [0.03447365085019447, 0.013349355785804599], "y_calibration_nmse": [0.37578699692754813, 0.14551735014850048], "calibration_local_dist_to_nearest_train_sample": [[0.5186325294769967, 0.6914723781905316, 0.8643122269040667, 1.0371520756176018, 1.2099919243311366, 1.3828317730446718, 1.555671621758207, 1.7285114704717417, 1.901351319185277, 2.0741911678988116, 2.247031016612347, 2.419870865325882, 2.5927107140394168, 2.765550562752952, 2.9383904114664867, 3.111230260180022, 3.284070108893557, 3.456909957607092, 3.629749806320627, 3.8025896550341622], [0.5186325294769965, 0.6914723781905315, 0.8643122269040666, 1.0371520756176016, 1.2099919243311366, 1.3828317730446718, 1.5556716217582067, 1.7285114704717417, 1.9013513191852767, 2.0741911678988116, 2.247031016612347, 2.419870865325882, 2.5927107140394168, 2.765550562752952, 2.9383904114664867, 3.111230260180022, 3.284070108893557, 3.456909957607092, 3.629749806320627, 3.8025896550341622]], "calibration_local_y": [[0.02363711648174492, 0.026311947535486685, 0.022465590847290214, 0.02267778445483095, 0.022498724438526026, 0.022701543085703945, 0.02299632588152066, 0.023799899030132687, 0.033521191409101994, 0.03647510028794717, 0.05380031710730658, 0.07175293142219133, 0.1273827406411777, 0.15839434525573165, 0.21513395135545563, 0.24265395410651358, 0.24444508470394735, 0.24718984210526312, 0.24718984210526312, 0.24718984210526312], [0.0019524528327531671, 0.007670349259019936, 0.014868501841832258, 0.022814816073304753, 0.021045289529415718, 0.021368204627615336, 0.024762789115925853, 0.027056413016505056, 0.048152990330556485, 0.07712331645689216, 0.1221277426651128, 0.14508076235528553, 0.14996876828328087, 0.1789100512602479, 0.14628420273528414, 0.16358808804343777, 0.14732285046968321, 0.14670826315789476, 0.14476352631578948, 0.12112668421052633]], "next_sample_train_distance": [[0.9816379041888684]], "elpd": [-1.664340814738183, -3.6994491395333213], "expected_improvement": [null, null], "actual_improvement": [null, [[0.07902491303577142]]], "mse": [1.6049333845629172, 0.4911916901761357], "nmse": [1.61577062976019, 0.4945084414111106], "y_regret_pool": [0.03176880926061121, 0.002581215752424537], "y_regret_test": [0.03335724972364207, 0.004169656215455397], "f_regret_pool": [], "f_regret_test": [], "x_y_opt_dist_pool": [1.62937110082692, 1.5592740472817779], "x_f_opt_dist_pool": [], "x_y_opt_dist_test": [2.1962544581183128, 1.2056876224670303], "x_f_opt_dist_test": [], "uct_calibration": [0.12915031961725473, 0.22629809862452993], "uct_sharpness": [1.3961576916343457, 0.3269288376811983]}