{"p_array": [0.001, 0.053526315789473686, 0.10605263157894737, 0.15857894736842104, 0.21110526315789474, 0.26363157894736844, 0.3161578947368421, 0.3686842105263158, 0.4212105263157895, 0.4737368421052632, 0.5262631578947369, 0.5787894736842105, 0.6313157894736842, 0.6838421052631579, 0.7363684210526316, 0.7888947368421053, 0.841421052631579, 0.8939473684210526, 0.9464736842105264, 0.999], "mean_sharpness": [-0.9948391155056852, 0.6733096323157477], "sharpness_error_true_minus_model": [], "posterior_variance": [0.5416500515091741, 0.05732450633084033], "bias_mse": [], "bias_nmse": [], "f_calibration": [], "f_calibration_mse": [], "f_calibration_nmse": [], "y_calibration": [[0.014399999752640724, 0.12460000067949295, 0.1607999950647354, 0.23420000076293945, 0.2802000045776367, 0.334199994802475, 0.3919999897480011, 0.4429999887943268, 0.47940000891685486, 0.5109999775886536, 0.5382000207901001, 0.5655999779701233, 0.6087999939918518, 0.6502000093460083, 0.7081999778747559, 0.796999990940094, 0.8417999744415283, 0.8622000217437744, 0.8844000101089478, 0.9437999725341797], [0.06279999762773514, 0.08659999817609787, 0.10719999670982361, 0.13300000131130219, 0.16359999775886536, 0.19259999692440033, 0.22499999403953552, 0.25839999318122864, 0.289000004529953, 0.3160000145435333, 0.3447999954223633, 0.38179999589920044, 0.4318000078201294, 0.4803999960422516, 0.5278000235557556, 0.5942000150680542, 0.6615999937057495, 0.6995999813079834, 0.7429999709129333, 0.8295999765396118]], "y_calibration_mse": [0.0025236413690303138, 0.022512203354548267], "y_calibration_nmse": [0.027509462676613437, 0.24539882154025602], "calibration_local_dist_to_nearest_train_sample": [[0.5071285340475428, 0.6677195702996999, 0.8283106065518568, 0.9889016428040138, 1.1494926790561708, 1.310083715308328, 1.470674751560485, 1.631265787812642, 1.791856824064799, 1.952447860316956, 2.113038896569113, 2.27362993282127, 2.4342209690734276, 2.5948120053255845, 2.7554030415777415, 2.9159940778298985, 3.0765851140820555, 3.2371761503342125, 3.3977671865863694, 3.5583582228385264], [0.49760496785625, 0.6502545356425554, 0.8029041034288609, 0.9555536712151662, 1.1082032390014716, 1.260852806787777, 1.4135023745740825, 1.5661519423603878, 1.7188015101466931, 1.8714510779329985, 2.024100645719304, 2.1767502135056094, 2.3293997812919147, 2.4820493490782205, 2.634698916864526, 2.787348484650831, 2.9399980524371365, 3.092647620223442, 3.245297188009747, 3.3979467557960525]], "calibration_local_y": [[0.006350952991584659, 0.004615781019217764, 0.004458380292683515, 0.0018659316660527895, 0.0011569818504682343, 0.006992757563336715, 0.010724743273966664, 0.008954512621882326, 0.0088982750678358, 0.008859959680720318, 0.0031139630291419215, 0.0035619418657620735, 0.0035527672553281433, 0.013803553563669696, 0.016633145297615236, 0.024849066464040517, 0.041782176346556184, 0.07612513731974212, 0.09791643643741471, 0.1531483218753053], [0.003324023736429871, 0.0030382745436043123, 0.001921067373162216, 0.0034920658229076586, 0.011288597874863701, 0.025245860878136496, 0.0520800504311098, 0.06657121205448699, 0.06408909629911022, 0.0544781648963774, 0.0659850183812084, 0.06303429806008025, 0.08019848262472148, 0.08921023792804708, 0.11066561420400192, 0.12627334843060795, 0.12192682550054054, 0.07957307785744644, 0.09878352537111865, 0.18542142105263157]], "elpd": [-2.7504849777672815, -17692434426.30154], "expected_improvement": [null, null], "actual_improvement": [null, [[0.40607615247086204]]], "mse": [1.0697858763030088, 0.41257203291147315], "nmse": [1.0615281580699194, 0.4093873735566409], "y_regret_pool": [0.12098434041167305, 0.08524804184122825, 0.08524804184122825, 0.007586476791491492, 0.007586476791491492, 0.007586476791491492, 0.007586476791491492, 0.007586476791491492, 0.007586476791491492, 0.000598932378275574, 0.000598932378275574, 0.000598932378275574, 0.000598932378275574, 0.000598932378275574, 0.000598932378275574, 0.000598932378275574, 0.000598932378275574, 0.000598932378275574, 0.000598932378275574, 0.000598932378275574, 0.000598932378275574, 0.000598932378275574, 0.000598932378275574, 0.000598932378275574, 0.000598932378275574, 0.000598932378275574, 0.000598932378275574, 0.000598932378275574, 0.000598932378275574, 0.000598932378275574, 0.000598932378275574, 0.000598932378275574, 0.000598932378275574, 0.000598932378275574, 0.000598932378275574, 0.000598932378275574, 0.000598932378275574, 0.000598932378275574, 0.000598932378275574, 0.000598932378275574, 0.000598932378275574, 0.000598932378275574, 0.000598932378275574, 0.000598932378275574, 0.000598932378275574, 0.000598932378275574, 0.000598932378275574, 0.000598932378275574, 0.000598932378275574, 0.000598932378275574, 0.000598932378275574, 0.000598932378275574, 0.000598932378275574, 0.000598932378275574, 0.000598932378275574, 0.000598932378275574, 0.000598932378275574, 0.000598932378275574, 0.000598932378275574, 0.000598932378275574, 0.000598932378275574, 0.000598932378275574, 0.000598932378275574, 0.000598932378275574, 0.000598932378275574, 0.000598932378275574, 0.000598932378275574, 0.000598932378275574, 0.000598932378275574, 0.000598932378275574, 0.000598932378275574, 0.000598932378275574, 0.000598932378275574, 0.000598932378275574, 0.000598932378275574, 0.000598932378275574, 0.000598932378275574, 0.000598932378275574, 0.000598932378275574, 0.000598932378275574, 0.000598932378275574, 0.000598932378275574, 0.000598932378275574, 0.000598932378275574, 0.000598932378275574, 0.000598932378275574, 0.000598932378275574, 0.000598932378275574, 0.000598932378275574, 0.000598932378275574, 0.000598932378275574, 0.000598932378275574, 0.000598932378275574, 0.000598932378275574, 0.000598932378275574, 0.000598932378275574, 0.000598932378275574, 0.000598932378275574, 0.000598932378275574, 0.000598932378275574, 0.000598932378275574],