{"p_array": [0.001, 0.053526315789473686, 0.10605263157894737, 0.15857894736842104, 0.21110526315789474, 0.26363157894736844, 0.3161578947368421, 0.3686842105263158, 0.4212105263157895, 0.4737368421052632, 0.5262631578947369, 0.5787894736842105, 0.6313157894736842, 0.6838421052631579, 0.7363684210526316, 0.7888947368421053, 0.841421052631579, 0.8939473684210526, 0.9464736842105264, 0.999], "mean_sharpness": [1.0359632613269456, 0.48905328066378806], "sharpness_error_true_minus_model": [], "posterior_variance": [0.007684035136735956, 0.023779203585019264], "bias_mse": [], "bias_nmse": [], "f_calibration": [], "f_calibration_mse": [], "f_calibration_nmse": [], "y_calibration": [[0.4878000020980835, 0.5134000182151794, 0.5194000005722046, 0.5228000283241272, 0.5266000032424927, 0.5303999781608582, 0.532800018787384, 0.5357999801635742, 0.5382000207901001, 0.5407999753952026, 0.5424000024795532, 0.5443999767303467, 0.5465999841690063, 0.5491999983787537, 0.5511999726295471, 0.553600013256073, 0.5565999746322632, 0.5612000226974487, 0.5669999718666077, 0.5889999866485596], [0.5407999753952026, 0.5788000226020813, 0.5870000123977661, 0.5942000150680542, 0.5971999764442444, 0.6007999777793884, 0.605400025844574, 0.6104000210762024, 0.6137999892234802, 0.6179999709129333, 0.6227999925613403, 0.6266000270843506, 0.6294000148773193, 0.6330000162124634, 0.6376000046730042, 0.6399999856948853, 0.6449999809265137, 0.6499999761581421, 0.6621999740600586, 0.741599977016449]], "y_calibration_mse": [0.08180311631723342, 0.08711954282315015], "y_calibration_nmse": [0.8917113987651425, 0.9496641801437704], "calibration_local_dist_to_nearest_train_sample": [[0.48706660928289025, 0.6299368491290879, 0.7728070889752855, 0.9156773288214831, 1.0585475686676808, 1.2014178085138782, 1.344288048360076, 1.4871582882062735, 1.6300285280524713, 1.7728987678986687, 1.9157690077448666, 2.058639247591064, 2.201509487437262, 2.3443797272834592, 2.487249967129657, 2.6301202069758545, 2.772990446822052, 2.9158606866682497, 3.0587309265144476, 3.201601166360645], [0.4662542816251419, 0.5883121938135911, 0.7103701060020404, 0.8324280181904897, 0.9544859303789389, 1.0765438425673883, 1.1986017547558374, 1.3206596669442867, 1.442717579132736, 1.564775491321185, 1.6868334035096346, 1.8088913156980837, 1.9309492278865332, 2.0530071400749823, 2.1750650522634314, 2.297122964451881, 2.41918087664033, 2.541238788828779, 2.6632967010172286, 2.7853546132056777]], "calibration_local_y": [[0.18173721767887333, 0.1311644962755784, 0.10459663300451798, 0.12208619779776302, 0.12015491471946183, 0.10805238865468307, 0.10294611768674329, 0.08216393705095731, 0.0814337619127338, 0.08144525704904089, 0.07970419235981688, 0.08215453035430223, 0.08687321108393593, 0.08447545663660273, 0.08410103734275126, 0.10793093988381944, 0.19416235651643024, 0.22486358454747743, 0.2831434605263158, 0.3417372105263158], [0.10689967839206996, 0.08949759675652016, 0.06234098646814838, 0.0670232990393388, 0.07115836905496858, 0.0812020670503575, 0.07317478325308253, 0.08760256638146169, 0.09634670792918483, 0.1056063468256622, 0.11271477571707014, 0.11586512616113051, 0.1489572589665668, 0.21175553030093117, 0.224866576283204, 0.306351632066153, 0.2707193245192354, 0.27541065801848774, 0.20147608584057836, 0.34173721052631584]], "elpd": [-70.41729303012313, -26.79386777928844], "expected_improvement": [null, null], "actual_improvement": [null, [[0.8409320932293289]]], "mse": [0.9985491038675184, 0.890268206140618], "nmse": [1.0098767593985998, 0.9003675107520541], "y_regret_pool": [0.02432039677103437, 0.02432039677103437, 0.02432039677103437, 0.02432039677103437, 0.02432039677103437, 0.02432039677103437, 0.02432039677103437, 0.02432039677103437, 0.02432039677103437, 0.02432039677103437, 0.02432039677103437, 0.02432039677103437, 0.02432039677103437, 0.02432039677103437, 0.02432039677103437, 0.02432039677103437, 0.02432039677103437, 0.02432039677103437, 0.02432039677103437, 0.02432039677103437, 0.02432039677103437, 0.02432039677103437, 0.02432039677103437, 0.02432039677103437, 0.02432039677103437, 0.02432039677103437, 0.02432039677103437, 0.02432039677103437, 0.02432039677103437, 0.02432039677103437, 0.02432039677103437, 0.02432039677103437, 0.02432039677103437, 0.02432039677103437, 0.02432039677103437, 0.02432039677103437, 0.02432039677103437, 0.02432039677103437, 0.02432039677103437, 0.02432039677103437, 0.02432039677103437, 0.02432039677103437, 0.02432039677103437, 0.02432039677103437, 0.02432039677103437, 0.02432039677103437, 0.02432039677103437, 0.02432039677103437, 0.02432039677103437, 0.02432039677103437, 0.02432039677103437, 0.02432039677103437, 0.02432039677103437, 0.02432039677103437, 0.02432039677103437, 0.02432039677103437, 0.02432039677103437, 0.02432039677103437, 0.02432039677103437, 0.02432039677103437, 0.02432039677103437, 0.02432039677103437, 0.02432039677103437, 0.02432039677103437, 0.02432039677103437, 0.02432039677103437, 0.02432039677103437, 0.02432039677103437, 0.02432039677103437, 0.02432039677103437, 0.02432039677103437, 0.02432039677103437, 0.02432039677103437, 0.02432039677103437, 0.02432039677103437, 0.02432039677103437, 0.02432039677103437, 0.02432039677103437, 0.02432039677103437, 0.02432039677103437, 0.02432039677103437, 0.02432039677103437, 0.02432039677103437, 0.02432039677103437, 0.02432039677103437, 0.02432039677103437, 0.02432039677103437, 0.02432039677103437, 0.02432039677103437, 0.02432039677103437, 0.02432039677103437, 0.02432039677103437, 0.02432039677103437, 0.02432039677103437, 0.02432039677103437, 0.02432039677103437, 0.02432039677103437, 0.02432039677103437, 0.02432039677103437, 0.02432039677103437, 0.02432039677103437], "y_regret_test": [0.02689084521024898, 0.02689084521024898, 0.02689084521024898, 0.02689084521024898, 0.02689084521024898, 0.02689084521024898, 0.02689084521024898, 0.02689084521024898, 0.02689084521024898, 0.02689084521024898, 0.02689084521024898, 0.02689084521024898, 0.02689084521024898, 0.02689084521024898, 0.02689084521024898, 0.02689084521024898, 0.02689084521024898, 0.02689084521024898, 0.02689084521024898, 0.02689084521024898, 0.02689084521024898, 0.02689084521024898, 0.02689084521024898, 0.02689084521024898, 0.02689084521024898, 0.02689084521024898, 0.02689084521024898, 0.02689084521024898, 0.02689084521024898, 0.02689084521024898, 0.02689084521024898, 0.02689084521024898, 0.02689084521024898, 0.02689084521024898, 0.02689084521024898, 0.02689084521024898, 0.02689084521024898, 0.02689084521024898, 0.02689084521024898, 0.02689084521024898, 0.02689084521024898, 0.02689084521024898, 0.02689084521024898, 0.02689084521024898, 0.02689084521024898, 0.02689084521024898, 0.02689084521024898, 0.02689084521024898, 0.02689084521024898, 0.02689084521024898, 0.02689084521024898, 0.02689084521024898, 0.02689084521024898, 0.02689084521024898, 0.02689084521024898, 0.02689084521024898, 0.02689084521024898, 0.02689084521024898, 0.02689084521024898, 0.02689084521024898, 0.02689084521024898, 0.02689084521024898, 0.02689084521024898, 0.02689084521024898, 0.02689084521024898, 0.02689084521024898, 0.02689084521024898, 0.02689084521024898, 0.02689084521024898, 0.02689084521024898, 0.02689084521024898, 0.02689084521024898, 0.02689084521024898, 0.02689084521024898, 0.02689084521024898, 0.02689084521024898, 0.02689084521024898, 0.02689084521024898, 0.02689084521024898, 0.02689084521024898, 0.02689084521024898, 0.02689084521024898, 0.02689084521024898, 0.02689084521024898, 0.02689084521024898, 0.02689084521024898, 0.02689084521024898, 0.02689084521024898, 0.02689084521024898, 0.02689084521024898, 0.02689084521024898, 0.02689084521024898, 0.02689084521024898, 0.02689084521024898, 0.02689084521024898, 0.02689084521024898, 0.02689084521024898, 0.02689084521024898, 0.02689084521024898, 0.02689084521024898, 0.02689084521024898], "f_regret_pool": [], "f_regret_test": [],