{"p_array": [0.001, 0.053526315789473686, 0.10605263157894737, 0.15857894736842104, 0.21110526315789474, 0.26363157894736844, 0.3161578947368421, 0.3686842105263158, 0.4212105263157895, 0.4737368421052632, 0.5262631578947369, 0.5787894736842105, 0.6313157894736842, 0.6838421052631579, 0.7363684210526316, 0.7888947368421053, 0.841421052631579, 0.8939473684210526, 0.9464736842105264, 0.999], "mean_sharpness": [-1.4174843416951313, -0.504847689374038], "sharpness_error_true_minus_model": [], "posterior_variance": [0.9970958422296045, 0.19037907022781647], "bias_mse": [], "bias_nmse": [], "f_calibration": [], "f_calibration_mse": [], "f_calibration_nmse": [], "y_calibration": [[0.0, 0.0, 0.2865999937057495, 0.42719998955726624, 0.48980000615119934, 0.5249999761581421, 0.5508000254631042, 0.5699999928474426, 0.5893999934196472, 0.6075999736785889, 0.6248000264167786, 0.6413999795913696, 0.6600000262260437, 0.6773999929428101, 0.7016000151634216, 0.7319999933242798, 0.7851999998092651, 1.0, 1.0, 1.0], [0.01679999940097332, 0.11879999935626984, 0.1889999955892563, 0.25600001215934753, 0.32440000772476196, 0.3885999917984009, 0.4375999867916107, 0.4832000136375427, 0.5306000113487244, 0.5694000124931335, 0.5974000096321106, 0.629800021648407, 0.6592000126838684, 0.6880000233650208, 0.7148000001907349, 0.7490000128746033, 0.7856000065803528, 0.8266000151634216, 0.876800000667572, 0.9661999940872192]], "y_calibration_mse": [0.02158053260637069, 0.006120491401947667], "y_calibration_nmse": [0.23524295629394665, 0.06671765324924435], "calibration_local_dist_to_nearest_train_sample": [[0.500644532059779, 0.6588144097790954, 0.8169842874984119, 0.9751541652177285, 1.133324042937045, 1.2914939206563614, 1.449663798375678, 1.6078336760949945, 1.766003553814311, 1.9241734315336276, 2.082343309252944, 2.2405131869722608, 2.398683064691577, 2.5568529424108934, 2.7150228201302102, 2.8731926978495266, 3.031362575568843, 3.1895324532881597, 3.347702331007476, 3.505872208726793], [0.46911648695643776, 0.5957583195724131, 0.7224001521883885, 0.8490419848043638, 0.975683817420339, 1.1023256500363146, 1.2289674826522898, 1.3556093152682651, 1.4822511478842404, 1.6088929805002157, 1.7355348131161912, 1.8621766457321665, 1.9888184783481417, 2.1154603109641172, 2.2421021435800927, 2.368743976196068, 2.4953858088120433, 2.6220276414280184, 2.748669474043994, 2.8753113066599694]], "calibration_local_y": [[0.014104617545748663, 0.02008067730757542, 0.01596067338872706, 0.008302806791082886, 0.017883397770035503, 0.027008388434264553, 0.031044240786687622, 0.026287414952021908, 0.028894960379558566, 0.028136407962931504, 0.01945897992761579, 0.029025145565738632, 0.015304823607457002, 0.018808919165370162, 0.01812522867869683, 0.024765416492241392, 0.017746788679540226, 0.011091533801947856, 0.02894802796238808, 0.015026682216437364], [0.02589491455050928, 0.02507531471374085, 0.03308799257718908, 0.038748061755117594, 0.03532935344398415, 0.025668188263284975, 0.020416984907418695, 0.016058414368394648, 0.008233443033940312, 0.006712788893769346, 0.01206200990438333, 0.020392973784593673, 0.05218966104471299, 0.05320510623804693, 0.05950017450497068, 0.06677331043137663, 0.019127790937781747, 0.12452188612295285, 0.12530433994901607, 0.17239890644881742]], "elpd": [-1.4903688323760933, -1.2291732549514385], "expected_improvement": [null, null], "actual_improvement": [null, [[0.01040398530285569]]], "mse": [1.1424414874716229, 0.4036970920421486], "nmse": [1.1150805790567808, 0.3940287464123444], "y_regret_pool": [0.10303946982635881, 0.10303946982635881, 0.10303946982635881, 0.10303946982635881, 0.10303946982635881, 0.05582138268262948, 0.05582138268262948, 0.05582138268262948, 0.05582138268262948, 0.05582138268262948, 0.05582138268262948, 0.05201992651427845, 0.03901494488570867, 0.03901494488570867, 0.03901494488570867, 0.03901494488570867, 0.03421310551515999, 0.02621003989757864, 0.02621003989757864, 0.02621003989757864, 0.009403602100657826, 0.009403602100657826, 0.009403602100657826, 0.009403602100657826, 0.009403602100657826, 0.009403602100657826, 0.009403602100657826, 0.009403602100657826, 0.009403602100657826, 0.009403602100657826, 0.009403602100657826, 0.009403602100657826, 0.009403602100657826, 0.009403602100657826, 0.008003065617581129, 0.008003065617581129, 0.008003065617581129, 0.008003065617581129, 0.008003065617581129, 0.008003065617581129, 0.008003065617581129, 0.008003065617581129, 0.008003065617581129, 0.008003065617581129, 0.008003065617581129, 0.008003065617581129, 0.008003065617581129, 0.008003065617581129, 0.008003065617581129, 0.008003065617581129, 0.008003065617581129, 0.008003065617581129, 0.008003065617581129, 0.008003065617581129, 0.008003065617581129, 0.008003065617581129, 0.008003065617581129, 0.008003065617581129, 0.008003065617581129, 0.008003065617581129, 0.008003065617581129, 0.008003065617581129, 0.008003065617581129, 0.008003065617581129, 0.008003065617581129, 0.008003065617581129, 0.008003065617581129, 0.008003065617581129, 0.008003065617581129, 0.008003065617581129, 0.008003065617581129, 0.008003065617581129, 0.008003065617581129, 0.008003065617581129, 0.008003065617581129, 0.008003065617581129, 0.008003065617581129, 0.008003065617581129, 0.008003065617581129, 0.008003065617581129, 0.008003065617581129, 0.008003065617581129, 0.008003065617581129, 0.008003065617581129, 0.008003065617581129, 0.008003065617581129, 0.008003065617581129, 0.008003065617581129, 0.008003065617581129, 0.008003065617581129, 0.008003065617581129, 0.008003065617581129, 0.008003065617581129, 0.008003065617581129, 0.008003065617581129, 0.008003065617581129, 0.008003065617581129, 0.008003065617581129, 0.008003065617581129, 0.008003065617581129, 0.008003065617581129], "y_regret_test": [0.10303946982635881, 0.10303946982635881, 0.10303946982635881, 0.10303946982635881, 0.10303946982635881, 0.05582138268262948, 0.05582138268262948, 0.05582138268262948, 0.05582138268262948, 0.05582138268262948, 0.05582138268262948, 0.05201992651427845, 0.03901494488570867, 0.03901494488570867, 0.03901494488570867, 0.03901494488570867, 0.03421310551515999, 0.02621003989757864, 0.02621003989757864, 0.02621003989757864, 0.009403602100657826, 0.009403602100657826, 0.009403602100657826, 0.009403602100657826, 0.009403602100657826, 0.009403602100657826, 0.009403602100657826, 0.009403602100657826, 0.009403602100657826, 0.009403602100657826, 0.009403602100657826, 0.009403602100657826, 0.009403602100657826, 0.009403602100657826, 0.008003065617581129, 0.008003065617581129, 0.008003065617581129, 0.008003065617581129, 0.008003065617581129, 0.008003065617581129, 0.008003065617581129, 0.008003065617581129, 0.008003065617581129, 0.008003065617581129, 0.008003065617581129, 0.008003065617581129, 0.008003065617581129, 0.008003065617581129, 0.008003065617581129, 0.008003065617581129, 0.008003065617581129, 0.008003065617581129, 0.008003065617581129, 0.008003065617581129, 0.008003065617581129, 0.008003065617581129, 0.008003065617581129, 0.008003065617581129, 0.008003065617581129, 0.008003065617581129, 0.008003065617581129, 0.008003065617581129, 0.008003065617581129, 0.008003065617581129, 0.008003065617581129, 0.008003065617581129, 0.008003065617581129, 0.008003065617581129, 0.008003065617581129, 0.008003065617581129, 0.008003065617581129, 0.008003065617581129, 0.008003065617581129, 0.008003065617581129, 0.008003065617581129, 0.008003065617581129, 0.008003065617581129, 0.008003065617581129, 0.008003065617581129, 0.008003065617581129, 0.008003065617581129, 0.008003065617581129, 0.008003065617581129, 0.008003065617581129, 0.008003065617581129, 0.008003065617581129, 0.008003065617581129, 0.008003065617581129, 0.008003065617581129, 0.008003065617581129, 0.008003065617581129, 0.008003065617581129, 0.008003065617581129, 0.008003065617581129, 0.008003065617581129, 0.008003065617581129, 0.008003065617581129, 0.008003065617581129, 0.008003065617581129, 0.008003065617581129, 0.008003065617581129], "f_regret_pool": [],