{"p_array": [0.001, 0.053526315789473686, 0.10605263157894737, 0.15857894736842104, 0.21110526315789474, 0.26363157894736844, 0.3161578947368421, 0.3686842105263158, 0.4212105263157895, 0.4737368421052632, 0.5262631578947369, 0.5787894736842105, 0.6313157894736842, 0.6838421052631579, 0.7363684210526316, 0.7888947368421053, 0.841421052631579, 0.8939473684210526, 0.9464736842105264, 0.999], "mean_sharpness": [-1.3803821225467305, 0.2620625380884483], "sharpness_error_true_minus_model": [], "posterior_variance": [0.9257853993872892, 0.054453747633690736], "bias_mse": [], "bias_nmse": [], "f_calibration": [], "f_calibration_mse": [], "f_calibration_nmse": [], "y_calibration": [[0.0, 0.0, 0.0, 0.18799999356269836, 0.3490000069141388, 0.42800000309944153, 0.47780001163482666, 0.5109999775886536, 0.5401999950408936, 0.5626000165939331, 0.579800009727478, 0.6021999716758728, 0.6204000115394592, 0.6381999850273132, 0.6621999740600586, 0.6827999949455261, 0.7044000029563904, 0.7427999973297119, 1.0, 1.0], [0.07460000365972519, 0.26660001277923584, 0.3463999927043915, 0.41019999980926514, 0.4580000042915344, 0.5041999816894531, 0.5382000207901001, 0.5640000104904175, 0.5929999947547913, 0.620199978351593, 0.646399974822998, 0.6710000038146973, 0.6941999793052673, 0.7228000164031982, 0.7441999912261963, 0.765999972820282, 0.7906000018119812, 0.8173999786376953, 0.8456000089645386, 0.9312000274658203]], "y_calibration_mse": [0.00981539458282586, 0.024067473748647393], "y_calibration_nmse": [0.10699469197409496, 0.26235236073308965], "calibration_local_dist_to_nearest_train_sample": [[0.49935063497275534, 0.6550331511386791, 0.810715667304603, 0.9663981834705268, 1.1220806996364505, 1.2777632158023744, 1.433445731968298, 1.589128248134222, 1.7448107643001458, 1.9004932804660695, 2.0561757966319933, 2.2118583127979172, 2.367540828963841, 2.5232233451297645, 2.6789058612956884, 2.8345883774616123, 2.990270893627536, 3.14595340979346, 3.3016359259593835, 3.4573184421253074], [0.4634642988865395, 0.5832604789662474, 0.7030566590459553, 0.8228528391256632, 0.9426490192053711, 1.062445199285079, 1.182241379364787, 1.3020375594444948, 1.4218337395242027, 1.5416299196039107, 1.6614260996836185, 1.7812222797633264, 1.9010184598430344, 2.020814639922742, 2.1406108200024505, 2.260407000082158, 2.380203180161866, 2.4999993602415738, 2.619795540321282, 2.73959172040099]], "calibration_local_y": [[0.010759959646149649, 0.045653405923093346, 0.008942607492626738, 0.020959165241989024, 0.012645097399991664, 0.011852510595797174, 0.009005177537841875, 0.00979871147891474, 0.00871099374788131, 0.00964590816782028, 0.012709616960451222, 0.017297543109388552, 0.01462684470667117, 0.0162815068883237, 0.025278104140249058, 0.05256062735979221, 0.03839520985959859, 0.014876578308460056, 0.033047502691279734, 0.020142578168043122], [0.002738433358608113, 0.006467896862251836, 0.022059865591356802, 0.04896119115337312, 0.0381897608299536, 0.039872079993750115, 0.03867395316883052, 0.03397115892822257, 0.02790685948467836, 0.022588122067558995, 0.017188346594305966, 0.008943147885535359, 0.011455915944222428, 0.0036438069438188246, 0.005847862031280773, 0.005871920777444145, 0.0863355914668769, 0.09436234881173909, 0.03607580900436546, 0.1043214210526316]], "elpd": [-1.42612102442245, -1.9337944376120868], "expected_improvement": [null, null], "actual_improvement": [null, [[0.02387307330778321]]], "mse": [1.0104742144683874, 0.32510633186142657], "nmse": [1.0007934647479382, 0.32199168233725284], "y_regret_pool": [0.19900914891866106, 0.19900914891866106, 0.19900914891866106, 0.19900914891866106, 0.19900914891866106, 0.19900914891866106, 0.19900914891866106, 0.05657316531760315, 0.05657316531760315, 0.05657316531760315, 0.05657316531760315, 0.05657316531760315, 0.05657316531760315, 0.05657316531760315, 0.05657316531760315, 0.05657316531760315, 0.05657316531760315, 0.05657316531760315, 0.05657316531760315, 0.05657316531760315, 0.05657316531760315, 0.05657316531760315, 0.05657316531760315, 0.05657316531760315, 0.05657316531760315, 0.05657316531760315, 0.05657316531760315, 0.05657316531760315, 0.05657316531760315, 0.05657316531760315, 0.05657316531760315, 0.02969088108867113, 0.02969088108867113, 0.02969088108867113, 0.02969088108867113, 0.02969088108867113, 0.02969088108867113, 0.02969088108867113, 0.02969088108867113, 0.02969088108867113, 0.02969088108867113, 0.02969088108867113, 0.012438071807416184, 0.012438071807416184, 0.012438071807416184, 0.012438071807416184, 0.012438071807416184, 0.012438071807416184, 0.012438071807416184, 0.012438071807416184, 0.012438071807416184, 0.012438071807416184, 0.012438071807416184, 0.012438071807416184, 0.012438071807416184, 0.012438071807416184, 0.012438071807416184, 0.012438071807416184, 0.012438071807416184, 0.012438071807416184, 0.012438071807416184, 0.012438071807416184, 0.012438071807416184, 0.012438071807416184, 0.012438071807416184, 0.012438071807416184, 0.012438071807416184, 0.012438071807416184, 0.012438071807416184, 0.012438071807416184, 0.012438071807416184, 0.012438071807416184, 0.012438071807416184, 0.012438071807416184, 0.012438071807416184, 0.012438071807416184, 0.012438071807416184, 0.012438071807416184, 0.012438071807416184, 0.012438071807416184, 0.012438071807416184, 0.012438071807416184, 0.012438071807416184, 0.012438071807416184, 0.008827018702036948, 0.008827018702036948, 0.008827018702036948, 0.008827018702036948, 0.008827018702036948, 0.008827018702036948, 0.008827018702036948, 0.008827018702036948, 0.008827018702036948, 0.008827018702036948, 0.008827018702036948, 0.008827018702036948, 0.008827018702036948, 0.008827018702036948, 0.008827018702036948, 0.008827018702036948, 0.008827018702036948], "y_regret_test": [0.20221897390122023, 0.20221897390122023, 0.20221897390122023, 0.20221897390122023, 0.20221897390122023, 0.20221897390122023, 0.20221897390122023, 0.05978299030016232, 0.05978299030016232, 0.05978299030016232, 0.05978299030016232, 0.05978299030016232, 0.05978299030016232, 0.05978299030016232, 0.05978299030016232, 0.05978299030016232, 0.05978299030016232, 0.05978299030016232, 0.05978299030016232, 0.05978299030016232, 0.05978299030016232, 0.05978299030016232, 0.05978299030016232, 0.05978299030016232, 0.05978299030016232, 0.05978299030016232, 0.05978299030016232, 0.05978299030016232, 0.05978299030016232, 0.05978299030016232, 0.05978299030016232, 0.0329007060712303, 0.0329007060712303, 0.0329007060712303, 0.0329007060712303, 0.0329007060712303, 0.0329007060712303, 0.0329007060712303, 0.0329007060712303, 0.0329007060712303, 0.0329007060712303, 0.0329007060712303, 0.015647896789975357, 0.015647896789975357, 0.015647896789975357, 0.015647896789975357, 0.015647896789975357, 0.015647896789975357, 0.015647896789975357, 0.015647896789975357, 0.015647896789975357, 0.015647896789975357, 0.015647896789975357, 0.015647896789975357, 0.015647896789975357, 0.015647896789975357, 0.015647896789975357, 0.015647896789975357, 0.015647896789975357, 0.015647896789975357, 0.015647896789975357, 0.015647896789975357, 0.015647896789975357, 0.015647896789975357, 0.015647896789975357, 0.015647896789975357, 0.015647896789975357, 0.015647896789975357, 0.015647896789975357, 0.015647896789975357, 0.015647896789975357, 0.015647896789975357, 0.015647896789975357, 0.015647896789975357, 0.015647896789975357, 0.015647896789975357, 0.015647896789975357, 0.015647896789975357, 0.015647896789975357, 0.015647896789975357, 0.015647896789975357, 0.015647896789975357, 0.015647896789975357, 0.015647896789975357, 0.012036843684596121, 0.012036843684596121, 0.012036843684596121, 0.012036843684596121, 0.012036843684596121, 0.012036843684596121, 0.012036843684596121, 0.012036843684596121, 0.012036843684596121, 0.012036843684596121, 0.012036843684596121, 0.012036843684596121, 0.012036843684596121, 0.012036843684596121, 0.012036843684596121, 0.012036843684596121, 0.012036843684596121], "f_regret_pool": [], "f_regret_test": [],