{"p_array": [0.001, 0.053526315789473686, 0.10605263157894737, 0.15857894736842104, 0.21110526315789474, 0.26363157894736844, 0.3161578947368421, 0.3686842105263158, 0.4212105263157895, 0.4737368421052632, 0.5262631578947369, 0.5787894736842105, 0.6313157894736842, 0.6838421052631579, 0.7363684210526316, 0.7888947368421053, 0.841421052631579, 0.8939473684210526, 0.9464736842105264, 0.999], "mean_sharpness": [-1.4594109250763854, -0.48256395352530346, -0.48256395352530346], "sharpness_error_true_minus_model": [], "posterior_variance": [1.084311023318117, 0.17890025137415486, 0.17890025137415486], "bias_mse": [], "bias_nmse": [], "f_calibration": [], "f_calibration_mse": [], "f_calibration_nmse": [], "y_calibration": [[0.0, 0.0, 0.0, 0.0, 0.19679999351501465, 0.34439998865127563, 0.42160001397132874, 0.47540000081062317, 0.5095999836921692, 0.5379999876022339, 0.5641999840736389, 0.5866000056266785, 0.6087999939918518, 0.6287999749183655, 0.6520000100135803, 0.6758000254631042, 0.7034000158309937, 0.7465999722480774, 1.0, 1.0], [0.010400000028312206, 0.05999999865889549, 0.09740000218153, 0.14139999449253082, 0.19140000641345978, 0.23839999735355377, 0.2937999963760376, 0.35659998655319214, 0.4163999855518341, 0.47940000891685486, 0.5351999998092651, 0.5807999968528748, 0.6349999904632568, 0.6844000220298767, 0.7336000204086304, 0.7857999801635742, 0.8325999975204468, 0.8799999952316284, 0.9269999861717224, 0.9923999905586243], [0.010400000028312206, 0.05999999865889549, 0.09740000218153, 0.14139999449253082, 0.19140000641345978, 0.23839999735355377, 0.2937999963760376, 0.35659998655319214, 0.4163999855518341, 0.47940000891685486, 0.5351999998092651, 0.5807999968528748, 0.6349999904632568, 0.6844000220298767, 0.7336000204086304, 0.7857999801635742, 0.8325999975204468, 0.8799999952316284, 0.9269999861717224, 0.9923999905586243]], "y_calibration_mse": [0.007450490500125107, 0.0001518230238911281, 0.0001518230238911281], "y_calibration_nmse": [0.0812155771619833, 0.0016549775496779036, 0.0016549775496779036], "calibration_local_dist_to_nearest_train_sample": [[0.5014892658615698, 0.6580701632790278, 0.8146510606964859, 0.9712319581139439, 1.127812855531402, 1.2843937529488598, 1.4409746503663179, 1.597555547783776, 1.754136445201234, 1.910717342618692, 2.06729824003615, 2.223879137453608, 2.3804600348710663, 2.5370409322885243, 2.6936218297059824, 2.8502027271234405, 3.0067836245408985, 3.1633645219583566, 3.3199454193758147, 3.4765263167932727], [0.42650299259795815, 0.5080976167518045, 0.5896922409056509, 0.6712868650594972, 0.7528814892133436, 0.83447611336719, 0.9160707375210364, 0.9976653616748827, 1.079259985828729, 1.1608546099825756, 1.242449234136422, 1.3240438582902683, 1.4056384824441146, 1.487233106597961, 1.5688277307518073, 1.6504223549056536, 1.7320169790595, 1.8136116032133462, 1.895206227367193, 1.9768008515210391], [0.42650299259795815, 0.5080976167518045, 0.5896922409056509, 0.6712868650594972, 0.7528814892133436, 0.83447611336719, 0.9160707375210364, 0.9976653616748827, 1.079259985828729, 1.1608546099825756, 1.242449234136422, 1.3240438582902683, 1.4056384824441146, 1.487233106597961, 1.5688277307518073, 1.6504223549056536, 1.7320169790595, 1.8136116032133462, 1.895206227367193, 1.9768008515210391]], "calibration_local_y": [[0.02695142388743656, 0.010654838464196714, 0.025031081462625178, 0.015588501846096673, 0.015736204697879085, 0.017764134449491837, 0.01895805207479471, 0.01321911846865145, 0.005938518221507148, 0.0064122884328143125, 0.005816889913768535, 0.006763003284939917, 0.014732986350760379, 0.027255223869129586, 0.04432020414899886, 0.038335924998639234, 0.14417830280228144, 0.19725956472224332, 0.22131149562773222, 0.24718984210526312], [0.002715056471972949, 0.002120818998397939, 0.22463136624476307, 0.0009426031651420414, 0.0003316638403873367, 0.0005297585220735107, 0.0014897730406541062, 0.00035410867724403907, 0.0005566481966970624, 0.00045128342066562356, 0.0031867589043429864, 0.003354768867100147, 0.002472700423525432, 0.0028569763725775138, 0.004503406262134482, 0.0038064766604876113, 0.021693971150519464, 0.005465345900788015, 0.0908405, 0.14681615789473687], [0.002715056471972949, 0.002120818998397939, 0.22463136624476307, 0.0009426031651420414, 0.0003316638403873367, 0.0005297585220735107, 0.0014897730406541062, 0.00035410867724403907, 0.0005566481966970624, 0.00045128342066562356, 0.0031867589043429864, 0.003354768867100147, 0.002472700423525432, 0.0028569763725775138, 0.004503406262134482, 0.0038064766604876113, 0.021693971150519464, 0.005465345900788015, 0.0908405, 0.14681615789473687]], "elpd": [-1.4205228691830039, -0.6303523140223903, -0.6303523140223903], "expected_improvement": [null, null, null], "actual_improvement": [null, null, null], "mse": [0.9999775279569078, 0.21576865956971034, 0.21576865956971034], "nmse": [1.0193362353364632, 0.21994575577988532, 0.21994575577988532], "y_regret_pool": [0.10392094347921743, 0.10392094347921743, 0.10392094347921743, 0.10392094347921743, 0.10392094347921743, 0.10392094347921743, 0.10392094347921743, 0.10392094347921743, 0.04917331999878671, 0.04917331999878671, 0.018315568582544017, 0.018315568582544017, 0.018315568582544017, 0.018315568582544017, 0.018315568582544017, 0.018315568582544017, 0.018315568582544017, 0.018315568582544017, 0.018315568582544017, 0.018315568582544017, 0.018315568582544017, 0.018315568582544017, 0.018315568582544017, 0.018315568582544017, 0.018315568582544017, 0.018315568582544017, 0.018315568582544017, 0.018315568582544017, 0.018315568582544017, 0.018315568582544017, 0.018315568582544017, 0.018315568582544017, 0.018315568582544017, 0.018315568582544017, 0.018315568582544017, 0.018315568582544017, 0.018315568582544017, 0.018315568582544017, 0.018315568582544017, 0.018315568582544017, 0.018315568582544017, 0.018315568582544017, 0.018315568582544017, 0.018315568582544017, 0.018315568582544017, 0.018315568582544017, 0.018315568582544017, 0.018315568582544017, 0.018315568582544017, 0.018315568582544017, 0.018315568582544017, 0.018315568582544017, 0.018315568582544017, 0.018315568582544017, 0.018315568582544017, 0.018315568582544017, 0.018315568582544017, 0.018315568582544017, 0.018315568582544017, 0.018315568582544017, 0.018315568582544017, 0.018315568582544017, 0.018315568582544017, 0.018315568582544017, 0.018315568582544017, 0.018315568582544017, 0.018315568582544017, 0.018315568582544017, 0.018315568582544017, 0.018315568582544017, 0.018315568582544017, 0.018315568582544017, 0.018315568582544017, 0.018315568582544017, 0.018315568582544017, 0.018315568582544017, 0.018315568582544017, 0.018315568582544017, 0.018315568582544017, 0.018315568582544017, 0.018315568582544017, 0.018315568582544017, 0.018315568582544017, 0.018315568582544017, 0.018315568582544017, 0.018315568582544017, 0.018315568582544017, 0.018315568582544017, 0.018315568582544017, 0.018315568582544017, 0.018315568582544017, 0.018315568582544017, 0.018315568582544017, 0.018315568582544017, 0.018315568582544017, 0.018315568582544017, 0.018315568582544017, 0.018315568582544017, 0.018315568582544017, 0.018315568582544017, 0.018315568582544017, 0.018315568582544017],