{"p_array": [0.001, 0.053526315789473686, 0.10605263157894737, 0.15857894736842104, 0.21110526315789474, 0.26363157894736844, 0.3161578947368421, 0.3686842105263158, 0.4212105263157895, 0.4737368421052632, 0.5262631578947369, 0.5787894736842105, 0.6313157894736842, 0.6838421052631579, 0.7363684210526316, 0.7888947368421053, 0.841421052631579, 0.8939473684210526, 0.9464736842105264, 0.999], "mean_sharpness": [-0.7634661273074395, -0.4017331512769447], "sharpness_error_true_minus_model": [], "posterior_variance": [0.4239747204557842, 0.13817769734439786], "bias_mse": [], "bias_nmse": [], "f_calibration": [], "f_calibration_mse": [], "f_calibration_nmse": [], "y_calibration": [[0.0, 0.0, 0.009600000455975533, 0.06880000233650208, 0.1348000019788742, 0.23499999940395355, 0.30320000648498535, 0.35679998993873596, 0.3959999978542328, 0.43160000443458557, 0.4546000063419342, 0.4787999987602234, 0.504800021648407, 0.5296000242233276, 0.5609999895095825, 0.6061999797821045, 0.7427999973297119, 0.7572000026702881, 0.7897999882698059, 0.8270000219345093], [0.0, 0.024000000208616257, 0.04560000076889992, 0.08299999684095383, 0.12839999794960022, 0.17800000309944153, 0.2858000099658966, 0.3853999972343445, 0.4307999908924103, 0.46160000562667847, 0.4896000027656555, 0.5113999843597412, 0.5351999998092651, 0.5616000294685364, 0.5997999906539917, 0.6394000053405762, 0.6796000003814697, 0.7192000150680542, 0.7541999816894531, 0.8741999864578247]], "y_calibration_mse": [0.011560516883769275, 0.01030930652115192], "y_calibration_nmse": [0.12601775023945183, 0.11237867885894116], "calibration_local_dist_to_nearest_train_sample": [[0.5126890179875845, 0.6811993323671673, 0.8497096467467502, 1.018219961126333, 1.1867302755059157, 1.3552405898854987, 1.5237509042650814, 1.6922612186446642, 1.860771533024247, 2.02928184740383, 2.1977921617834126, 2.3663024761629954, 2.5348127905425786, 2.703323104922161, 2.871833419301744, 3.0403437336813264, 3.2088540480609096, 3.377364362440492, 3.545874676820075, 3.7143849911996574], [0.49127806599544344, 0.6383774283828854, 0.7854767907703274, 0.9325761531577693, 1.0796755155452114, 1.2267748779326533, 1.3738742403200952, 1.5209736027075371, 1.668072965094979, 1.815172327482421, 1.962271689869863, 2.109371052257305, 2.256470414644747, 2.403569777032189, 2.5506691394196306, 2.6977685018070727, 2.844867864194515, 2.9919672265819566, 3.1390665889693987, 3.2861659513568404]], "calibration_local_y": [[0.019683527032182523, 0.026869611842105262, 0.018918029093606188, 0.026750818484605882, 0.008937028008980944, 0.006699455405618384, 0.005330461876694272, 0.010473267714819235, 0.01103964027560445, 0.028300107209922414, 0.039654284176459276, 0.050516723989294285, 0.07288333704255757, 0.08400270596785894, 0.0796136799627593, 0.13424736515537677, 0.15346602083753405, 0.1667851423739079, 0.18523662371600866, 0.173653], [0.028346508086031858, 0.023010087891971363, 0.01753789843081079, 0.006431964148217369, 0.004234558471009037, 0.004659320014978504, 0.010383183095799168, 0.02987562295347181, 0.041226102164244334, 0.04964248992232755, 0.07288234970959084, 0.10231889904386038, 0.14741856926977498, 0.1277135260313928, 0.14208776309839166, 0.1831881423147672, 0.16286633170109677, 0.1909677363086672, NaN, 0.14476352631578948]], "elpd": [-4.1885098322891885, -2.0576222405853377], "expected_improvement": [null, null], "actual_improvement": [null, [[0.12144634569487156]]], "mse": [1.003822574231849, 0.39227443041860927], "nmse": [1.0025317818674166, 0.3917700137492254], "y_regret_pool": [0.06281707535941616, 0.06281707535941616, 0.06281707535941616, 0.06281707535941616, 0.06281707535941616, 0.06281707535941616, 0.06281707535941616, 0.06281707535941616, 0.06281707535941616, 0.06281707535941616, 0.06281707535941616, 0.06281707535941616, 0.06281707535941616, 0.05842985104859988, 0.05842985104859988, 0.05842985104859988, 0.05842985104859988, 0.05842985104859988, 0.05842985104859988, 0.05842985104859988, 0.05842985104859988, 0.05842985104859988, 0.05842985104859988, 0.05842985104859988, 0.05842985104859988, 0.05842985104859988, 0.05842985104859988, 0.05842985104859988, 0.05842985104859988, 0.05842985104859988, 0.05842985104859988, 0.05842985104859988, 0.05842985104859988, 0.05842985104859988, 0.05842985104859988, 0.05842985104859988, 0.05842985104859988, 0.05842985104859988, 0.05842985104859988, 0.05842985104859988, 0.03788966450250508, 0.022933217988358345, 0.022933217988358345, 0.022933217988358345, 0.022933217988358345, 0.022933217988358345, 0.022933217988358345, 0.022933217988358345, 0.022933217988358345, 0.022933217988358345, 0.022933217988358345, 0.022933217988358345, 0.022933217988358345, 0.022933217988358345, 0.022933217988358345, 0.022933217988358345, 0.022933217988358345, 0.022933217988358345, 0.022933217988358345, 0.022933217988358345, 0.022933217988358345, 0.022933217988358345, 0.022933217988358345, 0.022933217988358345, 0.022933217988358345, 0.022933217988358345, 0.022933217988358345, 0.022933217988358345, 0.022933217988358345, 0.022933217988358345, 0.022933217988358345, 0.022933217988358345, 0.022933217988358345, 0.022933217988358345, 0.022933217988358345, 0.022933217988358345, 0.022933217988358345, 0.022933217988358345, 0.022933217988358345, 0.022933217988358345, 0.022933217988358345, 0.022933217988358345, 0.022933217988358345, 0.022933217988358345, 0.022933217988358345, 0.022933217988358345, 0.022933217988358345, 0.022933217988358345, 0.022933217988358345, 0.022933217988358345, 0.022933217988358345, 0.022933217988358345, 0.022933217988358345, 0.022933217988358345, 0.022933217988358345, 0.022933217988358345, 0.022933217988358345, 0.022933217988358345, 0.022933217988358345, 0.022933217988358345, 0.022933217988358345], "y_regret_test": [0.0622188174988505, 0.0622188174988505, 0.0622188174988505, 0.0622188174988505, 0.0622188174988505, 0.0622188174988505, 0.0622188174988505, 0.0622188174988505, 0.0622188174988505, 0.0622188174988505, 0.0622188174988505, 0.0622188174988505, 0.0622188174988505, 0.057831593188034214, 0.057831593188034214, 0.057831593188034214, 0.057831593188034214, 0.057831593188034214, 0.057831593188034214, 0.057831593188034214, 0.057831593188034214, 0.057831593188034214, 0.057831593188034214, 0.057831593188034214, 0.057831593188034214, 0.057831593188034214, 0.057831593188034214, 0.057831593188034214, 0.057831593188034214, 0.057831593188034214, 0.057831593188034214, 0.057831593188034214, 0.057831593188034214, 0.057831593188034214, 0.057831593188034214, 0.057831593188034214, 0.057831593188034214, 0.057831593188034214, 0.057831593188034214, 0.057831593188034214, 0.03729140664193942, 0.02233496012779268, 0.02233496012779268, 0.02233496012779268, 0.02233496012779268, 0.02233496012779268, 0.02233496012779268, 0.02233496012779268, 0.02233496012779268, 0.02233496012779268, 0.02233496012779268, 0.02233496012779268, 0.02233496012779268, 0.02233496012779268, 0.02233496012779268, 0.02233496012779268, 0.02233496012779268, 0.02233496012779268, 0.02233496012779268, 0.02233496012779268, 0.02233496012779268, 0.02233496012779268, 0.02233496012779268, 0.02233496012779268, 0.02233496012779268, 0.02233496012779268, 0.02233496012779268, 0.02233496012779268, 0.02233496012779268, 0.02233496012779268, 0.02233496012779268, 0.02233496012779268, 0.02233496012779268, 0.02233496012779268, 0.02233496012779268, 0.02233496012779268, 0.02233496012779268, 0.02233496012779268, 0.02233496012779268, 0.02233496012779268, 0.02233496012779268, 0.02233496012779268, 0.02233496012779268, 0.02233496012779268, 0.02233496012779268, 0.02233496012779268, 0.02233496012779268, 0.02233496012779268, 0.02233496012779268, 0.02233496012779268, 0.02233496012779268, 0.02233496012779268, 0.02233496012779268, 0.02233496012779268, 0.02233496012779268, 0.02233496012779268, 0.02233496012779268, 0.02233496012779268, 0.02233496012779268, 0.02233496012779268, 0.02233496012779268], "f_regret_pool": [], "f_regret_test": [],