{"p_array": [0.001, 0.053526315789473686, 0.10605263157894737, 0.15857894736842104, 0.21110526315789474, 0.26363157894736844, 0.3161578947368421, 0.3686842105263158, 0.4212105263157895, 0.4737368421052632, 0.5262631578947369, 0.5787894736842105, 0.6313157894736842, 0.6838421052631579, 0.7363684210526316, 0.7888947368421053, 0.841421052631579, 0.8939473684210526, 0.9464736842105264, 0.999], "mean_sharpness": [-0.6194411259909198, 0.05774208973113639], "sharpness_error_true_minus_model": [], "posterior_variance": [0.24515228050371438, 0.060230086382812485], "bias_mse": [], "bias_nmse": [], "f_calibration": [], "f_calibration_mse": [], "f_calibration_nmse": [], "y_calibration": [[0.1412000060081482, 0.313400000333786, 0.3653999865055084, 0.40880000591278076, 0.44020000100135803, 0.47279998660087585, 0.503600001335144, 0.5275999903678894, 0.550599992275238, 0.5681999921798706, 0.5830000042915344, 0.5929999947547913, 0.6065999865531921, 0.6233999729156494, 0.6480000019073486, 0.682200014591217, 0.7260000109672546, 0.7874000072479248, 0.8521999716758728, 0.9577999711036682], [0.1695999950170517, 0.3336000144481659, 0.41679999232292175, 0.4733999967575073, 0.5220000147819519, 0.5687999725341797, 0.6097999811172485, 0.6453999876976013, 0.6697999835014343, 0.6935999989509583, 0.7156000137329102, 0.7328000068664551, 0.7480000257492065, 0.760200023651123, 0.7720000147819519, 0.7857999801635742, 0.800599992275238, 0.8133999705314636, 0.8363999724388123, 0.901199996471405]], "y_calibration_mse": [0.023074435871043384, 0.043769424627794526], "y_calibration_nmse": [0.2515275506924667, 0.4771174573183561], "calibration_local_dist_to_nearest_train_sample": [[0.48660499529629103, 0.6296100263009582, 0.7726150573056254, 0.9156200883102925, 1.0586251193149596, 1.2016301503196267, 1.344635181324294, 1.4876402123289612, 1.6306452433336283, 1.7736502743382954, 1.9166553053429627, 2.05966033634763, 2.2026653673522967, 2.3456703983569644, 2.4886754293616313, 2.631680460366298, 2.774685491370966, 2.917690522375633, 3.0606955533802997, 3.2037005843849666], [0.4790527389993141, 0.6145055137070043, 0.7499582884146945, 0.8854110631223847, 1.020863837830075, 1.156316612537765, 1.2917693872454552, 1.4272221619531456, 1.5626749366608357, 1.698127711368526, 1.8335804860762162, 1.9690332607839063, 2.104486035491597, 2.2399388101992868, 2.3753915849069767, 2.5108443596146675, 2.6462971343223574, 2.7817499090300473, 2.917202683737738, 3.0526554584454284]], "calibration_local_y": [[0.019389184210526315, 0.017529717501528173, 0.02157618843828652, 0.04317918494299087, 0.03317874605711223, 0.03991374691281955, 0.03917559657041615, 0.035327860878656116, 0.02304023893125482, 0.036568607763117995, 0.01991110415610933, 0.022207681050703688, 0.01519414542648714, 0.019330256143758627, 0.021230117119852173, 0.034011991891486064, 0.04609099643624888, 0.020650474490864573, 0.05137770398142644, 0.023524426090419166], [0.02880920085492804, 0.04089958533377347, 0.04820399898869253, 0.06748555006159115, 0.07373851913335021, 0.07345437204832524, 0.07925436598866203, 0.06009812349469754, 0.05381617644899346, 0.04193472325159424, 0.04971427739304622, 0.032702330921956055, 0.02379448234663123, 0.026269432892627963, 0.02627939556065518, 0.02487435954933891, 0.020854347191104693, 0.0775393156356898, 0.08381616093394646, 0.09735942910801887]], "elpd": [-3.201658674999259, -4.373373454384118], "expected_improvement": [null, null], "actual_improvement": [null, [[0.07324840017871304]]], "mse": [0.6737982818927954, 0.513801721395781], "nmse": [0.6699246751581553, 0.5108479207379973], "y_regret_pool": [0.009952228285151188, 0.009952228285151188, 0.009952228285151188, 0.009952228285151188, 0.009952228285151188, 0.009952228285151188, 0.009952228285151188, 0.009952228285151188, 0.0021894902227335145, 0.0021894902227335145, 0.0021894902227335145, 0.0021894902227335145, 0.0021894902227335145, 0.0021894902227335145, 0.0021894902227335145, 0.0021894902227335145, 0.0021894902227335145, 0.0021894902227335145, 0.0021894902227335145, 0.0021894902227335145, 0.0021894902227335145, 0.0021894902227335145, 0.0021894902227335145, 0.0021894902227335145, 0.0021894902227335145, 0.0021894902227335145, 0.0021894902227335145, 0.0021894902227335145, 0.0021894902227335145, 0.0021894902227335145, 0.0021894902227335145, 0.0021894902227335145, 0.0021894902227335145, 0.0021894902227335145, 0.0021894902227335145, 0.0021894902227335145, 0.0021894902227335145, 0.0021894902227335145, 0.0021894902227335145, 0.0021894902227335145, 0.0021894902227335145, 0.0021894902227335145, 0.0021894902227335145, 0.0021894902227335145, 0.0021894902227335145, 0.0021894902227335145, 0.0021894902227335145, 0.0021894902227335145, 0.0021894902227335145, 0.0021894902227335145, 0.0021894902227335145, 0.0021894902227335145, 0.0021894902227335145, 0.0021894902227335145, 0.0021894902227335145, 0.0021894902227335145, 0.0021894902227335145, 0.0021894902227335145, 0.0021894902227335145, 0.0021894902227335145, 0.0021894902227335145, 0.0021894902227335145, 0.0021894902227335145, 0.0021894902227335145, 0.0021894902227335145, 0.0021894902227335145, 0.0021894902227335145, 0.0021894902227335145, 0.0021894902227335145, 0.0021894902227335145, 0.0021894902227335145, 0.0021894902227335145, 0.0021894902227335145, 0.0013933119599212063, 0.0013933119599212063, 0.0013933119599212063, 0.0013933119599212063, 0.0013933119599212063, 0.0013933119599212063, 0.0013933119599212063, 0.0013933119599212063, 0.0013933119599212063, 0.0013933119599212063, 0.0013933119599212063, 0.0013933119599212063, 0.0013933119599212063, 0.0013933119599212063, 0.0013933119599212063, 0.0013933119599212063, 0.0013933119599212063, 0.0013933119599212063, 0.0013933119599212063, 0.0013933119599212063, 0.0013933119599212063, 0.0013933119599212063, 0.0013933119599212063, 0.0013933119599212063, 0.0013933119599212063, 0.0013933119599212063, 0.0013933119599212063, 0.0013933119599212063],