{"p_array": [0.001, 0.053526315789473686, 0.10605263157894737, 0.15857894736842104, 0.21110526315789474, 0.26363157894736844, 0.3161578947368421, 0.3686842105263158, 0.4212105263157895, 0.4737368421052632, 0.5262631578947369, 0.5787894736842105, 0.6313157894736842, 0.6838421052631579, 0.7363684210526316, 0.7888947368421053, 0.841421052631579, 0.8939473684210526, 0.9464736842105264, 0.999], "mean_sharpness": [-1.3724420326677114, -0.2732909526212059], "sharpness_error_true_minus_model": [], "posterior_variance": [0.9111998776944091, 0.1116716916974516], "bias_mse": [], "bias_nmse": [], "f_calibration": [], "f_calibration_mse": [], "f_calibration_nmse": [], "y_calibration": [[0.0, 0.0, 0.27000001072883606, 0.4153999984264374, 0.47940000891685486, 0.5181999802589417, 0.5414000153541565, 0.5637999773025513, 0.5809999704360962, 0.5974000096321106, 0.6144000291824341, 0.6309999823570251, 0.6480000019073486, 0.6646000146865845, 0.6841999888420105, 0.7131999731063843, 0.7491999864578247, 0.9968000054359436, 1.0, 1.0], [0.007799999788403511, 0.0706000030040741, 0.12080000340938568, 0.17800000309944153, 0.23260000348091125, 0.27880001068115234, 0.33079999685287476, 0.38499999046325684, 0.4350000023841858, 0.4867999851703644, 0.5333999991416931, 0.5871999859809875, 0.6349999904632568, 0.6840000152587891, 0.7287999987602234, 0.7688000202178955, 0.8090000152587891, 0.8496000170707703, 0.8931999802589417, 0.9688000082969666]], "y_calibration_mse": [0.020183089478138357, 0.0004915097977719191], "y_calibration_nmse": [0.2200098451036793, 0.005357801866353068], "calibration_local_dist_to_nearest_train_sample": [[0.500644532059779, 0.6588144097790954, 0.8169842874984119, 0.9751541652177285, 1.133324042937045, 1.2914939206563614, 1.449663798375678, 1.6078336760949945, 1.766003553814311, 1.9241734315336276, 2.082343309252944, 2.2405131869722608, 2.398683064691577, 2.5568529424108934, 2.7150228201302102, 2.8731926978495266, 3.031362575568843, 3.1895324532881597, 3.347702331007476, 3.505872208726793], [0.4331485293141031, 0.5238224042877437, 0.6144962792613845, 0.7051701542350252, 0.7958440292086658, 0.8865179041823066, 0.9771917791559472, 1.067865654129588, 1.1585395291032285, 1.2492134040768692, 1.3398872790505099, 1.4305611540241507, 1.5212350289977914, 1.611908903971432, 1.7025827789450727, 1.7932566539187134, 1.883930528892354, 1.9746044038659947, 2.065278278839635, 2.155952153813276]], "calibration_local_y": [[0.018317035210585586, 0.019466570180113087, 0.014618943443428196, 0.007890184381285944, 0.01617810083794441, 0.024670803854384145, 0.028385572338501468, 0.024462049388278558, 0.026754736394684443, 0.026622970997719143, 0.018731013694672012, 0.02731804412716638, 0.01438421933241718, 0.017139539226690072, 0.020581891760784312, 0.026670285598648973, 0.02125531630692363, 0.012579804663799968, 0.03275270575499612, 0.017450892689469737], [0.003297332127728034, 0.0007774594137483074, 0.001231560671367389, 0.0008936348119463486, 0.00041401054392369095, 0.002225581442660488, 0.001154886428809299, 0.0012038160777471684, 0.0006736000296639749, 0.001187714776277619, 0.0007236159329327116, 0.0014872534939951473, 0.001685458509441936, 0.010423830565739875, 0.0018881939649384983, 0.003435185615389716, 0.0560256295040823, 0.06330563157894736, 0.0266489046766773, 0.04487931578947369]], "elpd": [-1.4748235842915665, -0.6881239459145307], "expected_improvement": [null, null], "actual_improvement": [null, [[1.5918097513369194]]], "mse": [1.0977799923300502, 0.2084348435466537], "nmse": [1.0714887046280754, 0.20344293216451076], "y_regret_pool": [0.10303946982635881, 0.10303946982635881, 0.10303946982635881, 0.10303946982635881, 0.10303946982635881, 0.10303946982635881, 0.10303946982635881, 0.10303946982635881, 0.10303946982635881, 0.10303946982635881, 0.10303946982635881, 0.10303946982635881, 0.10303946982635881, 0.10303946982635881, 0.10303946982635881, 0.10303946982635881, 0.10303946982635881, 0.10303946982635881, 0.10303946982635881, 0.10303946982635881, 0.10303946982635881, 0.06202375853625486, 0.06202375853625486, 0.06202375853625486, 0.06202375853625486, 0.06202375853625486, 0.06202375853625486, 0.06202375853625486, 0.03701417848131339, 0.03701417848131339, 0.03701417848131339, 0.03701417848131339, 0.03701417848131339, 0.03701417848131339, 0.03701417848131339, 0.03701417848131339, 0.03661402520043433, 0.03661402520043433, 0.03661402520043433, 0.03661402520043433, 0.03661402520043433, 0.03661402520043433, 0.03661402520043433, 0.03661402520043433, 0.03661402520043433, 0.03661402520043433, 0.03661402520043433, 0.03661402520043433, 0.03661402520043433, 0.03661402520043433, 0.03661402520043433, 0.03661402520043433, 0.03661402520043433, 0.03661402520043433, 0.03661402520043433, 0.03661402520043433, 0.03661402520043433, 0.03661402520043433, 0.03661402520043433, 0.03661402520043433, 0.03661402520043433, 0.03661402520043433, 0.03661402520043433, 0.03661402520043433, 0.03661402520043433, 0.03661402520043433, 0.03661402520043433, 0.03661402520043433, 0.03661402520043433, 0.03661402520043433, 0.03661402520043433, 0.03661402520043433, 0.03661402520043433, 0.03661402520043433, 0.03661402520043433, 0.03661402520043433, 0.03661402520043433, 0.03661402520043433, 0.03661402520043433, 0.03661402520043433, 0.03661402520043433, 0.03661402520043433, 0.03661402520043433, 0.03661402520043433, 0.03661402520043433, 0.03661402520043433, 0.03661402520043433, 0.03661402520043433, 0.03661402520043433, 0.03661402520043433, 0.03661402520043433, 0.03661402520043433, 0.03661402520043433, 0.03661402520043433, 0.03661402520043433, 0.03661402520043433, 0.03661402520043433, 0.03661402520043433, 0.03661402520043433, 0.03661402520043433, 0.03661402520043433], "y_regret_test": [0.10303946982635881, 0.10303946982635881, 0.10303946982635881, 0.10303946982635881, 0.10303946982635881, 0.10303946982635881, 0.10303946982635881, 0.10303946982635881, 0.10303946982635881, 0.10303946982635881, 0.10303946982635881, 0.10303946982635881, 0.10303946982635881, 0.10303946982635881, 0.10303946982635881, 0.10303946982635881, 0.10303946982635881, 0.10303946982635881, 0.10303946982635881, 0.10303946982635881, 0.10303946982635881, 0.06202375853625486, 0.06202375853625486, 0.06202375853625486, 0.06202375853625486, 0.06202375853625486, 0.06202375853625486, 0.06202375853625486, 0.03701417848131339, 0.03701417848131339, 0.03701417848131339, 0.03701417848131339, 0.03701417848131339, 0.03701417848131339, 0.03701417848131339, 0.03701417848131339, 0.03661402520043433, 0.03661402520043433, 0.03661402520043433, 0.03661402520043433, 0.03661402520043433, 0.03661402520043433, 0.03661402520043433, 0.03661402520043433, 0.03661402520043433, 0.03661402520043433, 0.03661402520043433, 0.03661402520043433, 0.03661402520043433, 0.03661402520043433, 0.03661402520043433, 0.03661402520043433, 0.03661402520043433, 0.03661402520043433, 0.03661402520043433, 0.03661402520043433, 0.03661402520043433, 0.03661402520043433, 0.03661402520043433, 0.03661402520043433, 0.03661402520043433, 0.03661402520043433, 0.03661402520043433, 0.03661402520043433, 0.03661402520043433, 0.03661402520043433, 0.03661402520043433, 0.03661402520043433, 0.03661402520043433, 0.03661402520043433, 0.03661402520043433, 0.03661402520043433, 0.03661402520043433, 0.03661402520043433, 0.03661402520043433, 0.03661402520043433, 0.03661402520043433, 0.03661402520043433, 0.03661402520043433, 0.03661402520043433, 0.03661402520043433, 0.03661402520043433, 0.03661402520043433, 0.03661402520043433, 0.03661402520043433, 0.03661402520043433, 0.03661402520043433, 0.03661402520043433, 0.03661402520043433, 0.03661402520043433, 0.03661402520043433, 0.03661402520043433, 0.03661402520043433, 0.03661402520043433, 0.03661402520043433, 0.03661402520043433, 0.03661402520043433, 0.03661402520043433, 0.03661402520043433, 0.03661402520043433, 0.03661402520043433], "f_regret_pool": [], "f_regret_test": [],