{"p_array": [0.001, 0.053526315789473686, 0.10605263157894737, 0.15857894736842104, 0.21110526315789474, 0.26363157894736844, 0.3161578947368421, 0.3686842105263158, 0.4212105263157895, 0.4737368421052632, 0.5262631578947369, 0.5787894736842105, 0.6313157894736842, 0.6838421052631579, 0.7363684210526316, 0.7888947368421053, 0.841421052631579, 0.8939473684210526, 0.9464736842105264, 0.999], "mean_sharpness": [-0.27966715940112724, -0.5005482283222785], "sharpness_error_true_minus_model": [], "posterior_variance": [0.11078974226950537, 0.2104306997208063], "bias_mse": [], "bias_nmse": [], "f_calibration": [], "f_calibration_mse": [], "f_calibration_nmse": [], "y_calibration": [[0.051600001752376556, 0.17960000038146973, 0.22579999268054962, 0.25380000472068787, 0.28279998898506165, 0.30219998955726624, 0.32499998807907104, 0.34279999136924744, 0.36320000886917114, 0.38420000672340393, 0.40059998631477356, 0.4205999970436096, 0.44119998812675476, 0.46540001034736633, 0.490200012922287, 0.5189999938011169, 0.5504000186920166, 0.593999981880188, 0.6478000283241272, 0.8478000164031982], [0.01640000008046627, 0.1485999971628189, 0.2215999960899353, 0.2879999876022339, 0.3452000021934509, 0.3991999924182892, 0.4546000063419342, 0.508400022983551, 0.5651999711990356, 0.6186000108718872, 0.6570000052452087, 0.6923999786376953, 0.7210000157356262, 0.7504000067710876, 0.7735999822616577, 0.7978000044822693, 0.8205999732017517, 0.8442000150680542, 0.8700000047683716, 0.9635999798774719]], "y_calibration_mse": [0.03027332714610999, 0.010504513074630437], "y_calibration_nmse": [0.33000051966291, 0.11450656733907454], "calibration_local_dist_to_nearest_train_sample": [[0.5186325294769967, 0.6914723781905316, 0.8643122269040667, 1.0371520756176018, 1.2099919243311366, 1.3828317730446718, 1.555671621758207, 1.7285114704717417, 1.901351319185277, 2.0741911678988116, 2.247031016612347, 2.419870865325882, 2.5927107140394168, 2.765550562752952, 2.9383904114664867, 3.111230260180022, 3.284070108893557, 3.456909957607092, 3.629749806320627, 3.8025896550341622], [0.5153752491110983, 0.6849578174587352, 0.854540385806372, 1.024122954154009, 1.1937055225016457, 1.3632880908492826, 1.5328706591969194, 1.7024532275445563, 1.8720357958921932, 2.04161836423983, 2.2112009325874666, 2.3807835009351037, 2.5503660692827403, 2.7199486376303774, 2.8895312059780145, 3.059113774325651, 3.2286963426732878, 3.398278911020925, 3.567861479368562, 3.7374440477161985]], "calibration_local_y": [[0.014893641778264136, 0.004224052828470498, 0.015038937845976066, 0.015868469753537316, 0.016527732754778722, 0.018814297823726817, 0.02057749168509012, 0.02127303976055362, 0.029551912731408607, 0.03610712327307417, 0.04800426188814821, 0.06923135654766598, 0.11430839305012327, 0.13346666173165794, 0.19450565942606607, 0.24449448999044449, 0.2351842705592105, 0.1824809268063765, 0.16707960700305866, 0.12112668421052633], [0.022748391465735325, 0.027306432209271054, 0.03694398610360121, 0.04469042002615102, 0.029556340544796937, 0.025871162177266694, 0.01811270459795757, 0.01291022270341761, 0.0052843511549255425, 0.003422742034267069, 0.0014387486790995278, 0.005044157151758455, 0.025204424205588726, 0.03170891129794483, 0.06555353222287226, 0.08327259039029065, 0.08666519000735842, 0.11460234210526318, 0.1447635263157895, 0.1447635263157895]], "elpd": [-3.1249849017989377, -1.1798286417505057], "expected_improvement": [null, null], "actual_improvement": [null, [[0.02481938223485325]]], "mse": [0.6716893012351827, 0.4262115245508511], "nmse": [0.6762248549995233, 0.4290894999496362], "y_regret_pool": [0.03176880926061121, 0.03176880926061121, 0.03176880926061121, 0.03176880926061121, 0.03176880926061121, 0.03176880926061121, 0.01171474841485054, 0.01171474841485054, 0.01171474841485054, 0.01171474841485054, 0.01171474841485054, 0.01171474841485054, 0.01171474841485054, 0.01171474841485054, 0.01171474841485054, 0.006949427025758403, 0.006949427025758403, 0.006949427025758403, 0.006949427025758403, 0.006949427025758403, 0.005360986562727987, 0.005360986562727987, 0.005360986562727987, 0.005360986562727987, 0.005360986562727987, 0.005360986562727987, 0.005360986562727987, 0.005360986562727987, 0.005360986562727987, 0.004765321389091248, 0.004765321389091248, 0.004765321389091248, 0.004765321389091248, 0.004765321389091248, 0.004765321389091248, 0.004765321389091248, 0.004765321389091248, 0.004765321389091248, 0.004765321389091248, 0.004765321389091248, 0.004765321389091248, 0.004765321389091248, 0.004765321389091248, 0.004765321389091248, 0.004765321389091248, 0.004765321389091248, 0.004765321389091248, 0.004765321389091248, 0.004765321389091248, 0.004765321389091248, 0.004765321389091248, 0.004566766331212557, 0.004566766331212557, 0.004566766331212557, 0.004566766331212557, 0.004566766331212557, 0.004566766331212557, 0.004566766331212557, 0.004566766331212557, 0.004566766331212557, 0.004566766331212557, 0.004566766331212557, 0.004566766331212557, 0.004566766331212557, 0.004566766331212557, 0.004566766331212557, 0.004566766331212557, 0.004566766331212557, 0.004566766331212557, 0.004566766331212557, 0.004566766331212557, 0.004566766331212557, 0.004566766331212557, 0.004566766331212557, 0.004566766331212557, 0.004566766331212557, 0.004566766331212557, 0.004566766331212557, 0.004566766331212557, 0.004566766331212557, 0.004566766331212557, 0.004566766331212557, 0.004566766331212557, 0.004566766331212557, 0.004566766331212557, 0.004566766331212557, 0.004566766331212557, 0.004566766331212557, 0.004566766331212557, 0.004566766331212557, 0.004566766331212557, 0.004566766331212557, 0.004566766331212557, 0.004566766331212557, 0.004566766331212557, 0.004566766331212557, 0.004566766331212557, 0.004566766331212557, 0.004566766331212557, 0.004566766331212557, 0.004566766331212557],