{"p_array": [0.001, 0.053526315789473686, 0.10605263157894737, 0.15857894736842104, 0.21110526315789474, 0.26363157894736844, 0.3161578947368421, 0.3686842105263158, 0.4212105263157895, 0.4737368421052632, 0.5262631578947369, 0.5787894736842105, 0.6313157894736842, 0.6838421052631579, 0.7363684210526316, 0.7888947368421053, 0.841421052631579, 0.8939473684210526, 0.9464736842105264, 0.999], "mean_sharpness": [0.6595243122022008, 1.1645704739172373], "sharpness_error_true_minus_model": [], "posterior_variance": [0.017465949381235468, 0.005959814847456122], "bias_mse": [], "bias_nmse": [], "f_calibration": [], "f_calibration_mse": [], "f_calibration_nmse": [], "y_calibration": [[0.5297999978065491, 0.5641999840736389, 0.5720000267028809, 0.5789999961853027, 0.5845999717712402, 0.5875999927520752, 0.5917999744415283, 0.5964000225067139, 0.600600004196167, 0.6032000184059143, 0.6051999926567078, 0.6079999804496765, 0.6096000075340271, 0.6123999953269958, 0.6144000291824341, 0.6194000244140625, 0.6237999796867371, 0.6291999816894531, 0.635200023651123, 0.6690000295639038], [0.5360000133514404, 0.5537999868392944, 0.5576000213623047, 0.5609999895095825, 0.5636000037193298, 0.5655999779701233, 0.567799985408783, 0.5691999793052673, 0.5712000131607056, 0.5738000273704529, 0.5748000144958496, 0.5763999819755554, 0.5781999826431274, 0.5795999765396118, 0.5824000239372253, 0.5839999914169312, 0.5863999724388123, 0.5896000266075134, 0.5938000082969666, 0.6114000082015991]], "y_calibration_mse": [0.08675059996577902, 0.08839133304412865], "y_calibration_nmse": [0.9456424439774489, 0.963527586428766], "calibration_local_dist_to_nearest_train_sample": [[0.5069666794009249, 0.6694584842080392, 0.8319502890151536, 0.994442093822268, 1.1569338986293825, 1.319425703436497, 1.4819175082436111, 1.6444093130507256, 1.80690111785784, 1.9693929226649545, 2.1318847274720687, 2.294376532279183, 2.4568683370862976, 2.619360141893412, 2.7818519467005265, 2.944343751507641, 3.1068355563147554, 3.26932736112187, 3.4318191659289843, 3.5943109707360987], [0.4467798896615614, 0.5506404598308955, 0.6545010300002295, 0.7583616001695637, 0.8622221703388977, 0.9660827405082317, 1.0699433106775658, 1.1738038808468998, 1.2776644510162338, 1.381525021185568, 1.4853855913549021, 1.5892461615242361, 1.6931067316935702, 1.7969673018629044, 1.9008278720322385, 2.0046884422015725, 2.1085490123709065, 2.2124095825402406, 2.316270152709575, 2.420130722878909]], "calibration_local_y": [[0.12279814802631579, 0.08351812508480261, 0.08423140021087692, 0.08662637821619118, 0.10394140092458526, 0.1105184294784608, 0.13926966690689055, 0.1146254139266529, 0.12526777900955882, 0.10606616024299123, 0.08703350386700459, 0.07667799702809737, 0.06869174892102012, 0.07898589717327804, 0.11340059180412757, 0.19336525056119117, 0.3157546091175728, 0.3131624732714523, 0.32736374380300215, 0.3417372105263158], [0.0917372105263158, 0.09057599496656983, 0.08806745006331437, 0.08601436593274983, 0.0866667206014066, 0.09049507460540629, 0.09681617685533137, 0.09788840566481775, 0.09351881632859935, 0.10155314858013428, 0.09692004258655598, 0.08580154249087361, 0.09327950696661867, 0.08563615650060455, 0.07833929338929405, 0.07580473102508353, 0.09899124148097363, 0.08312206304109347, 0.20284831832605774, 0.3417372105263158]], "next_sample_train_distance": [[0.9160141540584464]], "elpd": [-37.61313519303835, -89.9418798062841], "expected_improvement": [null, null], "actual_improvement": [null, [[2.43742168160923]]], "mse": [0.8647871054308583, 0.9946161163379391], "nmse": [0.8565817375325521, 0.9851788905734878], "y_regret_pool": [0.07383119172368935, 0.000793883781975202], "y_regret_test": [0.07621284306961496, 0.003175535127900808], "f_regret_pool": [], "f_regret_test": [], "x_y_opt_dist_pool": [1.5064262902757881, 2.3233194830385986], "x_f_opt_dist_pool": [], "x_y_opt_dist_test": [1.9270158849469121, 3.1228276109583644], "x_f_opt_dist_test": [], "uct_calibration": [0.5276070920280064, 0.5462141648857942], "uct_sharpness": [0.13871235452207192, 0.07893948233992407]}