{"p_array": [0.001, 0.053526315789473686, 0.10605263157894737, 0.15857894736842104, 0.21110526315789474, 0.26363157894736844, 0.3161578947368421, 0.3686842105263158, 0.4212105263157895, 0.4737368421052632, 0.5262631578947369, 0.5787894736842105, 0.6313157894736842, 0.6838421052631579, 0.7363684210526316, 0.7888947368421053, 0.841421052631579, 0.8939473684210526, 0.9464736842105264, 0.999], "mean_sharpness": [-1.4682884626200858, 0.4468711240762137], "sharpness_error_true_minus_model": [], "posterior_variance": [1.1037349735336666, 0.038318218159820575], "bias_mse": [], "bias_nmse": [], "f_calibration": [], "f_calibration_mse": [], "f_calibration_nmse": [], "y_calibration": [[0.0, 0.0, 0.0, 0.06159999966621399, 0.2797999978065491, 0.3880000114440918, 0.4465999901294708, 0.48739999532699585, 0.5144000053405762, 0.5429999828338623, 0.5667999982833862, 0.590399980545044, 0.6096000075340271, 0.6326000094413757, 0.6557999849319458, 0.6815999746322632, 0.7098000049591064, 0.7608000040054321, 1.0, 1.0], [0.10779999941587448, 0.24500000476837158, 0.29919999837875366, 0.34700000286102295, 0.3813999891281128, 0.4138000011444092, 0.4438000023365021, 0.47360000014305115, 0.5012000203132629, 0.5284000039100647, 0.5532000064849854, 0.5774000287055969, 0.5974000096321106, 0.6191999912261963, 0.6381999850273132, 0.6607999801635742, 0.6851999759674072, 0.7142000198364258, 0.7501999735832214, 0.864799976348877]], "y_calibration_mse": [0.007454602478884196, 0.01772313692194853], "y_calibration_nmse": [0.0812604006173238, 0.19319463520055974], "calibration_local_dist_to_nearest_train_sample": [[0.5146757253619179, 0.6854085733101861, 0.8561414212584544, 1.0268742692067225, 1.197607117154991, 1.3683399651032593, 1.5390728130515274, 1.7098056609997956, 1.8805385089480637, 2.0512713568963323, 2.2220042048446005, 2.3927370527928686, 2.563469900741137, 2.7342027486894054, 2.9049355966376735, 3.0756684445859417, 3.24640129253421, 3.417134140482478, 3.5878669884307466, 3.7585998363790147], [0.45117196176225277, 0.558401046110856, 0.6656301304594591, 0.7728592148080622, 0.8800882991566654, 0.9873173835052685, 1.0945464678538719, 1.201775552202475, 1.309004636551078, 1.4162337208996814, 1.5234628052482844, 1.6306918895968874, 1.7379209739454908, 1.8451500582940938, 1.9523791426426969, 2.0596082269913003, 2.1668373113399033, 2.2740663956885063, 2.38129548003711, 2.488524564385713]], "calibration_local_y": [[0.017689256766066683, 0.041215820246073426, 0.04152641367149501, 0.011264957394590488, 0.01722169752114232, 0.01493005270434048, 0.009991736343211818, 0.006499972372336413, 0.00864661665490887, 0.008701070723062053, 0.011125749920707622, 0.0102192652276729, 0.010393800251096812, 0.009784193882836372, 0.010992793518222434, 0.038385641792048696, 0.08935270644607227, 0.09221189570904252, 0.14020036842105266, 0.24718984210526312], [0.003227140480237297, 0.009879865357390757, 0.01715603730228839, 0.019675748042029782, 0.019815003966005003, 0.03559652008093721, 0.026377689838250652, 0.022343166703431873, 0.026924122068479828, 0.03143424362428199, 0.033277369064077925, 0.03399286465253477, 0.03485158420214005, 0.017241834500901436, 0.018111606992032975, 0.009685977291248222, 0.012081214589274122, 0.00907536842105263, 0.043389845184548984, 0.05794510526315788]], "elpd": [-1.420400974924448, -3.2498533207440135], "expected_improvement": [null, null], "actual_improvement": [null, [[0.017509157974507694]]], "mse": [0.9980247836049874, 0.32798036108763134], "nmse": [1.0045450729338463, 0.33012312034933067], "y_regret_pool": [0.10187146457895446, 0.10187146457895446, 0.10187146457895446, 0.10187146457895446, 0.10187146457895446, 0.10187146457895446, 0.10187146457895446, 0.10187146457895446, 0.10187146457895446, 0.10187146457895446, 0.10187146457895446, 0.10187146457895446, 0.10187146457895446, 0.10187146457895446, 0.10187146457895446, 0.08595404823849284, 0.08595404823849284, 0.08595404823849284, 0.08595404823849284, 0.08595404823849284, 0.08595404823849284, 0.04854811983840812, 0.04854811983840812, 0.011938062255345994, 0.011938062255345994, 0.011938062255345994, 0.011938062255345994, 0.011938062255345994, 0.011938062255345994, 0.011938062255345994, 0.011938062255345994, 0.011938062255345994, 0.011938062255345994, 0.011938062255345994, 0.011938062255345994, 0.011938062255345994, 0.011938062255345994, 0.008157675874486348, 0.008157675874486348, 0.008157675874486348, 0.008157675874486348, 0.008157675874486348, 0.008157675874486348, 0.008157675874486348, 0.008157675874486348, 0.008157675874486348, 0.008157675874486348, 0.008157675874486348, 0.008157675874486348, 0.008157675874486348, 0.008157675874486348, 0.008157675874486348, 0.008157675874486348, 0.0067649019446964775, 0.0067649019446964775, 0.0067649019446964775, 0.0067649019446964775, 0.0067649019446964775, 0.0067649019446964775, 0.0067649019446964775, 0.0067649019446964775, 0.0067649019446964775, 0.0043772894936269235, 0.0043772894936269235, 0.0043772894936269235, 0.0043772894936269235, 0.0043772894936269235, 0.0043772894936269235, 0.0043772894936269235, 0.0043772894936269235, 0.0043772894936269235, 0.0043772894936269235, 0.0043772894936269235, 0.0043772894936269235, 0.0043772894936269235, 0.0043772894936269235, 0.0043772894936269235, 0.0043772894936269235, 0.0043772894936269235, 0.0043772894936269235, 0.0043772894936269235, 0.0043772894936269235, 0.0043772894936269235, 0.0043772894936269235, 0.0043772894936269235, 0.0043772894936269235, 0.0043772894936269235, 0.0043772894936269235, 0.0043772894936269235, 0.0043772894936269235, 0.0043772894936269235, 0.0043772894936269235, 0.0043772894936269235, 0.0043772894936269235, 0.0043772894936269235, 0.0043772894936269235, 0.0043772894936269235, 0.0043772894936269235, 0.0, 0.0, 0.0], "y_regret_test": [0.10505494784704683, 0.10505494784704683, 0.10505494784704683, 0.10505494784704683, 0.10505494784704683, 0.10505494784704683, 0.10505494784704683, 0.10505494784704683, 0.10505494784704683, 0.10505494784704683, 0.10505494784704683, 0.10505494784704683, 0.10505494784704683, 0.10505494784704683, 0.10505494784704683, 0.08913753150658521, 0.08913753150658521, 0.08913753150658521, 0.08913753150658521, 0.08913753150658521, 0.08913753150658521, 0.05173160310650049, 0.05173160310650049, 0.015121545523438362, 0.015121545523438362, 0.015121545523438362, 0.015121545523438362, 0.015121545523438362, 0.015121545523438362, 0.015121545523438362, 0.015121545523438362, 0.015121545523438362, 0.015121545523438362, 0.015121545523438362, 0.015121545523438362, 0.015121545523438362, 0.015121545523438362, 0.011341159142578716, 0.011341159142578716, 0.011341159142578716, 0.011341159142578716, 0.011341159142578716, 0.011341159142578716, 0.011341159142578716, 0.011341159142578716, 0.011341159142578716, 0.011341159142578716, 0.011341159142578716, 0.011341159142578716, 0.011341159142578716, 0.011341159142578716, 0.011341159142578716, 0.011341159142578716, 0.009948385212788846, 0.009948385212788846, 0.009948385212788846, 0.009948385212788846, 0.009948385212788846, 0.009948385212788846, 0.009948385212788846, 0.009948385212788846, 0.009948385212788846, 0.007560772761719292, 0.007560772761719292, 0.007560772761719292, 0.007560772761719292, 0.007560772761719292, 0.007560772761719292, 0.007560772761719292, 0.007560772761719292, 0.007560772761719292, 0.007560772761719292, 0.007560772761719292, 0.007560772761719292, 0.007560772761719292, 0.007560772761719292, 0.007560772761719292, 0.007560772761719292, 0.007560772761719292, 0.007560772761719292, 0.007560772761719292, 0.007560772761719292, 0.007560772761719292, 0.007560772761719292, 0.007560772761719292, 0.007560772761719292, 0.007560772761719292, 0.007560772761719292, 0.007560772761719292, 0.007560772761719292, 0.007560772761719292, 0.007560772761719292, 0.007560772761719292, 0.007560772761719292, 0.007560772761719292, 0.007560772761719292, 0.007560772761719292, 0.007560772761719292, 0.0031834832680923686, 0.0031834832680923686, 0.0031834832680923686], "f_regret_pool": [],