{"p_array": [0.001, 0.053526315789473686, 0.10605263157894737, 0.15857894736842104, 0.21110526315789474, 0.26363157894736844, 0.3161578947368421, 0.3686842105263158, 0.4212105263157895, 0.4737368421052632, 0.5262631578947369, 0.5787894736842105, 0.6313157894736842, 0.6838421052631579, 0.7363684210526316, 0.7888947368421053, 0.841421052631579, 0.8939473684210526, 0.9464736842105264, 0.999], "mean_sharpness": [-1.1370641872573881, -0.9022392506113871], "sharpness_error_true_minus_model": [], "posterior_variance": [0.6124205551016076, 0.40179537589479475], "bias_mse": [], "bias_nmse": [], "f_calibration": [], "f_calibration_mse": [], "f_calibration_nmse": [], "y_calibration": [[0.013000000268220901, 0.04560000076889992, 0.05900000035762787, 0.1111999973654747, 0.24779999256134033, 0.37599998712539673, 0.4519999921321869, 0.4986000061035156, 0.5303999781608582, 0.5582000017166138, 0.5914000272750854, 0.6187999844551086, 0.6496000289916992, 0.717199981212616, 0.7893999814987183, 0.8145999908447266, 0.847599983215332, 0.9047999978065491, 0.9599999785423279, 1.0], [0.0, 0.003800000064074993, 0.027000000700354576, 0.044199999421834946, 0.0681999996304512, 0.1648000031709671, 0.30820000171661377, 0.39100000262260437, 0.4399999976158142, 0.4787999987602234, 0.5112000107765198, 0.5339999794960022, 0.5605999827384949, 0.5875999927520752, 0.6119999885559082, 0.6592000126838684, 0.7728000283241272, 0.8037999868392944, 0.9154000282287598, 0.9860000014305115]], "y_calibration_mse": [0.004206499739905947, 0.005784481422450704], "y_calibration_nmse": [0.0458538003910558, 0.06305490857269269], "calibration_local_dist_to_nearest_train_sample": [[0.5011007174539057, 0.6606144412342715, 0.8201281650146373, 0.9796418887950029, 1.1391556125753686, 1.2986693363557342, 1.4581830601361, 1.6176967839164658, 1.7772105076968314, 1.936724231477197, 2.096237955257563, 2.2557516790379286, 2.415265402818294, 2.57477912659866, 2.734292850379026, 2.8938065741593917, 3.0533202979397576, 3.2128340217201226, 3.3723477455004884, 3.531861469280854], [0.47114182538214844, 0.6006966570907568, 0.7302514887993652, 0.8598063205079736, 0.9893611522165819, 1.1189159839251903, 1.2484708156337987, 1.378025647342407, 1.5075804790510154, 1.6371353107596238, 1.7666901424682322, 1.8962449741768406, 2.025799805885449, 2.1553546375940575, 2.284909469302666, 2.4144643010112743, 2.5440191327198827, 2.673573964428491, 2.8031287961370994, 2.9326836278457074]], "calibration_local_y": [[0.006817420709217934, 0.006247892173797203, 0.009160300683739589, 0.0099764799428926, 0.013143609809714418, 0.010389755950927572, 0.026985264239641565, 0.01612167818283112, 0.017562575076040567, 0.010146767675120693, 0.009671503563955977, 0.002087955934086889, 0.0033526728750320014, 0.010172325630481625, 0.0359698701404585, 0.04151849644865375, 0.07122170736492686, 0.04858644983552632, 0.24048670927106616, 0.08384247368421052], [0.05287718518060881, 0.03344253508702619, 0.030285281840907802, 0.018789315996192057, 0.014771862370283138, 0.004530189453903892, 0.0033945344800715904, 0.006861922292967672, 0.012227311551010308, 0.02776219651062751, 0.04017080181987136, 0.08627665661825118, 0.14057429240379454, 0.12737250074452208, 0.1506089970383055, 0.13123692797113348, 0.17809260390327739, 0.16897789024400717, 0.16629013468898377, 0.17580154914919904]], "elpd": [-1.1904492139888356, -0.968681847760722], "expected_improvement": [null, null], "actual_improvement": [null, [[0.7849784706751974]]], "mse": [0.6427692957957656, 0.4552156470331249], "nmse": [0.6599896337548343, 0.4674112626878237], "y_regret_pool": [0.012689725214249048, 0.012689725214249048, 0.012689725214249048, 0.012689725214249048, 0.012689725214249048, 0.012689725214249048, 0.012689725214249048, 0.012689725214249048, 0.012689725214249048, 0.012689725214249048, 0.012689725214249048, 0.012689725214249048, 0.012689725214249048, 0.012689725214249048, 0.012689725214249048, 0.012689725214249048, 0.012689725214249048, 0.004758646955342893, 0.004758646955342893, 0.004758646955342893, 0.004758646955342893, 0.004758646955342893, 0.004758646955342893, 0.004758646955342893, 0.004758646955342893, 0.004758646955342893, 0.004758646955342893, 0.004758646955342893, 0.004758646955342893, 0.004758646955342893, 0.004758646955342893, 0.004758646955342893, 0.004758646955342893, 0.004758646955342893, 0.0, 0.0, 0.0, 0.0, 0.0, 0.0, 0.0, 0.0, 0.0, 0.0, 0.0, 0.0, 0.0, 0.0, 0.0, 0.0, 0.0, 0.0, 0.0, 0.0, 0.0, 0.0, 0.0, 0.0, 0.0, 0.0, 0.0, 0.0, 0.0, 0.0, 0.0, 0.0, 0.0, 0.0, 0.0, 0.0, 0.0, 0.0, 0.0, 0.0, 0.0, 0.0, 0.0, 0.0, 0.0, 0.0, 0.0, 0.0, 0.0, 0.0, 0.0, 0.0, 0.0, 0.0, 0.0, 0.0, 0.0, 0.0, 0.0, 0.0, 0.0, 0.0, 0.0, 0.0, 0.0, 0.0, 0.0], "y_regret_test": [0.014870771735448374, 0.014870771735448374, 0.014870771735448374, 0.014870771735448374, 0.014870771735448374, 0.014870771735448374, 0.014870771735448374, 0.014870771735448374, 0.014870771735448374, 0.014870771735448374, 0.014870771735448374, 0.014870771735448374, 0.014870771735448374, 0.014870771735448374, 0.014870771735448374, 0.014870771735448374, 0.014870771735448374, 0.006939693476542219, 0.006939693476542219, 0.006939693476542219, 0.006939693476542219, 0.006939693476542219, 0.006939693476542219, 0.006939693476542219, 0.006939693476542219, 0.006939693476542219, 0.006939693476542219, 0.006939693476542219, 0.006939693476542219, 0.006939693476542219, 0.006939693476542219, 0.006939693476542219, 0.006939693476542219, 0.006939693476542219, 0.0021810465211993257, 0.0021810465211993257, 0.0021810465211993257, 0.0021810465211993257, 0.0021810465211993257, 0.0021810465211993257, 0.0021810465211993257, 0.0021810465211993257, 0.0021810465211993257, 0.0021810465211993257, 0.0021810465211993257, 0.0021810465211993257, 0.0021810465211993257, 0.0021810465211993257, 0.0021810465211993257, 0.0021810465211993257, 0.0021810465211993257, 0.0021810465211993257, 0.0021810465211993257, 0.0021810465211993257, 0.0021810465211993257, 0.0021810465211993257, 0.0021810465211993257, 0.0021810465211993257, 0.0021810465211993257, 0.0021810465211993257, 0.0021810465211993257, 0.0021810465211993257, 0.0021810465211993257, 0.0021810465211993257, 0.0021810465211993257, 0.0021810465211993257, 0.0021810465211993257, 0.0021810465211993257, 0.0021810465211993257, 0.0021810465211993257, 0.0021810465211993257, 0.0021810465211993257, 0.0021810465211993257, 0.0021810465211993257, 0.0021810465211993257, 0.0021810465211993257, 0.0021810465211993257, 0.0021810465211993257, 0.0021810465211993257, 0.0021810465211993257, 0.0021810465211993257, 0.0021810465211993257, 0.0021810465211993257, 0.0021810465211993257, 0.0021810465211993257, 0.0021810465211993257, 0.0021810465211993257, 0.0021810465211993257, 0.0021810465211993257, 0.0021810465211993257, 0.0021810465211993257, 0.0021810465211993257, 0.0021810465211993257, 0.0021810465211993257, 0.0021810465211993257, 0.0021810465211993257, 0.0021810465211993257, 0.0021810465211993257, 0.0021810465211993257, 0.0021810465211993257, 0.0021810465211993257], "f_regret_pool": [], "f_regret_test": [],