{"p_array": [0.001, 0.053526315789473686, 0.10605263157894737, 0.15857894736842104, 0.21110526315789474, 0.26363157894736844, 0.3161578947368421, 0.3686842105263158, 0.4212105263157895, 0.4737368421052632, 0.5262631578947369, 0.5787894736842105, 0.6313157894736842, 0.6838421052631579, 0.7363684210526316, 0.7888947368421053, 0.841421052631579, 0.8939473684210526, 0.9464736842105264, 0.999], "mean_sharpness": [-1.4755617627388704, 0.6087303688373042], "sharpness_error_true_minus_model": [], "posterior_variance": [1.119907910398902, 0.030292696819087327], "bias_mse": [], "bias_nmse": [], "f_calibration": [], "f_calibration_mse": [], "f_calibration_nmse": [], "y_calibration": [[0.0, 0.0, 0.27219998836517334, 0.4196000099182129, 0.4912000000476837, 0.5289999842643738, 0.5559999942779541, 0.5799999833106995, 0.6000000238418579, 0.6208000183105469, 0.6407999992370605, 0.6615999937057495, 0.6796000003814697, 0.6958000063896179, 0.722599983215332, 0.7572000026702881, 0.9918000102043152, 1.0, 1.0, 1.0], [0.13899999856948853, 0.2903999984264374, 0.34060001373291016, 0.3736000061035156, 0.40380001068115234, 0.4336000084877014, 0.4578000009059906, 0.4796000123023987, 0.5005999803543091, 0.5180000066757202, 0.5375999808311462, 0.5568000078201294, 0.5802000164985657, 0.602400004863739, 0.6236000061035156, 0.647599995136261, 0.6728000044822693, 0.7026000022888184, 0.7432000041007996, 0.8489999771118164]], "y_calibration_mse": [0.023181005971695406, 0.022722630220571687], "y_calibration_nmse": [0.2526892396084541, 0.24769262211274082], "calibration_local_dist_to_nearest_train_sample": [[0.5071285340475428, 0.6677195702996999, 0.8283106065518568, 0.9889016428040138, 1.1494926790561708, 1.310083715308328, 1.470674751560485, 1.631265787812642, 1.791856824064799, 1.952447860316956, 2.113038896569113, 2.27362993282127, 2.4342209690734276, 2.5948120053255845, 2.7554030415777415, 2.9159940778298985, 3.0765851140820555, 3.2371761503342125, 3.3977671865863694, 3.5583582228385264], [0.4682928412931821, 0.5916302825164196, 0.7149677237396571, 0.8383051649628945, 0.9616426061861321, 1.0849800474093696, 1.208317488632607, 1.3316549298558447, 1.454992371079082, 1.5783298123023195, 1.701667253525557, 1.8250046947487946, 1.948342135972032, 2.0716795771952694, 2.1950170184185067, 2.3183544596417445, 2.4416919008649822, 2.565029342088219, 2.688366783311457, 2.811704224534694]], "calibration_local_y": [[0.06360095434727657, 0.05107029206254625, 0.027617852984781404, 0.016363244164988643, 0.024526183046413623, 0.032816280349496234, 0.03454782463003664, 0.03772483175362962, 0.033951490856332915, 0.042033039854410134, 0.03035149547156864, 0.02408729319662913, 0.01028375755105149, 0.01063815747882464, 0.007654039563888128, 0.010528146410378744, 0.022104962107652348, 0.06097691459480383, 0.0942902445801914, 0.173653], [0.011269479648663074, 0.020684597342675724, 0.01760896952947994, 0.02645508783706902, 0.041339727544638605, 0.030377669276488283, 0.03455044311329329, 0.03960753953992023, 0.031030029314429497, 0.03057904619508519, 0.037095162037885245, 0.04544041187254057, 0.03728410677198406, 0.08258327532051259, 0.03582019105169722, 0.04041352581397334, 0.04478597843220759, 0.033652412822693024, 0.06432609739723893, 0.05522878759460078]], "next_sample_train_distance": [[0.48843177782253405]], "elpd": [-1.49828205180322, -4.9896920792278925], "expected_improvement": [null, null], "actual_improvement": [null, [[0.010780782808961442]]], "mse": [1.1707971732983316, 0.3386184494697074], "nmse": [1.1617597449873442, 0.3360046406634913], "y_regret_pool": [0.12098434041167305, 0.000598932378275574], "y_regret_test": [0.1215832727899484, 0.001197864756550926], "f_regret_pool": [], "f_regret_test": [], "x_y_opt_dist_pool": [2.416020524071254, 1.4703989580222598], "x_f_opt_dist_pool": [], "x_y_opt_dist_test": [2.916525644179677, 1.4726182638314371], "x_f_opt_dist_test": [], "uct_calibration": [0.18006196741051153, 0.30175236322150706], "uct_sharpness": [1.0582570152845208, 0.21309936378046135]}