{"p_array": [0.001, 0.053526315789473686, 0.10605263157894737, 0.15857894736842104, 0.21110526315789474, 0.26363157894736844, 0.3161578947368421, 0.3686842105263158, 0.4212105263157895, 0.4737368421052632, 0.5262631578947369, 0.5787894736842105, 0.6313157894736842, 0.6838421052631579, 0.7363684210526316, 0.7888947368421053, 0.841421052631579, 0.8939473684210526, 0.9464736842105264, 0.999], "mean_sharpness": [-0.5747676333963058, -0.009076696988220829], "sharpness_error_true_minus_model": [], "posterior_variance": [0.2366334822551553, 0.1358293693675495], "bias_mse": [], "bias_nmse": [], "f_calibration": [], "f_calibration_mse": [], "f_calibration_nmse": [], "y_calibration": [[0.0, 0.020600000396370888, 0.08100000023841858, 0.1324000060558319, 0.19200000166893005, 0.2750000059604645, 0.3440000116825104, 0.39559999108314514, 0.4323999881744385, 0.451200008392334, 0.47040000557899475, 0.4860000014305115, 0.5049999952316284, 0.520799994468689, 0.5400000214576721, 0.5582000017166138, 0.574400007724762, 0.5974000096321106, 0.6358000040054321, 0.8682000041007996], [0.010599999688565731, 0.094200000166893, 0.13279999792575836, 0.1664000004529953, 0.20360000431537628, 0.23340000212192535, 0.2619999945163727, 0.29600000381469727, 0.3301999866962433, 0.3619999885559082, 0.3912000060081482, 0.4203999936580658, 0.4498000144958496, 0.48399999737739563, 0.5541999936103821, 0.6341999769210815, 0.6664000153541565, 0.7107999920845032, 0.7983999848365784, 0.920199990272522]], "y_calibration_mse": [0.021197103358296585, 0.014905900485358534], "y_calibration_nmse": [0.23106330829860988, 0.16248478016543372], "calibration_local_dist_to_nearest_train_sample": [[0.49685635761900515, 0.6476408845226915, 0.7984254114263778, 0.9492099383300642, 1.0999944652337506, 1.2507789921374368, 1.4015635190411233, 1.5523480459448096, 1.7031325728484958, 1.8539170997521823, 2.0047016266558684, 2.155486153559555, 2.3062706804632414, 2.4570552073669276, 2.6078397342706143, 2.7586242611743, 2.909408788077987, 3.0601933149816727, 3.2109778418853594, 3.3617623687890457], [0.46681452706690135, 0.587557223418484, 0.7082999197700666, 0.8290426161216493, 0.9497853124732318, 1.0705280088248146, 1.191270705176397, 1.3120134015279799, 1.4327560978795624, 1.5534987942311451, 1.6742414905827279, 1.7949841869343104, 1.915726883285893, 2.0364695796374757, 2.157212275989058, 2.2779549723406407, 2.3986976686922232, 2.5194403650438058, 2.6401830613953887, 2.7609257577469712]], "calibration_local_y": [[0.009175792152071562, 0.010643016696094434, 0.0030287439170264222, 0.008371008464950336, 0.010098599476600242, 0.010671189367237049, 0.01388962002439879, 0.017598762463160837, 0.017425633058617055, 0.024874519905753605, 0.02913387779871495, 0.026718909654972995, 0.031234953603161746, 0.04121423120825922, 0.03614734041874932, 0.0292810051548199, 0.07235542887223935, 0.2074800435103667, 0.13529188814107723, 0.3113059605263158], [0.004820744476016153, 0.0014466869974336014, 0.002539348554420954, 0.0022496435079707327, 0.00378389075957663, 0.007836005063890317, 0.006019130412678443, 0.02088886877995739, 0.04751931239034376, 0.05291362532785254, 0.08401179787981108, 0.12070487682148216, 0.13131695316871095, 0.13565205019786278, 0.13385843896002994, 0.134484689290221, 0.13478020727025558, 0.16172814679339548, 0.15520212155568605, 0.14476352631578948]], "elpd": [-4.644965615432162, -1.8606777627627153], "expected_improvement": [null, null], "actual_improvement": [null, [[0.03130336779293019]]], "mse": [1.1089839817697138, 0.42755690384701145], "nmse": [1.0855674768245682, 0.41852892101060674], "y_regret_pool": [0.10695317329251108, 0.10695317329251108, 0.061804085129631314, 0.061804085129631314, 0.061804085129631314, 0.061804085129631314, 0.037925234056819246, 0.037925234056819246, 0.037925234056819246, 0.037925234056819246, 0.037925234056819246, 0.037925234056819246, 0.037925234056819246, 0.037925234056819246, 0.037925234056819246, 0.037925234056819246, 0.037925234056819246, 0.037925234056819246, 0.037925234056819246, 0.037925234056819246, 0.037925234056819246, 0.037925234056819246, 0.037925234056819246, 0.037925234056819246, 0.034112644389731495, 0.034112644389731495, 0.034112644389731495, 0.033711319161617403, 0.033711319161617403, 0.033711319161617403, 0.033711319161617403, 0.033711319161617403, 0.033711319161617403, 0.02989872949452943, 0.02989872949452943, 0.02989872949452943, 0.02989872949452943, 0.02989872949452943, 0.02989872949452943, 0.02989872949452943, 0.02989872949452943, 0.02989872949452943, 0.015049696054293182, 0.015049696054293182, 0.015049696054293182, 0.015049696054293182, 0.015049696054293182, 0.015049696054293182, 0.015049696054293182, 0.015049696054293182, 0.015049696054293182, 0.015049696054293182, 0.015049696054293182, 0.015049696054293182, 0.015049696054293182, 0.015049696054293182, 0.015049696054293182, 0.015049696054293182, 0.014648370826179091, 0.014648370826179091, 0.014648370826179091, 0.014648370826179091, 0.014648370826179091, 0.014648370826179091, 0.014648370826179091, 0.014648370826179091, 0.014648370826179091, 0.014648370826179091, 0.014648370826179091, 0.014648370826179091, 0.014648370826179091, 0.014648370826179091, 0.014648370826179091, 0.014648370826179091, 0.014648370826179091, 0.014648370826179091, 0.014648370826179091, 0.014648370826179091, 0.014648370826179091, 0.014648370826179091, 0.014648370826179091, 0.014648370826179091, 0.014648370826179091, 0.014648370826179091, 0.014648370826179091, 0.014648370826179091, 0.014648370826179091, 0.014648370826179091, 0.014648370826179091, 0.014648370826179091, 0.014648370826179091, 0.014648370826179091, 0.014648370826179091, 0.014648370826179091, 0.014648370826179091, 0.014648370826179091, 0.014648370826179091, 0.014648370826179091, 0.014648370826179091, 0.014648370826179091, 0.014648370826179091],