{"p_array": [0.001, 0.053526315789473686, 0.10605263157894737, 0.15857894736842104, 0.21110526315789474, 0.26363157894736844, 0.3161578947368421, 0.3686842105263158, 0.4212105263157895, 0.4737368421052632, 0.5262631578947369, 0.5787894736842105, 0.6313157894736842, 0.6838421052631579, 0.7363684210526316, 0.7888947368421053, 0.841421052631579, 0.8939473684210526, 0.9464736842105264, 0.999], "mean_sharpness": [0.4683029486095747, 0.08034717122947257, 0.08034717122947257], "sharpness_error_true_minus_model": [], "posterior_variance": [0.026551810586149773, 0.05340357087746273, 0.05340357087746273], "bias_mse": [], "bias_nmse": [], "f_calibration": [], "f_calibration_mse": [], "f_calibration_nmse": [], "y_calibration": [[0.2770000100135803, 0.38679999113082886, 0.41499999165534973, 0.4357999861240387, 0.4535999894142151, 0.46959999203681946, 0.47859999537467957, 0.4885999858379364, 0.49900001287460327, 0.5094000101089478, 0.5210000276565552, 0.5306000113487244, 0.5411999821662903, 0.5515999794006348, 0.5654000043869019, 0.5776000022888184, 0.5934000015258789, 0.6100000143051147, 0.6413999795913696, 0.734000027179718], [0.032600000500679016, 0.13259999454021454, 0.186599999666214, 0.2272000014781952, 0.2687999904155731, 0.3070000112056732, 0.35019999742507935, 0.3959999978542328, 0.4498000144958496, 0.5022000074386597, 0.5569999814033508, 0.6141999959945679, 0.675599992275238, 0.7257999777793884, 0.7760000228881836, 0.8136000037193298, 0.8452000021934509, 0.871399998664856, 0.902400016784668, 0.9837999939918518], [0.032600000500679016, 0.13259999454021454, 0.186599999666214, 0.2272000014781952, 0.2687999904155731, 0.3070000112056732, 0.35019999742507935, 0.3959999978542328, 0.4498000144958496, 0.5022000074386597, 0.5569999814033508, 0.6141999959945679, 0.675599992275238, 0.7257999777793884, 0.7760000228881836, 0.8136000037193298, 0.8452000021934509, 0.871399998664856, 0.902400016784668, 0.9837999939918518]], "y_calibration_mse": [0.045806710928718825, 0.0018993691104199407, 0.0018993691104199407], "y_calibration_nmse": [0.49932530830091765, 0.02070445677956478, 0.02070445677956478], "calibration_local_dist_to_nearest_train_sample": [[0.5182002032062423, 0.6872734658020533, 0.8563467283978643, 1.0254199909936754, 1.1944932535894865, 1.3635665161852975, 1.5326397787811086, 1.7017130413769197, 1.8707863039727308, 2.039859566568542, 2.208932829164353, 2.378006091760164, 2.547079354355975, 2.716152616951786, 2.8852258795475976, 3.0542991421434085, 3.2233724047392194, 3.3924456673350303, 3.561518929930841, 3.7305921925266525], [0.4353503329661868, 0.524225173770002, 0.6131000145738171, 0.7019748553776324, 0.7908496961814475, 0.8797245369852627, 0.9685993777890779, 1.0574742185928931, 1.1463490593967083, 1.2352239002005234, 1.3240987410043386, 1.4129735818081537, 1.5018484226119688, 1.5907232634157842, 1.6795981042195993, 1.7684729450234145, 1.8573477858272296, 1.9462226266310447, 2.03509746743486, 2.123972308238675], [0.4353503329661868, 0.524225173770002, 0.6131000145738171, 0.7019748553776324, 0.7908496961814475, 0.8797245369852627, 0.9685993777890779, 1.0574742185928931, 1.1463490593967083, 1.2352239002005234, 1.3240987410043386, 1.4129735818081537, 1.5018484226119688, 1.5907232634157842, 1.6795981042195993, 1.7684729450234145, 1.8573477858272296, 1.9462226266310447, 2.03509746743486, 2.123972308238675]], "calibration_local_y": [[0.045467072481101954, 0.05004510563172086, 0.03658288017392832, 0.044999546010927136, 0.05209364905627626, 0.05417741405509058, 0.05845133628051067, 0.058925554950093904, 0.05404112225441231, 0.050028099822273596, 0.043643620333853404, 0.0431794210151873, 0.052339530374265995, 0.05675781420042018, 0.09855181522524269, 0.142091871966628, 0.06256945148433476, 0.1757238319730814, 0.20769510526315788, 0.3417372105263158], [0.0025147603259206117, 0.0015384792407014702, 0.0024317335245430975, 0.0014512348589730403, 0.0006382017342891045, 0.0011200735411814832, 0.0014141582095128457, 0.0019661285477141563, 0.0019167896860583541, 0.005715721800105257, 0.004245524849931659, 0.0030492927305609315, 0.01022317112468869, 0.02724289248219739, 0.009673570419000155, 0.0034645611241314834, 0.005922474319855021, 0.02191594407984769, 0.013531948496674329, 0.2918372105263158], [0.0025147603259206117, 0.0015384792407014702, 0.0024317335245430975, 0.0014512348589730403, 0.0006382017342891045, 0.0011200735411814832, 0.0014141582095128457, 0.0019661285477141563, 0.0019167896860583541, 0.005715721800105257, 0.004245524849931659, 0.0030492927305609315, 0.01022317112468869, 0.02724289248219739, 0.009673570419000155, 0.0034645611241314834, 0.005922474319855021, 0.02191594407984769, 0.013531948496674329, 0.2918372105263158]], "elpd": [-14.37471121669859, -0.4858899511895014, -0.4858899511895014], "expected_improvement": [null, null, null], "actual_improvement": [null, null, null], "mse": [0.6332211664372162, 0.14570528562643226, 0.14570528562643226], "nmse": [0.633186600368053, 0.14569733191413178, 0.14569733191413178], "y_regret_pool": [0.06509663736584193, 0.06509663736584193, 0.06509663736584193, 0.06509663736584193, 0.06509663736584193, 0.06509663736584193, 0.06509663736584193, 0.06509663736584193, 0.06509663736584193, 0.06509663736584193, 0.06509663736584193, 0.06509663736584193, 0.06509663736584193, 0.06509663736584193, 0.06509663736584193, 0.06509663736584193, 0.06509663736584193, 0.06509663736584193, 0.06509663736584193, 0.06509663736584193, 0.06509663736584193, 0.06509663736584193, 0.06509663736584193, 0.06509663736584193, 0.06509663736584193, 0.06509663736584193, 0.06509663736584193, 0.06509663736584193, 0.06509663736584193, 0.06509663736584193, 0.06509663736584193, 0.06509663736584193, 0.06509663736584193, 0.06509663736584193, 0.06509663736584193, 0.06509663736584193, 0.06509663736584193, 0.06509663736584193, 0.06509663736584193, 0.06509663736584193, 0.06509663736584193, 0.06509663736584193, 0.019110939410155403, 0.019110939410155403, 0.019110939410155403, 0.019110939410155403, 0.019110939410155403, 0.019110939410155403, 0.019110939410155403, 0.019110939410155403, 0.019110939410155403, 0.019110939410155403, 0.019110939410155403, 0.019110939410155403, 0.019110939410155403, 0.019110939410155403, 0.019110939410155403, 0.019110939410155403, 0.019110939410155403, 0.019110939410155403, 0.019110939410155403, 0.019110939410155403, 0.019110939410155403, 0.019110939410155403, 0.019110939410155403, 0.019110939410155403, 0.019110939410155403, 0.019110939410155403, 0.019110939410155403, 0.019110939410155403, 0.019110939410155403, 0.019110939410155403, 0.019110939410155403, 0.019110939410155403, 0.019110939410155403, 0.019110939410155403, 0.019110939410155403, 0.019110939410155403, 0.019110939410155403, 0.019110939410155403, 0.019110939410155403, 0.019110939410155403, 0.019110939410155403, 0.019110939410155403, 0.019110939410155403, 0.019110939410155403, 0.019110939410155403, 0.019110939410155403, 0.019110939410155403, 0.019110939410155403, 0.019110939410155403, 0.019110939410155403, 0.019110939410155403, 0.019110939410155403, 0.019110939410155403, 0.019110939410155403, 0.019110939410155403, 0.019110939410155403, 0.019110939410155403, 0.019110939410155403, 0.019110939410155403, 0.019110939410155403],