{"p_array": [0.001, 0.053526315789473686, 0.10605263157894737, 0.15857894736842104, 0.21110526315789474, 0.26363157894736844, 0.3161578947368421, 0.3686842105263158, 0.4212105263157895, 0.4737368421052632, 0.5262631578947369, 0.5787894736842105, 0.6313157894736842, 0.6838421052631579, 0.7363684210526316, 0.7888947368421053, 0.841421052631579, 0.8939473684210526, 0.9464736842105264, 0.999], "mean_sharpness": [1.3213993489622553, 1.4141003274268387, 1.3747044174053107], "sharpness_error_true_minus_model": [], "posterior_variance": [0.004352891028510312, 0.003582501648322953, 0.003871020092347244], "bias_mse": [], "bias_nmse": [], "f_calibration": [], "f_calibration_mse": [], "f_calibration_nmse": [], "y_calibration": [[0.5490000247955322, 0.5658000111579895, 0.5691999793052673, 0.5712000131607056, 0.5727999806404114, 0.5741999745368958, 0.5759999752044678, 0.5766000151634216, 0.5774000287055969, 0.5789999961853027, 0.5803999900817871, 0.58160001039505, 0.5834000110626221, 0.5860000252723694, 0.5870000123977661, 0.5885999798774719, 0.5920000076293945, 0.5946000218391418, 0.5983999967575073, 0.6154000163078308], [0.5478000044822693, 0.5631999969482422, 0.5666000247001648, 0.5687999725341797, 0.5703999996185303, 0.5717999935150146, 0.5730000138282776, 0.5740000009536743, 0.5756000280380249, 0.576200008392334, 0.5767999887466431, 0.5771999955177307, 0.579200029373169, 0.5812000036239624, 0.5821999907493591, 0.5852000117301941, 0.5870000123977661, 0.5896000266075134, 0.5932000279426575, 0.6083999872207642], [0.546999990940094, 0.5623999834060669, 0.5651999711990356, 0.5673999786376953, 0.5694000124931335, 0.5705999732017517, 0.5709999799728394, 0.5726000070571899, 0.5735999941825867, 0.5753999948501587, 0.5758000016212463, 0.5766000151634216, 0.5770000219345093, 0.5784000158309937, 0.5809999704360962, 0.5817999839782715, 0.5853999853134155, 0.5867999792098999, 0.5911999940872192, 0.6069999933242798]], "y_calibration_mse": [0.09091743429737585, 0.09107279282450875, 0.09105161757881045], "y_calibration_nmse": [0.9910638635703363, 0.992757380587494, 0.9925265555430347], "calibration_local_dist_to_nearest_train_sample": [[0.49935063497275534, 0.6550331511386791, 0.810715667304603, 0.9663981834705268, 1.1220806996364505, 1.2777632158023744, 1.433445731968298, 1.589128248134222, 1.7448107643001458, 1.9004932804660695, 2.0561757966319933, 2.2118583127979172, 2.367540828963841, 2.5232233451297645, 2.6789058612956884, 2.8345883774616123, 2.990270893627536, 3.14595340979346, 3.3016359259593835, 3.4573184421253074], [0.440895277017561, 0.5381224352282904, 0.6353495934390198, 0.7325767516497492, 0.8298039098604786, 0.9270310680712079, 1.0242582262819373, 1.1214853844926669, 1.218712542703396, 1.3159397009141256, 1.413166859124855, 1.5103940173355843, 1.6076211755463137, 1.7048483337570433, 1.8020754919677726, 1.899302650178502, 1.9965298083892313, 2.093756966599961, 2.19098412481069, 2.2882112830214196], [0.440895277017561, 0.5381224352282904, 0.6353495934390198, 0.7325767516497492, 0.8298039098604786, 0.9270310680712079, 1.0242582262819373, 1.1214853844926669, 1.218712542703396, 1.3159397009141256, 1.413166859124855, 1.5103940173355843, 1.6076211755463137, 1.7048483337570433, 1.8020754919677726, 1.899302650178502, 1.9965298083892313, 2.093756966599961, 2.19098412481069, 2.2882112830214196]], "calibration_local_y": [[0.10040769125132568, 0.19909328635787593, 0.09253486337498587, 0.12430185434334244, 0.11321260489014565, 0.10468422576487657, 0.09530966086970447, 0.09217920726736531, 0.09041071632495881, 0.08843379490149386, 0.08980243800010207, 0.09223349997844205, 0.09121492598509988, 0.08994802750071246, 0.0895062988344382, 0.10890892403631254, 0.10925572089165322, 0.0811810028912269, 0.09284832150497216, 0.0968392507344317], [0.09711719613486841, 0.10410179820385557, 0.13065612880804814, 0.10744252007357746, 0.11027735528715313, 0.11223115766617434, 0.09923606256217005, 0.09037731117719355, 0.08766048149422478, 0.08572940745996903, 0.08937214805904994, 0.09571314885992775, 0.10031330671208968, 0.17644426964351215, 0.1964084879672713, 0.17336986237111895, 0.0917372105263158, 0.3417372105263158, 0.3417372105263158, 0.3417372105263158], [0.09769117845394737, 0.10395712844902076, 0.12973623790023747, 0.10692924932771872, 0.11031667999570369, 0.11191704507422104, 0.09880352763047139, 0.09000021530028066, 0.08810812461249758, 0.08614048224160924, 0.09037318872353944, 0.09575856023791066, 0.10146301242410227, 0.17644426964351215, 0.1964084879672713, 0.17336986237111895, 0.0917372105263158, 0.3417372105263158, 0.3417372105263158, 0.3417372105263158]], "elpd": [-126.19663351171022, -148.34257095600591, -132.01221862623774], "expected_improvement": [null, null, null], "actual_improvement": [null, null, null], "mse": [1.0128104012772705, 1.0111992133616579, 1.015682052717925], "nmse": [1.0031072699468078, 1.0015115178599776, 1.005951409810736], "y_regret_pool": [0.19900914891866106, 0.19900914891866106, 0.19900914891866106, 0.09428860886267199, 0.09428860886267199, 0.09428860886267199, 0.07202044804616858, 0.07202044804616858, 0.07202044804616858, 0.07202044804616858, 0.07202044804616858, 0.07202044804616858, 0.07202044804616858, 0.07202044804616858, 0.07202044804616858, 0.07202044804616858, 0.07202044804616858, 0.07202044804616858, 0.07202044804616858, 0.07202044804616858, 0.07202044804616858, 0.07202044804616858, 0.07202044804616858, 0.07202044804616858, 0.07202044804616858, 0.07202044804616858, 0.07202044804616858, 0.07202044804616858, 0.07202044804616858, 0.07202044804616858, 0.07202044804616858, 0.07202044804616858, 0.07202044804616858, 0.07202044804616858, 0.023271231123552782, 0.023271231123552782, 0.023271231123552782, 0.023271231123552782, 0.023271231123552782, 0.023271231123552782, 0.023271231123552782, 0.023271231123552782, 0.023271231123552782, 0.023271231123552782, 0.023271231123552782, 0.023271231123552782, 0.023271231123552782, 0.023271231123552782, 0.023271231123552782, 0.023271231123552782, 0.023271231123552782, 0.023271231123552782, 0.023271231123552782, 0.023271231123552782, 0.023271231123552782, 0.023271231123552782, 0.023271231123552782, 0.023271231123552782, 0.023271231123552782, 0.023271231123552782, 0.023271231123552782, 0.023271231123552782, 0.023271231123552782, 0.023271231123552782, 0.023271231123552782, 0.023271231123552782, 0.023271231123552782, 0.023271231123552782, 0.023271231123552782, 0.023271231123552782, 0.023271231123552782, 0.023271231123552782, 0.023271231123552782, 0.023271231123552782, 0.023271231123552782, 0.023271231123552782, 0.023271231123552782, 0.023271231123552782, 0.023271231123552782, 0.023271231123552782, 0.023271231123552782, 0.023271231123552782, 0.023271231123552782, 0.023271231123552782, 0.023271231123552782, 0.023271231123552782, 0.023271231123552782, 0.023271231123552782, 0.023271231123552782, 0.023271231123552782, 0.023271231123552782, 0.023271231123552782, 0.023271231123552782, 0.023271231123552782, 0.023271231123552782, 0.023271231123552782, 0.023271231123552782, 0.023271231123552782, 0.023271231123552782, 0.023271231123552782, 0.023271231123552782, 0.023271231123552782],