{"p_array": [0.001, 0.053526315789473686, 0.10605263157894737, 0.15857894736842104, 0.21110526315789474, 0.26363157894736844, 0.3161578947368421, 0.3686842105263158, 0.4212105263157895, 0.4737368421052632, 0.5262631578947369, 0.5787894736842105, 0.6313157894736842, 0.6838421052631579, 0.7363684210526316, 0.7888947368421053, 0.841421052631579, 0.8939473684210526, 0.9464736842105264, 0.999], "mean_sharpness": [-1.4786093506547329, -0.46216948159520155], "sharpness_error_true_minus_model": [], "posterior_variance": [1.1267547913021694, 0.15560664305253097], "bias_mse": [], "bias_nmse": [], "f_calibration": [], "f_calibration_mse": [], "f_calibration_nmse": [], "y_calibration": [[0.0, 0.0, 0.0, 0.07360000163316727, 0.2858000099658966, 0.3930000066757202, 0.45019999146461487, 0.4887999892234802, 0.5203999876976013, 0.5447999835014343, 0.5663999915122986, 0.5878000259399414, 0.6093999743461609, 0.6320000290870667, 0.6571999788284302, 0.6800000071525574, 0.7113999724388123, 0.7675999999046326, 1.0, 1.0], [0.009399999864399433, 0.07360000163316727, 0.10239999741315842, 0.13500000536441803, 0.17080000042915344, 0.21220000088214874, 0.25780001282691956, 0.30399999022483826, 0.3540000021457672, 0.4000000059604645, 0.4528000056743622, 0.5198000073432922, 0.5831999778747559, 0.6485999822616577, 0.7057999968528748, 0.7656000256538391, 0.8112000226974487, 0.8596000075340271, 0.9061999917030334, 0.9837999939918518]], "y_calibration_mse": [0.007482735797292207, 0.002035673686573769], "y_calibration_nmse": [0.08156707353932137, 0.022190272353984585], "calibration_local_dist_to_nearest_train_sample": [[0.5182002032062423, 0.6872734658020533, 0.8563467283978643, 1.0254199909936754, 1.1944932535894865, 1.3635665161852975, 1.5326397787811086, 1.7017130413769197, 1.8707863039727308, 2.039859566568542, 2.208932829164353, 2.378006091760164, 2.547079354355975, 2.716152616951786, 2.8852258795475976, 3.0542991421434085, 3.2233724047392194, 3.3924456673350303, 3.561518929930841, 3.7305921925266525], [0.4515993543968795, 0.5567232166313871, 0.6618470788658948, 0.7669709411004025, 0.8720948033349103, 0.9772186655694179, 1.0823425278039256, 1.1874663900384332, 1.2925902522729409, 1.3977141145074488, 1.5028379767419564, 1.607961838976464, 1.7130857012109717, 1.8182095634454796, 1.9233334256799872, 2.028457287914495, 2.1335811501490025, 2.23870501238351, 2.343828874618018, 2.4489527368525255]], "calibration_local_y": [[0.007093763361087147, 0.008984149631523641, 0.01152699790205436, 0.019558275054535466, 0.02217370535942551, 0.014315259542599249, 0.013787963560934206, 0.010685434116712614, 0.01019148028904045, 0.007152193256435549, 0.006959861807880827, 0.006716879551455862, 0.011866228358691108, 0.014057778982407631, 0.04725983482517017, 0.07685739887843641, 0.041304519607321594, 0.1133941242341661, 0.0769608947368421, 0.24718984210526312], [0.01025058952118678, 0.004316080138134385, 0.00388559513796267, 0.001865336707306484, 0.0009491450713911118, 0.00040455138415512086, 0.00036075926466034176, 0.0013411845840429048, 0.0031103866936950477, 0.009946284168936285, 0.03447719465139766, 0.04093043218914684, 0.04391568615687022, 0.09506683557905247, 0.06896644546253063, 0.13205969161830927, 0.0738551019989724, 0.2918372105263158, NaN, 0.0896108947368421]], "elpd": [-1.423633704632518, -0.7098338863234612], "expected_improvement": [null, null], "actual_improvement": [null, [[2.523440291282613]]], "mse": [1.0028666461812439, 0.26277394010936567], "nmse": [1.0028119020259776, 0.26275959589178494], "y_regret_pool": [0.06509663736584193, 0.06509663736584193, 0.06509663736584193, 0.06509663736584193, 0.06509663736584193, 0.06509663736584193, 0.06509663736584193, 0.06509663736584193, 0.04917085452404568, 0.04917085452404568, 0.04917085452404568, 0.04917085452404568, 0.04917085452404568, 0.04917085452404568, 0.04917085452404568, 0.04917085452404568, 0.04917085452404568, 0.04917085452404568, 0.04917085452404568, 0.04917085452404568, 0.04917085452404568, 0.04917085452404568, 0.04917085452404568, 0.04917085452404568, 0.04917085452404568, 0.04917085452404568, 0.04917085452404568, 0.04917085452404568, 0.04917085452404568, 0.04917085452404568, 0.04917085452404568, 0.04917085452404568, 0.04917085452404568, 0.04917085452404568, 0.04917085452404568, 0.04917085452404568, 0.04917085452404568, 0.04917085452404568, 0.03165249339806997, 0.03165249339806997, 0.03165249339806997, 0.03165249339806997, 0.03165249339806997, 0.03165249339806997, 0.03165249339806997, 0.03165249339806997, 0.03165249339806997, 0.03165249339806997, 0.03165249339806997, 0.03165249339806997, 0.03165249339806997, 0.03165249339806997, 0.03165249339806997, 0.011148047989257392, 0.011148047989257392, 0.011148047989257392, 0.011148047989257392, 0.011148047989257392, 0.011148047989257392, 0.011148047989257392, 0.011148047989257392, 0.011148047989257392, 0.011148047989257392, 0.011148047989257392, 0.011148047989257392, 0.011148047989257392, 0.011148047989257392, 0.011148047989257392, 0.011148047989257392, 0.011148047989257392, 0.011148047989257392, 0.011148047989257392, 0.011148047989257392, 0.011148047989257392, 0.011148047989257392, 0.011148047989257392, 0.011148047989257392, 0.011148047989257392, 0.011148047989257392, 0.011148047989257392, 0.011148047989257392, 0.011148047989257392, 0.011148047989257392, 0.011148047989257392, 0.011148047989257392, 0.011148047989257392, 0.011148047989257392, 0.011148047989257392, 0.011148047989257392, 0.011148047989257392, 0.011148047989257392, 0.011148047989257392, 0.011148047989257392, 0.011148047989257392, 0.011148047989257392, 0.011148047989257392, 0.011148047989257392, 0.011148047989257392, 0.011148047989257392, 0.011148047989257392, 0.011148047989257392], "y_regret_test": [0.06449942050927482, 0.06449942050927482, 0.06449942050927482, 0.06449942050927482, 0.06449942050927482, 0.06449942050927482, 0.06449942050927482, 0.06449942050927482, 0.048573637667478575, 0.048573637667478575, 0.048573637667478575, 0.048573637667478575, 0.048573637667478575, 0.048573637667478575, 0.048573637667478575, 0.048573637667478575, 0.048573637667478575, 0.048573637667478575, 0.048573637667478575, 0.048573637667478575, 0.048573637667478575, 0.048573637667478575, 0.048573637667478575, 0.048573637667478575, 0.048573637667478575, 0.048573637667478575, 0.048573637667478575, 0.048573637667478575, 0.048573637667478575, 0.048573637667478575, 0.048573637667478575, 0.048573637667478575, 0.048573637667478575, 0.048573637667478575, 0.048573637667478575, 0.048573637667478575, 0.048573637667478575, 0.048573637667478575, 0.031055276541502863, 0.031055276541502863, 0.031055276541502863, 0.031055276541502863, 0.031055276541502863, 0.031055276541502863, 0.031055276541502863, 0.031055276541502863, 0.031055276541502863, 0.031055276541502863, 0.031055276541502863, 0.031055276541502863, 0.031055276541502863, 0.031055276541502863, 0.031055276541502863, 0.010550831132690286, 0.010550831132690286, 0.010550831132690286, 0.010550831132690286, 0.010550831132690286, 0.010550831132690286, 0.010550831132690286, 0.010550831132690286, 0.010550831132690286, 0.010550831132690286, 0.010550831132690286, 0.010550831132690286, 0.010550831132690286, 0.010550831132690286, 0.010550831132690286, 0.010550831132690286, 0.010550831132690286, 0.010550831132690286, 0.010550831132690286, 0.010550831132690286, 0.010550831132690286, 0.010550831132690286, 0.010550831132690286, 0.010550831132690286, 0.010550831132690286, 0.010550831132690286, 0.010550831132690286, 0.010550831132690286, 0.010550831132690286, 0.010550831132690286, 0.010550831132690286, 0.010550831132690286, 0.010550831132690286, 0.010550831132690286, 0.010550831132690286, 0.010550831132690286, 0.010550831132690286, 0.010550831132690286, 0.010550831132690286, 0.010550831132690286, 0.010550831132690286, 0.010550831132690286, 0.010550831132690286, 0.010550831132690286, 0.010550831132690286, 0.010550831132690286, 0.010550831132690286, 0.010550831132690286], "f_regret_pool": [], "f_regret_test": [],