{"p_array": [0.001, 0.053526315789473686, 0.10605263157894737, 0.15857894736842104, 0.21110526315789474, 0.26363157894736844, 0.3161578947368421, 0.3686842105263158, 0.4212105263157895, 0.4737368421052632, 0.5262631578947369, 0.5787894736842105, 0.6313157894736842, 0.6838421052631579, 0.7363684210526316, 0.7888947368421053, 0.841421052631579, 0.8939473684210526, 0.9464736842105264, 0.999], "mean_sharpness": [-0.33081989482660623, 0.2577675799572157], "sharpness_error_true_minus_model": [], "posterior_variance": [0.1446950475681069, 0.03804258623381497], "bias_mse": [], "bias_nmse": [], "f_calibration": [], "f_calibration_mse": [], "f_calibration_nmse": [], "y_calibration": [[0.2847999930381775, 0.48399999737739563, 0.524399995803833, 0.5508000254631042, 0.5705999732017517, 0.5848000049591064, 0.5942000150680542, 0.6021999716758728, 0.61080002784729, 0.6172000169754028, 0.625, 0.6353999972343445, 0.6456000208854675, 0.6614000201225281, 0.6805999875068665, 0.7093999981880188, 0.7429999709129333, 0.7856000065803528, 0.8266000151634216, 0.9085999727249146], [0.29319998621940613, 0.42239999771118164, 0.4519999921321869, 0.4758000075817108, 0.4975999891757965, 0.5126000046730042, 0.5270000100135803, 0.5418000221252441, 0.5616000294685364, 0.5784000158309937, 0.590399980545044, 0.6011999845504761, 0.6111999750137329, 0.6200000047683716, 0.628600001335144, 0.6388000249862671, 0.6492000222206116, 0.6625999808311462, 0.6868000030517578, 0.7925999760627747]], "y_calibration_mse": [0.05412545351785989, 0.046732479415800124], "y_calibration_nmse": [0.590005442800481, 0.509416834757521], "calibration_local_dist_to_nearest_train_sample": [[0.5034046110189745, 0.6631495549223997, 0.8228944988258249, 0.98263944272925, 1.142384386632675, 1.3021293305361001, 1.4618742744395254, 1.6216192183429505, 1.7813641622463756, 1.9411091061498007, 2.100854050053226, 2.260598993956651, 2.4203439378600766, 2.5800888817635013, 2.739833825666927, 2.8995787695703514, 3.059323713473777, 3.2190686573772016, 3.378813601280627, 3.538558545184052], [0.4892412182026815, 0.6348227692898137, 0.780404320376946, 0.9259858714640782, 1.0715674225512104, 1.2171489736383427, 1.3627305247254746, 1.508312075812607, 1.6538936268997393, 1.7994751779868716, 1.9450567290740035, 2.090638280161136, 2.236219831248268, 2.3818013823354, 2.5273829334225324, 2.6729644845096647, 2.818546035596797, 2.9641275866839294, 3.1097091377710613, 3.2552906888581936]], "calibration_local_y": [[0.07000457795454341, 0.02932037813991408, 0.0496825058812958, 0.05796850202235665, 0.0677623314483897, 0.05891494929129112, 0.06966408285579108, 0.06570904299272409, 0.06683691951804395, 0.057742284994103575, 0.05276298222988198, 0.053351846357950386, 0.0534618773077842, 0.03793031983434696, 0.033875504049117586, 0.028868020223812692, 0.030996320187379724, 0.013266534176573816, 0.011699463815789473, 0.03493077796943639], [0.04306696361514879, 0.04793537345399298, 0.06531886238880633, 0.06488506350685891, 0.05994173086211152, 0.06617078208444103, 0.05556080968515338, 0.06687625587922788, 0.06472441780587612, 0.05842728002348756, 0.05281936218358633, 0.052319935303939503, 0.05445078150519968, 0.06889723717725485, 0.0493631431669027, 0.07120202344746128, 0.12054775297246896, 0.12093050474764928, 0.1791971508911899, 0.23224036803962997]], "elpd": [-6.4852822755504835, -9.129643183528813], "expected_improvement": [null, null], "actual_improvement": [null, [[0.13831525809415512]]], "mse": [0.8667340275939958, 0.5709642520991011], "nmse": [0.876333559870313, 0.577287979554297], "y_regret_pool": [0.010208506747904522, 0.0, 0.0, 0.0, 0.0, 0.0, 0.0, 0.0, 0.0, 0.0, 0.0, 0.0, 0.0, 0.0, 0.0, 0.0, 0.0, 0.0, 0.0, 0.0, 0.0, 0.0, 0.0, 0.0, 0.0, 0.0, 0.0, 0.0, 0.0, 0.0, 0.0, 0.0, 0.0, 0.0, 0.0, 0.0, 0.0, 0.0, 0.0, 0.0, 0.0, 0.0, 0.0, 0.0, 0.0, 0.0, 0.0, 0.0, 0.0, 0.0, 0.0, 0.0, 0.0, 0.0, 0.0, 0.0, 0.0, 0.0, 0.0, 0.0, 0.0, 0.0, 0.0, 0.0, 0.0, 0.0, 0.0, 0.0, 0.0, 0.0, 0.0, 0.0, 0.0, 0.0, 0.0, 0.0, 0.0, 0.0, 0.0, 0.0, 0.0, 0.0, 0.0, 0.0, 0.0, 0.0, 0.0, 0.0, 0.0, 0.0, 0.0, 0.0, 0.0, 0.0, 0.0, 0.0, 0.0, 0.0, 0.0, 0.0, 0.0], "y_regret_test": [0.014412009526453495, 0.004203502778548973, 0.004203502778548973, 0.004203502778548973, 0.004203502778548973, 0.004203502778548973, 0.004203502778548973, 0.004203502778548973, 0.004203502778548973, 0.004203502778548973, 0.004203502778548973, 0.004203502778548973, 0.004203502778548973, 0.004203502778548973, 0.004203502778548973, 0.004203502778548973, 0.004203502778548973, 0.004203502778548973, 0.004203502778548973, 0.004203502778548973, 0.004203502778548973, 0.004203502778548973, 0.004203502778548973, 0.004203502778548973, 0.004203502778548973, 0.004203502778548973, 0.004203502778548973, 0.004203502778548973, 0.004203502778548973, 0.004203502778548973, 0.004203502778548973, 0.004203502778548973, 0.004203502778548973, 0.004203502778548973, 0.004203502778548973, 0.004203502778548973, 0.004203502778548973, 0.004203502778548973, 0.004203502778548973, 0.004203502778548973, 0.004203502778548973, 0.004203502778548973, 0.004203502778548973, 0.004203502778548973, 0.004203502778548973, 0.004203502778548973, 0.004203502778548973, 0.004203502778548973, 0.004203502778548973, 0.004203502778548973, 0.004203502778548973, 0.004203502778548973, 0.004203502778548973, 0.004203502778548973, 0.004203502778548973, 0.004203502778548973, 0.004203502778548973, 0.004203502778548973, 0.004203502778548973, 0.004203502778548973, 0.004203502778548973, 0.004203502778548973, 0.004203502778548973, 0.004203502778548973, 0.004203502778548973, 0.004203502778548973, 0.004203502778548973, 0.004203502778548973, 0.004203502778548973, 0.004203502778548973, 0.004203502778548973, 0.004203502778548973, 0.004203502778548973, 0.004203502778548973, 0.004203502778548973, 0.004203502778548973, 0.004203502778548973, 0.004203502778548973, 0.004203502778548973, 0.004203502778548973, 0.004203502778548973, 0.004203502778548973, 0.004203502778548973, 0.004203502778548973, 0.004203502778548973, 0.004203502778548973, 0.004203502778548973, 0.004203502778548973, 0.004203502778548973, 0.004203502778548973, 0.004203502778548973, 0.004203502778548973, 0.004203502778548973, 0.004203502778548973, 0.004203502778548973, 0.004203502778548973, 0.004203502778548973, 0.004203502778548973, 0.004203502778548973, 0.004203502778548973, 0.004203502778548973], "f_regret_pool": [], "f_regret_test": [], "x_y_opt_dist_pool": [0.6934741487132782, 0.6934741487132782, 0.0, 0.0, 0.0, 0.0, 0.0, 0.0, 0.0, 0.0, 0.0, 0.0, 0.0, 0.0, 0.0, 0.0, 0.0, 0.0, 0.0, 0.0, 0.0, 0.0, 0.0, 0.0, 0.0, 0.0, 0.0, 0.0, 0.0, 0.0, 0.0, 0.0, 0.0, 0.0, 0.0, 0.0, 0.0, 0.0, 0.0, 0.0, 0.0, 0.0, 0.0, 0.0, 0.0, 0.0, 0.0, 0.0, 0.0, 0.0, 0.0, 0.0, 0.0, 0.0, 0.0, 0.0, 0.0, 0.0, 0.0, 0.0, 0.0, 0.0, 0.0, 0.0, 0.0, 0.0, 0.0, 0.0, 0.0, 0.0, 0.0, 0.0, 0.0, 0.0, 0.0, 0.0, 0.0, 0.0, 0.0, 0.0, 0.0, 0.0, 0.0, 0.0, 0.0, 0.0, 0.0, 0.0, 0.0, 0.0, 0.0, 0.0, 0.0, 0.0, 0.0, 0.0, 0.0, 0.0, 0.0, 0.0, 0.0, 0.0, 0.0], "x_f_opt_dist_pool": [],