{"p_array": [0.001, 0.053526315789473686, 0.10605263157894737, 0.15857894736842104, 0.21110526315789474, 0.26363157894736844, 0.3161578947368421, 0.3686842105263158, 0.4212105263157895, 0.4737368421052632, 0.5262631578947369, 0.5787894736842105, 0.6313157894736842, 0.6838421052631579, 0.7363684210526316, 0.7888947368421053, 0.841421052631579, 0.8939473684210526, 0.9464736842105264, 0.999], "mean_sharpness": [-0.4821590934066147, -0.3827383724737424, -0.3827383724737424], "sharpness_error_true_minus_model": [], "posterior_variance": [0.17145314695237224, 0.1322901066419742, 0.1322901066419742], "bias_mse": [], "bias_nmse": [], "f_calibration": [], "f_calibration_mse": [], "f_calibration_nmse": [], "y_calibration": [[0.14980000257492065, 0.28999999165534973, 0.33959999680519104, 0.37439998984336853, 0.4025999903678894, 0.43220001459121704, 0.45559999346733093, 0.475600004196167, 0.49639999866485596, 0.5270000100135803, 0.5600000023841858, 0.5898000001907349, 0.6164000034332275, 0.6413999795913696, 0.6636000275611877, 0.6899999976158142, 0.717199981212616, 0.7472000122070312, 0.7901999950408936, 0.9097999930381775], [0.005200000014156103, 0.03240000084042549, 0.054999999701976776, 0.08460000157356262, 0.12099999934434891, 0.17299999296665192, 0.22579999268054962, 0.2849999964237213, 0.35760000348091125, 0.44839999079704285, 0.5483999848365784, 0.6326000094413757, 0.6836000084877014, 0.7142000198364258, 0.745199978351593, 0.7778000235557556, 0.8046000003814697, 0.8370000123977661, 0.8795999884605408, 0.9703999757766724], [0.005200000014156103, 0.03240000084042549, 0.054999999701976776, 0.08460000157356262, 0.12099999934434891, 0.17299999296665192, 0.22579999268054962, 0.2849999964237213, 0.35760000348091125, 0.44839999079704285, 0.5483999848365784, 0.6326000094413757, 0.6836000084877014, 0.7142000198364258, 0.745199978351593, 0.7778000235557556, 0.8046000003814697, 0.8370000123977661, 0.8795999884605408, 0.9703999757766724]], "y_calibration_mse": [0.018566889396572535, 0.0030931450428664294, 0.0030931450428664294], "y_calibration_nmse": [0.2023921295410048, 0.03371745254864849, 0.03371745254864849], "calibration_local_dist_to_nearest_train_sample": [[0.5071285340475428, 0.6677195702996999, 0.8283106065518568, 0.9889016428040138, 1.1494926790561708, 1.310083715308328, 1.470674751560485, 1.631265787812642, 1.791856824064799, 1.952447860316956, 2.113038896569113, 2.27362993282127, 2.4342209690734276, 2.5948120053255845, 2.7554030415777415, 2.9159940778298985, 3.0765851140820555, 3.2371761503342125, 3.3977671865863694, 3.5583582228385264], [0.4345284761428101, 0.5241015522156756, 0.613674628288541, 0.7032477043614065, 0.792820780434272, 0.8823938565071373, 0.9719669325800028, 1.0615400086528681, 1.1511130847257336, 1.240686160798599, 1.3302592368714645, 1.41983231294433, 1.5094053890171955, 1.598978465090061, 1.6885515411629264, 1.7781246172357918, 1.8676976933086573, 1.9572707693815228, 2.0468438454543882, 2.1364169215272537], [0.4345284761428101, 0.5241015522156756, 0.613674628288541, 0.7032477043614065, 0.792820780434272, 0.8823938565071373, 0.9719669325800028, 1.0615400086528681, 1.1511130847257336, 1.240686160798599, 1.3302592368714645, 1.41983231294433, 1.5094053890171955, 1.598978465090061, 1.6885515411629264, 1.7781246172357918, 1.8676976933086573, 1.9572707693815228, 2.0468438454543882, 2.1364169215272537]], "calibration_local_y": [[0.01221060311895222, 0.009611376500312421, 0.01091446248924558, 0.005581294002029614, 0.01153174021748113, 0.022249783627604037, 0.03274502298488225, 0.026500002240461774, 0.033826583077804874, 0.03271826606208762, 0.02517513919388173, 0.021953952808452627, 0.022451082741742522, 0.03394780566297258, 0.0320412232110674, 0.039113193566809645, 0.0754579689863932, 0.1658750869578848, 0.18632923550032662, 0.2918372105263158], [0.021700289997511342, 0.0035426877668450936, 0.0033856055632359543, 0.004063160951656649, 0.0030651605656875866, 0.00370164188324767, 0.0026371668439604725, 0.003520291385569608, 0.0036483664223406266, 0.003998425392922082, 0.0038722016197956385, 0.0040745180945622106, 0.0008057551878342574, 0.0030710108081134146, 0.011327254084873613, 0.0035956957778506327, 0.007531529272391297, 0.051107734215532566, 0.0714187337589628, 0.013483993906221339], [0.021700289997511342, 0.0035426877668450936, 0.0033856055632359543, 0.004063160951656649, 0.0030651605656875866, 0.00370164188324767, 0.0026371668439604725, 0.003520291385569608, 0.0036483664223406266, 0.003998425392922082, 0.0038722016197956385, 0.0040745180945622106, 0.0008057551878342574, 0.0030710108081134146, 0.011327254084873613, 0.0035956957778506327, 0.007531529272391297, 0.051107734215532566, 0.0714187337589628, 0.013483993906221339]], "elpd": [-3.2478358242183702, -0.6200434507285904, -0.6200434507285904], "expected_improvement": [null, null, null], "actual_improvement": [null, null, null], "mse": [0.7227918523840176, 0.17820049801891147, 0.17820049801891147], "nmse": [0.7172125943377379, 0.17682496153611388, 0.17682496153611388], "y_regret_pool": [0.12098434041167305, 0.10700925158524166, 0.10700925158524166, 0.10700925158524166, 0.07546547966272654, 0.006787900287123394, 0.006787900287123394, 0.006787900287123394, 0.006787900287123394, 0.006787900287123394, 0.006787900287123394, 0.006787900287123394, 0.006787900287123394, 0.006787900287123394, 0.006787900287123394, 0.006787900287123394, 0.006787900287123394, 0.006787900287123394, 0.006787900287123394, 0.006787900287123394, 0.006787900287123394, 0.006787900287123394, 0.006787900287123394, 0.006787900287123394, 0.006787900287123394, 0.006787900287123394, 0.006787900287123394, 0.006787900287123394, 0.006787900287123394, 0.006787900287123394, 0.006787900287123394, 0.006787900287123394, 0.006787900287123394, 0.006787900287123394, 0.006787900287123394, 0.006787900287123394, 0.006787900287123394, 0.006787900287123394, 0.006787900287123394, 0.006787900287123394, 0.006787900287123394, 0.006787900287123394, 0.006787900287123394, 0.006787900287123394, 0.006787900287123394, 0.006787900287123394, 0.006787900287123394, 0.006787900287123394, 0.006787900287123394, 0.006787900287123394, 0.006787900287123394, 0.006787900287123394, 0.006787900287123394, 0.006787900287123394, 0.006787900287123394, 0.006787900287123394, 0.006787900287123394, 0.006787900287123394, 0.006787900287123394, 0.006787900287123394, 0.006787900287123394, 0.006787900287123394, 0.006787900287123394, 0.006787900287123394, 0.006787900287123394, 0.006787900287123394, 0.006787900287123394, 0.006787900287123394, 0.006787900287123394, 0.006787900287123394, 0.006787900287123394, 0.006787900287123394, 0.006787900287123394, 0.006787900287123394, 0.006787900287123394, 0.006787900287123394, 0.006787900287123394, 0.006787900287123394, 0.006787900287123394, 0.006787900287123394, 0.006787900287123394, 0.006787900287123394, 0.006787900287123394, 0.006787900287123394, 0.006787900287123394, 0.006787900287123394, 0.006787900287123394, 0.006787900287123394, 0.006787900287123394, 0.006787900287123394, 0.006787900287123394, 0.006787900287123394, 0.006787900287123394, 0.006787900287123394, 0.006787900287123394, 0.006787900287123394, 0.006787900287123394, 0.006787900287123394, 0.006787900287123394, 0.006787900287123394, 0.006787900287123394, 0.006787900287123394],