{"p_array": [0.001, 0.053526315789473686, 0.10605263157894737, 0.15857894736842104, 0.21110526315789474, 0.26363157894736844, 0.3161578947368421, 0.3686842105263158, 0.4212105263157895, 0.4737368421052632, 0.5262631578947369, 0.5787894736842105, 0.6313157894736842, 0.6838421052631579, 0.7363684210526316, 0.7888947368421053, 0.841421052631579, 0.8939473684210526, 0.9464736842105264, 0.999], "mean_sharpness": [-0.6694198497235287, 0.0166659407112002], "sharpness_error_true_minus_model": [], "posterior_variance": [0.24228268301027622, 0.06278438048536407], "bias_mse": [], "bias_nmse": [], "f_calibration": [], "f_calibration_mse": [], "f_calibration_nmse": [], "y_calibration": [[0.03020000085234642, 0.1477999985218048, 0.20319999754428864, 0.251800000667572, 0.29820001125335693, 0.3361999988555908, 0.3779999911785126, 0.4163999855518341, 0.45080000162124634, 0.48559999465942383, 0.5163999795913696, 0.5440000295639038, 0.5726000070571899, 0.6007999777793884, 0.6276000142097473, 0.6538000106811523, 0.6858000159263611, 0.7152000069618225, 0.7577999830245972, 0.879800021648407], [0.14579999446868896, 0.3353999853134155, 0.399399995803833, 0.4368000030517578, 0.46959999203681946, 0.5016000270843506, 0.5297999978065491, 0.555400013923645, 0.5774000287055969, 0.5956000089645386, 0.6075999736785889, 0.6218000054359436, 0.6348000168800354, 0.6485999822616577, 0.6664000153541565, 0.6862000226974487, 0.7131999731063843, 0.7480000257492065, 0.7924000024795532, 0.9053999781608582]], "y_calibration_mse": [0.009777216439680473, 0.03012409613901094], "y_calibration_nmse": [0.10657852341036436, 0.32837379691602375], "calibration_local_dist_to_nearest_train_sample": [[0.4987223717356208, 0.6563415065352174, 0.8139606413348139, 0.9715797761344106, 1.129198910934007, 1.2868180457336038, 1.4444371805332006, 1.602056315332797, 1.7596754501323937, 1.91729458493199, 2.074913719731587, 2.2325328545311836, 2.39015198933078, 2.5477711241303767, 2.705390258929973, 2.8630093937295698, 3.0206285285291665, 3.178247663328763, 3.3358667981283596, 3.4934859329279564], [0.4987223717356208, 0.6563415065352174, 0.8139606413348139, 0.9715797761344106, 1.129198910934007, 1.2868180457336038, 1.4444371805332006, 1.602056315332797, 1.7596754501323937, 1.91729458493199, 2.074913719731587, 2.2325328545311836, 2.39015198933078, 2.5477711241303767, 2.705390258929973, 2.8630093937295698, 3.0206285285291665, 3.178247663328763, 3.3358667981283596, 3.4934859329279564]], "calibration_local_y": [[0.020689423200282824, 0.012335631971216683, 0.008020678409802483, 0.005462967748531293, 0.006875507917514308, 0.00577925739926702, 0.01258547297133436, 0.013505116432483694, 0.01132512200101919, 0.013243182425968125, 0.010791846249176684, 0.009122166840970395, 0.015962814306703405, 0.039174865004284624, 0.040299194931124556, 0.07991747201052149, 0.14155251369494878, 0.26847657357981775, 0.28799919756002873, 0.3042872105263158], [0.04883497860353532, 0.042652047630839386, 0.05986421385601306, 0.07649640684745648, 0.0716340158649869, 0.049928410173191294, 0.05268835183424997, 0.04725643439491871, 0.03321182678210439, 0.029050315155575594, 0.021457406712282818, 0.018138017414842035, 0.0406174123033967, 0.09349824574912383, 0.12983954069624903, 0.18342514913411495, 0.21575295454470522, 0.2565281780135527, 0.2267184959631768, 0.18542142105263157]], "elpd": [-2.215697472890529, -3.3462919966502724], "expected_improvement": [null, null], "actual_improvement": [null, [[0.012324608300713802]]], "mse": [0.7438157844708745, 0.33709576466765784], "nmse": [0.7467531090861413, 0.33842695406687834], "y_regret_pool": [0.05367168130955924, 0.05367168130955924, 0.05367168130955924, 0.05367168130955924, 0.05367168130955924, 0.05367168130955924, 0.05367168130955924, 0.05367168130955924, 0.05367168130955924, 0.05367168130955924, 0.05367168130955924, 0.05367168130955924, 0.028624896698431934, 0.028624896698431934, 0.028624896698431934, 0.013318528324965051, 0.013318528324965051, 0.013318528324965051, 0.013318528324965051, 0.013318528324965051, 0.013318528324965051, 0.013318528324965051, 0.013318528324965051, 0.012125824295863508, 0.012125824295863508, 0.012125824295863508, 0.012125824295863508, 0.0, 0.0, 0.0, 0.0, 0.0, 0.0, 0.0, 0.0, 0.0, 0.0, 0.0, 0.0, 0.0, 0.0, 0.0, 0.0, 0.0, 0.0, 0.0, 0.0, 0.0, 0.0, 0.0, 0.0, 0.0, 0.0, 0.0, 0.0, 0.0, 0.0, 0.0, 0.0, 0.0, 0.0, 0.0, 0.0, 0.0, 0.0, 0.0, 0.0, 0.0, 0.0, 0.0, 0.0, 0.0, 0.0, 0.0, 0.0, 0.0, 0.0, 0.0, 0.0, 0.0, 0.0, 0.0, 0.0, 0.0, 0.0, 0.0, 0.0, 0.0, 0.0, 0.0, 0.0, 0.0, 0.0, 0.0, 0.0, 0.0, 0.0, 0.0, 0.0, 0.0, 0.0], "y_regret_test": [0.05565952135806129, 0.05565952135806129, 0.05565952135806129, 0.05565952135806129, 0.05565952135806129, 0.05565952135806129, 0.05565952135806129, 0.05565952135806129, 0.05565952135806129, 0.05565952135806129, 0.05565952135806129, 0.05565952135806129, 0.03061273674693399, 0.03061273674693399, 0.03061273674693399, 0.015306368373467105, 0.015306368373467105, 0.015306368373467105, 0.015306368373467105, 0.015306368373467105, 0.015306368373467105, 0.015306368373467105, 0.015306368373467105, 0.014113664344365562, 0.014113664344365562, 0.014113664344365562, 0.014113664344365562, 0.001987840048502054, 0.001987840048502054, 0.001987840048502054, 0.001987840048502054, 0.001987840048502054, 0.001987840048502054, 0.001987840048502054, 0.001987840048502054, 0.001987840048502054, 0.001987840048502054, 0.001987840048502054, 0.001987840048502054, 0.001987840048502054, 0.001987840048502054, 0.001987840048502054, 0.001987840048502054, 0.001987840048502054, 0.001987840048502054, 0.001987840048502054, 0.001987840048502054, 0.001987840048502054, 0.001987840048502054, 0.001987840048502054, 0.001987840048502054, 0.001987840048502054, 0.001987840048502054, 0.001987840048502054, 0.001987840048502054, 0.001987840048502054, 0.001987840048502054, 0.001987840048502054, 0.001987840048502054, 0.001987840048502054, 0.001987840048502054, 0.001987840048502054, 0.001987840048502054, 0.001987840048502054, 0.001987840048502054, 0.001987840048502054, 0.001987840048502054, 0.001987840048502054, 0.001987840048502054, 0.001987840048502054, 0.001987840048502054, 0.001987840048502054, 0.001987840048502054, 0.001987840048502054, 0.001987840048502054, 0.001987840048502054, 0.001987840048502054, 0.001987840048502054, 0.001987840048502054, 0.001987840048502054, 0.001987840048502054, 0.001987840048502054, 0.001987840048502054, 0.001987840048502054, 0.001987840048502054, 0.001987840048502054, 0.001987840048502054, 0.001987840048502054, 0.001987840048502054, 0.001987840048502054, 0.001987840048502054, 0.001987840048502054, 0.001987840048502054, 0.001987840048502054, 0.001987840048502054, 0.001987840048502054, 0.001987840048502054, 0.001987840048502054, 0.001987840048502054, 0.001987840048502054, 0.001987840048502054], "f_regret_pool": [], "f_regret_test": [], "x_y_opt_dist_pool": [1.549861536857533, 1.549861536857533, 1.549861536857533, 1.549861536857533, 1.549861536857533, 1.549861536857533, 1.549861536857533, 1.549861536857533, 1.549861536857533, 1.549861536857533, 1.549861536857533, 1.549861536857533, 1.549861536857533, 1.0803926506281183, 1.0803926506281183, 1.0803926506281183, 1.5052089273651028, 1.5052089273651028, 1.5052089273651028, 1.5052089273651028, 1.5052089273651028, 1.5052089273651028, 1.5052089273651028, 1.5052089273651028, 1.3479908550304731, 1.3479908550304731, 1.3479908550304731, 1.3479908550304731, 0.0, 0.0, 0.0, 0.0, 0.0, 0.0, 0.0, 0.0, 0.0, 0.0, 0.0, 0.0, 0.0, 0.0, 0.0, 0.0, 0.0, 0.0, 0.0, 0.0, 0.0, 0.0, 0.0, 0.0, 0.0, 0.0, 0.0, 0.0, 0.0, 0.0, 0.0, 0.0, 0.0, 0.0, 0.0, 0.0, 0.0, 0.0, 0.0, 0.0, 0.0, 0.0, 0.0, 0.0, 0.0, 0.0, 0.0, 0.0, 0.0, 0.0, 0.0, 0.0, 0.0, 0.0, 0.0, 0.0, 0.0, 0.0, 0.0, 0.0, 0.0, 0.0, 0.0, 0.0, 0.0, 0.0, 0.0, 0.0, 0.0, 0.0, 0.0, 0.0, 0.0, 0.0, 0.0], "x_f_opt_dist_pool": [],