{"p_array": [0.001, 0.053526315789473686, 0.10605263157894737, 0.15857894736842104, 0.21110526315789474, 0.26363157894736844, 0.3161578947368421, 0.3686842105263158, 0.4212105263157895, 0.4737368421052632, 0.5262631578947369, 0.5787894736842105, 0.6313157894736842, 0.6838421052631579, 0.7363684210526316, 0.7888947368421053, 0.841421052631579, 0.8939473684210526, 0.9464736842105264, 0.999], "mean_sharpness": [-0.4741152759683262, -0.46313422777996605], "sharpness_error_true_minus_model": [], "posterior_variance": [0.17492409043327806, 0.15496543993846318], "bias_mse": [], "bias_nmse": [], "f_calibration": [], "f_calibration_mse": [], "f_calibration_nmse": [], "y_calibration": [[0.15399999916553497, 0.3889999985694885, 0.4551999866962433, 0.4975999891757965, 0.527400016784668, 0.5472000241279602, 0.5618000030517578, 0.5774000287055969, 0.5898000001907349, 0.6000000238418579, 0.6092000007629395, 0.6200000047683716, 0.6294000148773193, 0.6413999795913696, 0.6552000045776367, 0.6733999848365784, 0.7063999772071838, 0.7552000284194946, 0.8077999949455261, 0.9039999842643738], [0.004999999888241291, 0.06300000101327896, 0.12200000137090683, 0.17339999973773956, 0.23160000145435333, 0.2831999957561493, 0.3375999927520752, 0.39559999108314514, 0.47040000557899475, 0.5478000044822693, 0.6223999857902527, 0.6790000200271606, 0.7300000190734863, 0.7649999856948853, 0.7990000247955322, 0.8277999758720398, 0.8596000075340271, 0.8881999850273132, 0.9205999970436096, 0.995199978351593]], "y_calibration_mse": [0.03987786999773951, 0.0026282610964107737], "y_calibration_nmse": [0.4346967797358534, 0.02864989115465669], "calibration_local_dist_to_nearest_train_sample": [[0.5014892658615698, 0.6580701632790278, 0.8146510606964859, 0.9712319581139439, 1.127812855531402, 1.2843937529488598, 1.4409746503663179, 1.597555547783776, 1.754136445201234, 1.910717342618692, 2.06729824003615, 2.223879137453608, 2.3804600348710663, 2.5370409322885243, 2.6936218297059824, 2.8502027271234405, 3.0067836245408985, 3.1633645219583566, 3.3199454193758147, 3.4765263167932727], [0.43193130375271227, 0.5189542390613128, 0.6059771743699133, 0.6930001096785138, 0.7800230449871143, 0.8670459802957148, 0.9540689156043153, 1.041091850912916, 1.1281147862215164, 1.215137721530117, 1.3021606568387174, 1.389183592147318, 1.4762065274559184, 1.563229462764519, 1.6502523980731194, 1.73727533338172, 1.8242982686903204, 1.911321203998921, 1.9983441393075214, 2.085367074616122]], "calibration_local_y": [[0.07532405917483605, 0.04657310756839918, 0.05826619189337244, 0.05406311603615641, 0.05960671710902125, 0.066577915854803, 0.06685184642791622, 0.06426155811527719, 0.03969385099220597, 0.04190310487779534, 0.04854463013872827, 0.039329615677088633, 0.031624881314390244, 0.03986369214346791, 0.05245492820376872, 0.04627659203720404, 0.15003891141753575, 0.20931430860908645, 0.2424854514499884, 0.2571343507801352], [0.019413301943905607, 0.005902157835713741, 0.0036361177384816265, 0.021016726339246113, 0.0025667708081494036, 0.0019726730116642437, 0.002851895831081798, 0.002563442701720973, 0.002680153072760362, 0.0036100077960701514, 0.001981685087524883, 0.014327340552061144, 0.01820500751391444, 0.019205827364595182, 0.019677792095948783, 0.047578031746511665, 0.03189036140325814, 0.05307226773398975, 0.09753195041461057, 0.10146411427902838]], "elpd": [-3.556816070233257, -0.5614103304600976], "expected_improvement": [null, null], "actual_improvement": [null, [[2.4025248005885063]]], "mse": [0.7645721526437123, 0.2143943154998663], "nmse": [0.7793736138363724, 0.2185448055874604], "y_regret_pool": [0.10392094347921743, 0.10392094347921743, 0.10392094347921743, 0.10392094347921743, 0.10392094347921743, 0.10392094347921743, 0.10392094347921743, 0.10392094347921743, 0.10392094347921743, 0.10392094347921743, 0.10392094347921743, 0.10392094347921743, 0.10392094347921743, 0.03603389036348337, 0.03603389036348337, 0.03603389036348337, 0.03603389036348337, 0.03603389036348337, 0.03603389036348337, 0.03603389036348337, 0.03603389036348337, 0.03603389036348337, 0.03603389036348337, 0.03603389036348337, 0.03603389036348337, 0.03603389036348337, 0.03603389036348337, 0.03603389036348337, 0.03603389036348337, 0.03603389036348337, 0.03603389036348337, 0.03603389036348337, 0.03603389036348337, 0.03603389036348337, 0.03603389036348337, 0.03603389036348337, 0.03603389036348337, 0.03603389036348337, 0.03603389036348337, 0.03603389036348337, 0.03603389036348337, 0.03603389036348337, 0.03603389036348337, 0.03603389036348337, 0.03603389036348337, 0.03603389036348337, 0.03603389036348337, 0.03603389036348337, 0.03603389036348337, 0.03603389036348337, 0.03603389036348337, 0.03603389036348337, 0.03603389036348337, 0.03603389036348337, 0.03603389036348337, 0.03603389036348337, 0.03603389036348337, 0.03603389036348337, 0.00875961975686912, 0.00875961975686912, 0.00875961975686912, 0.00875961975686912, 0.00875961975686912, 0.00875961975686912, 0.00875961975686912, 0.00875961975686912, 0.00875961975686912, 0.00875961975686912, 0.00875961975686912, 0.00875961975686912, 0.00875961975686912, 0.00875961975686912, 0.00875961975686912, 0.00875961975686912, 0.00875961975686912, 0.00875961975686912, 0.00875961975686912, 0.00875961975686912, 0.00875961975686912, 0.00875961975686912, 0.00875961975686912, 0.00875961975686912, 0.00875961975686912, 0.00875961975686912, 0.00875961975686912, 0.00875961975686912, 0.00875961975686912, 0.00875961975686912, 0.00875961975686912, 0.00875961975686912, 0.00875961975686912, 0.00875961975686912, 0.00875961975686912, 0.00875961975686912, 0.00875961975686912, 0.00875961975686912, 0.00875961975686912, 0.00875961975686912, 0.00875961975686912, 0.00875961975686912, 0.00875961975686912], "y_regret_test": [0.10849983562485344, 0.10849983562485344, 0.10849983562485344, 0.10849983562485344, 0.10849983562485344, 0.10849983562485344, 0.10849983562485344, 0.10849983562485344, 0.10849983562485344, 0.10849983562485344, 0.10849983562485344, 0.10849983562485344, 0.10849983562485344, 0.04061278250911937, 0.04061278250911937, 0.04061278250911937, 0.04061278250911937, 0.04061278250911937, 0.04061278250911937, 0.04061278250911937, 0.04061278250911937, 0.04061278250911937, 0.04061278250911937, 0.04061278250911937, 0.04061278250911937, 0.04061278250911937, 0.04061278250911937, 0.04061278250911937, 0.04061278250911937, 0.04061278250911937, 0.04061278250911937, 0.04061278250911937, 0.04061278250911937, 0.04061278250911937, 0.04061278250911937, 0.04061278250911937, 0.04061278250911937, 0.04061278250911937, 0.04061278250911937, 0.04061278250911937, 0.04061278250911937, 0.04061278250911937, 0.04061278250911937, 0.04061278250911937, 0.04061278250911937, 0.04061278250911937, 0.04061278250911937, 0.04061278250911937, 0.04061278250911937, 0.04061278250911937, 0.04061278250911937, 0.04061278250911937, 0.04061278250911937, 0.04061278250911937, 0.04061278250911937, 0.04061278250911937, 0.04061278250911937, 0.04061278250911937, 0.013338511902505124, 0.013338511902505124, 0.013338511902505124, 0.013338511902505124, 0.013338511902505124, 0.013338511902505124, 0.013338511902505124, 0.013338511902505124, 0.013338511902505124, 0.013338511902505124, 0.013338511902505124, 0.013338511902505124, 0.013338511902505124, 0.013338511902505124, 0.013338511902505124, 0.013338511902505124, 0.013338511902505124, 0.013338511902505124, 0.013338511902505124, 0.013338511902505124, 0.013338511902505124, 0.013338511902505124, 0.013338511902505124, 0.013338511902505124, 0.013338511902505124, 0.013338511902505124, 0.013338511902505124, 0.013338511902505124, 0.013338511902505124, 0.013338511902505124, 0.013338511902505124, 0.013338511902505124, 0.013338511902505124, 0.013338511902505124, 0.013338511902505124, 0.013338511902505124, 0.013338511902505124, 0.013338511902505124, 0.013338511902505124, 0.013338511902505124, 0.013338511902505124, 0.013338511902505124, 0.013338511902505124], "f_regret_pool": [], "f_regret_test": [],