{"p_array": [0.001, 0.053526315789473686, 0.10605263157894737, 0.15857894736842104, 0.21110526315789474, 0.26363157894736844, 0.3161578947368421, 0.3686842105263158, 0.4212105263157895, 0.4737368421052632, 0.5262631578947369, 0.5787894736842105, 0.6313157894736842, 0.6838421052631579, 0.7363684210526316, 0.7888947368421053, 0.841421052631579, 0.8939473684210526, 0.9464736842105264, 0.999], "mean_sharpness": [-1.5191785787932282, 0.179653726276133], "sharpness_error_true_minus_model": [], "posterior_variance": [1.2219892836296462, 0.06611236168517669], "bias_mse": [], "bias_nmse": [], "f_calibration": [], "f_calibration_mse": [], "f_calibration_nmse": [], "y_calibration": [[0.0, 0.0, 0.044599998742341995, 0.3043999969959259, 0.414000004529953, 0.4726000130176544, 0.5112000107765198, 0.5414000153541565, 0.5666000247001648, 0.5929999947547913, 0.6119999885559082, 0.6345999836921692, 0.6611999869346619, 0.6851999759674072, 0.70660001039505, 0.7405999898910522, 0.8027999997138977, 1.0, 1.0, 1.0], [0.23019999265670776, 0.460999995470047, 0.54339998960495, 0.592199981212616, 0.6277999877929688, 0.6624000072479248, 0.6872000098228455, 0.7110000252723694, 0.7329999804496765, 0.7537999749183655, 0.7698000073432922, 0.7839999794960022, 0.8009999990463257, 0.8166000247001648, 0.83160001039505, 0.8471999764442444, 0.8636000156402588, 0.8808000087738037, 0.9003999829292297, 0.9524000287055969]], "y_calibration_mse": [0.012307910782074967, 0.07631425481210044], "y_calibration_nmse": [0.1341648684482761, 0.8318789548348964], "calibration_local_dist_to_nearest_train_sample": [[0.5011007174539057, 0.6606144412342715, 0.8201281650146373, 0.9796418887950029, 1.1391556125753686, 1.2986693363557342, 1.4581830601361, 1.6176967839164658, 1.7772105076968314, 1.936724231477197, 2.096237955257563, 2.2557516790379286, 2.415265402818294, 2.57477912659866, 2.734292850379026, 2.8938065741593917, 3.0533202979397576, 3.2128340217201226, 3.3723477455004884, 3.531861469280854], [0.45397985770199867, 0.5663727217304573, 0.6787655857589159, 0.7911584497873745, 0.9035513138158331, 1.0159441778442917, 1.1283370418727503, 1.240729905901209, 1.3531227699296675, 1.4655156339581261, 1.5779084979865847, 1.6903013620150433, 1.802694226043502, 1.9150870900719605, 2.027479954100419, 2.139872818128878, 2.2522656821573364, 2.3646585461857947, 2.477051410214254, 2.589444274242712]], "calibration_local_y": [[0.01403952555816275, 0.01941010065185873, 0.022243753529380017, 0.021907436073956614, 0.02715820829927376, 0.019239339121360412, 0.040078111351856, 0.026363503204905166, 0.028301067596488916, 0.022098901837333155, 0.021343584058448106, 0.006992700561949898, 0.004055329735619657, 0.00973217062891885, 0.027034646782837752, 0.02023139339848712, 0.033851042743271255, 0.06689804523026316, 0.10942872661898173, 0.047231947368421054], [0.020928227963418065, 0.0560613605032211, 0.04800343078576671, 0.09771112287449951, 0.10693703898477795, 0.10794346192072564, 0.08356790672964313, 0.0905074023112942, 0.07997608084863318, 0.0956549139411897, 0.0760985008197487, 0.05812021933886845, 0.0451651393985663, 0.038861546158734044, 0.05425441564882268, 0.05311196626589619, 0.055636034685978095, 0.05489519930773982, 0.018348788957727652, 0.04943457894736842]], "next_sample_train_distance": [[0.4927858104155813]], "elpd": [-1.441307180387213, -4.216275426121793], "expected_improvement": [null, null], "actual_improvement": [null, [[0.021612188255517806]]], "mse": [1.0316732549228373, 0.4021201848878742], "nmse": [1.0593126618287152, 0.41289332780124177], "y_regret_pool": [0.012689725214249048, 0.0], "y_regret_test": [0.014870771735448374, 0.0021810465211993257], "f_regret_pool": [], "f_regret_test": [], "x_y_opt_dist_pool": [2.0375985141651194, 0.0], "x_f_opt_dist_pool": [], "x_y_opt_dist_test": [1.2513792127339995, 1.2597434203384854], "x_f_opt_dist_test": [], "uct_calibration": [0.16123315110992226, 0.31751718903389553], "uct_sharpness": [1.1054362413226946, 0.30508393901191444]}