{"p_array": [0.001, 0.053526315789473686, 0.10605263157894737, 0.15857894736842104, 0.21110526315789474, 0.26363157894736844, 0.3161578947368421, 0.3686842105263158, 0.4212105263157895, 0.4737368421052632, 0.5262631578947369, 0.5787894736842105, 0.6313157894736842, 0.6838421052631579, 0.7363684210526316, 0.7888947368421053, 0.841421052631579, 0.8939473684210526, 0.9464736842105264, 0.999], "mean_sharpness": [-0.7206253445850436, -0.32284043490680064], "sharpness_error_true_minus_model": [], "posterior_variance": [0.27863530336839376, 0.16046832359448632], "bias_mse": [], "bias_nmse": [], "f_calibration": [], "f_calibration_mse": [], "f_calibration_nmse": [], "y_calibration": [[0.0, 0.006800000090152025, 0.010999999940395355, 0.026200000196695328, 0.09179999679327011, 0.16979999840259552, 0.23559999465942383, 0.3019999861717224, 0.34880000352859497, 0.38940000534057617, 0.41760000586509705, 0.4456000030040741, 0.46779999136924744, 0.48899999260902405, 0.5112000107765198, 0.5356000065803528, 0.5546000003814697, 0.5834000110626221, 0.6538000106811523, 0.9002000093460083], [0.002400000113993883, 0.019999999552965164, 0.053599998354911804, 0.09860000014305115, 0.1648000031709671, 0.23680000007152557, 0.2935999929904938, 0.34360000491142273, 0.39079999923706055, 0.4334000051021576, 0.4779999852180481, 0.5368000268936157, 0.5964000225067139, 0.6413999795913696, 0.6930000185966492, 0.7785999774932861, 0.8414000272750854, 0.8988000154495239, 0.9309999942779541, 0.9801999926567078]], "y_calibration_mse": [0.027915315233319853, 0.0011872445502918503], "y_calibration_nmse": [0.3042965343415587, 0.01294179911815911], "calibration_local_dist_to_nearest_train_sample": [[0.48706660928289025, 0.6299368491290879, 0.7728070889752855, 0.9156773288214831, 1.0585475686676808, 1.2014178085138782, 1.344288048360076, 1.4871582882062735, 1.6300285280524713, 1.7728987678986687, 1.9157690077448666, 2.058639247591064, 2.201509487437262, 2.3443797272834592, 2.487249967129657, 2.6301202069758545, 2.772990446822052, 2.9158606866682497, 3.0587309265144476, 3.201601166360645], [0.43849853467023364, 0.5328006999037747, 0.6271028651373157, 0.7214050303708568, 0.8157071956043978, 0.9100093608379388, 1.0043115260714797, 1.0986136913050208, 1.192915856538562, 1.287218021772103, 1.381520187005644, 1.475822352239185, 1.5701245174727259, 1.6644266827062668, 1.7587288479398082, 1.8530310131733492, 1.9473331784068901, 2.041635343640431, 2.135937508873972, 2.230239674107513]], "calibration_local_y": [[0.027187739723880194, 0.007183501005598598, 0.011942614123143054, 0.007991399544157427, 0.006944124924756162, 0.009757618455877526, 0.009999078464123828, 0.02188916634267366, 0.023575731029443305, 0.03162942516257345, 0.04021092539042722, 0.032395796002180455, 0.051152589283238535, 0.048916691684291726, 0.0505975045750555, 0.08644576598432478, 0.1761111976595499, 0.20329402659850984, 0.2393999572368421, 0.3042872105263158], [0.005430891599161958, 0.00283193487460328, 0.0013423246299342103, 0.0010418903435715783, 0.00048748647385959097, 0.0008225575290751762, 0.0009969514712195621, 0.0005665891238650016, 0.0015797248216438404, 0.0064063630912367785, 0.004426582746486513, 0.008568399922954642, 0.02699500904577265, 0.02993362414198329, 0.05659112336487408, 0.0875156644736842, 0.06676505335673834, 0.04817142105263157, 0.17035416762585115, 0.12238984210526319]], "elpd": [-2.19384015943739, -0.4524306163136298], "expected_improvement": [null, null], "actual_improvement": [null, [[0.6714802230441572]]], "mse": [1.049723188013297, 0.20546520374097982], "nmse": [1.0616313682227108, 0.2077960245715096], "y_regret_pool": [0.02432039677103437, 0.02432039677103437, 0.02432039677103437, 0.02432039677103437, 0.02432039677103437, 0.02432039677103437, 0.02432039677103437, 0.02432039677103437, 0.02432039677103437, 0.02432039677103437, 0.02432039677103437, 0.02432039677103437, 0.02432039677103437, 0.02432039677103437, 0.02432039677103437, 0.02432039677103437, 0.02432039677103437, 0.02432039677103437, 0.02432039677103437, 0.02432039677103437, 0.02432039677103437, 0.02432039677103437, 0.02432039677103437, 0.02432039677103437, 0.02432039677103437, 0.02432039677103437, 0.02432039677103437, 0.02432039677103437, 0.02432039677103437, 0.02432039677103437, 0.02432039677103437, 0.02432039677103437, 0.02432039677103437, 0.02432039677103437, 0.02432039677103437, 0.02432039677103437, 0.02432039677103437, 0.005734077287479877, 0.005734077287479877, 0.005734077287479877, 0.005734077287479877, 0.005734077287479877, 0.005734077287479877, 0.005734077287479877, 0.005734077287479877, 0.005734077287479877, 0.005734077287479877, 0.005734077287479877, 0.005734077287479877, 0.005734077287479877, 0.005734077287479877, 0.005734077287479877, 0.005734077287479877, 0.005734077287479877, 0.005734077287479877, 0.005734077287479877, 0.005734077287479877, 0.005734077287479877, 0.005734077287479877, 0.005734077287479877, 0.005734077287479877, 0.005734077287479877, 0.005734077287479877, 0.005734077287479877, 0.005734077287479877, 0.005734077287479877, 0.005734077287479877, 0.005734077287479877, 0.005734077287479877, 0.005734077287479877, 0.005734077287479877, 0.005734077287479877, 0.005734077287479877, 0.0013840876211161923, 0.0013840876211161923, 0.0013840876211161923, 0.0013840876211161923, 0.0013840876211161923, 0.0013840876211161923, 0.0013840876211161923, 0.0013840876211161923, 0.0013840876211161923, 0.0013840876211161923, 0.0013840876211161923, 0.0013840876211161923, 0.0013840876211161923, 0.0013840876211161923, 0.0013840876211161923, 0.0013840876211161923, 0.0013840876211161923, 0.0013840876211161923, 0.0013840876211161923, 0.0013840876211161923, 0.0013840876211161923, 0.0013840876211161923, 0.0013840876211161923, 0.0013840876211161923, 0.0013840876211161923, 0.0013840876211161923, 0.0013840876211161923, 0.0013840876211161923],