{"p_array": [0.001, 0.053526315789473686, 0.10605263157894737, 0.15857894736842104, 0.21110526315789474, 0.26363157894736844, 0.3161578947368421, 0.3686842105263158, 0.4212105263157895, 0.4737368421052632, 0.5262631578947369, 0.5787894736842105, 0.6313157894736842, 0.6838421052631579, 0.7363684210526316, 0.7888947368421053, 0.841421052631579, 0.8939473684210526, 0.9464736842105264, 0.999], "mean_sharpness": [-0.015615115136618781, -0.11198519425661932], "sharpness_error_true_minus_model": [], "posterior_variance": [0.07033988443255618, 0.08920717809862284], "bias_mse": [], "bias_nmse": [], "f_calibration": [], "f_calibration_mse": [], "f_calibration_nmse": [], "y_calibration": [[0.15860000252723694, 0.2802000045776367, 0.32019999623298645, 0.3497999906539917, 0.3747999966144562, 0.3991999924182892, 0.4187999963760376, 0.4357999861240387, 0.45680001378059387, 0.47620001435279846, 0.4973999857902527, 0.5166000127792358, 0.5356000065803528, 0.5564000010490417, 0.5784000158309937, 0.6033999919891357, 0.631600022315979, 0.6732000112533569, 0.7307999730110168, 0.9118000268936157], [0.11699999868869781, 0.27720001339912415, 0.35280001163482666, 0.4092000126838684, 0.46059998869895935, 0.5109999775886536, 0.5519999861717224, 0.5838000178337097, 0.6137999892234802, 0.63919997215271, 0.6656000018119812, 0.6988000273704529, 0.7196000218391418, 0.7429999709129333, 0.7635999917984009, 0.7829999923706055, 0.8082000017166138, 0.8317999839782715, 0.8682000041007996, 0.9595999717712402]], "y_calibration_mse": [0.022823492326037084, 0.026775866287707322], "y_calibration_nmse": [0.24879208987382412, 0.2918757408699099], "calibration_local_dist_to_nearest_train_sample": [[0.48660499529629103, 0.6296100263009582, 0.7726150573056254, 0.9156200883102925, 1.0586251193149596, 1.2016301503196267, 1.344635181324294, 1.4876402123289612, 1.6306452433336283, 1.7736502743382954, 1.9166553053429627, 2.05966033634763, 2.2026653673522967, 2.3456703983569644, 2.4886754293616313, 2.631680460366298, 2.774685491370966, 2.917690522375633, 3.0606955533802997, 3.2037005843849666], [0.47281826936598037, 0.6020365744403369, 0.7312548795146934, 0.8604731845890499, 0.9896914896634064, 1.1189097947377629, 1.2481280998121194, 1.3773464048864759, 1.5065647099608324, 1.6357830150351889, 1.7650013201095454, 1.8942196251839019, 2.0234379302582584, 2.152656235332615, 2.2818745404069714, 2.4110928454813276, 2.5403111505556843, 2.669529455630041, 2.798747760704397, 2.927966065778754]], "calibration_local_y": [[0.043790499999999996, 0.0229371827439897, 0.022988579324008662, 0.03679561351088293, 0.02776241247225556, 0.03231247371655679, 0.02578630710949311, 0.028958662768485154, 0.02561444174629431, 0.021593591315227735, 0.023222727958107127, 0.023248393987097694, 0.028320266881169724, 0.03699315882334116, 0.047345668419581766, 0.0744669809699092, 0.11052037128502519, 0.046082272206971246, 0.06428870779624231, 0.05679671619483895], [0.018978613733577294, 0.018474515790036235, 0.03771296245807866, 0.04374413350328634, 0.0615635543218504, 0.05383354383501162, 0.03331239879529295, 0.035642921918083235, 0.03574796433758949, 0.022588528103243237, 0.018586040958670492, 0.024345975168003776, 0.02008062886278367, 0.02262308145441283, 0.023822114095436546, 0.019938492118177588, 0.011170050449513582, 0.009681971786538424, 0.010272765453101717, 0.036765630894074385]], "elpd": [-4.918943579128143, -2.206018400756835], "expected_improvement": [null, null], "actual_improvement": [null, [[0.00895700545663658]]], "mse": [0.5538035690522057, 0.5376377354628401], "nmse": [0.550619801309845, 0.5345469036681445], "y_regret_pool": [0.009952228285151188, 0.009952228285151188, 0.009952228285151188, 0.009952228285151188, 0.009952228285151188, 0.009952228285151188, 0.009952228285151188, 0.009952228285151188, 0.007961782628121084, 0.007961782628121084, 0.007961782628121084, 0.007961782628121084, 0.007961782628121084, 0.007961782628121084, 0.007961782628121084, 0.007961782628121084, 0.007961782628121084, 0.007961782628121084, 0.007961782628121084, 0.007961782628121084, 0.007961782628121084, 0.007961782628121084, 0.007961782628121084, 0.007961782628121084, 0.0021894902227335145, 0.0021894902227335145, 0.0021894902227335145, 0.0021894902227335145, 0.0021894902227335145, 0.0021894902227335145, 0.0021894902227335145, 0.0021894902227335145, 0.0021894902227335145, 0.0021894902227335145, 0.0021894902227335145, 0.0021894902227335145, 0.0021894902227335145, 0.0021894902227335145, 0.0021894902227335145, 0.0021894902227335145, 0.0021894902227335145, 0.0021894902227335145, 0.0021894902227335145, 0.0021894902227335145, 0.0021894902227335145, 0.0021894902227335145, 0.0021894902227335145, 0.0021894902227335145, 0.0021894902227335145, 0.0021894902227335145, 0.0021894902227335145, 0.0021894902227335145, 0.0021894902227335145, 0.0021894902227335145, 0.0021894902227335145, 0.0021894902227335145, 0.0021894902227335145, 0.0021894902227335145, 0.0021894902227335145, 0.0021894902227335145, 0.0021894902227335145, 0.0021894902227335145, 0.0021894902227335145, 0.0021894902227335145, 0.0021894902227335145, 0.0021894902227335145, 0.0021894902227335145, 0.0021894902227335145, 0.0021894902227335145, 0.0021894902227335145, 0.0021894902227335145, 0.0021894902227335145, 0.0021894902227335145, 0.0021894902227335145, 0.0021894902227335145, 0.0021894902227335145, 0.0013933119599212063, 0.0013933119599212063, 0.0013933119599212063, 0.0013933119599212063, 0.0013933119599212063, 0.0013933119599212063, 0.0013933119599212063, 0.0013933119599212063, 0.0013933119599212063, 0.0013933119599212063, 0.0013933119599212063, 0.0013933119599212063, 0.0013933119599212063, 0.0013933119599212063, 0.0, 0.0, 0.0, 0.0, 0.0, 0.0, 0.0, 0.0, 0.0, 0.0, 0.0],