{"p_array": [0.001, 0.053526315789473686, 0.10605263157894737, 0.15857894736842104, 0.21110526315789474, 0.26363157894736844, 0.3161578947368421, 0.3686842105263158, 0.4212105263157895, 0.4737368421052632, 0.5262631578947369, 0.5787894736842105, 0.6313157894736842, 0.6838421052631579, 0.7363684210526316, 0.7888947368421053, 0.841421052631579, 0.8939473684210526, 0.9464736842105264, 0.999], "mean_sharpness": [-0.6326212715586389, -0.04511387226255041], "sharpness_error_true_minus_model": [], "posterior_variance": [0.23834087883915686, 0.07536286068059267], "bias_mse": [], "bias_nmse": [], "f_calibration": [], "f_calibration_mse": [], "f_calibration_nmse": [], "y_calibration": [[0.06080000102519989, 0.22660000622272491, 0.3003999888896942, 0.3555999994277954, 0.41019999980926514, 0.4618000090122223, 0.5067999958992004, 0.5475999712944031, 0.5809999704360962, 0.6132000088691711, 0.6398000121116638, 0.6654000282287598, 0.6890000104904175, 0.7099999785423279, 0.7319999933242798, 0.7552000284194946, 0.7789999842643738, 0.796999990940094, 0.8208000063896179, 0.921999990940094], [0.22460000216960907, 0.4092000126838684, 0.47200000286102295, 0.5171999931335449, 0.5605999827384949, 0.5928000211715698, 0.6241999864578247, 0.6534000039100647, 0.6819999814033508, 0.6985999941825867, 0.7143999934196472, 0.7282000184059143, 0.7418000102043152, 0.7534000277519226, 0.7670000195503235, 0.7797999978065491, 0.7936000227928162, 0.8090000152587891, 0.829200029373169, 0.8853999972343445]], "y_calibration_mse": [0.01814711295843518, 0.053799965813076625], "y_calibration_nmse": [0.19781627165597634, 0.586457398305604], "calibration_local_dist_to_nearest_train_sample": [[0.500644532059779, 0.6588144097790954, 0.8169842874984119, 0.9751541652177285, 1.133324042937045, 1.2914939206563614, 1.449663798375678, 1.6078336760949945, 1.766003553814311, 1.9241734315336276, 2.082343309252944, 2.2405131869722608, 2.398683064691577, 2.5568529424108934, 2.7150228201302102, 2.8731926978495266, 3.031362575568843, 3.1895324532881597, 3.347702331007476, 3.505872208726793], [0.4785514343914918, 0.6146282144425211, 0.7507049944935504, 0.8867817745445798, 1.0228585545956093, 1.1589353346466384, 1.2950121146976679, 1.4310888947486973, 1.5671656747997267, 1.703242454850756, 1.8393192349017853, 1.9753960149528147, 2.111472795003844, 2.2475495750548733, 2.383626355105903, 2.519703135156932, 2.6557799152079613, 2.791856695258991, 2.92793347531002, 3.0640102553610498]], "calibration_local_y": [[0.02044580855259616, 0.010118813622513875, 0.01278431814012696, 0.012631818043791343, 0.01829212696634267, 0.023841531108576508, 0.035047356274386376, 0.032573373088758614, 0.024656282592952262, 0.027891271232982646, 0.014408727157294918, 0.019025822210386355, 0.012198283541232749, 0.01019939036536596, 0.028586077790506426, 0.038695215667410174, 0.019569421417680394, 0.024326537353018634, 0.09962229413145576, 0.1504624719947953], [0.04958219693194314, 0.04668455688600694, 0.0506024656365527, 0.06339636551704404, 0.059424606032994834, 0.07878839104426327, 0.0706203996895371, 0.0732519607465305, 0.08804360679044286, 0.06287242073367494, 0.0637207841335253, 0.04202671288942941, 0.034110371440686675, 0.03962683759405471, 0.02756423528042848, 0.020690336668434728, 0.015784474033094922, 0.026797254968156065, 0.054725518370936935, 0.01874457811975825]], "elpd": [-2.231256330679967, -5.266068458688023], "expected_improvement": [null, null], "actual_improvement": [null, [[0.1838704325639301]]], "mse": [0.6344508943808272, 0.5294507304114914], "nmse": [0.6192561093478655, 0.5167706473579425], "y_regret_pool": [0.10303946982635881, 0.10303946982635881, 0.10303946982635881, 0.10303946982635881, 0.10303946982635881, 0.10303946982635881, 0.10303946982635881, 0.10303946982635881, 0.10303946982635881, 0.10303946982635881, 0.025809886616699584, 0.025809886616699584, 0.025809886616699584, 0.025809886616699584, 0.025809886616699584, 0.025809886616699584, 0.025809886616699584, 0.025809886616699584, 0.004801839370548677, 0.0034013028874717577, 0.0034013028874717577, 0.0, 0.0, 0.0, 0.0, 0.0, 0.0, 0.0, 0.0, 0.0, 0.0, 0.0, 0.0, 0.0, 0.0, 0.0, 0.0, 0.0, 0.0, 0.0, 0.0, 0.0, 0.0, 0.0, 0.0, 0.0, 0.0, 0.0, 0.0, 0.0, 0.0, 0.0, 0.0, 0.0, 0.0, 0.0, 0.0, 0.0, 0.0, 0.0, 0.0, 0.0, 0.0, 0.0, 0.0, 0.0, 0.0, 0.0, 0.0, 0.0, 0.0, 0.0, 0.0, 0.0, 0.0, 0.0, 0.0, 0.0, 0.0, 0.0, 0.0, 0.0, 0.0, 0.0, 0.0, 0.0, 0.0, 0.0, 0.0, 0.0, 0.0, 0.0, 0.0, 0.0, 0.0, 0.0, 0.0, 0.0, 0.0, 0.0, 0.0], "y_regret_test": [0.10303946982635881, 0.10303946982635881, 0.10303946982635881, 0.10303946982635881, 0.10303946982635881, 0.10303946982635881, 0.10303946982635881, 0.10303946982635881, 0.10303946982635881, 0.10303946982635881, 0.025809886616699584, 0.025809886616699584, 0.025809886616699584, 0.025809886616699584, 0.025809886616699584, 0.025809886616699584, 0.025809886616699584, 0.025809886616699584, 0.004801839370548677, 0.0034013028874717577, 0.0034013028874717577, 0.0, 0.0, 0.0, 0.0, 0.0, 0.0, 0.0, 0.0, 0.0, 0.0, 0.0, 0.0, 0.0, 0.0, 0.0, 0.0, 0.0, 0.0, 0.0, 0.0, 0.0, 0.0, 0.0, 0.0, 0.0, 0.0, 0.0, 0.0, 0.0, 0.0, 0.0, 0.0, 0.0, 0.0, 0.0, 0.0, 0.0, 0.0, 0.0, 0.0, 0.0, 0.0, 0.0, 0.0, 0.0, 0.0, 0.0, 0.0, 0.0, 0.0, 0.0, 0.0, 0.0, 0.0, 0.0, 0.0, 0.0, 0.0, 0.0, 0.0, 0.0, 0.0, 0.0, 0.0, 0.0, 0.0, 0.0, 0.0, 0.0, 0.0, 0.0, 0.0, 0.0, 0.0, 0.0, 0.0, 0.0, 0.0, 0.0, 0.0], "f_regret_pool": [], "f_regret_test": [], "x_y_opt_dist_pool": [1.4669913257254317, 1.4669913257254317, 1.4669913257254317, 1.4669913257254317, 1.4669913257254317, 1.4669913257254317, 1.4669913257254317, 1.4669913257254317, 1.4669913257254317, 1.4669913257254317, 1.4669913257254317, 3.019606088546006, 3.019606088546006, 3.019606088546006, 3.019606088546006, 3.019606088546006, 3.019606088546006, 3.019606088546006, 3.019606088546006, 0.48369688028851865, 0.6871750445723911, 0.6871750445723911, 0.0, 0.0, 0.0, 0.0, 0.0, 0.0, 0.0, 0.0, 0.0, 0.0, 0.0, 0.0, 0.0, 0.0, 0.0, 0.0, 0.0, 0.0, 0.0, 0.0, 0.0, 0.0, 0.0, 0.0, 0.0, 0.0, 0.0, 0.0, 0.0, 0.0, 0.0, 0.0, 0.0, 0.0, 0.0, 0.0, 0.0, 0.0, 0.0, 0.0, 0.0, 0.0, 0.0, 0.0, 0.0, 0.0, 0.0, 0.0, 0.0, 0.0, 0.0, 0.0, 0.0, 0.0, 0.0, 0.0, 0.0, 0.0, 0.0, 0.0, 0.0, 0.0, 0.0, 0.0, 0.0, 0.0, 0.0, 0.0, 0.0, 0.0, 0.0, 0.0, 0.0, 0.0, 0.0, 0.0, 0.0, 0.0, 0.0, 0.0, 0.0], "x_f_opt_dist_pool": [],