{"p_array": [0.001, 0.053526315789473686, 0.10605263157894737, 0.15857894736842104, 0.21110526315789474, 0.26363157894736844, 0.3161578947368421, 0.3686842105263158, 0.4212105263157895, 0.4737368421052632, 0.5262631578947369, 0.5787894736842105, 0.6313157894736842, 0.6838421052631579, 0.7363684210526316, 0.7888947368421053, 0.841421052631579, 0.8939473684210526, 0.9464736842105264, 0.999], "mean_sharpness": [0.11373875452622276, 0.00959515963100224], "sharpness_error_true_minus_model": [], "posterior_variance": [0.05688096153003757, 0.06839564247273011], "bias_mse": [], "bias_nmse": [], "f_calibration": [], "f_calibration_mse": [], "f_calibration_nmse": [], "y_calibration": [[0.09880000352859497, 0.22519999742507935, 0.26499998569488525, 0.29580000042915344, 0.32100000977516174, 0.3449999988079071, 0.36579999327659607, 0.3808000087738037, 0.4018000066280365, 0.4205999970436096, 0.43479999899864197, 0.4521999955177307, 0.47040000557899475, 0.49140000343322754, 0.5131999850273132, 0.5357999801635742, 0.5604000091552734, 0.5896000266075134, 0.6322000026702881, 0.7595999836921692], [0.13840000331401825, 0.38119998574256897, 0.4564000070095062, 0.5059999823570251, 0.5504000186920166, 0.5866000056266785, 0.6159999966621399, 0.6492000222206116, 0.6746000051498413, 0.7017999887466431, 0.7251999974250793, 0.7459999918937683, 0.7648000121116638, 0.7807999849319458, 0.7983999848365784, 0.8169999718666077, 0.8371999859809875, 0.8600000143051147, 0.8871999979019165, 0.9556000232696533]], "y_calibration_mse": [0.031824974042827824, 0.04899477510636749], "y_calibration_nmse": [0.3469145601903656, 0.5340774460578657], "calibration_local_dist_to_nearest_train_sample": [[0.4929206881397449, 0.6395164532955675, 0.7861122184513901, 0.9327079836072127, 1.0793037487630355, 1.225899513918858, 1.3724952790746805, 1.5190910442305032, 1.665686809386326, 1.8122825745421485, 1.958878339697971, 2.1054741048537937, 2.2520698700096164, 2.3986656351654387, 2.5452614003212615, 2.691857165477084, 2.838452930632907, 2.9850486957887297, 3.131644460944552, 3.2782402261003747], [0.47791698848619385, 0.6108896362632737, 0.7438622840403537, 0.8768349318174335, 1.0098075795945134, 1.1427802273715932, 1.2757528751486733, 1.4087255229257531, 1.541698170702833, 1.6746708184799128, 1.807643466256993, 1.9406161140340727, 2.073588761811153, 2.2065614095882324, 2.3395340573653125, 2.4725067051423926, 2.605479352919472, 2.738452000696552, 2.8714246484736323, 3.0043972962507115]], "calibration_local_y": [[0.04028510322660854, 0.04522535966066035, 0.03372190289876144, 0.02425884387656868, 0.04362462408343364, 0.027341230709401587, 0.02628643219143892, 0.024422957616220223, 0.022666822941407865, 0.030830743333040745, 0.03737169671505479, 0.04849041201127335, 0.07259168433410836, 0.09128354771050382, 0.1096728272814188, 0.10035865870829078, 0.05952518289682408, 0.14315984112633925, 0.1036340501751147, 0.024292183623557406], [0.022535907429349238, 0.023932893857699162, 0.041766270137633274, 0.07014743412430187, 0.07886437156137531, 0.08876224448353617, 0.07711087073091491, 0.07749915756088153, 0.06510780294423327, 0.047930990867532476, 0.0433673080670459, 0.039396201361095916, 0.022358726102371523, 0.017678824136443765, 0.01880950967705671, 0.020816301861879077, 0.042065828044459026, 0.06866773815585378, 0.1863308949999496, 0.11486528493133148]], "elpd": [-7.784966211949752, -2.463359572286407], "expected_improvement": [null, null], "actual_improvement": [null, [[0.014111204748188388]]], "mse": [0.7164547757011018, 0.37329503380231654], "nmse": [0.7246120737092344, 0.37754523763786446], "y_regret_pool": [0.04133986743131279, 0.0, 0.0, 0.0, 0.0, 0.0, 0.0, 0.0, 0.0, 0.0, 0.0, 0.0, 0.0, 0.0, 0.0, 0.0, 0.0, 0.0, 0.0, 0.0, 0.0, 0.0, 0.0, 0.0, 0.0, 0.0, 0.0, 0.0, 0.0, 0.0, 0.0, 0.0, 0.0, 0.0, 0.0, 0.0, 0.0, 0.0, 0.0, 0.0, 0.0, 0.0, 0.0, 0.0, 0.0, 0.0, 0.0, 0.0, 0.0, 0.0, 0.0, 0.0, 0.0, 0.0, 0.0, 0.0, 0.0, 0.0, 0.0, 0.0, 0.0, 0.0, 0.0, 0.0, 0.0, 0.0, 0.0, 0.0, 0.0, 0.0, 0.0, 0.0, 0.0, 0.0, 0.0, 0.0, 0.0, 0.0, 0.0, 0.0, 0.0, 0.0, 0.0, 0.0, 0.0, 0.0, 0.0, 0.0, 0.0, 0.0, 0.0, 0.0, 0.0, 0.0, 0.0, 0.0, 0.0, 0.0, 0.0, 0.0, 0.0], "y_regret_test": [0.039352373804807605, 0.001987493626505188, 0.001987493626505188, 0.001987493626505188, 0.001987493626505188, 0.001987493626505188, 0.001987493626505188, 0.001987493626505188, 0.001987493626505188, 0.001987493626505188, 0.001987493626505188, 0.001987493626505188, 0.001987493626505188, 0.001987493626505188, 0.001987493626505188, 0.001987493626505188, 0.001987493626505188, 0.001987493626505188, 0.001987493626505188, 0.001987493626505188, 0.001987493626505188, 0.001987493626505188, 0.001987493626505188, 0.001987493626505188, 0.001987493626505188, 0.001987493626505188, 0.001987493626505188, 0.001987493626505188, 0.001987493626505188, 0.001987493626505188, 0.001987493626505188, 0.001987493626505188, 0.001987493626505188, 0.001987493626505188, 0.001987493626505188, 0.001987493626505188, 0.001987493626505188, 0.001987493626505188, 0.001987493626505188, 0.001987493626505188, 0.001987493626505188, 0.001987493626505188, 0.001987493626505188, 0.001987493626505188, 0.001987493626505188, 0.001987493626505188, 0.001987493626505188, 0.001987493626505188, 0.001987493626505188, 0.001987493626505188, 0.001987493626505188, 0.001987493626505188, 0.001987493626505188, 0.001987493626505188, 0.001987493626505188, 0.001987493626505188, 0.001987493626505188, 0.001987493626505188, 0.001987493626505188, 0.001987493626505188, 0.001987493626505188, 0.001987493626505188, 0.001987493626505188, 0.001987493626505188, 0.001987493626505188, 0.001987493626505188, 0.001987493626505188, 0.001987493626505188, 0.001987493626505188, 0.001987493626505188, 0.001987493626505188, 0.001987493626505188, 0.001987493626505188, 0.001987493626505188, 0.001987493626505188, 0.001987493626505188, 0.001987493626505188, 0.001987493626505188, 0.001987493626505188, 0.001987493626505188, 0.001987493626505188, 0.001987493626505188, 0.001987493626505188, 0.001987493626505188, 0.001987493626505188, 0.001987493626505188, 0.001987493626505188, 0.001987493626505188, 0.001987493626505188, 0.001987493626505188, 0.001987493626505188, 0.001987493626505188, 0.001987493626505188, 0.001987493626505188, 0.001987493626505188, 0.001987493626505188, 0.001987493626505188, 0.001987493626505188, 0.001987493626505188, 0.001987493626505188, 0.001987493626505188], "f_regret_pool": [], "f_regret_test": [], "x_y_opt_dist_pool": [1.9646848288219636, 1.9646848288219636, 0.0, 0.0, 0.0, 0.0, 0.0, 0.0, 0.0, 0.0, 0.0, 0.0, 0.0, 0.0, 0.0, 0.0, 0.0, 0.0, 0.0, 0.0, 0.0, 0.0, 0.0, 0.0, 0.0, 0.0, 0.0, 0.0, 0.0, 0.0, 0.0, 0.0, 0.0, 0.0, 0.0, 0.0, 0.0, 0.0, 0.0, 0.0, 0.0, 0.0, 0.0, 0.0, 0.0, 0.0, 0.0, 0.0, 0.0, 0.0, 0.0, 0.0, 0.0, 0.0, 0.0, 0.0, 0.0, 0.0, 0.0, 0.0, 0.0, 0.0, 0.0, 0.0, 0.0, 0.0, 0.0, 0.0, 0.0, 0.0, 0.0, 0.0, 0.0, 0.0, 0.0, 0.0, 0.0, 0.0, 0.0, 0.0, 0.0, 0.0, 0.0, 0.0, 0.0, 0.0, 0.0, 0.0, 0.0, 0.0, 0.0, 0.0, 0.0, 0.0, 0.0, 0.0, 0.0, 0.0, 0.0, 0.0, 0.0, 0.0, 0.0], "x_f_opt_dist_pool": [],