{"p_array": [0.001, 0.053526315789473686, 0.10605263157894737, 0.15857894736842104, 0.21110526315789474, 0.26363157894736844, 0.3161578947368421, 0.3686842105263158, 0.4212105263157895, 0.4737368421052632, 0.5262631578947369, 0.5787894736842105, 0.6313157894736842, 0.6838421052631579, 0.7363684210526316, 0.7888947368421053, 0.841421052631579, 0.8939473684210526, 0.9464736842105264, 0.999], "mean_sharpness": [-0.5513633155338471, -0.03520180023404149], "sharpness_error_true_minus_model": [], "posterior_variance": [0.2121179337596447, 0.07035639689791975], "bias_mse": [], "bias_nmse": [], "f_calibration": [], "f_calibration_mse": [], "f_calibration_nmse": [], "y_calibration": [[0.026799999177455902, 0.09080000221729279, 0.12700000405311584, 0.15960000455379486, 0.19339999556541443, 0.22679999470710754, 0.26899999380111694, 0.30660000443458557, 0.34360000491142273, 0.3831999897956848, 0.41780000925064087, 0.451200008392334, 0.48420000076293945, 0.510200023651123, 0.5325999855995178, 0.553600013256073, 0.5776000022888184, 0.6043999791145325, 0.6380000114440918, 0.7811999917030334], [0.03779999911785126, 0.21539999544620514, 0.30079999566078186, 0.36059999465942383, 0.4153999984264374, 0.4607999920845032, 0.5023999810218811, 0.5396000146865845, 0.5723999738693237, 0.6000000238418579, 0.6212000250816345, 0.6388000249862671, 0.6538000106811523, 0.6693999767303467, 0.6837999820709229, 0.7003999948501587, 0.718999981880188, 0.7401999831199646, 0.7706000208854675, 0.8501999974250793]], "y_calibration_mse": [0.02486093498055359, 0.0202614185048638], "y_calibration_nmse": [0.2710016452203108, 0.2208636864868656], "calibration_local_dist_to_nearest_train_sample": [[0.48706660928289025, 0.6299368491290879, 0.7728070889752855, 0.9156773288214831, 1.0585475686676808, 1.2014178085138782, 1.344288048360076, 1.4871582882062735, 1.6300285280524713, 1.7728987678986687, 1.9157690077448666, 2.058639247591064, 2.201509487437262, 2.3443797272834592, 2.487249967129657, 2.6301202069758545, 2.772990446822052, 2.9158606866682497, 3.0587309265144476, 3.201601166360645], [0.48624832061182727, 0.6283002717869619, 0.7703522229620965, 0.9124041741372312, 1.0544561253123659, 1.1965080764875005, 1.338560027662635, 1.4806119788377696, 1.6226639300129042, 1.7647158811880388, 1.9067678323631738, 2.0488197835383084, 2.190871734713443, 2.3329236858885776, 2.474975637063712, 2.6170275882388467, 2.7590795394139813, 2.901131490589116, 3.0431834417642505, 3.185235392939385]], "calibration_local_y": [[0.06876352858139344, 0.015651144308167296, 0.010228128065854497, 0.01247641198537931, 0.014769058700779509, 0.009591875224280788, 0.009128141762221625, 0.01929067062047948, 0.020964256955359476, 0.030690902499983325, 0.037035593869481395, 0.03605701300214077, 0.055276231433167525, 0.05009505758537634, 0.061589417577320484, 0.11145322625601355, 0.19277901703507977, 0.20606249415636096, 0.2174855657894737, 0.28990153762436155], [0.032141328557599616, 0.03170536010048208, 0.021922969554279418, 0.035611149303964904, 0.04309896678017038, 0.03884592942437478, 0.03843268143965543, 0.033112248114942, 0.030314867877352335, 0.026818637397994182, 0.026202817289761177, 0.022613145548778447, 0.012808751213190028, 0.00887969029241897, 0.028094888889589702, 0.016627336774581225, 0.03004306097515868, 0.054505440388878404, 0.117453, 0.0896108947368421]], "elpd": [-3.554553817457863, -3.266651865975339], "expected_improvement": [null, null], "actual_improvement": [null, [[0.10400429838669845]]], "mse": [0.7945330210039312, 0.4309701361732596], "nmse": [0.8035462946978766, 0.43585911081441214], "y_regret_pool": [0.02432039677103437, 0.02432039677103437, 0.02432039677103437, 0.02432039677103437, 0.02432039677103437, 0.02432039677103437, 0.02432039677103437, 0.02432039677103437, 0.02432039677103437, 0.02432039677103437, 0.02432039677103437, 0.02432039677103437, 0.0, 0.0, 0.0, 0.0, 0.0, 0.0, 0.0, 0.0, 0.0, 0.0, 0.0, 0.0, 0.0, 0.0, 0.0, 0.0, 0.0, 0.0, 0.0, 0.0, 0.0, 0.0, 0.0, 0.0, 0.0, 0.0, 0.0, 0.0, 0.0, 0.0, 0.0, 0.0, 0.0, 0.0, 0.0, 0.0, 0.0, 0.0, 0.0, 0.0, 0.0, 0.0, 0.0, 0.0, 0.0, 0.0, 0.0, 0.0, 0.0, 0.0, 0.0, 0.0, 0.0, 0.0, 0.0, 0.0, 0.0, 0.0, 0.0, 0.0, 0.0, 0.0, 0.0, 0.0, 0.0, 0.0, 0.0, 0.0, 0.0, 0.0, 0.0, 0.0, 0.0, 0.0, 0.0, 0.0, 0.0, 0.0, 0.0, 0.0, 0.0, 0.0, 0.0, 0.0, 0.0, 0.0, 0.0, 0.0, 0.0], "y_regret_test": [0.02689084521024898, 0.02689084521024898, 0.02689084521024898, 0.02689084521024898, 0.02689084521024898, 0.02689084521024898, 0.02689084521024898, 0.02689084521024898, 0.02689084521024898, 0.02689084521024898, 0.02689084521024898, 0.02689084521024898, 0.002570448439214612, 0.002570448439214612, 0.002570448439214612, 0.002570448439214612, 0.002570448439214612, 0.002570448439214612, 0.002570448439214612, 0.002570448439214612, 0.002570448439214612, 0.002570448439214612, 0.002570448439214612, 0.002570448439214612, 0.002570448439214612, 0.002570448439214612, 0.002570448439214612, 0.002570448439214612, 0.002570448439214612, 0.002570448439214612, 0.002570448439214612, 0.002570448439214612, 0.002570448439214612, 0.002570448439214612, 0.002570448439214612, 0.002570448439214612, 0.002570448439214612, 0.002570448439214612, 0.002570448439214612, 0.002570448439214612, 0.002570448439214612, 0.002570448439214612, 0.002570448439214612, 0.002570448439214612, 0.002570448439214612, 0.002570448439214612, 0.002570448439214612, 0.002570448439214612, 0.002570448439214612, 0.002570448439214612, 0.002570448439214612, 0.002570448439214612, 0.002570448439214612, 0.002570448439214612, 0.002570448439214612, 0.002570448439214612, 0.002570448439214612, 0.002570448439214612, 0.002570448439214612, 0.002570448439214612, 0.002570448439214612, 0.002570448439214612, 0.002570448439214612, 0.002570448439214612, 0.002570448439214612, 0.002570448439214612, 0.002570448439214612, 0.002570448439214612, 0.002570448439214612, 0.002570448439214612, 0.002570448439214612, 0.002570448439214612, 0.002570448439214612, 0.002570448439214612, 0.002570448439214612, 0.002570448439214612, 0.002570448439214612, 0.002570448439214612, 0.002570448439214612, 0.002570448439214612, 0.002570448439214612, 0.002570448439214612, 0.002570448439214612, 0.002570448439214612, 0.002570448439214612, 0.002570448439214612, 0.002570448439214612, 0.002570448439214612, 0.002570448439214612, 0.002570448439214612, 0.002570448439214612, 0.002570448439214612, 0.002570448439214612, 0.002570448439214612, 0.002570448439214612, 0.002570448439214612, 0.002570448439214612, 0.002570448439214612, 0.002570448439214612, 0.002570448439214612, 0.002570448439214612], "f_regret_pool": [], "f_regret_test": [], "x_y_opt_dist_pool": [3.332790766781906, 3.332790766781906, 3.332790766781906, 3.332790766781906, 3.332790766781906, 3.332790766781906, 3.332790766781906, 3.332790766781906, 3.332790766781906, 3.332790766781906, 3.332790766781906, 3.332790766781906, 3.332790766781906, 0.0, 0.0, 0.0, 0.0, 0.0, 0.0, 0.0, 0.0, 0.0, 0.0, 0.0, 0.0, 0.0, 0.0, 0.0, 0.0, 0.0, 0.0, 0.0, 0.0, 0.0, 0.0, 0.0, 0.0, 0.0, 0.0, 0.0, 0.0, 0.0, 0.0, 0.0, 0.0, 0.0, 0.0, 0.0, 0.0, 0.0, 0.0, 0.0, 0.0, 0.0, 0.0, 0.0, 0.0, 0.0, 0.0, 0.0, 0.0, 0.0, 0.0, 0.0, 0.0, 0.0, 0.0, 0.0, 0.0, 0.0, 0.0, 0.0, 0.0, 0.0, 0.0, 0.0, 0.0, 0.0, 0.0, 0.0, 0.0, 0.0, 0.0, 0.0, 0.0, 0.0, 0.0, 0.0, 0.0, 0.0, 0.0, 0.0, 0.0, 0.0, 0.0, 0.0, 0.0, 0.0, 0.0, 0.0, 0.0, 0.0, 0.0], "x_f_opt_dist_pool": [],