{"p_array": [0.001, 0.053526315789473686, 0.10605263157894737, 0.15857894736842104, 0.21110526315789474, 0.26363157894736844, 0.3161578947368421, 0.3686842105263158, 0.4212105263157895, 0.4737368421052632, 0.5262631578947369, 0.5787894736842105, 0.6313157894736842, 0.6838421052631579, 0.7363684210526316, 0.7888947368421053, 0.841421052631579, 0.8939473684210526, 0.9464736842105264, 0.999], "mean_sharpness": [1.0359632613269456, 1.2452441295572942], "sharpness_error_true_minus_model": [], "posterior_variance": [0.007684035136735956, 0.005042576654856512], "bias_mse": [], "bias_nmse": [], "f_calibration": [], "f_calibration_mse": [], "f_calibration_nmse": [], "y_calibration": [[0.4878000020980835, 0.5134000182151794, 0.5194000005722046, 0.5228000283241272, 0.5266000032424927, 0.5303999781608582, 0.532800018787384, 0.5357999801635742, 0.5382000207901001, 0.5407999753952026, 0.5424000024795532, 0.5443999767303467, 0.5465999841690063, 0.5491999983787537, 0.5511999726295471, 0.553600013256073, 0.5565999746322632, 0.5612000226974487, 0.5669999718666077, 0.5889999866485596], [0.5105999708175659, 0.52920001745224, 0.5342000126838684, 0.5389999747276306, 0.5411999821662903, 0.5440000295639038, 0.545199990272522, 0.5473999977111816, 0.5490000247955322, 0.550599992275238, 0.551800012588501, 0.5532000064849854, 0.5544000267982483, 0.5569999814033508, 0.5583999752998352, 0.5598000288009644, 0.5618000030517578, 0.5663999915122986, 0.5702000260353088, 0.5885999798774719]], "y_calibration_mse": [0.08180311631723342, 0.08555744828575143], "y_calibration_nmse": [0.8917113987651425, 0.9326362529979955], "calibration_local_dist_to_nearest_train_sample": [[0.48706660928289025, 0.6299368491290879, 0.7728070889752855, 0.9156773288214831, 1.0585475686676808, 1.2014178085138782, 1.344288048360076, 1.4871582882062735, 1.6300285280524713, 1.7728987678986687, 1.9157690077448666, 2.058639247591064, 2.201509487437262, 2.3443797272834592, 2.487249967129657, 2.6301202069758545, 2.772990446822052, 2.9158606866682497, 3.0587309265144476, 3.201601166360645], [0.42928790908219944, 0.5143794487277062, 0.5994709883732131, 0.68456252801872, 0.7696540676642267, 0.8547456073097336, 0.9398371469552403, 1.0249286866007472, 1.1100202262462542, 1.195111765891761, 1.2802033055372677, 1.3652948451827744, 1.4503863848282812, 1.535477924473788, 1.6205694641192951, 1.705661003764802, 1.7907525434103087, 1.8758440830558154, 1.9609356227013222, 2.046027162346829]], "calibration_local_y": [[0.18173721767887333, 0.1311644962755784, 0.10459663300451798, 0.12208619779776302, 0.12015491471946183, 0.10805238865468307, 0.10294611768674329, 0.08216393705095731, 0.0814337619127338, 0.08144525704904089, 0.07970419235981688, 0.08215453035430223, 0.08687321108393593, 0.08447545663660273, 0.08410103734275126, 0.10793093988381944, 0.19416235651643024, 0.22486358454747743, 0.2831434605263158, 0.3417372105263158], [0.08595915068861393, 0.10101219411700776, 0.07854267638547505, 0.09066133308442707, 0.09031338690906161, 0.09732619545055685, 0.08769281982756692, 0.09528852503135331, 0.08632726904019786, 0.08530515949014864, 0.08048681767788245, 0.08755416627478547, 0.09006352748323888, 0.09713870995680482, 0.09960976912006578, 0.1856498051126475, 0.1287194546383984, 0.0917372105263158, 0.0917372105263158, 0.3417372105263158]], "elpd": [-70.41729303012313, -102.39764242888961], "expected_improvement": [null, null], "actual_improvement": [null, [[2.585080222638197]]], "mse": [0.9985491038675184, 1.0044643359788887], "nmse": [1.0098767593985998, 1.0158590945813006], "y_regret_pool": [0.02432039677103437, 0.02432039677103437, 0.02432039677103437, 0.02432039677103437, 0.02432039677103437, 0.02432039677103437, 0.02432039677103437, 0.02432039677103437, 0.02432039677103437, 0.02432039677103437, 0.02432039677103437, 0.02432039677103437, 0.02432039677103437, 0.02432039677103437, 0.02432039677103437, 0.02432039677103437, 0.02432039677103437, 0.02432039677103437, 0.02432039677103437, 0.02432039677103437, 0.02432039677103437, 0.02432039677103437, 0.02432039677103437, 0.02432039677103437, 0.02432039677103437, 0.02432039677103437, 0.02432039677103437, 0.02432039677103437, 0.02432039677103437, 0.02432039677103437, 0.02432039677103437, 0.02432039677103437, 0.02432039677103437, 0.02432039677103437, 0.02432039677103437, 0.02432039677103437, 0.02432039677103437, 0.02432039677103437, 0.02432039677103437, 0.02432039677103437, 0.02432039677103437, 0.022540855543885296, 0.022540855543885296, 0.022540855543885296, 0.022540855543885296, 0.022540855543885296, 0.022540855543885296, 0.022540855543885296, 0.022540855543885296, 0.022540855543885296, 0.022540855543885296, 0.022540855543885296, 0.022540855543885296, 0.022540855543885296, 0.022540855543885296, 0.022540855543885296, 0.022540855543885296, 0.022540855543885296, 0.022540855543885296, 0.022540855543885296, 0.022540855543885296, 0.022540855543885296, 0.022540855543885296, 0.022540855543885296, 0.022540855543885296, 0.022540855543885296, 0.022540855543885296, 0.022540855543885296, 0.022540855543885296, 0.022540855543885296, 0.020168133907686903, 0.020168133907686903, 0.020168133907686903, 0.020168133907686903, 0.020168133907686903, 0.020168133907686903, 0.020168133907686903, 0.020168133907686903, 0.020168133907686903, 0.020168133907686903, 0.020168133907686903, 0.020168133907686903, 0.020168133907686903, 0.020168133907686903, 0.020168133907686903, 0.020168133907686903, 0.020168133907686903, 0.020168133907686903, 0.020168133907686903, 0.020168133907686903, 0.020168133907686903, 0.020168133907686903, 0.020168133907686903, 0.020168133907686903, 0.020168133907686903, 0.020168133907686903, 0.020168133907686903, 0.020168133907686903, 0.020168133907686903, 0.020168133907686903, 0.020168133907686903], "y_regret_test": [0.02689084521024898, 0.02689084521024898, 0.02689084521024898, 0.02689084521024898, 0.02689084521024898, 0.02689084521024898, 0.02689084521024898, 0.02689084521024898, 0.02689084521024898, 0.02689084521024898, 0.02689084521024898, 0.02689084521024898, 0.02689084521024898, 0.02689084521024898, 0.02689084521024898, 0.02689084521024898, 0.02689084521024898, 0.02689084521024898, 0.02689084521024898, 0.02689084521024898, 0.02689084521024898, 0.02689084521024898, 0.02689084521024898, 0.02689084521024898, 0.02689084521024898, 0.02689084521024898, 0.02689084521024898, 0.02689084521024898, 0.02689084521024898, 0.02689084521024898, 0.02689084521024898, 0.02689084521024898, 0.02689084521024898, 0.02689084521024898, 0.02689084521024898, 0.02689084521024898, 0.02689084521024898, 0.02689084521024898, 0.02689084521024898, 0.02689084521024898, 0.02689084521024898, 0.02511130398309991, 0.02511130398309991, 0.02511130398309991, 0.02511130398309991, 0.02511130398309991, 0.02511130398309991, 0.02511130398309991, 0.02511130398309991, 0.02511130398309991, 0.02511130398309991, 0.02511130398309991, 0.02511130398309991, 0.02511130398309991, 0.02511130398309991, 0.02511130398309991, 0.02511130398309991, 0.02511130398309991, 0.02511130398309991, 0.02511130398309991, 0.02511130398309991, 0.02511130398309991, 0.02511130398309991, 0.02511130398309991, 0.02511130398309991, 0.02511130398309991, 0.02511130398309991, 0.02511130398309991, 0.02511130398309991, 0.02511130398309991, 0.022738582346901515, 0.022738582346901515, 0.022738582346901515, 0.022738582346901515, 0.022738582346901515, 0.022738582346901515, 0.022738582346901515, 0.022738582346901515, 0.022738582346901515, 0.022738582346901515, 0.022738582346901515, 0.022738582346901515, 0.022738582346901515, 0.022738582346901515, 0.022738582346901515, 0.022738582346901515, 0.022738582346901515, 0.022738582346901515, 0.022738582346901515, 0.022738582346901515, 0.022738582346901515, 0.022738582346901515, 0.022738582346901515, 0.022738582346901515, 0.022738582346901515, 0.022738582346901515, 0.022738582346901515, 0.022738582346901515, 0.022738582346901515, 0.022738582346901515, 0.022738582346901515], "f_regret_pool": [], "f_regret_test": [],