{"p_array": [0.001, 0.053526315789473686, 0.10605263157894737, 0.15857894736842104, 0.21110526315789474, 0.26363157894736844, 0.3161578947368421, 0.3686842105263158, 0.4212105263157895, 0.4737368421052632, 0.5262631578947369, 0.5787894736842105, 0.6313157894736842, 0.6838421052631579, 0.7363684210526316, 0.7888947368421053, 0.841421052631579, 0.8939473684210526, 0.9464736842105264, 0.999], "mean_sharpness": [-0.6260698575155711, -0.7451928999606551, -0.7451928999606551], "sharpness_error_true_minus_model": [], "posterior_variance": [0.20479673027912296, 0.261257926925224, 0.261257926925224], "bias_mse": [], "bias_nmse": [], "f_calibration": [], "f_calibration_mse": [], "f_calibration_nmse": [], "y_calibration": [[0.0, 0.0, 0.023000000044703484, 0.15399999916553497, 0.2508000135421753, 0.3142000138759613, 0.3610000014305115, 0.3959999978542328, 0.4221999943256378, 0.446399986743927, 0.46560001373291016, 0.48420000076293945, 0.4986000061035156, 0.5162000060081482, 0.5303999781608582, 0.5461999773979187, 0.5604000091552734, 0.5789999961853027, 0.6021999716758728, 0.6868000030517578], [0.0, 0.017799999564886093, 0.06260000169277191, 0.11620000004768372, 0.18039999902248383, 0.2529999911785126, 0.32659998536109924, 0.3853999972343445, 0.4528000056743622, 0.5152000188827515, 0.5845999717712402, 0.65420001745224, 0.7117999792098999, 0.7648000121116638, 0.8091999888420105, 0.8416000008583069, 0.8673999905586243, 0.8985999822616577, 0.9345999956130981, 0.9995999932289124], [0.0, 0.017799999564886093, 0.06260000169277191, 0.11620000004768372, 0.18039999902248383, 0.2529999911785126, 0.32659998536109924, 0.3853999972343445, 0.4528000056743622, 0.5152000188827515, 0.5845999717712402, 0.65420001745224, 0.7117999792098999, 0.7648000121116638, 0.8091999888420105, 0.8416000008583069, 0.8673999905586243, 0.8985999822616577, 0.9345999956130981, 0.9995999932289124]], "y_calibration_mse": [0.02856245236582452, 0.0020082432440447907, 0.0020082432440447907], "y_calibration_nmse": [0.3113507834166276, 0.021891261272531333, 0.021891261272531333], "calibration_local_dist_to_nearest_train_sample": [[0.48574772489633683, 0.6261761368284074, 0.766604548760478, 0.9070329606925487, 1.0474613726246194, 1.18788978455669, 1.3283181964887605, 1.4687466084208312, 1.6091750203529018, 1.7496034322849725, 1.890031844217043, 2.0304602561491136, 2.1708886680811843, 2.3113170800132545, 2.451745491945325, 2.592173903877396, 2.7326023158094666, 2.8730307277415372, 3.013459139673608, 3.1538875516056786], [0.4320499983871555, 0.518780683810045, 0.6055113692329345, 0.6922420546558239, 0.7789727400787133, 0.8657034255016028, 0.9524341109244923, 1.0391647963473818, 1.125895481770271, 1.2126261671931604, 1.2993568526160502, 1.3860875380389395, 1.4728182234618288, 1.5595489088847185, 1.6462795943076078, 1.7330102797304971, 1.819740965153387, 1.9064716505762762, 1.9932023359991655, 2.079933021422055], [0.4320499983871555, 0.518780683810045, 0.6055113692329345, 0.6922420546558239, 0.7789727400787133, 0.8657034255016028, 0.9524341109244923, 1.0391647963473818, 1.125895481770271, 1.2126261671931604, 1.2993568526160502, 1.3860875380389395, 1.4728182234618288, 1.5595489088847185, 1.6462795943076078, 1.7330102797304971, 1.819740965153387, 1.9064716505762762, 1.9932023359991655, 2.079933021422055]], "calibration_local_y": [[0.1111877383334449, 0.0071223398772203945, 0.014627452783756318, 0.006411604779336204, 0.0070950892817663825, 0.007244790996067348, 0.016372122369586163, 0.02059371569780463, 0.01663248950157139, 0.027656169840098537, 0.027917975385885575, 0.05621039277171301, 0.06198481522309788, 0.09641035965842024, 0.09788599469244368, 0.12960078668248348, 0.12137929925885158, 0.1318148061227276, 0.17903457700719802, 0.3417372105263158], [0.004512194302899737, 0.003136125674417655, 0.0018555736879253197, 0.01027457825745266, 0.002702118401716581, 0.001958565994364703, 0.00517509882737415, 0.0022787770208310327, 0.001986647548885624, 0.0021801303211843094, 0.0023155721616399095, 0.0012566546039388788, 0.0008973606535334271, 0.008351297284321548, 0.0028877313620090197, 0.004961109955589088, 0.024579900166813533, 0.004157511782639145, 0.24718984210526312, 0.2918372105263158], [0.004512194302899737, 0.003136125674417655, 0.0018555736879253197, 0.01027457825745266, 0.002702118401716581, 0.001958565994364703, 0.00517509882737415, 0.0022787770208310327, 0.001986647548885624, 0.0021801303211843094, 0.0023155721616399095, 0.0012566546039388788, 0.0008973606535334271, 0.008351297284321548, 0.0028877313620090197, 0.004961109955589088, 0.024579900166813533, 0.004157511782639145, 0.24718984210526312, 0.2918372105263158]], "elpd": [-3.3906225350388617, -0.6549746088908686, -0.6549746088908686], "expected_improvement": [null, null, null], "actual_improvement": [null, null, null], "mse": [1.3371394283614522, 0.21823641860731605, 0.21823641860731605], "nmse": [1.3207636773465183, 0.21556370910694356, 0.21556370910694356], "y_regret_pool": [0.04980427247533581, 0.04980427247533581, 0.04980427247533581, 0.04980427247533581, 0.04980427247533581, 0.04980427247533581, 0.04980427247533581, 0.04980427247533581, 0.04980427247533581, 0.04980427247533581, 0.03785124708125509, 0.03785124708125509, 0.03785124708125509, 0.03785124708125509, 0.03785124708125509, 0.03785124708125509, 0.03785124708125509, 0.03785124708125509, 0.03785124708125509, 0.03785124708125509, 0.03785124708125509, 0.03785124708125509, 0.03785124708125509, 0.03785124708125509, 0.03785124708125509, 0.03785124708125509, 0.03785124708125509, 0.03785124708125509, 0.03785124708125509, 0.03785124708125509, 0.03785124708125509, 0.03785124708125509, 0.03785124708125509, 0.03785124708125509, 0.03785124708125509, 0.03785124708125509, 0.03785124708125509, 0.03785124708125509, 0.03785124708125509, 0.03785124708125509, 0.03785124708125509, 0.014941281742600676, 0.014941281742600676, 0.014941281742600676, 0.014941281742600676, 0.014941281742600676, 0.014941281742600676, 0.014941281742600676, 0.014941281742600676, 0.014941281742600676, 0.014941281742600676, 0.014941281742600676, 0.014941281742600676, 0.014941281742600676, 0.014941281742600676, 0.014941281742600676, 0.014941281742600676, 0.014941281742600676, 0.014941281742600676, 0.014941281742600676, 0.014941281742600676, 0.014941281742600676, 0.014941281742600676, 0.014941281742600676, 0.014941281742600676, 0.014941281742600676, 0.014941281742600676, 0.014941281742600676, 0.014941281742600676, 0.008765551955658868, 0.008765551955658868, 0.008765551955658868, 0.008765551955658868, 0.008765551955658868, 0.008765551955658868, 0.008765551955658868, 0.008765551955658868, 0.008765551955658868, 0.008765551955658868, 0.008765551955658868, 0.008765551955658868, 0.008765551955658868, 0.008765551955658868, 0.008765551955658868, 0.008765551955658868, 0.008765551955658868, 0.008765551955658868, 0.008765551955658868, 0.008765551955658868, 0.008765551955658868, 0.008765551955658868, 0.008765551955658868, 0.008765551955658868, 0.008765551955658868, 0.008765551955658868, 0.008765551955658868, 0.008765551955658868, 0.008765551955658868, 0.008765551955658868, 0.008765551955658868, 0.008765551955658868, 0.008765551955658868],