{"p_array": [0.001, 0.053526315789473686, 0.10605263157894737, 0.15857894736842104, 0.21110526315789474, 0.26363157894736844, 0.3161578947368421, 0.3686842105263158, 0.4212105263157895, 0.4737368421052632, 0.5262631578947369, 0.5787894736842105, 0.6313157894736842, 0.6838421052631579, 0.7363684210526316, 0.7888947368421053, 0.841421052631579, 0.8939473684210526, 0.9464736842105264, 0.999], "mean_sharpness": [-0.33081989482660623, -0.5115410333029876], "sharpness_error_true_minus_model": [], "posterior_variance": [0.1446950475681069, 0.1722111124033323], "bias_mse": [], "bias_nmse": [], "f_calibration": [], "f_calibration_mse": [], "f_calibration_nmse": [], "y_calibration": [[0.2847999930381775, 0.48399999737739563, 0.524399995803833, 0.5508000254631042, 0.5705999732017517, 0.5848000049591064, 0.5942000150680542, 0.6021999716758728, 0.61080002784729, 0.6172000169754028, 0.625, 0.6353999972343445, 0.6456000208854675, 0.6614000201225281, 0.6805999875068665, 0.7093999981880188, 0.7429999709129333, 0.7856000065803528, 0.8266000151634216, 0.9085999727249146], [0.003599999938160181, 0.025800000876188278, 0.05260000005364418, 0.0949999988079071, 0.1467999964952469, 0.20640000700950623, 0.2678000032901764, 0.3476000130176544, 0.44119998812675476, 0.5514000058174133, 0.6406000256538391, 0.7143999934196472, 0.7656000256538391, 0.8101999759674072, 0.8402000069618225, 0.873199999332428, 0.8974000215530396, 0.921999990940094, 0.9535999894142151, 0.9983999729156494]], "y_calibration_mse": [0.05412545351785989, 0.005581079208338358], "y_calibration_nmse": [0.590005442800481, 0.06083768163778389], "calibration_local_dist_to_nearest_train_sample": [[0.5034046110189745, 0.6631495549223997, 0.8228944988258249, 0.98263944272925, 1.142384386632675, 1.3021293305361001, 1.4618742744395254, 1.6216192183429505, 1.7813641622463756, 1.9411091061498007, 2.100854050053226, 2.260598993956651, 2.4203439378600766, 2.5800888817635013, 2.739833825666927, 2.8995787695703514, 3.059323713473777, 3.2190686573772016, 3.378813601280627, 3.538558545184052], [0.4400221591971104, 0.5363846512786714, 0.6327471433602325, 0.7291096354417936, 0.8254721275233546, 0.9218346196049156, 1.0181971116864768, 1.1145596037680379, 1.210922095849599, 1.3072845879311599, 1.403647080012721, 1.500009572094282, 1.5963720641758432, 1.692734556257404, 1.7890970483389652, 1.8854595404205263, 1.9818220325020874, 2.0781845245836483, 2.174547016665209, 2.2709095087467706]], "calibration_local_y": [[0.07000457795454341, 0.02932037813991408, 0.0496825058812958, 0.05796850202235665, 0.0677623314483897, 0.05891494929129112, 0.06966408285579108, 0.06570904299272409, 0.06683691951804395, 0.057742284994103575, 0.05276298222988198, 0.053351846357950386, 0.0534618773077842, 0.03793031983434696, 0.033875504049117586, 0.028868020223812692, 0.030996320187379724, 0.013266534176573816, 0.011699463815789473, 0.03493077796943639], [0.01435751954420888, 0.010334046481811406, 0.004786973412708041, 0.009958952175889508, 0.00507301725551945, 0.006788717161333143, 0.007257329835878154, 0.006324754505685874, 0.005225341532314678, 0.005640578507602969, 0.004793432645079671, 0.005413559769014255, 0.006782827225575263, 0.0027288455124649834, 0.0033298421968583425, 0.011828411184210524, 0.008017124111336866, 0.005310236842105264, 0.07968721052631578, 0.03347668421052631]], "elpd": [-6.4852822755504835, -0.3794849779281162], "expected_improvement": [null, null], "actual_improvement": [null, [[0.3983319299672482]]], "mse": [0.8667340275939958, 0.13859224757460428], "nmse": [0.876333559870313, 0.14012722913928674], "y_regret_pool": [0.010208506747904522, 0.010208506747904522, 0.010208506747904522, 0.010208506747904522, 0.010208506747904522, 0.010208506747904522, 0.010208506747904522, 0.010208506747904522, 0.010208506747904522, 0.010208506747904522, 0.010208506747904522, 0.010208506747904522, 0.010208506747904522, 0.010208506747904522, 0.010208506747904522, 0.010208506747904522, 0.010208506747904522, 0.010208506747904522, 0.010208506747904522, 0.010208506747904522, 0.010208506747904522, 0.010208506747904522, 0.010208506747904522, 0.010208506747904522, 0.010208506747904522, 0.010208506747904522, 0.010208506747904522, 0.010208506747904522, 0.010208506747904522, 0.010208506747904522, 0.010208506747904522, 0.010208506747904522, 0.010208506747904522, 0.010208506747904522, 0.010208506747904522, 0.010208506747904522, 0.004603836376505965, 0.004603836376505965, 0.004603836376505965, 0.004603836376505965, 0.004603836376505965, 0.004603836376505965, 0.004603836376505965, 0.004603836376505965, 0.004603836376505965, 0.004603836376505965, 0.004603836376505965, 0.004603836376505965, 0.004603836376505965, 0.004603836376505965, 0.004603836376505965, 0.004603836376505965, 0.004603836376505965, 0.004603836376505965, 0.004603836376505965, 0.004603836376505965, 0.004603836376505965, 0.004603836376505965, 0.004603836376505965, 0.004603836376505965, 0.004603836376505965, 0.004603836376505965, 0.004603836376505965, 0.004603836376505965, 0.004603836376505965, 0.004603836376505965, 0.004603836376505965, 0.004603836376505965, 0.004603836376505965, 0.004603836376505965, 0.004603836376505965, 0.004603836376505965, 0.004603836376505965, 0.004603836376505965, 0.004603836376505965, 0.004603836376505965, 0.004603836376505965, 0.004603836376505965, 0.004603836376505965, 0.004603836376505965, 0.004603836376505965, 0.004603836376505965, 0.004603836376505965, 0.004603836376505965, 0.004603836376505965, 0.004603836376505965, 0.004603836376505965, 0.004603836376505965, 0.004603836376505965, 0.004603836376505965, 0.004603836376505965, 0.004603836376505965, 0.004603836376505965, 0.004603836376505965, 0.004603836376505965, 0.004603836376505965, 0.004603836376505965, 0.004603836376505965, 0.004603836376505965, 0.004603836376505965, 0.004603836376505965],