{"p_array": [0.001, 0.053526315789473686, 0.10605263157894737, 0.15857894736842104, 0.21110526315789474, 0.26363157894736844, 0.3161578947368421, 0.3686842105263158, 0.4212105263157895, 0.4737368421052632, 0.5262631578947369, 0.5787894736842105, 0.6313157894736842, 0.6838421052631579, 0.7363684210526316, 0.7888947368421053, 0.841421052631579, 0.8939473684210526, 0.9464736842105264, 0.999], "mean_sharpness": [-0.6754566884504092, -0.20907997738084685], "sharpness_error_true_minus_model": [], "posterior_variance": [0.2386507505629501, 0.11243707856232205], "bias_mse": [], "bias_nmse": [], "f_calibration": [], "f_calibration_mse": [], "f_calibration_nmse": [], "y_calibration": [[0.0, 0.017799999564886093, 0.04520000144839287, 0.08560000360012054, 0.14259999990463257, 0.20720000565052032, 0.2750000059604645, 0.3375999927520752, 0.3874000012874603, 0.4302000105381012, 0.4666000008583069, 0.48820000886917114, 0.5121999979019165, 0.5307999849319458, 0.5472000241279602, 0.5613999962806702, 0.5752000212669373, 0.5979999899864197, 0.6222000122070312, 0.6985999941825867], [0.00019999999494757503, 0.014000000432133675, 0.047600001096725464, 0.09399999678134918, 0.16580000519752502, 0.24860000610351562, 0.32280001044273376, 0.41339999437332153, 0.48260000348091125, 0.5315999984741211, 0.5842000246047974, 0.6425999999046326, 0.7167999744415283, 0.784600019454956, 0.8245999813079834, 0.8561999797821045, 0.8884000182151794, 0.9142000079154968, 0.9391999840736389, 0.9918000102043152]], "y_calibration_mse": [0.025732492558829777, 0.0030256988459547054], "y_calibration_nmse": [0.2805022347114875, 0.03298224165085935], "calibration_local_dist_to_nearest_train_sample": [[0.48574772489633683, 0.6261761368284074, 0.766604548760478, 0.9070329606925487, 1.0474613726246194, 1.18788978455669, 1.3283181964887605, 1.4687466084208312, 1.6091750203529018, 1.7496034322849725, 1.890031844217043, 2.0304602561491136, 2.1708886680811843, 2.3113170800132545, 2.451745491945325, 2.592173903877396, 2.7326023158094666, 2.8730307277415372, 3.013459139673608, 3.1538875516056786], [0.44572239268170166, 0.5461254723991371, 0.6465285521165725, 0.7469316318340079, 0.8473347115514434, 0.9477377912688787, 1.0481408709863143, 1.1485439507037496, 1.248947030421185, 1.3493501101386205, 1.4497531898560558, 1.5501562695734912, 1.6505593492909267, 1.750962429008362, 1.8513655087257976, 1.951768588443233, 2.0521716681606685, 2.152574747878104, 2.252977827595539, 2.3533809073129746]], "calibration_local_y": [[0.12286457986192331, 0.00832940116953218, 0.008795132268876465, 0.006622806331020756, 0.007449674571368166, 0.005343866125755522, 0.012125358159050059, 0.017667896671484662, 0.013624861196549534, 0.02441194243323852, 0.024744418775501882, 0.05519292291220006, 0.05905013121777308, 0.09335237677751551, 0.09041704590825508, 0.12361889350705287, 0.11681751430065268, 0.11760812159748173, 0.16449405057159536, 0.3417372105263158], [0.015151390306762741, 0.002163520713006145, 0.0036418677398387814, 0.00361210233768045, 0.0023795770716771463, 0.003730346725810553, 0.004286784181762688, 0.004575745062882771, 0.0027885441825074506, 0.0020400993983465147, 0.0027523407582594668, 0.005494889648367149, 0.0037459214045867974, 0.0069489682252726545, 0.008302473404217801, 0.010125944246018051, 0.039350367230972745, NaN, 0.14476352631578948, 0.14476352631578948]], "elpd": [-3.592185683791117, -0.13370341833419924], "expected_improvement": [null, null], "actual_improvement": [null, [[0.07908918469083326]]], "mse": [1.157290122804211, 0.13999777721844067], "nmse": [1.1431169599304578, 0.13828324491631366], "y_regret_pool": [0.04980427247533581, 0.04980427247533581, 0.04980427247533581, 0.04980427247533581, 0.04980427247533581, 0.04980427247533581, 0.04980427247533581, 0.04980427247533581, 0.04980427247533581, 0.04980427247533581, 0.04980427247533581, 0.021913879889147836, 0.021913879889147836, 0.021913879889147836, 0.021913879889147836, 0.021913879889147836, 0.021913879889147836, 0.021913879889147836, 0.021913879889147836, 0.021913879889147836, 0.021913879889147836, 0.021913879889147836, 0.021913879889147836, 0.021913879889147836, 0.021913879889147836, 0.021913879889147836, 0.021913879889147836, 0.021913879889147836, 0.021913879889147836, 0.021913879889147836, 0.021913879889147836, 0.021913879889147836, 0.021913879889147836, 0.021913879889147836, 0.021913879889147836, 0.021913879889147836, 0.021913879889147836, 0.021913879889147836, 0.021913879889147836, 0.021913879889147836, 0.021913879889147836, 0.021913879889147836, 0.021913879889147836, 0.021913879889147836, 0.021913879889147836, 0.021913879889147836, 0.021913879889147836, 0.004980427247533337, 0.004980427247533337, 0.004980427247533337, 0.004980427247533337, 0.004980427247533337, 0.004980427247533337, 0.004980427247533337, 0.004980427247533337, 0.004980427247533337, 0.004980427247533337, 0.004980427247533337, 0.004980427247533337, 0.004980427247533337, 0.004980427247533337, 0.004980427247533337, 0.004980427247533337, 0.004980427247533337, 0.004980427247533337, 0.004980427247533337, 0.004980427247533337, 0.004980427247533337, 0.004980427247533337, 0.004980427247533337, 0.004980427247533337, 0.004980427247533337, 0.004980427247533337, 0.004980427247533337, 0.004980427247533337, 0.004980427247533337, 0.004980427247533337, 0.004980427247533337, 0.004980427247533337, 0.004980427247533337, 0.004980427247533337, 0.004980427247533337, 0.004980427247533337, 0.004980427247533337, 0.004980427247533337, 0.004980427247533337, 0.004980427247533337, 0.004980427247533337, 0.004980427247533337, 0.004980427247533337, 0.004980427247533337, 0.004980427247533337, 0.004980427247533337, 0.004980427247533337, 0.004980427247533337, 0.004980427247533337, 0.004980427247533337, 0.004980427247533337, 0.004980427247533337, 0.004980427247533337, 0.004980427247533337],