{"p_array": [0.001, 0.053526315789473686, 0.10605263157894737, 0.15857894736842104, 0.21110526315789474, 0.26363157894736844, 0.3161578947368421, 0.3686842105263158, 0.4212105263157895, 0.4737368421052632, 0.5262631578947369, 0.5787894736842105, 0.6313157894736842, 0.6838421052631579, 0.7363684210526316, 0.7888947368421053, 0.841421052631579, 0.8939473684210526, 0.9464736842105264, 0.999], "mean_sharpness": [-0.9797419361601626, -0.00025719415942654996], "sharpness_error_true_minus_model": [], "posterior_variance": [0.4154499230512416, 0.06914062371781096], "bias_mse": [], "bias_nmse": [], "f_calibration": [], "f_calibration_mse": [], "f_calibration_nmse": [], "y_calibration": [[0.0, 0.0, 0.06639999896287918, 0.23100000619888306, 0.3319999873638153, 0.3912000060081482, 0.42739999294281006, 0.4593999981880188, 0.4819999933242798, 0.5013999938964844, 0.5203999876976013, 0.5357999801635742, 0.5508000254631042, 0.5631999969482422, 0.5788000226020813, 0.5961999893188477, 0.6164000034332275, 0.6424000263214111, 0.6747999787330627, 1.0], [0.03620000183582306, 0.16339999437332153, 0.22619999945163727, 0.27639999985694885, 0.3224000036716461, 0.36660000681877136, 0.4187999963760376, 0.475600004196167, 0.5401999950408936, 0.5785999894142151, 0.6007999777793884, 0.6236000061035156, 0.6430000066757202, 0.6614000201225281, 0.6777999997138977, 0.699400007724762, 0.718999981880188, 0.746999979019165, 0.7842000126838684, 0.8855999708175659]], "y_calibration_mse": [0.016911709959166906, 0.010357742718290635], "y_calibration_nmse": [0.18434951163372906, 0.11290666741299493], "calibration_local_dist_to_nearest_train_sample": [[0.5186325294769967, 0.6914723781905316, 0.8643122269040667, 1.0371520756176018, 1.2099919243311366, 1.3828317730446718, 1.555671621758207, 1.7285114704717417, 1.901351319185277, 2.0741911678988116, 2.247031016612347, 2.419870865325882, 2.5927107140394168, 2.765550562752952, 2.9383904114664867, 3.111230260180022, 3.284070108893557, 3.456909957607092, 3.629749806320627, 3.8025896550341622], [0.47299284310124157, 0.6001930054390217, 0.7273931677768019, 0.8545933301145819, 0.981793492452362, 1.1089936547901422, 1.2361938171279223, 1.3633939794657024, 1.4905941418034825, 1.6177943041412626, 1.7449944664790427, 1.872194628816823, 1.999394791154603, 2.126594953492383, 2.2537951158301635, 2.3809952781679433, 2.5081954405057236, 2.6353956028435035, 2.762595765181284, 2.8897959275190637]], "calibration_local_y": [[0.00983176071652946, 0.03420984217779276, 0.014639897249750391, 0.017994800287847668, 0.01865453473155368, 0.022342060863276357, 0.027198697005451, 0.01658170768959213, 0.01439906674039528, 0.018078284120440415, 0.031447385302772544, 0.05264477203867239, 0.1271763285997713, 0.1705920871114637, 0.25091956040881513, 0.2886391803395908, 0.28892830838815786, 0.2918372105263158, 0.2918372105263158, 0.2918372105263158], [0.055540461550280605, 0.0439965667992924, 0.03351213516807891, 0.02932864382795039, 0.02258206005016008, 0.027483579293791565, 0.02718137869141079, 0.024366563519838236, 0.022427866782269122, 0.017546687512234573, 0.020870851623878767, 0.044187133647720964, 0.03883915743371359, 0.06167642973072616, 0.03210377097039473, 0.08437312099873037, 0.08633720979986856, 0.0472983947368421, 0.07024773255725966, 0.08173194736842104]], "elpd": [-1.7936591376934192, -2.4372262139046184], "expected_improvement": [null, null], "actual_improvement": [null, [[0.023230941771822167]]], "mse": [1.0917336005453888, 0.3075033157024479], "nmse": [1.099105485779388, 0.30957971891226044], "y_regret_pool": [0.03176880926061121, 0.03176880926061121, 0.03176880926061121, 0.03176880926061121, 0.03176880926061121, 0.03176880926061121, 0.03176880926061121, 0.03176880926061121, 0.03176880926061121, 0.03176880926061121, 0.027797708103034946, 0.027797708103034946, 0.013303188877880956, 0.013303188877880956, 0.004566766331212557, 0.004566766331212557, 0.004566766331212557, 0.004566766331212557, 0.004566766331212557, 0.004566766331212557, 0.004566766331212557, 0.004566766331212557, 0.004566766331212557, 0.004566766331212557, 0.004566766331212557, 0.004566766331212557, 0.004566766331212557, 0.004566766331212557, 0.004566766331212557, 0.004566766331212557, 0.004566766331212557, 0.004566766331212557, 0.004566766331212557, 0.004566766331212557, 0.004566766331212557, 0.004566766331212557, 0.004566766331212557, 0.004566766331212557, 0.004566766331212557, 0.004566766331212557, 0.004566766331212557, 0.004566766331212557, 0.004566766331212557, 0.004566766331212557, 0.004566766331212557, 0.004566766331212557, 0.004566766331212557, 0.004566766331212557, 0.004566766331212557, 0.004566766331212557, 0.004566766331212557, 0.004566766331212557, 0.004566766331212557, 0.004566766331212557, 0.004566766331212557, 0.004566766331212557, 0.004566766331212557, 0.004566766331212557, 0.004566766331212557, 0.004566766331212557, 0.004566766331212557, 0.004566766331212557, 0.004566766331212557, 0.004368211273334088, 0.004368211273334088, 0.004368211273334088, 0.002581215752424537, 0.002581215752424537, 0.002581215752424537, 0.002581215752424537, 0.002581215752424537, 0.002581215752424537, 0.002581215752424537, 0.002581215752424537, 0.002581215752424537, 0.002581215752424537, 0.002581215752424537, 0.002581215752424537, 0.002581215752424537, 0.002581215752424537, 0.002581215752424537, 0.002581215752424537, 0.002581215752424537, 0.002581215752424537, 0.002581215752424537, 0.002581215752424537, 0.002581215752424537, 0.002581215752424537, 0.002581215752424537, 0.002581215752424537, 0.002581215752424537, 0.002581215752424537, 0.002581215752424537, 0.002581215752424537, 0.002581215752424537, 0.002581215752424537, 0.002581215752424537, 0.002581215752424537, 0.002581215752424537, 0.002581215752424537, 0.002581215752424537],