{"p_array": [0.001, 0.053526315789473686, 0.10605263157894737, 0.15857894736842104, 0.21110526315789474, 0.26363157894736844, 0.3161578947368421, 0.3686842105263158, 0.4212105263157895, 0.4737368421052632, 0.5262631578947369, 0.5787894736842105, 0.6313157894736842, 0.6838421052631579, 0.7363684210526316, 0.7888947368421053, 0.841421052631579, 0.8939473684210526, 0.9464736842105264, 0.999], "mean_sharpness": [-0.27966715940112724, -0.1553497496786109, -0.1553497496786109], "sharpness_error_true_minus_model": [], "posterior_variance": [0.11078974226950537, 0.08627241718619658, 0.08627241718619658], "bias_mse": [], "bias_nmse": [], "f_calibration": [], "f_calibration_mse": [], "f_calibration_nmse": [], "y_calibration": [[0.051600001752376556, 0.17960000038146973, 0.22579999268054962, 0.25380000472068787, 0.28279998898506165, 0.30219998955726624, 0.32499998807907104, 0.34279999136924744, 0.36320000886917114, 0.38420000672340393, 0.40059998631477356, 0.4205999970436096, 0.44119998812675476, 0.46540001034736633, 0.490200012922287, 0.5189999938011169, 0.5504000186920166, 0.593999981880188, 0.6478000283241272, 0.8478000164031982], [0.014600000344216824, 0.07999999821186066, 0.12759999930858612, 0.16519999504089355, 0.19660000503063202, 0.23399999737739563, 0.2797999978065491, 0.3285999894142151, 0.38339999318122864, 0.43939998745918274, 0.49059998989105225, 0.545799970626831, 0.6000000238418579, 0.647599995136261, 0.7009999752044678, 0.7531999945640564, 0.7954000234603882, 0.8366000056266785, 0.8848000168800354, 0.9793999791145325], [0.014600000344216824, 0.07999999821186066, 0.12759999930858612, 0.16519999504089355, 0.19660000503063202, 0.23399999737739563, 0.2797999978065491, 0.3285999894142151, 0.38339999318122864, 0.43939998745918274, 0.49059998989105225, 0.545799970626831, 0.6000000238418579, 0.647599995136261, 0.7009999752044678, 0.7531999945640564, 0.7954000234603882, 0.8366000056266785, 0.8848000168800354, 0.9793999791145325]], "y_calibration_mse": [0.03027332714610999, 0.0012396754587204835, 0.0012396754587204835], "y_calibration_nmse": [0.33000051966291, 0.013513332829810314, 0.013513332829810314], "calibration_local_dist_to_nearest_train_sample": [[0.5186325294769967, 0.6914723781905316, 0.8643122269040667, 1.0371520756176018, 1.2099919243311366, 1.3828317730446718, 1.555671621758207, 1.7285114704717417, 1.901351319185277, 2.0741911678988116, 2.247031016612347, 2.419870865325882, 2.5927107140394168, 2.765550562752952, 2.9383904114664867, 3.111230260180022, 3.284070108893557, 3.456909957607092, 3.629749806320627, 3.8025896550341622], [0.4330842180075813, 0.520375755251701, 0.6076672924958207, 0.6949588297399405, 0.7822503669840601, 0.8695419042281799, 0.9568334414722995, 1.0441249787164193, 1.131416515960539, 1.2187080532046588, 1.3059995904487784, 1.393291127692898, 1.480582664937018, 1.5678742021811374, 1.6551657394252572, 1.742457276669377, 1.8297488139134965, 1.9170403511576164, 2.0043318884017363, 2.0916234256458557], [0.4330842180075813, 0.520375755251701, 0.6076672924958207, 0.6949588297399405, 0.7822503669840601, 0.8695419042281799, 0.9568334414722995, 1.0441249787164193, 1.131416515960539, 1.2187080532046588, 1.3059995904487784, 1.393291127692898, 1.480582664937018, 1.5678742021811374, 1.6551657394252572, 1.742457276669377, 1.8297488139134965, 1.9170403511576164, 2.0043318884017363, 2.0916234256458557]], "calibration_local_y": [[0.014893641778264136, 0.004224052828470498, 0.015038937845976066, 0.015868469753537316, 0.016527732754778722, 0.018814297823726817, 0.02057749168509012, 0.02127303976055362, 0.029551912731408607, 0.03610712327307417, 0.04800426188814821, 0.06923135654766598, 0.11430839305012327, 0.13346666173165794, 0.19450565942606607, 0.24449448999044449, 0.2351842705592105, 0.1824809268063765, 0.16707960700305866, 0.12112668421052633], [0.006868438593607187, 0.0040414681310750105, 0.0015513351356251377, 0.020183930199373434, 0.0017324864389696496, 0.000506453647592787, 0.002495307722528512, 0.002636936583700597, 0.002011734288840926, 0.0034863639067018856, 0.005989703554235774, 0.008589795940379539, 0.013379249964103593, 0.0145235622201252, 0.010283519022797085, 0.036754557711769255, 0.025006680528831253, 0.011277560326638627, 0.03109703546251666, 0.03297989920707413], [0.006868438593607187, 0.0040414681310750105, 0.0015513351356251377, 0.020183930199373434, 0.0017324864389696496, 0.000506453647592787, 0.002495307722528512, 0.002636936583700597, 0.002011734288840926, 0.0034863639067018856, 0.005989703554235774, 0.008589795940379539, 0.013379249964103593, 0.0145235622201252, 0.010283519022797085, 0.036754557711769255, 0.025006680528831253, 0.011277560326638627, 0.03109703546251666, 0.03297989920707413]], "elpd": [-3.1249849017989377, -0.5392705413244409, -0.5392705413244409], "expected_improvement": [null, null, null], "actual_improvement": [null, null, null], "mse": [0.6716893012351827, 0.19760220127379802, 0.19760220127379802], "nmse": [0.6762248549995233, 0.19893650182939907, 0.19893650182939907], "y_regret_pool": [0.03176880926061121, 0.03176880926061121, 0.03176880926061121, 0.03176880926061121, 0.03176880926061121, 0.03176880926061121, 0.03176880926061121, 0.03176880926061121, 0.03176880926061121, 0.03176880926061121, 0.03176880926061121, 0.03176880926061121, 0.03176880926061121, 0.03176880926061121, 0.03176880926061121, 0.03176880926061121, 0.03176880926061121, 0.03176880926061121, 0.03176880926061121, 0.03176880926061121, 0.03176880926061121, 0.03176880926061121, 0.03176880926061121, 0.03176880926061121, 0.03176880926061121, 0.03176880926061121, 0.03176880926061121, 0.03176880926061121, 0.03176880926061121, 0.03176880926061121, 0.03176880926061121, 0.03176880926061121, 0.03176880926061121, 0.03176880926061121, 0.03176880926061121, 0.03176880926061121, 0.03176880926061121, 0.03176880926061121, 0.03176880926061121, 0.03176880926061121, 0.03176880926061121, 0.03176880926061121, 0.03176880926061121, 0.03176880926061121, 0.03176880926061121, 0.03176880926061121, 0.03176880926061121, 0.03176880926061121, 0.03176880926061121, 0.03176880926061121, 0.03176880926061121, 0.03176880926061121, 0.03176880926061121, 0.03176880926061121, 0.03176880926061121, 0.03176880926061121, 0.03176880926061121, 0.03176880926061121, 0.027797708103034946, 0.027797708103034946, 0.027797708103034946, 0.027797708103034946, 0.027797708103034946, 0.027797708103034946, 0.027797708103034946, 0.027797708103034946, 0.027797708103034946, 0.027797708103034946, 0.027797708103034946, 0.027797708103034946, 0.027797708103034946, 0.027797708103034946, 0.027797708103034946, 0.027797708103034946, 0.027797708103034946, 0.027797708103034946, 0.027797708103034946, 0.027797708103034946, 0.027797708103034946, 0.027797708103034946, 0.027797708103034946, 0.027797708103034946, 0.027797708103034946, 0.027797708103034946, 0.027797708103034946, 0.027797708103034946, 0.027797708103034946, 0.027797708103034946, 0.027797708103034946, 0.027797708103034946, 0.027797708103034946, 0.027797708103034946, 0.027797708103034946, 0.027797708103034946, 0.027797708103034946, 0.027797708103034946, 0.027797708103034946, 0.027797708103034946, 0.027797708103034946, 0.027797708103034946, 0.027797708103034946, 0.027797708103034946],