{"p_array": [0.001, 0.053526315789473686, 0.10605263157894737, 0.15857894736842104, 0.21110526315789474, 0.26363157894736844, 0.3161578947368421, 0.3686842105263158, 0.4212105263157895, 0.4737368421052632, 0.5262631578947369, 0.5787894736842105, 0.6313157894736842, 0.6838421052631579, 0.7363684210526316, 0.7888947368421053, 0.841421052631579, 0.8939473684210526, 0.9464736842105264, 0.999], "mean_sharpness": [-1.5127362280150523, -0.36763508566949765], "sharpness_error_true_minus_model": [], "posterior_variance": [1.2063453167550493, 0.1448518222641864], "bias_mse": [], "bias_nmse": [], "f_calibration": [], "f_calibration_mse": [], "f_calibration_nmse": [], "y_calibration": [[0.0, 0.0, 0.0, 0.023399999365210533, 0.24959999322891235, 0.3790000081062317, 0.44780001044273376, 0.49619999527931213, 0.5270000100135803, 0.5568000078201294, 0.5813999772071838, 0.6051999926567078, 0.6244000196456909, 0.6474000215530396, 0.670199990272522, 0.6952000260353088, 0.7275999784469604, 0.7943999767303467, 1.0, 1.0], [0.054999999701976776, 0.19979999959468842, 0.27000001072883606, 0.33219999074935913, 0.37959998846054077, 0.4293999969959259, 0.46700000762939453, 0.5072000026702881, 0.5425999760627747, 0.5740000009536743, 0.5997999906539917, 0.6284000277519226, 0.6564000248908997, 0.6830000281333923, 0.7093999981880188, 0.7379999756813049, 0.774399995803833, 0.8167999982833862, 0.8596000075340271, 0.9369999766349792]], "y_calibration_mse": [0.007143025226498891, 0.01187918296039837], "y_calibration_nmse": [0.07786398981959276, 0.12949143419823847], "calibration_local_dist_to_nearest_train_sample": [[0.5014892658615698, 0.6580701632790278, 0.8146510606964859, 0.9712319581139439, 1.127812855531402, 1.2843937529488598, 1.4409746503663179, 1.597555547783776, 1.754136445201234, 1.910717342618692, 2.06729824003615, 2.223879137453608, 2.3804600348710663, 2.5370409322885243, 2.6936218297059824, 2.8502027271234405, 3.0067836245408985, 3.1633645219583566, 3.3199454193758147, 3.4765263167932727], [0.464616687002664, 0.5843250055612162, 0.7040333241197685, 0.8237416426783207, 0.943449961236873, 1.063158279795425, 1.1828665983539774, 1.3025749169125298, 1.422283235471082, 1.541991554029634, 1.6616998725881866, 1.7814081911467388, 1.901116509705291, 2.020824828263843, 2.1405331468223956, 2.2602414653809477, 2.3799497839395, 2.499658102498052, 2.6193664210566046, 2.7390747396151567]], "calibration_local_y": [[0.03136563395861601, 0.01375677967235631, 0.028500306372705807, 0.020731671567096033, 0.02003943281682605, 0.021160962496949435, 0.022704081452818346, 0.015905842951827388, 0.005970209487843581, 0.005645928850094109, 0.006202379771433614, 0.005177861861356581, 0.010190560374278474, 0.020773889565794644, 0.036638279215916454, 0.031640383361937655, 0.1407272738184227, 0.19153780129081102, 0.21807986203411253, 0.24718984210526312], [0.033967249705877736, 0.03038852180893894, 0.038631721551490486, 0.0381036109750979, 0.04445780745802734, 0.0378402140181692, 0.029342289105260138, 0.024749485804676057, 0.01589817720628537, 0.00970528595889964, 0.010588094033482804, 0.017142905308346838, 0.020773025568398475, 0.018135460908271672, 0.036829175917112565, 0.042713218186622215, 0.045500843591141336, 0.03188556578947368, 0.0699351034614194, 0.05944305789047453]], "elpd": [-1.4199101379177372, -2.0443053666252164], "expected_improvement": [null, null], "actual_improvement": [null, [[0.09774939319596898]]], "mse": [0.9823846786318925, 0.465716099760615], "nmse": [1.0014028035358082, 0.4747319640627197], "y_regret_pool": [0.10392094347921743, 0.10392094347921743, 0.10392094347921743, 0.04558983918915849, 0.04558983918915849, 0.04558983918915849, 0.04558983918915849, 0.04558983918915849, 0.04558983918915849, 0.04558983918915849, 0.04558983918915849, 0.04558983918915849, 0.04558983918915849, 0.04558983918915849, 0.04558983918915849, 0.04558983918915849, 0.04558983918915849, 0.04558983918915849, 0.016523828177729794, 0.016523828177729794, 0.016523828177729794, 0.016523828177729794, 0.016523828177729794, 0.016523828177729794, 0.016523828177729794, 0.016523828177729794, 0.016523828177729794, 0.016523828177729794, 0.016523828177729794, 0.016523828177729794, 0.016523828177729794, 0.016523828177729794, 0.016523828177729794, 0.016523828177729794, 0.016523828177729794, 0.016523828177729794, 0.016523828177729794, 0.016523828177729794, 0.016523828177729794, 0.010750442428884233, 0.008958702024070453, 0.008958702024070453, 0.008958702024070453, 0.008958702024070453, 0.008958702024070453, 0.008958702024070453, 0.008958702024070453, 0.008958702024070453, 0.008958702024070453, 0.008958702024070453, 0.008958702024070453, 0.008958702024070453, 0.008958702024070453, 0.008958702024070453, 0.008958702024070453, 0.008958702024070453, 0.008958702024070453, 0.008958702024070453, 0.008958702024070453, 0.008958702024070453, 0.008958702024070453, 0.008958702024070453, 0.008958702024070453, 0.008958702024070453, 0.008958702024070453, 0.008958702024070453, 0.008958702024070453, 0.008958702024070453, 0.008958702024070453, 0.008958702024070453, 0.008958702024070453, 0.008958702024070453, 0.008958702024070453, 0.008958702024070453, 0.008958702024070453, 0.008958702024070453, 0.008958702024070453, 0.008958702024070453, 0.008958702024070453, 0.008958702024070453, 0.008958702024070453, 0.008958702024070453, 0.008958702024070453, 0.008958702024070453, 0.008958702024070453, 0.008958702024070453, 0.008958702024070453, 0.008958702024070453, 0.008958702024070453, 0.008958702024070453, 0.008958702024070453, 0.008958702024070453, 0.008958702024070453, 0.008958702024070453, 0.008958702024070453, 0.008958702024070453, 0.008958702024070453, 0.008958702024070453, 0.008958702024070453, 0.008958702024070453, 0.008958702024070453], "y_regret_test": [0.10849983562485344, 0.10849983562485344, 0.10849983562485344, 0.05016873133479449, 0.05016873133479449, 0.05016873133479449, 0.05016873133479449, 0.05016873133479449, 0.05016873133479449, 0.05016873133479449, 0.05016873133479449, 0.05016873133479449, 0.05016873133479449, 0.05016873133479449, 0.05016873133479449, 0.05016873133479449, 0.05016873133479449, 0.05016873133479449, 0.021102720323365798, 0.021102720323365798, 0.021102720323365798, 0.021102720323365798, 0.021102720323365798, 0.021102720323365798, 0.021102720323365798, 0.021102720323365798, 0.021102720323365798, 0.021102720323365798, 0.021102720323365798, 0.021102720323365798, 0.021102720323365798, 0.021102720323365798, 0.021102720323365798, 0.021102720323365798, 0.021102720323365798, 0.021102720323365798, 0.021102720323365798, 0.021102720323365798, 0.021102720323365798, 0.015329334574520237, 0.013537594169706457, 0.013537594169706457, 0.013537594169706457, 0.013537594169706457, 0.013537594169706457, 0.013537594169706457, 0.013537594169706457, 0.013537594169706457, 0.013537594169706457, 0.013537594169706457, 0.013537594169706457, 0.013537594169706457, 0.013537594169706457, 0.013537594169706457, 0.013537594169706457, 0.013537594169706457, 0.013537594169706457, 0.013537594169706457, 0.013537594169706457, 0.013537594169706457, 0.013537594169706457, 0.013537594169706457, 0.013537594169706457, 0.013537594169706457, 0.013537594169706457, 0.013537594169706457, 0.013537594169706457, 0.013537594169706457, 0.013537594169706457, 0.013537594169706457, 0.013537594169706457, 0.013537594169706457, 0.013537594169706457, 0.013537594169706457, 0.013537594169706457, 0.013537594169706457, 0.013537594169706457, 0.013537594169706457, 0.013537594169706457, 0.013537594169706457, 0.013537594169706457, 0.013537594169706457, 0.013537594169706457, 0.013537594169706457, 0.013537594169706457, 0.013537594169706457, 0.013537594169706457, 0.013537594169706457, 0.013537594169706457, 0.013537594169706457, 0.013537594169706457, 0.013537594169706457, 0.013537594169706457, 0.013537594169706457, 0.013537594169706457, 0.013537594169706457, 0.013537594169706457, 0.013537594169706457, 0.013537594169706457, 0.013537594169706457, 0.013537594169706457], "f_regret_pool": [],