{"p_array": [0.001, 0.053526315789473686, 0.10605263157894737, 0.15857894736842104, 0.21110526315789474, 0.26363157894736844, 0.3161578947368421, 0.3686842105263158, 0.4212105263157895, 0.4737368421052632, 0.5262631578947369, 0.5787894736842105, 0.6313157894736842, 0.6838421052631579, 0.7363684210526316, 0.7888947368421053, 0.841421052631579, 0.8939473684210526, 0.9464736842105264, 0.999], "mean_sharpness": [-0.4261622152144913, -0.009379709563539203], "sharpness_error_true_minus_model": [], "posterior_variance": [0.1632577706347472, 0.06370739807936884], "bias_mse": [], "bias_nmse": [], "f_calibration": [], "f_calibration_mse": [], "f_calibration_nmse": [], "y_calibration": [[0.024000000208616257, 0.11919999867677689, 0.17260000109672546, 0.2313999980688095, 0.28119999170303345, 0.33500000834465027, 0.3799999952316284, 0.42320001125335693, 0.4580000042915344, 0.48339998722076416, 0.5094000101089478, 0.5271999835968018, 0.5404000282287598, 0.5515999794006348, 0.5627999901771545, 0.576200008392334, 0.5899999737739563, 0.602400004863739, 0.6218000054359436, 0.703000009059906], [0.10840000212192535, 0.24899999797344208, 0.319599986076355, 0.3718000054359436, 0.41280001401901245, 0.4465999901294708, 0.475600004196167, 0.5049999952316284, 0.5266000032424927, 0.5432000160217285, 0.5564000010490417, 0.5651999711990356, 0.5767999887466431, 0.5867999792098999, 0.598800003528595, 0.6093999743461609, 0.6218000054359436, 0.6388000249862671, 0.6600000262260437, 0.7735999822616577]], "y_calibration_mse": [0.023919040169016748, 0.02928679323916179], "y_calibration_nmse": [0.260734330505453, 0.31924660746862976], "calibration_local_dist_to_nearest_train_sample": [[0.48574772489633683, 0.6261761368284074, 0.766604548760478, 0.9070329606925487, 1.0474613726246194, 1.18788978455669, 1.3283181964887605, 1.4687466084208312, 1.6091750203529018, 1.7496034322849725, 1.890031844217043, 2.0304602561491136, 2.1708886680811843, 2.3113170800132545, 2.451745491945325, 2.592173903877396, 2.7326023158094666, 2.8730307277415372, 3.013459139673608, 3.1538875516056786], [0.4814120465491899, 0.6175047801341136, 0.7535975137190374, 0.8896902473039611, 1.0257829808888848, 1.1618757144738086, 1.2979684480587323, 1.434061181643656, 1.5701539152285797, 1.7062466488135033, 1.842339382398427, 1.978432115983351, 2.1145248495682747, 2.2506175831531983, 2.386710316738122, 2.522803050323046, 2.658895783907969, 2.794988517492893, 2.931081251077817, 3.0671739846627406]], "calibration_local_y": [[0.1418151071046121, 0.02200841047577402, 0.025950079652291007, 0.021785961211061362, 0.01590289784023472, 0.016118956811830346, 0.01637443335467097, 0.019809435006146507, 0.01749015442831648, 0.024831113611601258, 0.023517316652573603, 0.04866931471654529, 0.055828178995422716, 0.0870210470933526, 0.0902726161318326, 0.11353552650434448, 0.1067862235690569, 0.12722806419625135, 0.1732414185127914, 0.3198872105263158], [0.04993780658242297, 0.04202951950076902, 0.050923075262096974, 0.060910685094695584, 0.049143008617838976, 0.057303174956114714, 0.04259374734106408, 0.03501387025173051, 0.03943584333003941, 0.0425748071848361, 0.048625541580862686, 0.09980915366343578, 0.09504400631122416, 0.15255367059514785, 0.19895389426502438, 0.15201879771907956, 0.23358457577157807, 0.16046909803598317, 0.2938172102890893, 0.05684773684210527]], "elpd": [-5.93323186105899, -4.241903957471746], "expected_improvement": [null, null], "actual_improvement": [null, [[0.014941281742600676]]], "mse": [0.9448681462094163, 0.6228380884794337], "nmse": [0.9332964842151034, 0.6152102815034214], "y_regret_pool": [0.04980427247533581, 0.04980427247533581, 0.04980427247533581, 0.04980427247533581, 0.04980427247533581, 0.04980427247533581, 0.04980427247533581, 0.04980427247533581, 0.04980427247533581, 0.04980427247533581, 0.04980427247533581, 0.04980427247533581, 0.04980427247533581, 0.04980427247533581, 0.04980427247533581, 0.04980427247533581, 0.020718577349739586, 0.00478121015763211, 0.00478121015763211, 0.00478121015763211, 0.00478121015763211, 0.00478121015763211, 0.00478121015763211, 0.00478121015763211, 0.00478121015763211, 0.00478121015763211, 0.00478121015763211, 0.00478121015763211, 0.00478121015763211, 0.00478121015763211, 0.00478121015763211, 0.00478121015763211, 0.00398434179802698, 0.00398434179802698, 0.0, 0.0, 0.0, 0.0, 0.0, 0.0, 0.0, 0.0, 0.0, 0.0, 0.0, 0.0, 0.0, 0.0, 0.0, 0.0, 0.0, 0.0, 0.0, 0.0, 0.0, 0.0, 0.0, 0.0, 0.0, 0.0, 0.0, 0.0, 0.0, 0.0, 0.0, 0.0, 0.0, 0.0, 0.0, 0.0, 0.0, 0.0, 0.0, 0.0, 0.0, 0.0, 0.0, 0.0, 0.0, 0.0, 0.0, 0.0, 0.0, 0.0, 0.0, 0.0, 0.0, 0.0, 0.0, 0.0, 0.0, 0.0, 0.0, 0.0, 0.0, 0.0, 0.0, 0.0, 0.0, 0.0, 0.0], "y_regret_test": [0.04840975284602633, 0.04840975284602633, 0.04840975284602633, 0.04840975284602633, 0.04840975284602633, 0.04840975284602633, 0.04840975284602633, 0.04840975284602633, 0.04840975284602633, 0.04840975284602633, 0.04840975284602633, 0.04840975284602633, 0.04840975284602633, 0.04840975284602633, 0.04840975284602633, 0.04840975284602633, 0.01932405772043011, 0.0033866905283226334, 0.0033866905283226334, 0.0033866905283226334, 0.0033866905283226334, 0.0033866905283226334, 0.0033866905283226334, 0.0033866905283226334, 0.0033866905283226334, 0.0033866905283226334, 0.0033866905283226334, 0.0033866905283226334, 0.0033866905283226334, 0.0033866905283226334, 0.0033866905283226334, 0.0033866905283226334, 0.002589822168717504, 0.002589822168717504, 0.0013945196293094764, 0.0013945196293094764, 0.0013945196293094764, 0.0013945196293094764, 0.0013945196293094764, 0.0013945196293094764, 0.0013945196293094764, 0.0013945196293094764, 0.0013945196293094764, 0.0013945196293094764, 0.0013945196293094764, 0.0013945196293094764, 0.0013945196293094764, 0.0013945196293094764, 0.0013945196293094764, 0.0013945196293094764, 0.0013945196293094764, 0.0013945196293094764, 0.0013945196293094764, 0.0013945196293094764, 0.0013945196293094764, 0.0013945196293094764, 0.0013945196293094764, 0.0013945196293094764, 0.0013945196293094764, 0.0013945196293094764, 0.0013945196293094764, 0.0013945196293094764, 0.0013945196293094764, 0.0013945196293094764, 0.0013945196293094764, 0.0013945196293094764, 0.0013945196293094764, 0.0013945196293094764, 0.0013945196293094764, 0.0013945196293094764, 0.0013945196293094764, 0.0013945196293094764, 0.0013945196293094764, 0.0013945196293094764, 0.0013945196293094764, 0.0013945196293094764, 0.0013945196293094764, 0.0013945196293094764, 0.0013945196293094764, 0.0013945196293094764, 0.0013945196293094764, 0.0013945196293094764, 0.0013945196293094764, 0.0013945196293094764, 0.0013945196293094764, 0.0013945196293094764, 0.0013945196293094764, 0.0013945196293094764, 0.0013945196293094764, 0.0013945196293094764, 0.0013945196293094764, 0.0013945196293094764, 0.0013945196293094764, 0.0013945196293094764, 0.0013945196293094764, 0.0013945196293094764, 0.0013945196293094764, 0.0013945196293094764, 0.0013945196293094764, 0.0013945196293094764, 0.0013945196293094764], "f_regret_pool": [], "f_regret_test": [],