{"p_array": [0.001, 0.053526315789473686, 0.10605263157894737, 0.15857894736842104, 0.21110526315789474, 0.26363157894736844, 0.3161578947368421, 0.3686842105263158, 0.4212105263157895, 0.4737368421052632, 0.5262631578947369, 0.5787894736842105, 0.6313157894736842, 0.6838421052631579, 0.7363684210526316, 0.7888947368421053, 0.841421052631579, 0.8939473684210526, 0.9464736842105264, 0.999], "mean_sharpness": [1.5160104789303652, 0.4731531082313535], "sharpness_error_true_minus_model": [], "posterior_variance": [0.002925308521287697, 0.03606745406757858], "bias_mse": [], "bias_nmse": [], "f_calibration": [], "f_calibration_mse": [], "f_calibration_nmse": [], "y_calibration": [[0.5383999943733215, 0.5527999997138977, 0.557200014591217, 0.5590000152587891, 0.5604000091552734, 0.5609999895095825, 0.5619999766349792, 0.5644000172615051, 0.5659999847412109, 0.5667999982833862, 0.5684000253677368, 0.5699999928474426, 0.5712000131607056, 0.5722000002861023, 0.5740000009536743, 0.5763999819755554, 0.5784000158309937, 0.5803999900817871, 0.5835999846458435, 0.5947999954223633], [0.4927999973297119, 0.5392000079154968, 0.5496000051498413, 0.5580000281333923, 0.5627999901771545, 0.5663999915122986, 0.5716000199317932, 0.5759999752044678, 0.5809999704360962, 0.5838000178337097, 0.5870000123977661, 0.5899999737739563, 0.5938000082969666, 0.5974000096321106, 0.6015999913215637, 0.6060000061988831, 0.6111999750137329, 0.6195999979972839, 0.6402000188827515, 0.7537999749183655]], "y_calibration_mse": [0.0896370822589854, 0.07708773848160895], "y_calibration_nmse": [0.9771071274646186, 0.8403104698664836], "calibration_local_dist_to_nearest_train_sample": [[0.5052561895343232, 0.6689007158742097, 0.8325452422140962, 0.9961897685539828, 1.1598342948938694, 1.3234788212337558, 1.4871233475736425, 1.650767873913529, 1.8144124002534154, 1.9780569265933021, 2.1417014529331886, 2.305345979273075, 2.4689905056129615, 2.6326350319528484, 2.796279558292735, 2.9599240846326214, 3.123568610972508, 3.2872131373123943, 3.450857663652281, 3.6145021899921677], [0.48131316568963184, 0.6210146681848271, 0.7607161706800223, 0.9004176731752176, 1.040119175670413, 1.179820678165608, 1.3195221806608033, 1.4592236831559986, 1.598925185651194, 1.7386266881463892, 1.8783281906415843, 2.0180296931367794, 2.1577311956319747, 2.29743269812717, 2.4371342006223653, 2.5768357031175606, 2.716537205612756, 2.856238708107951, 2.9959402106031465, 3.135641713098342]], "calibration_local_y": [[0.13765558517178278, 0.22401507712244792, 0.2235556476897312, 0.1739576247785823, 0.16085257400286965, 0.15582807872212956, 0.15510103918706442, 0.1367302426420352, 0.11048509001648406, 0.1094172065078645, 0.08227162780619465, 0.08750985613285198, 0.16445249987124222, 0.2377305848539626, 0.2807132243004144, 0.3047235627490549, 0.3417372105263158, 0.3417372105263158, 0.3417372105263158, 0.3417372105263158], [0.09507747848269964, 0.08121863885155536, 0.06103457057320889, 0.07757337583292212, 0.10330767924791565, 0.08816267734977476, 0.1041355688724245, 0.1349751259201038, 0.09507309276482787, 0.09717425413177196, 0.0836734185227422, 0.07238373972901249, 0.07391042895706172, 0.07236630620916047, 0.1336293428483195, 0.17125632530030566, 0.2659853900343513, 0.20413135672370517, 0.3417372105263158, 0.3417372105263158]], "elpd": [-178.64397038445264, -44.525016162505445], "expected_improvement": [null, null], "actual_improvement": [null, [[2.566940593129476]]], "mse": [0.9895273704956642, 0.9333734488222315], "nmse": [0.9967484624463607, 0.9401847566235588], "y_regret_pool": [0.05820008748207517, 0.05820008748207517, 0.05820008748207517, 0.05820008748207517, 0.05820008748207517, 0.05820008748207517, 0.05820008748207517, 0.05820008748207517, 0.05820008748207517, 0.05820008748207517, 0.05820008748207517, 0.05820008748207517, 0.05820008748207517, 0.05820008748207517, 0.05820008748207517, 0.05820008748207517, 0.05820008748207517, 0.05820008748207517, 0.05820008748207517, 0.05820008748207517, 0.05820008748207517, 0.05820008748207517, 0.05820008748207517, 0.05820008748207517, 0.05820008748207517, 0.05820008748207517, 0.05820008748207517, 0.05820008748207517, 0.05820008748207517, 0.05820008748207517, 0.05820008748207517, 0.05820008748207517, 0.05820008748207517, 0.05820008748207517, 0.05820008748207517, 0.05820008748207517, 0.05820008748207517, 0.05820008748207517, 0.05820008748207517, 0.05820008748207517, 0.05820008748207517, 0.05820008748207517, 0.05820008748207517, 0.05820008748207517, 0.05820008748207517, 0.05820008748207517, 0.05820008748207517, 0.05820008748207517, 0.05820008748207517, 0.05820008748207517, 0.05820008748207517, 0.05820008748207517, 0.05820008748207517, 0.05820008748207517, 0.05820008748207517, 0.05820008748207517, 0.05820008748207517, 0.05820008748207517, 0.05820008748207517, 0.05820008748207517, 0.05820008748207517, 0.05820008748207517, 0.05820008748207517, 0.05820008748207517, 0.05820008748207517, 0.05820008748207517, 0.05820008748207517, 0.05820008748207517, 0.05820008748207517, 0.05820008748207517, 0.05820008748207517, 0.05820008748207517, 0.05820008748207517, 0.05820008748207517, 0.05820008748207517, 0.05820008748207517, 0.05820008748207517, 0.05820008748207517, 0.05820008748207517, 0.05820008748207517, 0.05820008748207517, 0.05820008748207517, 0.05820008748207517, 0.05820008748207517, 0.05820008748207517, 0.05820008748207517, 0.05820008748207517, 0.05820008748207517, 0.05820008748207517, 0.05820008748207517, 0.05820008748207517, 0.05820008748207517, 0.05820008748207517, 0.05820008748207517, 0.05820008748207517, 0.05820008748207517, 0.05820008748207517, 0.05820008748207517, 0.05820008748207517, 0.05820008748207517, 0.05820008748207517], "y_regret_test": [0.055428654744833494, 0.055428654744833494, 0.055428654744833494, 0.055428654744833494, 0.055428654744833494, 0.055428654744833494, 0.055428654744833494, 0.055428654744833494, 0.055428654744833494, 0.055428654744833494, 0.055428654744833494, 0.055428654744833494, 0.055428654744833494, 0.055428654744833494, 0.055428654744833494, 0.055428654744833494, 0.055428654744833494, 0.055428654744833494, 0.055428654744833494, 0.055428654744833494, 0.055428654744833494, 0.055428654744833494, 0.055428654744833494, 0.055428654744833494, 0.055428654744833494, 0.055428654744833494, 0.055428654744833494, 0.055428654744833494, 0.055428654744833494, 0.055428654744833494, 0.055428654744833494, 0.055428654744833494, 0.055428654744833494, 0.055428654744833494, 0.055428654744833494, 0.055428654744833494, 0.055428654744833494, 0.055428654744833494, 0.055428654744833494, 0.055428654744833494, 0.055428654744833494, 0.055428654744833494, 0.055428654744833494, 0.055428654744833494, 0.055428654744833494, 0.055428654744833494, 0.055428654744833494, 0.055428654744833494, 0.055428654744833494, 0.055428654744833494, 0.055428654744833494, 0.055428654744833494, 0.055428654744833494, 0.055428654744833494, 0.055428654744833494, 0.055428654744833494, 0.055428654744833494, 0.055428654744833494, 0.055428654744833494, 0.055428654744833494, 0.055428654744833494, 0.055428654744833494, 0.055428654744833494, 0.055428654744833494, 0.055428654744833494, 0.055428654744833494, 0.055428654744833494, 0.055428654744833494, 0.055428654744833494, 0.055428654744833494, 0.055428654744833494, 0.055428654744833494, 0.055428654744833494, 0.055428654744833494, 0.055428654744833494, 0.055428654744833494, 0.055428654744833494, 0.055428654744833494, 0.055428654744833494, 0.055428654744833494, 0.055428654744833494, 0.055428654744833494, 0.055428654744833494, 0.055428654744833494, 0.055428654744833494, 0.055428654744833494, 0.055428654744833494, 0.055428654744833494, 0.055428654744833494, 0.055428654744833494, 0.055428654744833494, 0.055428654744833494, 0.055428654744833494, 0.055428654744833494, 0.055428654744833494, 0.055428654744833494, 0.055428654744833494, 0.055428654744833494, 0.055428654744833494, 0.055428654744833494, 0.055428654744833494], "f_regret_pool": [], "f_regret_test": [],