{"p_array": [0.001, 0.053526315789473686, 0.10605263157894737, 0.15857894736842104, 0.21110526315789474, 0.26363157894736844, 0.3161578947368421, 0.3686842105263158, 0.4212105263157895, 0.4737368421052632, 0.5262631578947369, 0.5787894736842105, 0.6313157894736842, 0.6838421052631579, 0.7363684210526316, 0.7888947368421053, 0.841421052631579, 0.8939473684210526, 0.9464736842105264, 0.999], "mean_sharpness": [0.11970944456802145, 0.029600313987830962], "sharpness_error_true_minus_model": [], "posterior_variance": [0.05911676393755306, 0.06660858485722491], "bias_mse": [], "bias_nmse": [], "f_calibration": [], "f_calibration_mse": [], "f_calibration_nmse": [], "y_calibration": [[0.17180000245571136, 0.3174000084400177, 0.36559998989105225, 0.4000000059604645, 0.4244000017642975, 0.44999998807907104, 0.47119998931884766, 0.490200012922287, 0.5094000101089478, 0.5281999707221985, 0.548799991607666, 0.5691999793052673, 0.5871999859809875, 0.6051999926567078, 0.6233999729156494, 0.6416000127792358, 0.6610000133514404, 0.6854000091552734, 0.7233999967575073, 0.8276000022888184], [0.14059999585151672, 0.4189999997615814, 0.5072000026702881, 0.5662000179290771, 0.6029999852180481, 0.6355999708175659, 0.6643999814987183, 0.6886000037193298, 0.7113999724388123, 0.7361999750137329, 0.754800021648407, 0.7748000025749207, 0.7900000214576721, 0.8068000078201294, 0.8205999732017517, 0.8342000246047974, 0.8453999757766724, 0.86080002784729, 0.8766000270843506, 0.9330000281333923]], "y_calibration_mse": [0.027629917722302316, 0.0649619869900567], "y_calibration_nmse": [0.3011855011045532, 0.7081312655721275], "calibration_local_dist_to_nearest_train_sample": [[0.500644532059779, 0.6588144097790954, 0.8169842874984119, 0.9751541652177285, 1.133324042937045, 1.2914939206563614, 1.449663798375678, 1.6078336760949945, 1.766003553814311, 1.9241734315336276, 2.082343309252944, 2.2405131869722608, 2.398683064691577, 2.5568529424108934, 2.7150228201302102, 2.8731926978495266, 3.031362575568843, 3.1895324532881597, 3.347702331007476, 3.505872208726793], [0.4843772152757228, 0.6262797762109832, 0.7681823371462435, 0.910084898081504, 1.0519874590167644, 1.1938900199520246, 1.335792580887285, 1.4776951418225455, 1.619597702757806, 1.7615002636930663, 1.9034028246283266, 2.045305385563587, 2.187207946498847, 2.3291105074341076, 2.471013068369368, 2.6129156293046285, 2.754818190239889, 2.8967207511751494, 3.03862331211041, 3.1805258730456702]], "calibration_local_y": [[0.03420413079891625, 0.026723130720398353, 0.03405060912499152, 0.04617337706242246, 0.047957966214543415, 0.04543285377823203, 0.05085143965483073, 0.04590892763908496, 0.029952344134860857, 0.03240866386932405, 0.026815169575809962, 0.01811524944663792, 0.02066265118111155, 0.021642392832890805, 0.0666195523072802, 0.0721748313548279, 0.048955842183097516, 0.0601298990173717, 0.19472404986304778, 0.27612036756249475], [0.015415594697785372, 0.0275429021606663, 0.033657718522038346, 0.053681144597991615, 0.06888186430424154, 0.068509246427326, 0.07655210406909006, 0.07646382513189669, 0.07766046310120603, 0.05834453776472407, 0.08311837087227807, 0.052984675583892436, 0.07695927505471728, 0.09179302836682277, 0.11974468698197445, 0.10143307528588386, 0.11382829692827197, 0.15088407577720855, 0.15954826063046987, 0.2918372105263158]], "elpd": [-8.143270512738413, -2.8435368747001966], "expected_improvement": [null, null], "actual_improvement": [null, [[0.04681793386285049]]], "mse": [0.7537802025143782, 0.44275663220917877], "nmse": [0.7357275395884537, 0.4321528299166433], "y_regret_pool": [0.10303946982635881, 0.10303946982635881, 0.10303946982635881, 0.10303946982635881, 0.10303946982635881, 0.10303946982635881, 0.10303946982635881, 0.10303946982635881, 0.0032012262470320074, 0.0032012262470320074, 0.0032012262470320074, 0.0032012262470320074, 0.0032012262470320074, 0.0032012262470320074, 0.0032012262470320074, 0.0032012262470320074, 0.0032012262470320074, 0.0032012262470320074, 0.0032012262470320074, 0.0032012262470320074, 0.0032012262470320074, 0.0032012262470320074, 0.0032012262470320074, 0.0032012262470320074, 0.0032012262470320074, 0.0032012262470320074, 0.0032012262470320074, 0.0032012262470320074, 0.0032012262470320074, 0.0032012262470320074, 0.0032012262470320074, 0.0032012262470320074, 0.0032012262470320074, 0.0032012262470320074, 0.0032012262470320074, 0.0032012262470320074, 0.0032012262470320074, 0.0032012262470320074, 0.0032012262470320074, 0.0032012262470320074, 0.0, 0.0, 0.0, 0.0, 0.0, 0.0, 0.0, 0.0, 0.0, 0.0, 0.0, 0.0, 0.0, 0.0, 0.0, 0.0, 0.0, 0.0, 0.0, 0.0, 0.0, 0.0, 0.0, 0.0, 0.0, 0.0, 0.0, 0.0, 0.0, 0.0, 0.0, 0.0, 0.0, 0.0, 0.0, 0.0, 0.0, 0.0, 0.0, 0.0, 0.0, 0.0, 0.0, 0.0, 0.0, 0.0, 0.0, 0.0, 0.0, 0.0, 0.0, 0.0, 0.0, 0.0, 0.0, 0.0, 0.0, 0.0, 0.0, 0.0, 0.0], "y_regret_test": [0.10303946982635881, 0.10303946982635881, 0.10303946982635881, 0.10303946982635881, 0.10303946982635881, 0.10303946982635881, 0.10303946982635881, 0.10303946982635881, 0.0032012262470320074, 0.0032012262470320074, 0.0032012262470320074, 0.0032012262470320074, 0.0032012262470320074, 0.0032012262470320074, 0.0032012262470320074, 0.0032012262470320074, 0.0032012262470320074, 0.0032012262470320074, 0.0032012262470320074, 0.0032012262470320074, 0.0032012262470320074, 0.0032012262470320074, 0.0032012262470320074, 0.0032012262470320074, 0.0032012262470320074, 0.0032012262470320074, 0.0032012262470320074, 0.0032012262470320074, 0.0032012262470320074, 0.0032012262470320074, 0.0032012262470320074, 0.0032012262470320074, 0.0032012262470320074, 0.0032012262470320074, 0.0032012262470320074, 0.0032012262470320074, 0.0032012262470320074, 0.0032012262470320074, 0.0032012262470320074, 0.0032012262470320074, 0.0, 0.0, 0.0, 0.0, 0.0, 0.0, 0.0, 0.0, 0.0, 0.0, 0.0, 0.0, 0.0, 0.0, 0.0, 0.0, 0.0, 0.0, 0.0, 0.0, 0.0, 0.0, 0.0, 0.0, 0.0, 0.0, 0.0, 0.0, 0.0, 0.0, 0.0, 0.0, 0.0, 0.0, 0.0, 0.0, 0.0, 0.0, 0.0, 0.0, 0.0, 0.0, 0.0, 0.0, 0.0, 0.0, 0.0, 0.0, 0.0, 0.0, 0.0, 0.0, 0.0, 0.0, 0.0, 0.0, 0.0, 0.0, 0.0, 0.0, 0.0], "f_regret_pool": [], "f_regret_test": [], "x_y_opt_dist_pool": [1.4669913257254317, 1.4669913257254317, 1.4669913257254317, 1.4669913257254317, 1.4669913257254317, 1.4669913257254317, 1.4669913257254317, 1.4669913257254317, 1.4669913257254317, 0.597080407022737, 0.597080407022737, 0.597080407022737, 0.597080407022737, 0.597080407022737, 0.597080407022737, 0.597080407022737, 0.597080407022737, 0.597080407022737, 0.597080407022737, 0.597080407022737, 0.597080407022737, 0.597080407022737, 0.597080407022737, 0.597080407022737, 0.597080407022737, 0.597080407022737, 0.597080407022737, 0.597080407022737, 0.597080407022737, 0.597080407022737, 0.597080407022737, 0.597080407022737, 0.597080407022737, 0.597080407022737, 0.597080407022737, 0.597080407022737, 0.597080407022737, 0.597080407022737, 0.597080407022737, 0.597080407022737, 0.597080407022737, 0.0, 0.0, 0.0, 0.0, 0.0, 0.0, 0.0, 0.0, 0.0, 0.0, 0.0, 0.0, 0.0, 0.0, 0.0, 0.0, 0.0, 0.0, 0.0, 0.0, 0.0, 0.0, 0.0, 0.0, 0.0, 0.0, 0.0, 0.0, 0.0, 0.0, 0.0, 0.0, 0.0, 0.0, 0.0, 0.0, 0.0, 0.0, 0.0, 0.0, 0.0, 0.0, 0.0, 0.0, 0.0, 0.0, 0.0, 0.0, 0.0, 0.0, 0.0, 0.0, 0.0, 0.0, 0.0, 0.0, 0.0, 0.0, 0.0, 0.0, 0.0, 0.0], "x_f_opt_dist_pool": [],