{"p_array": [0.001, 0.053526315789473686, 0.10605263157894737, 0.15857894736842104, 0.21110526315789474, 0.26363157894736844, 0.3161578947368421, 0.3686842105263158, 0.4212105263157895, 0.4737368421052632, 0.5262631578947369, 0.5787894736842105, 0.6313157894736842, 0.6838421052631579, 0.7363684210526316, 0.7888947368421053, 0.841421052631579, 0.8939473684210526, 0.9464736842105264, 0.999], "mean_sharpness": [0.9644281229538745, 0.7522914902918576], "sharpness_error_true_minus_model": [], "posterior_variance": [0.009225229656839307, 0.014007666043201947], "bias_mse": [], "bias_nmse": [], "f_calibration": [], "f_calibration_mse": [], "f_calibration_nmse": [], "y_calibration": [[0.5514000058174133, 0.5726000070571899, 0.5771999955177307, 0.5806000232696533, 0.5843999981880188, 0.5867999792098999, 0.5892000198364258, 0.5906000137329102, 0.5935999751091003, 0.5965999960899353, 0.5985999703407288, 0.6015999913215637, 0.6025999784469604, 0.6051999926567078, 0.6068000197410583, 0.6087999939918518, 0.6104000210762024, 0.6150000095367432, 0.620199978351593, 0.640999972820282], [0.5523999929428101, 0.5794000029563904, 0.5861999988555908, 0.5917999744415283, 0.5946000218391418, 0.6000000238418579, 0.6029999852180481, 0.6046000123023987, 0.6074000000953674, 0.6101999878883362, 0.6128000020980835, 0.6146000027656555, 0.6186000108718872, 0.620199978351593, 0.6233999729156494, 0.6284000277519226, 0.6331999897956848, 0.6377999782562256, 0.6453999876976013, 0.6729999780654907]], "y_calibration_mse": [0.09063216322492688, 0.09038173476118237], "y_calibration_nmse": [0.9879542086024959, 0.9852243625312261], "calibration_local_dist_to_nearest_train_sample": [[0.5071285340475428, 0.6677195702996999, 0.8283106065518568, 0.9889016428040138, 1.1494926790561708, 1.310083715308328, 1.470674751560485, 1.631265787812642, 1.791856824064799, 1.952447860316956, 2.113038896569113, 2.27362993282127, 2.4342209690734276, 2.5948120053255845, 2.7554030415777415, 2.9159940778298985, 3.0765851140820555, 3.2371761503342125, 3.3977671865863694, 3.5583582228385264], [0.44413941733716245, 0.5433234346043803, 0.6425074518715982, 0.741691469138816, 0.8408754864060338, 0.9400595036732518, 1.0392435209404696, 1.1384275382076874, 1.2376115554749052, 1.336795572742123, 1.4359795900093408, 1.5351636072765589, 1.6343476245437767, 1.7335316418109945, 1.8327156590782123, 1.9318996763454301, 2.031083693612648, 2.130267710879866, 2.2294517281470836, 2.3286357454143016]], "calibration_local_y": [[0.1542372105263158, 0.12795263191635656, 0.08834961603479399, 0.09213252193319835, 0.08788572306532763, 0.10538693682877429, 0.1063954386803226, 0.10839833965235116, 0.10320377814498978, 0.1100007722083661, 0.09338328042835367, 0.0917236834500157, 0.08067690919070994, 0.0891174904957183, 0.08293475000874623, 0.0899284282908925, 0.10990700746988094, 0.20065711406067427, 0.21155969176565156, 0.3417372105263158], [0.14006073457823384, 0.10412917704729578, 0.12845542927924675, 0.08470498781866778, 0.08492854344149273, 0.08167187476646728, 0.0751383448173784, 0.074843687643139, 0.08743201241818004, 0.09403517742753031, 0.10326217849557148, 0.09787030477738812, 0.11801333486740702, 0.13299598291966822, 0.11436063550541116, 0.1564592230949538, 0.1264041644453156, 0.1885932504415721, 0.19505355347861658, 0.34173721052631584]], "elpd": [-60.722807585658714, -45.133039966107255], "expected_improvement": [null, null], "actual_improvement": [null, [[2.5756088707112053]]], "mse": [0.9272903782752091, 0.9232117843573505], "nmse": [0.9201325882597774, 0.9160854771648902], "y_regret_pool": [0.12098434041167305, 0.12098434041167305, 0.12098434041167305, 0.12098434041167305, 0.12098434041167305, 0.12098434041167305, 0.12098434041167305, 0.12098434041167305, 0.12098434041167305, 0.12098434041167305, 0.12098434041167305, 0.12098434041167305, 0.12098434041167305, 0.12098434041167305, 0.12098434041167305, 0.12098434041167305, 0.12098434041167305, 0.12098434041167305, 0.12098434041167305, 0.12098434041167305, 0.12098434041167305, 0.12098434041167305, 0.12098434041167305, 0.12098434041167305, 0.12098434041167305, 0.12098434041167305, 0.12098434041167305, 0.12098434041167305, 0.12098434041167305, 0.12098434041167305, 0.12098434041167305, 0.12098434041167305, 0.12098434041167305, 0.12098434041167305, 0.12098434041167305, 0.12098434041167305, 0.12098434041167305, 0.12098434041167305, 0.12098434041167305, 0.12098434041167305, 0.12098434041167305, 0.12098434041167305, 0.12098434041167305, 0.12098434041167305, 0.12098434041167305, 0.12098434041167305, 0.12098434041167305, 0.12098434041167305, 0.12098434041167305, 0.12098434041167305, 0.12098434041167305, 0.12098434041167305, 0.12098434041167305, 0.12098434041167305, 0.12098434041167305, 0.12098434041167305, 0.12098434041167305, 0.12098434041167305, 0.12098434041167305, 0.12098434041167305, 0.12098434041167305, 0.12098434041167305, 0.12098434041167305, 0.12098434041167305, 0.12098434041167305, 0.12098434041167305, 0.12098434041167305, 0.12098434041167305, 0.12098434041167305, 0.12098434041167305, 0.12098434041167305, 0.12098434041167305, 0.12098434041167305, 0.12098434041167305, 0.12098434041167305, 0.12098434041167305, 0.12098434041167305, 0.12098434041167305, 0.12098434041167305, 0.12098434041167305, 0.002795017765286234, 0.002795017765286234, 0.002795017765286234, 0.002795017765286234, 0.002795017765286234, 0.002795017765286234, 0.002795017765286234, 0.002795017765286234, 0.002795017765286234, 0.002795017765286234, 0.002795017765286234, 0.002795017765286234, 0.002795017765286234, 0.002795017765286234, 0.002795017765286234, 0.002795017765286234, 0.002795017765286234, 0.002795017765286234, 0.002795017765286234, 0.002795017765286234, 0.002795017765286234], "y_regret_test": [0.1215832727899484, 0.1215832727899484, 0.1215832727899484, 0.1215832727899484, 0.1215832727899484, 0.1215832727899484, 0.1215832727899484, 0.1215832727899484, 0.1215832727899484, 0.1215832727899484, 0.1215832727899484, 0.1215832727899484, 0.1215832727899484, 0.1215832727899484, 0.1215832727899484, 0.1215832727899484, 0.1215832727899484, 0.1215832727899484, 0.1215832727899484, 0.1215832727899484, 0.1215832727899484, 0.1215832727899484, 0.1215832727899484, 0.1215832727899484, 0.1215832727899484, 0.1215832727899484, 0.1215832727899484, 0.1215832727899484, 0.1215832727899484, 0.1215832727899484, 0.1215832727899484, 0.1215832727899484, 0.1215832727899484, 0.1215832727899484, 0.1215832727899484, 0.1215832727899484, 0.1215832727899484, 0.1215832727899484, 0.1215832727899484, 0.1215832727899484, 0.1215832727899484, 0.1215832727899484, 0.1215832727899484, 0.1215832727899484, 0.1215832727899484, 0.1215832727899484, 0.1215832727899484, 0.1215832727899484, 0.1215832727899484, 0.1215832727899484, 0.1215832727899484, 0.1215832727899484, 0.1215832727899484, 0.1215832727899484, 0.1215832727899484, 0.1215832727899484, 0.1215832727899484, 0.1215832727899484, 0.1215832727899484, 0.1215832727899484, 0.1215832727899484, 0.1215832727899484, 0.1215832727899484, 0.1215832727899484, 0.1215832727899484, 0.1215832727899484, 0.1215832727899484, 0.1215832727899484, 0.1215832727899484, 0.1215832727899484, 0.1215832727899484, 0.1215832727899484, 0.1215832727899484, 0.1215832727899484, 0.1215832727899484, 0.1215832727899484, 0.1215832727899484, 0.1215832727899484, 0.1215832727899484, 0.1215832727899484, 0.003393950143561586, 0.003393950143561586, 0.003393950143561586, 0.003393950143561586, 0.003393950143561586, 0.003393950143561586, 0.003393950143561586, 0.003393950143561586, 0.003393950143561586, 0.003393950143561586, 0.003393950143561586, 0.003393950143561586, 0.003393950143561586, 0.003393950143561586, 0.003393950143561586, 0.003393950143561586, 0.003393950143561586, 0.003393950143561586, 0.003393950143561586, 0.003393950143561586, 0.003393950143561586], "f_regret_pool": [], "f_regret_test": [],