{"p_array": [0.001, 0.053526315789473686, 0.10605263157894737, 0.15857894736842104, 0.21110526315789474, 0.26363157894736844, 0.3161578947368421, 0.3686842105263158, 0.4212105263157895, 0.4737368421052632, 0.5262631578947369, 0.5787894736842105, 0.6313157894736842, 0.6838421052631579, 0.7363684210526316, 0.7888947368421053, 0.841421052631579, 0.8939473684210526, 0.9464736842105264, 0.999], "mean_sharpness": [-0.9948391155056852, -0.37915040297089236, -0.37915040297089236], "sharpness_error_true_minus_model": [], "posterior_variance": [0.5416500515091741, 0.25256376529171937, 0.25256376529171937], "bias_mse": [], "bias_nmse": [], "f_calibration": [], "f_calibration_mse": [], "f_calibration_nmse": [], "y_calibration": [[0.014399999752640724, 0.12460000067949295, 0.1607999950647354, 0.23420000076293945, 0.2802000045776367, 0.334199994802475, 0.3919999897480011, 0.4429999887943268, 0.47940000891685486, 0.5109999775886536, 0.5382000207901001, 0.5655999779701233, 0.6087999939918518, 0.6502000093460083, 0.7081999778747559, 0.796999990940094, 0.8417999744415283, 0.8622000217437744, 0.8844000101089478, 0.9437999725341797], [0.0031999999191612005, 0.032999999821186066, 0.062199998646974564, 0.10440000146627426, 0.15880000591278076, 0.23019999265670776, 0.3287999927997589, 0.41819998621940613, 0.47360000014305115, 0.5221999883651733, 0.5613999962806702, 0.600600004196167, 0.6621999740600586, 0.7300000190734863, 0.7960000038146973, 0.8575999736785889, 0.8956000208854675, 0.9287999868392944, 0.9598000049591064, 0.9879999756813049], [0.0031999999191612005, 0.032999999821186066, 0.062199998646974564, 0.10440000146627426, 0.15880000591278076, 0.23019999265670776, 0.3287999927997589, 0.41819998621940613, 0.47360000014305115, 0.5221999883651733, 0.5613999962806702, 0.600600004196167, 0.6621999740600586, 0.7300000190734863, 0.7960000038146973, 0.8575999736785889, 0.8956000208854675, 0.9287999868392944, 0.9598000049591064, 0.9879999756813049]], "y_calibration_mse": [0.0025236413690303138, 0.0017181367529159157, 0.0017181367529159157], "y_calibration_nmse": [0.027509462676613437, 0.018728896846313525, 0.018728896846313525], "calibration_local_dist_to_nearest_train_sample": [[0.5071285340475428, 0.6677195702996999, 0.8283106065518568, 0.9889016428040138, 1.1494926790561708, 1.310083715308328, 1.470674751560485, 1.631265787812642, 1.791856824064799, 1.952447860316956, 2.113038896569113, 2.27362993282127, 2.4342209690734276, 2.5948120053255845, 2.7554030415777415, 2.9159940778298985, 3.0765851140820555, 3.2371761503342125, 3.3977671865863694, 3.5583582228385264], [0.43224531413627554, 0.5195352282026064, 0.6068251422689375, 0.6941150563352684, 0.7814049704015993, 0.8686948844679303, 0.9559847985342612, 1.0432747126005921, 1.130564626666923, 1.217854540733254, 1.305144454799585, 1.392434368865916, 1.4797242829322468, 1.5670141969985778, 1.6543041110649086, 1.7415940251312396, 1.8288839391975706, 1.9161738532639014, 2.0034637673302322, 2.0907536813965635], [0.43224531413627554, 0.5195352282026064, 0.6068251422689375, 0.6941150563352684, 0.7814049704015993, 0.8686948844679303, 0.9559847985342612, 1.0432747126005921, 1.130564626666923, 1.217854540733254, 1.305144454799585, 1.392434368865916, 1.4797242829322468, 1.5670141969985778, 1.6543041110649086, 1.7415940251312396, 1.8288839391975706, 1.9161738532639014, 2.0034637673302322, 2.0907536813965635]], "calibration_local_y": [[0.006350952991584659, 0.004615781019217764, 0.004458380292683515, 0.0018659316660527895, 0.0011569818504682343, 0.006992757563336715, 0.010724743273966664, 0.008954512621882326, 0.0088982750678358, 0.008859959680720318, 0.0031139630291419215, 0.0035619418657620735, 0.0035527672553281433, 0.013803553563669696, 0.016633145297615236, 0.024849066464040517, 0.041782176346556184, 0.07612513731974212, 0.09791643643741471, 0.1531483218753053], [0.014436779198817067, 0.005919223200345572, 0.002710079746626304, 0.0025294111083060404, 0.0035804227552639943, 0.003953364090011905, 0.0011441626265232168, 0.0016141914161137666, 0.001649166763987427, 0.0011628043642756152, 0.001147261090601486, 0.0018577767116282652, 0.00226975218053572, 0.0037365478850142782, 0.010920643492096111, 0.003410832004245389, 0.02426449143234752, 0.0772559605263158, 0.13415826315789475, 0.2149924736842105], [0.014436779198817067, 0.005919223200345572, 0.002710079746626304, 0.0025294111083060404, 0.0035804227552639943, 0.003953364090011905, 0.0011441626265232168, 0.0016141914161137666, 0.001649166763987427, 0.0011628043642756152, 0.001147261090601486, 0.0018577767116282652, 0.00226975218053572, 0.0037365478850142782, 0.010920643492096111, 0.003410832004245389, 0.02426449143234752, 0.0772559605263158, 0.13415826315789475, 0.2149924736842105]], "elpd": [-2.7504849777672815, -375021808.32464397, -375021808.32464397], "expected_improvement": [null, null, null], "actual_improvement": [null, null, null], "mse": [1.0697858763030088, 0.2046957297539826, 0.2046957297539826], "nmse": [1.0615281580699194, 0.20311567556064586, 0.20311567556064586], "y_regret_pool": [0.12098434041167305, 0.12098434041167305, 0.12098434041167305, 0.12098434041167305, 0.12098434041167305, 0.014574021204706522, 0.014574021204706522, 0.014574021204706522, 0.014574021204706522, 0.000598932378275574, 0.000598932378275574, 0.000598932378275574, 0.000598932378275574, 0.000598932378275574, 0.000598932378275574, 0.000598932378275574, 0.000598932378275574, 0.000598932378275574, 0.000598932378275574, 0.000598932378275574, 0.000598932378275574, 0.000598932378275574, 0.000598932378275574, 0.000598932378275574, 0.000598932378275574, 0.000598932378275574, 0.000598932378275574, 0.000598932378275574, 0.000598932378275574, 0.000598932378275574, 0.000598932378275574, 0.000598932378275574, 0.000598932378275574, 0.000598932378275574, 0.000598932378275574, 0.000598932378275574, 0.000598932378275574, 0.000598932378275574, 0.000598932378275574, 0.000598932378275574, 0.000598932378275574, 0.000598932378275574, 0.000598932378275574, 0.000598932378275574, 0.000598932378275574, 0.000598932378275574, 0.000598932378275574, 0.000598932378275574, 0.000598932378275574, 0.000598932378275574, 0.000598932378275574, 0.000598932378275574, 0.000598932378275574, 0.000598932378275574, 0.000598932378275574, 0.000598932378275574, 0.000598932378275574, 0.000598932378275574, 0.000598932378275574, 0.000598932378275574, 0.000598932378275574, 0.000598932378275574, 0.000598932378275574, 0.000598932378275574, 0.000598932378275574, 0.000598932378275574, 0.000598932378275574, 0.000598932378275574, 0.000598932378275574, 0.000598932378275574, 0.000598932378275574, 0.000598932378275574, 0.000598932378275574, 0.000598932378275574, 0.000598932378275574, 0.000598932378275574, 0.000598932378275574, 0.000598932378275574, 0.000598932378275574, 0.000598932378275574, 0.000598932378275574, 0.000598932378275574, 0.000598932378275574, 0.000598932378275574, 0.000598932378275574, 0.000598932378275574, 0.000598932378275574, 0.000598932378275574, 0.000598932378275574, 0.000598932378275574, 0.000598932378275574, 0.000598932378275574, 0.000598932378275574, 0.000598932378275574, 0.000598932378275574, 0.000598932378275574, 0.000598932378275574, 0.000598932378275574, 0.000598932378275574, 0.000598932378275574, 0.000598932378275574, 0.000598932378275574],