{"p_array": [0.001, 0.053526315789473686, 0.10605263157894737, 0.15857894736842104, 0.21110526315789474, 0.26363157894736844, 0.3161578947368421, 0.3686842105263158, 0.4212105263157895, 0.4737368421052632, 0.5262631578947369, 0.5787894736842105, 0.6313157894736842, 0.6838421052631579, 0.7363684210526316, 0.7888947368421053, 0.841421052631579, 0.8939473684210526, 0.9464736842105264, 0.999], "mean_sharpness": [-0.4261622152144913, 0.16894277814268016], "sharpness_error_true_minus_model": [], "posterior_variance": [0.1632577706347472, 0.04437293289599745], "bias_mse": [], "bias_nmse": [], "f_calibration": [], "f_calibration_mse": [], "f_calibration_nmse": [], "y_calibration": [[0.024000000208616257, 0.11919999867677689, 0.17260000109672546, 0.2313999980688095, 0.28119999170303345, 0.33500000834465027, 0.3799999952316284, 0.42320001125335693, 0.4580000042915344, 0.48339998722076416, 0.5094000101089478, 0.5271999835968018, 0.5404000282287598, 0.5515999794006348, 0.5627999901771545, 0.576200008392334, 0.5899999737739563, 0.602400004863739, 0.6218000054359436, 0.703000009059906], [0.14259999990463257, 0.32659998536109924, 0.38440001010894775, 0.4269999861717224, 0.4569999873638153, 0.48159998655319214, 0.5012000203132629, 0.5216000080108643, 0.5356000065803528, 0.5472000241279602, 0.5601999759674072, 0.5673999786376953, 0.5735999941825867, 0.5813999772071838, 0.5899999737739563, 0.5982000231742859, 0.6079999804496765, 0.620199978351593, 0.6417999863624573, 0.7197999954223633]], "y_calibration_mse": [0.023919040169016748, 0.04006619161077407], "y_calibration_nmse": [0.260734330505453, 0.43674961753148855], "calibration_local_dist_to_nearest_train_sample": [[0.48574772489633683, 0.6261761368284074, 0.766604548760478, 0.9070329606925487, 1.0474613726246194, 1.18788978455669, 1.3283181964887605, 1.4687466084208312, 1.6091750203529018, 1.7496034322849725, 1.890031844217043, 2.0304602561491136, 2.1708886680811843, 2.3113170800132545, 2.451745491945325, 2.592173903877396, 2.7326023158094666, 2.8730307277415372, 3.013459139673608, 3.1538875516056786], [0.4814120465491899, 0.6175047801341136, 0.7535975137190374, 0.8896902473039611, 1.0257829808888848, 1.1618757144738086, 1.2979684480587323, 1.434061181643656, 1.5701539152285797, 1.7062466488135033, 1.842339382398427, 1.978432115983351, 2.1145248495682747, 2.2506175831531983, 2.386710316738122, 2.522803050323046, 2.658895783907969, 2.794988517492893, 2.931081251077817, 3.0671739846627406]], "calibration_local_y": [[0.1418151071046121, 0.02200841047577402, 0.025950079652291007, 0.021785961211061362, 0.01590289784023472, 0.016118956811830346, 0.01637443335467097, 0.019809435006146507, 0.01749015442831648, 0.024831113611601258, 0.023517316652573603, 0.04866931471654529, 0.055828178995422716, 0.0870210470933526, 0.0902726161318326, 0.11353552650434448, 0.1067862235690569, 0.12722806419625135, 0.1732414185127914, 0.3198872105263158], [0.054404858215675075, 0.037101015959702145, 0.05617199823309963, 0.0550736401602373, 0.05119033904094742, 0.06895431772708027, 0.06989582785767902, 0.05082009075764684, 0.05306071986080189, 0.05668183951763088, 0.06569252701116939, 0.09121802823295963, 0.11049703308737154, 0.15481809910855487, 0.14102081195274285, 0.18705683691203437, 0.25931872902495623, 0.1893720609921707, 0.2004553381196267, 0.2520766842105263]], "elpd": [-5.93323186105899, -8.403330256064363], "expected_improvement": [null, null], "actual_improvement": [null, [[0.2292988704764456]]], "mse": [0.9448681462094163, 0.6974672279248344], "nmse": [0.9332964842151034, 0.6889254487929682], "y_regret_pool": [0.04980427247533581, 0.04980427247533581, 0.04462462813790058, 0.04462462813790058, 0.04462462813790058, 0.04462462813790058, 0.04462462813790058, 0.04462462813790058, 0.04462462813790058, 0.04462462813790058, 0.04462462813790058, 0.04462462813790058, 0.020718577349739586, 0.020718577349739586, 0.020718577349739586, 0.006773381056645933, 0.006773381056645933, 0.006773381056645933, 0.006773381056645933, 0.00478121015763211, 0.00478121015763211, 0.00478121015763211, 0.00478121015763211, 0.00478121015763211, 0.00478121015763211, 0.00478121015763211, 0.00478121015763211, 0.00478121015763211, 0.00478121015763211, 0.00478121015763211, 0.00478121015763211, 0.00478121015763211, 0.00398434179802698, 0.00398434179802698, 0.00398434179802698, 0.00398434179802698, 0.00398434179802698, 0.00398434179802698, 0.00398434179802698, 0.00398434179802698, 0.00398434179802698, 0.00398434179802698, 0.00398434179802698, 0.00398434179802698, 0.00398434179802698, 0.00398434179802698, 0.00398434179802698, 0.00398434179802698, 0.00398434179802698, 0.00398434179802698, 0.00398434179802698, 0.00398434179802698, 0.00398434179802698, 0.00398434179802698, 0.00398434179802698, 0.00398434179802698, 0.00398434179802698, 0.00398434179802698, 0.00398434179802698, 0.00398434179802698, 0.00398434179802698, 0.00398434179802698, 0.00398434179802698, 0.00398434179802698, 0.00398434179802698, 0.00398434179802698, 0.00398434179802698, 0.0, 0.0, 0.0, 0.0, 0.0, 0.0, 0.0, 0.0, 0.0, 0.0, 0.0, 0.0, 0.0, 0.0, 0.0, 0.0, 0.0, 0.0, 0.0, 0.0, 0.0, 0.0, 0.0, 0.0, 0.0, 0.0, 0.0, 0.0, 0.0, 0.0, 0.0, 0.0, 0.0, 0.0], "y_regret_test": [0.04840975284602633, 0.04840975284602633, 0.0432301085085911, 0.0432301085085911, 0.0432301085085911, 0.0432301085085911, 0.0432301085085911, 0.0432301085085911, 0.0432301085085911, 0.0432301085085911, 0.0432301085085911, 0.0432301085085911, 0.01932405772043011, 0.01932405772043011, 0.01932405772043011, 0.0053788614273364566, 0.0053788614273364566, 0.0053788614273364566, 0.0053788614273364566, 0.0033866905283226334, 0.0033866905283226334, 0.0033866905283226334, 0.0033866905283226334, 0.0033866905283226334, 0.0033866905283226334, 0.0033866905283226334, 0.0033866905283226334, 0.0033866905283226334, 0.0033866905283226334, 0.0033866905283226334, 0.0033866905283226334, 0.0033866905283226334, 0.002589822168717504, 0.002589822168717504, 0.002589822168717504, 0.002589822168717504, 0.002589822168717504, 0.002589822168717504, 0.002589822168717504, 0.002589822168717504, 0.002589822168717504, 0.002589822168717504, 0.002589822168717504, 0.002589822168717504, 0.002589822168717504, 0.002589822168717504, 0.002589822168717504, 0.002589822168717504, 0.002589822168717504, 0.002589822168717504, 0.002589822168717504, 0.002589822168717504, 0.002589822168717504, 0.002589822168717504, 0.002589822168717504, 0.002589822168717504, 0.002589822168717504, 0.002589822168717504, 0.002589822168717504, 0.002589822168717504, 0.002589822168717504, 0.002589822168717504, 0.002589822168717504, 0.002589822168717504, 0.002589822168717504, 0.002589822168717504, 0.002589822168717504, 0.0013945196293094764, 0.0013945196293094764, 0.0013945196293094764, 0.0013945196293094764, 0.0013945196293094764, 0.0013945196293094764, 0.0013945196293094764, 0.0013945196293094764, 0.0013945196293094764, 0.0013945196293094764, 0.0013945196293094764, 0.0013945196293094764, 0.0013945196293094764, 0.0013945196293094764, 0.0013945196293094764, 0.0013945196293094764, 0.0013945196293094764, 0.0013945196293094764, 0.0013945196293094764, 0.0013945196293094764, 0.0013945196293094764, 0.0013945196293094764, 0.0013945196293094764, 0.0013945196293094764, 0.0013945196293094764, 0.0013945196293094764, 0.0013945196293094764, 0.0013945196293094764, 0.0013945196293094764, 0.0013945196293094764, 0.0013945196293094764, 0.0013945196293094764, 0.0013945196293094764, 0.0013945196293094764], "f_regret_pool": [], "f_regret_test": [],