{"p_array": [0.001, 0.053526315789473686, 0.10605263157894737, 0.15857894736842104, 0.21110526315789474, 0.26363157894736844, 0.3161578947368421, 0.3686842105263158, 0.4212105263157895, 0.4737368421052632, 0.5262631578947369, 0.5787894736842105, 0.6313157894736842, 0.6838421052631579, 0.7363684210526316, 0.7888947368421053, 0.841421052631579, 0.8939473684210526, 0.9464736842105264, 0.999], "mean_sharpness": [-0.057130840639784845, -0.4676646970404163], "sharpness_error_true_minus_model": [], "posterior_variance": [0.07703818258838203, 0.1799440411439754], "bias_mse": [], "bias_nmse": [], "f_calibration": [], "f_calibration_mse": [], "f_calibration_nmse": [], "y_calibration": [[0.1234000027179718, 0.28619998693466187, 0.3531999886035919, 0.39660000801086426, 0.43320000171661377, 0.4620000123977661, 0.4887999892234802, 0.5127999782562256, 0.5343999862670898, 0.5540000200271606, 0.5712000131607056, 0.5893999934196472, 0.604200005531311, 0.6179999709129333, 0.6348000168800354, 0.6546000242233276, 0.6747999787330627, 0.7039999961853027, 0.746399998664856, 0.8835999965667725], [0.041600000113248825, 0.31139999628067017, 0.4075999855995178, 0.4659999907016754, 0.5031999945640564, 0.5339999794960022, 0.5691999793052673, 0.6050000190734863, 0.6407999992370605, 0.6818000078201294, 0.7161999940872192, 0.7509999871253967, 0.77920001745224, 0.8091999888420105, 0.8303999900817871, 0.853600025177002, 0.8759999871253967, 0.9010000228881836, 0.9282000064849854, 0.9814000129699707]], "y_calibration_mse": [0.024905111021722652, 0.03708120128249556], "y_calibration_nmse": [0.2714831950833992, 0.4042111273032269], "calibration_local_dist_to_nearest_train_sample": [[0.5069666794009249, 0.6694584842080392, 0.8319502890151536, 0.994442093822268, 1.1569338986293825, 1.319425703436497, 1.4819175082436111, 1.6444093130507256, 1.80690111785784, 1.9693929226649545, 2.1318847274720687, 2.294376532279183, 2.4568683370862976, 2.619360141893412, 2.7818519467005265, 2.944343751507641, 3.1068355563147554, 3.26932736112187, 3.4318191659289843, 3.5943109707360987], [0.48953587305588303, 0.6361524266195387, 0.7827689801831945, 0.9293855337468502, 1.0760020873105058, 1.2226186408741615, 1.3692351944378174, 1.515851748001473, 1.6624683015651287, 1.8090848551287844, 1.9557014086924402, 2.102317962256096, 2.2489345158197516, 2.3955510693834077, 2.542167622947063, 2.688784176510719, 2.835400730074374, 2.9820172836380303, 3.1286338372016855, 3.275250390765341]], "calibration_local_y": [[0.022036223684210526, 0.00800472086992897, 0.02909008449816076, 0.02762410863017451, 0.018956010079680008, 0.02637651002203605, 0.025873287988879896, 0.027195573477152808, 0.0289886451275563, 0.03533496814884269, 0.031882288031225295, 0.03183154741685633, 0.02452095563437873, 0.02305682238846721, 0.022659621853657143, 0.03724033303301154, 0.09003413936245039, 0.07686668440111222, 0.08323222481508534, 0.1264489021690471], [0.026171815188010962, 0.02542083416586215, 0.031529927946418554, 0.04099487490948861, 0.06021129674541157, 0.057720442093105694, 0.04547945375153923, 0.05809615290948581, 0.04817495288126893, 0.043122055546043966, 0.057708551395929196, 0.033056907784179065, 0.029859192858885518, 0.019351905734891893, 0.01933241698728893, 0.008605178870445663, 0.01749712765408671, 0.025658848366791304, 0.011820134481729604, 0.03313227631578947]], "elpd": [-4.237127115169229, -1.4492072403193492], "expected_improvement": [null, null], "actual_improvement": [null, [[0.03969418909875766]]], "mse": [0.6048291520016482, 0.4366016279358877], "nmse": [0.5990903456796906, 0.4324590164657172], "y_regret_pool": [0.07383119172368935, 0.07383119172368935, 0.00337400607339422, 0.00337400607339422, 0.00337400607339422, 0.00337400607339422, 0.00337400607339422, 0.000992354727468836, 0.000992354727468836, 0.000992354727468836, 0.000992354727468836, 0.000992354727468836, 0.000992354727468836, 0.000992354727468836, 0.000992354727468836, 0.000992354727468836, 0.000992354727468836, 0.000992354727468836, 0.000992354727468836, 0.000992354727468836, 0.000992354727468836, 0.000992354727468836, 0.000992354727468836, 0.000992354727468836, 0.000992354727468836, 0.000992354727468836, 0.000992354727468836, 0.000992354727468836, 0.000992354727468836, 0.000992354727468836, 0.000992354727468836, 0.000992354727468836, 0.000992354727468836, 0.000992354727468836, 0.0, 0.0, 0.0, 0.0, 0.0, 0.0, 0.0, 0.0, 0.0, 0.0, 0.0, 0.0, 0.0, 0.0, 0.0, 0.0, 0.0, 0.0, 0.0, 0.0, 0.0, 0.0, 0.0, 0.0, 0.0, 0.0, 0.0, 0.0, 0.0, 0.0, 0.0, 0.0, 0.0, 0.0, 0.0, 0.0, 0.0, 0.0, 0.0, 0.0, 0.0, 0.0, 0.0, 0.0, 0.0, 0.0, 0.0, 0.0, 0.0, 0.0, 0.0, 0.0, 0.0, 0.0, 0.0, 0.0, 0.0, 0.0, 0.0, 0.0, 0.0, 0.0, 0.0, 0.0, 0.0, 0.0, 0.0], "y_regret_test": [0.07621284306961496, 0.07621284306961496, 0.005755657419319826, 0.005755657419319826, 0.005755657419319826, 0.005755657419319826, 0.005755657419319826, 0.003374006073394442, 0.003374006073394442, 0.003374006073394442, 0.003374006073394442, 0.003374006073394442, 0.003374006073394442, 0.003374006073394442, 0.003374006073394442, 0.003374006073394442, 0.003374006073394442, 0.003374006073394442, 0.003374006073394442, 0.003374006073394442, 0.003374006073394442, 0.003374006073394442, 0.003374006073394442, 0.003374006073394442, 0.003374006073394442, 0.003374006073394442, 0.003374006073394442, 0.003374006073394442, 0.003374006073394442, 0.003374006073394442, 0.003374006073394442, 0.003374006073394442, 0.003374006073394442, 0.003374006073394442, 0.002381651345925606, 0.002381651345925606, 0.002381651345925606, 0.002381651345925606, 0.002381651345925606, 0.002381651345925606, 0.002381651345925606, 0.002381651345925606, 0.002381651345925606, 0.002381651345925606, 0.002381651345925606, 0.002381651345925606, 0.002381651345925606, 0.002381651345925606, 0.002381651345925606, 0.002381651345925606, 0.002381651345925606, 0.002381651345925606, 0.002381651345925606, 0.002381651345925606, 0.002381651345925606, 0.002381651345925606, 0.002381651345925606, 0.002381651345925606, 0.002381651345925606, 0.002381651345925606, 0.002381651345925606, 0.002381651345925606, 0.002381651345925606, 0.002381651345925606, 0.002381651345925606, 0.002381651345925606, 0.002381651345925606, 0.002381651345925606, 0.002381651345925606, 0.002381651345925606, 0.002381651345925606, 0.002381651345925606, 0.002381651345925606, 0.002381651345925606, 0.002381651345925606, 0.002381651345925606, 0.002381651345925606, 0.002381651345925606, 0.002381651345925606, 0.002381651345925606, 0.002381651345925606, 0.002381651345925606, 0.002381651345925606, 0.002381651345925606, 0.002381651345925606, 0.002381651345925606, 0.002381651345925606, 0.002381651345925606, 0.002381651345925606, 0.002381651345925606, 0.002381651345925606, 0.002381651345925606, 0.002381651345925606, 0.002381651345925606, 0.002381651345925606, 0.002381651345925606, 0.002381651345925606, 0.002381651345925606, 0.002381651345925606, 0.002381651345925606, 0.002381651345925606], "f_regret_pool": [], "f_regret_test": [], "x_y_opt_dist_pool": [1.5064262902757881, 1.5064262902757881, 1.5064262902757881, 1.255541171505468, 1.255541171505468, 1.255541171505468, 1.255541171505468, 1.255541171505468, 2.247365554274796, 2.247365554274796, 2.247365554274796, 2.247365554274796, 2.247365554274796, 2.247365554274796, 2.247365554274796, 2.247365554274796, 2.247365554274796, 2.247365554274796, 2.247365554274796, 2.247365554274796, 2.247365554274796, 2.247365554274796, 2.247365554274796, 2.247365554274796, 2.247365554274796, 2.247365554274796, 2.247365554274796, 2.247365554274796, 2.247365554274796, 2.247365554274796, 2.247365554274796, 2.247365554274796, 2.247365554274796, 2.247365554274796, 2.247365554274796, 0.0, 0.0, 0.0, 0.0, 0.0, 0.0, 0.0, 0.0, 0.0, 0.0, 0.0, 0.0, 0.0, 0.0, 0.0, 0.0, 0.0, 0.0, 0.0, 0.0, 0.0, 0.0, 0.0, 0.0, 0.0, 0.0, 0.0, 0.0, 0.0, 0.0, 0.0, 0.0, 0.0, 0.0, 0.0, 0.0, 0.0, 0.0, 0.0, 0.0, 0.0, 0.0, 0.0, 0.0, 0.0, 0.0, 0.0, 0.0, 0.0, 0.0, 0.0, 0.0, 0.0, 0.0, 0.0, 0.0, 0.0, 0.0, 0.0, 0.0, 0.0, 0.0, 0.0, 0.0, 0.0, 0.0, 0.0, 0.0],