{"p_array": [0.001, 0.053526315789473686, 0.10605263157894737, 0.15857894736842104, 0.21110526315789474, 0.26363157894736844, 0.3161578947368421, 0.3686842105263158, 0.4212105263157895, 0.4737368421052632, 0.5262631578947369, 0.5787894736842105, 0.6313157894736842, 0.6838421052631579, 0.7363684210526316, 0.7888947368421053, 0.841421052631579, 0.8939473684210526, 0.9464736842105264, 0.999], "mean_sharpness": [-0.2238482728097648, -0.3877264138242342], "sharpness_error_true_minus_model": [], "posterior_variance": [0.2170665493783997, 0.1908274913121244], "bias_mse": [], "bias_nmse": [], "f_calibration": [], "f_calibration_mse": [], "f_calibration_nmse": [], "y_calibration": [[0.12620000541210175, 0.36640000343322754, 0.40860000252723694, 0.462799996137619, 0.5091999769210815, 0.5523999929428101, 0.5789999961853027, 0.5974000096321106, 0.6110000014305115, 0.6209999918937683, 0.6299999952316284, 0.63919997215271, 0.6462000012397766, 0.6567999720573425, 0.6697999835014343, 0.6985999941825867, 0.73580002784729, 0.7788000106811523, 0.8109999895095825, 0.9422000050544739], [0.0, 0.019600000232458115, 0.06340000033378601, 0.11219999939203262, 0.17059999704360962, 0.2484000027179718, 0.3314000070095062, 0.4068000018596649, 0.46700000762939453, 0.5220000147819519, 0.5691999793052673, 0.6146000027656555, 0.6625999808311462, 0.7315999865531921, 0.8086000084877014, 0.8820000290870667, 0.9363999962806702, 0.9703999757766724, 0.989799976348877, 0.9998000264167786]], "y_calibration_mse": [0.036147175830654535, 0.0025060679405978586], "y_calibration_nmse": [0.3940295941338366, 0.027317899969053084], "calibration_local_dist_to_nearest_train_sample": [[0.5034046110189745, 0.6631495549223997, 0.8228944988258249, 0.98263944272925, 1.142384386632675, 1.3021293305361001, 1.4618742744395254, 1.6216192183429505, 1.7813641622463756, 1.9411091061498007, 2.100854050053226, 2.260598993956651, 2.4203439378600766, 2.5800888817635013, 2.739833825666927, 2.8995787695703514, 3.059323713473777, 3.2190686573772016, 3.378813601280627, 3.538558545184052], [0.4261779916650761, 0.508696316214603, 0.5912146407641298, 0.6737329653136566, 0.7562512898631834, 0.8387696144127101, 0.921287938962237, 1.003806263511764, 1.0863245880612906, 1.1688429126108173, 1.2513612371603444, 1.333879561709871, 1.4163978862593978, 1.498916210808925, 1.5814345353584516, 1.6639528599079783, 1.7464711844575054, 1.828989509007032, 1.9115078335565587, 1.9940261581060854]], "calibration_local_y": [[0.06107984214593569, 0.015850846772546803, 0.028914443806309014, 0.0384554641531298, 0.04433669762766203, 0.03811470117248894, 0.06036823311688024, 0.04142902457300792, 0.053156985524643555, 0.041293842963015706, 0.03486925488055341, 0.03236524621197582, 0.03208600404476817, 0.023956222301890137, 0.02254593374737331, 0.014445104851194029, 0.015127044026421505, 0.03431795848616283, 0.04853844407894737, 0.17035416762585115], [0.008960941712041462, 0.004262704487544147, NaN, 0.004751472020479347, 0.004350416710868683, 0.0026477318103147783, 0.0037563112646154377, 0.002357290550508396, 0.005746590208691044, 0.003560599450000581, 0.0024472504726142453, 0.001172603219425815, 0.0013324333117813903, 0.00086479557460025, 0.004175953406641868, 0.00780970634815432, 0.005810589685501565, 0.07748030263157896, 0.014390164096851187, 0.023483408815874046]], "elpd": [-50193520299559.766, -0.18217296856066437], "expected_improvement": [null, null], "actual_improvement": [null, [[0.054045035724199275]]], "mse": [0.8374493232611301, 0.14691675535764984], "nmse": [0.8467245121339397, 0.14854393519608605], "y_regret_pool": [0.010208506747904522, 0.010208506747904522, 0.010208506747904522, 0.010208506747904522, 0.010208506747904522, 0.010208506747904522, 0.010208506747904522, 0.010208506747904522, 0.010208506747904522, 0.010208506747904522, 0.010208506747904522, 0.010208506747904522, 0.010208506747904522, 0.010208506747904522, 0.010208506747904522, 0.010208506747904522, 0.010208506747904522, 0.010208506747904522, 0.010208506747904522, 0.010208506747904522, 0.010208506747904522, 0.010208506747904522, 0.010208506747904522, 0.010208506747904522, 0.010208506747904522, 0.010208506747904522, 0.010208506747904522, 0.010208506747904522, 0.010208506747904522, 0.010208506747904522, 0.010208506747904522, 0.010208506747904522, 0.010208506747904522, 0.010208506747904522, 0.010208506747904522, 0.010208506747904522, 0.010208506747904522, 0.010208506747904522, 0.010208506747904522, 0.010208506747904522, 0.010208506747904522, 0.010208506747904522, 0.010208506747904522, 0.010208506747904522, 0.010208506747904522, 0.010208506747904522, 0.010208506747904522, 0.010208506747904522, 0.010208506747904522, 0.010208506747904522, 0.010208506747904522, 0.010208506747904522, 0.010208506747904522, 0.010208506747904522, 0.010208506747904522, 0.010208506747904522, 0.010208506747904522, 0.010208506747904522, 0.010208506747904522, 0.010208506747904522, 0.010208506747904522, 0.010208506747904522, 0.010208506747904522, 0.010208506747904522, 0.010208506747904522, 0.010208506747904522, 0.010208506747904522, 0.010208506747904522, 0.010208506747904522, 0.010208506747904522, 0.010208506747904522, 0.010208506747904522, 0.010208506747904522, 0.010208506747904522, 0.010208506747904522, 0.010208506747904522, 0.010208506747904522, 0.010208506747904522, 0.010208506747904522, 0.010208506747904522, 0.010208506747904522, 0.010208506747904522, 0.010208506747904522, 0.010208506747904522, 0.010208506747904522, 0.010208506747904522, 0.010208506747904522, 0.010208506747904522, 0.010208506747904522, 0.010208506747904522, 0.010208506747904522, 0.010208506747904522, 0.010208506747904522, 0.010208506747904522, 0.010208506747904522, 0.010208506747904522, 0.010208506747904522, 0.010208506747904522, 0.010208506747904522, 0.010208506747904522, 0.010208506747904522],