{"p_array": [0.001, 0.053526315789473686, 0.10605263157894737, 0.15857894736842104, 0.21110526315789474, 0.26363157894736844, 0.3161578947368421, 0.3686842105263158, 0.4212105263157895, 0.4737368421052632, 0.5262631578947369, 0.5787894736842105, 0.6313157894736842, 0.6838421052631579, 0.7363684210526316, 0.7888947368421053, 0.841421052631579, 0.8939473684210526, 0.9464736842105264, 0.999], "mean_sharpness": [-0.6194411259909198, -0.4602268128943215], "sharpness_error_true_minus_model": [], "posterior_variance": [0.24515228050371438, 0.15184879844011295], "bias_mse": [], "bias_nmse": [], "f_calibration": [], "f_calibration_mse": [], "f_calibration_nmse": [], "y_calibration": [[0.1412000060081482, 0.313400000333786, 0.3653999865055084, 0.40880000591278076, 0.44020000100135803, 0.47279998660087585, 0.503600001335144, 0.5275999903678894, 0.550599992275238, 0.5681999921798706, 0.5830000042915344, 0.5929999947547913, 0.6065999865531921, 0.6233999729156494, 0.6480000019073486, 0.682200014591217, 0.7260000109672546, 0.7874000072479248, 0.8521999716758728, 0.9577999711036682], [0.008200000040233135, 0.03999999910593033, 0.08100000023841858, 0.11959999799728394, 0.1632000058889389, 0.2160000056028366, 0.26440000534057617, 0.3158000111579895, 0.37779998779296875, 0.45239999890327454, 0.5321999788284302, 0.6061999797821045, 0.6669999957084656, 0.7149999737739563, 0.760200023651123, 0.798799991607666, 0.8363999724388123, 0.8748000264167786, 0.9128000140190125, 0.9919999837875366]], "y_calibration_mse": [0.023074435871043384, 0.001001619627401871], "y_calibration_nmse": [0.2515275506924667, 0.01091835713834514], "calibration_local_dist_to_nearest_train_sample": [[0.48660499529629103, 0.6296100263009582, 0.7726150573056254, 0.9156200883102925, 1.0586251193149596, 1.2016301503196267, 1.344635181324294, 1.4876402123289612, 1.6306452433336283, 1.7736502743382954, 1.9166553053429627, 2.05966033634763, 2.2026653673522967, 2.3456703983569644, 2.4886754293616313, 2.631680460366298, 2.774685491370966, 2.917690522375633, 3.0606955533802997, 3.2037005843849666], [0.4403732833272155, 0.5371466023628071, 0.6339199213983988, 0.7306932404339903, 0.827466559469582, 0.9242398785051736, 1.0210131975407652, 1.117786516576357, 1.2145598356119485, 1.31133315464754, 1.4081064736831317, 1.5048797927187234, 1.601653111754315, 1.6984264307899066, 1.7951997498254981, 1.8919730688610898, 1.9887463878966816, 2.0855197069322733, 2.182293025967865, 2.2790663450034563]], "calibration_local_y": [[0.019389184210526315, 0.017529717501528173, 0.02157618843828652, 0.04317918494299087, 0.03317874605711223, 0.03991374691281955, 0.03917559657041615, 0.035327860878656116, 0.02304023893125482, 0.036568607763117995, 0.01991110415610933, 0.022207681050703688, 0.01519414542648714, 0.019330256143758627, 0.021230117119852173, 0.034011991891486064, 0.04609099643624888, 0.020650474490864573, 0.05137770398142644, 0.023524426090419166], [0.012256294002706811, 0.0029329387686066978, 0.0028410174408706316, 0.0028931391199726367, 0.0017659445809478883, 0.0012567787723492267, 0.0018066257080600397, 0.001129101569915973, 0.0007675148286209411, 0.0007289266155539412, 0.00205065857269581, 0.007432889870476096, 0.011163953151804108, 0.009095950238980837, 0.04166980844391508, 0.08083608112677329, 0.0896108947368421, 0.11246615789473684, NaN, 0.2918372105263158]], "elpd": [-3.201658674999259, -0.5430073164136855], "expected_improvement": [null, null], "actual_improvement": [null, [[1.027866137290413]]], "mse": [0.6737982818927954, 0.18072999390590222], "nmse": [0.6699246751581553, 0.17969099315395795], "y_regret_pool": [0.009952228285151188, 0.009952228285151188, 0.009952228285151188, 0.009952228285151188, 0.009952228285151188, 0.009952228285151188, 0.009952228285151188, 0.009952228285151188, 0.009952228285151188, 0.009952228285151188, 0.009952228285151188, 0.009952228285151188, 0.009952228285151188, 0.009952228285151188, 0.009952228285151188, 0.009952228285151188, 0.009952228285151188, 0.009952228285151188, 0.009952228285151188, 0.009952228285151188, 0.009952228285151188, 0.009952228285151188, 0.009952228285151188, 0.009952228285151188, 0.009952228285151188, 0.009952228285151188, 0.009952228285151188, 0.009952228285151188, 0.009952228285151188, 0.009952228285151188, 0.009952228285151188, 0.009952228285151188, 0.009952228285151188, 0.009952228285151188, 0.009952228285151188, 0.009952228285151188, 0.009952228285151188, 0.009952228285151188, 0.009952228285151188, 0.009952228285151188, 0.009952228285151188, 0.009952228285151188, 0.009952228285151188, 0.009952228285151188, 0.009952228285151188, 0.009952228285151188, 0.009952228285151188, 0.009952228285151188, 0.009952228285151188, 0.009952228285151188, 0.009952228285151188, 0.009952228285151188, 0.009952228285151188, 0.009952228285151188, 0.009952228285151188, 0.009952228285151188, 0.009952228285151188, 0.009952228285151188, 0.009952228285151188, 0.009952228285151188, 0.009952228285151188, 0.009952228285151188, 0.009952228285151188, 0.009952228285151188, 0.009952228285151188, 0.009952228285151188, 0.009952228285151188, 0.009952228285151188, 0.009952228285151188, 0.009952228285151188, 0.009952228285151188, 0.009952228285151188, 0.009952228285151188, 0.009952228285151188, 0.009952228285151188, 0.009952228285151188, 0.009952228285151188, 0.009952228285151188, 0.009952228285151188, 0.009952228285151188, 0.009952228285151188, 0.009952228285151188, 0.009952228285151188, 0.009952228285151188, 0.009952228285151188, 0.009952228285151188, 0.009952228285151188, 0.009952228285151188, 0.009952228285151188, 0.009952228285151188, 0.009952228285151188, 0.009952228285151188, 0.009952228285151188, 0.009952228285151188, 0.009952228285151188, 0.009952228285151188, 0.009952228285151188, 0.009952228285151188, 0.009952228285151188, 0.009952228285151188, 0.009952228285151188],