{"p_array": [0.001, 0.053526315789473686, 0.10605263157894737, 0.15857894736842104, 0.21110526315789474, 0.26363157894736844, 0.3161578947368421, 0.3686842105263158, 0.4212105263157895, 0.4737368421052632, 0.5262631578947369, 0.5787894736842105, 0.6313157894736842, 0.6838421052631579, 0.7363684210526316, 0.7888947368421053, 0.841421052631579, 0.8939473684210526, 0.9464736842105264, 0.999], "mean_sharpness": [-0.16211878180623404, -0.21852604233714665], "sharpness_error_true_minus_model": [], "posterior_variance": [0.09565880237765507, 0.10560644275369392], "bias_mse": [], "bias_nmse": [], "f_calibration": [], "f_calibration_mse": [], "f_calibration_nmse": [], "y_calibration": [[0.05420000106096268, 0.15160000324249268, 0.2046000063419342, 0.24040000140666962, 0.26980000734329224, 0.30160000920295715, 0.32659998536109924, 0.3497999906539917, 0.365200012922287, 0.38420000672340393, 0.40459999442100525, 0.42820000648498535, 0.4498000144958496, 0.4733999967575073, 0.49320000410079956, 0.5202000141143799, 0.5504000186920166, 0.5827999711036682, 0.6420000195503235, 0.829200029373169], [0.03880000114440918, 0.1436000019311905, 0.2321999967098236, 0.3070000112056732, 0.36820000410079956, 0.41600000858306885, 0.45980000495910645, 0.49459999799728394, 0.526199996471405, 0.5564000010490417, 0.5806000232696533, 0.604200005531311, 0.6305999755859375, 0.6496000289916992, 0.671999990940094, 0.6880000233650208, 0.7131999731063843, 0.7432000041007996, 0.7950000166893005, 0.951200008392334]], "y_calibration_mse": [0.02972220987991909, 0.01166057937291409], "y_calibration_nmse": [0.3239929545426167, 0.12710850162126008], "calibration_local_dist_to_nearest_train_sample": [[0.5146757253619179, 0.6854085733101861, 0.8561414212584544, 1.0268742692067225, 1.197607117154991, 1.3683399651032593, 1.5390728130515274, 1.7098056609997956, 1.8805385089480637, 2.0512713568963323, 2.2220042048446005, 2.3927370527928686, 2.563469900741137, 2.7342027486894054, 2.9049355966376735, 3.0756684445859417, 3.24640129253421, 3.417134140482478, 3.5878669884307466, 3.7585998363790147], [0.4914148136618144, 0.6388867499099793, 0.7863586861581441, 0.933830622406309, 1.0813025586544738, 1.2287744949026387, 1.3762464311508036, 1.5237183673989685, 1.6711903036471334, 1.8186622398952983, 1.9661341761434632, 2.113606112391628, 2.261078048639793, 2.4085499848879577, 2.556021921136123, 2.7034938573842875, 2.850965793632452, 2.9984377298806173, 3.145909666128782, 3.293381602376947]], "calibration_local_y": [[0.0300161578884628, 0.014083332958599681, 0.019457549106753062, 0.021186774068950427, 0.024360402286849263, 0.02300475639432323, 0.029732549642590644, 0.03408245495038086, 0.03502127210479701, 0.030925939802924594, 0.03796649563045352, 0.042785100970356524, 0.04258159341926789, 0.06340213352604956, 0.08729876627845669, 0.10186167204658043, 0.2638062804293367, 0.17083322729667727, 0.29493721052631583, 0.2918372105263158], [0.009809303930151137, 0.025362601335816685, 0.0384097394647419, 0.04285643516557285, 0.04530731511828769, 0.03195782200045317, 0.02486045599204471, 0.016872884811847587, 0.012861059215146822, 0.020730756580341465, 0.03720460832804242, 0.04723038470183722, 0.06986719333565736, 0.08628548443296787, 0.07150281299829753, 0.15213221388097808, 0.007284250000000001, 0.10566747368421055, 0.18048457894736844, 0.1952451052631579]], "next_sample_train_distance": [[0.7743790487250666]], "elpd": [-3.5651129319428176, -1.384846592579123], "expected_improvement": [null, null], "actual_improvement": [null, [[0.17389777351954372]]], "mse": [0.64165833569014, 0.4098106862120283], "nmse": [0.6458504139508235, 0.4124880588465122], "y_regret_pool": [0.10187146457895446, 0.0], "y_regret_test": [0.10505494784704683, 0.0031834832680923686], "f_regret_pool": [], "f_regret_test": [], "x_y_opt_dist_pool": [3.564850908311786, 0.0], "x_f_opt_dist_pool": [], "x_y_opt_dist_test": [1.8909378041616043, 2.5992007727668347], "x_f_opt_dist_test": [], "uct_calibration": [0.28773916719495657, 0.20219939848112298], "uct_sharpness": [0.333048542077362, 0.34973762648678847]}