{"p_array": [0.001, 0.053526315789473686, 0.10605263157894737, 0.15857894736842104, 0.21110526315789474, 0.26363157894736844, 0.3161578947368421, 0.3686842105263158, 0.4212105263157895, 0.4737368421052632, 0.5262631578947369, 0.5787894736842105, 0.6313157894736842, 0.6838421052631579, 0.7363684210526316, 0.7888947368421053, 0.841421052631579, 0.8939473684210526, 0.9464736842105264, 0.999], "mean_sharpness": [-1.5503541706238246, -0.13027843426035043], "sharpness_error_true_minus_model": [], "posterior_variance": [1.3006072552682735, 0.0989151611971074], "bias_mse": [], "bias_nmse": [], "f_calibration": [], "f_calibration_mse": [], "f_calibration_nmse": [], "y_calibration": [[0.0, 0.0, 0.0, 0.04820000007748604, 0.2808000147342682, 0.39320001006126404, 0.45739999413490295, 0.4959999918937683, 0.524399995803833, 0.551800012588501, 0.5781999826431274, 0.6003999710083008, 0.6223999857902527, 0.647599995136261, 0.6690000295639038, 0.692799985408783, 0.7355999946594238, 0.9972000122070312, 1.0, 1.0], [0.1088000014424324, 0.20419999957084656, 0.2443999946117401, 0.2768000066280365, 0.32019999623298645, 0.3580000102519989, 0.3977999985218048, 0.45660001039505005, 0.5234000086784363, 0.5609999895095825, 0.5795999765396118, 0.6021999716758728, 0.6259999871253967, 0.6453999876976013, 0.6650000214576721, 0.6872000098228455, 0.7098000049591064, 0.7394000291824341, 0.7803999781608582, 0.8903999924659729]], "y_calibration_mse": [0.007194902102221512, 0.011080822314483511], "y_calibration_nmse": [0.0784294841857828, 0.1207887426586277], "calibration_local_dist_to_nearest_train_sample": [[0.5052561895343232, 0.6689007158742097, 0.8325452422140962, 0.9961897685539828, 1.1598342948938694, 1.3234788212337558, 1.4871233475736425, 1.650767873913529, 1.8144124002534154, 1.9780569265933021, 2.1417014529331886, 2.305345979273075, 2.4689905056129615, 2.6326350319528484, 2.796279558292735, 2.9599240846326214, 3.123568610972508, 3.2872131373123943, 3.450857663652281, 3.6145021899921677], [0.504980869703718, 0.6683500762129995, 0.8317192827222808, 0.9950884892315622, 1.1584576957408437, 1.321826902250125, 1.4851961087594066, 1.6485653152686879, 1.8119345217779692, 1.9753037282872508, 2.1386729347965323, 2.3020421413058134, 2.465411347815095, 2.6287805543243765, 2.7921497608336576, 2.955518967342939, 3.1188881738522207, 3.282257380361502, 3.4456265868707834, 3.608995793380065]], "calibration_local_y": [[0.0321603041624778, 0.0659186309244206, 0.0771673518424469, 0.05451230556379451, 0.03931202844888915, 0.03698115774477266, 0.03841396118222955, 0.026598337191242584, 0.014793899174273244, 0.013046748471717374, 0.004257013713407817, 0.011197995594154474, 0.05486039925958656, 0.12028155128971614, 0.13383064242846868, 0.17058227199803197, 0.20779510526315786, 0.2074801214946512, 0.20779510526315786, 0.20779510526315786], [0.06406474387267971, 0.037227898279644275, 0.033254794170360015, 0.02805145258159759, 0.028583345460497574, 0.02744828765872868, 0.028395319824903693, 0.03033834821065042, 0.02561708264266569, 0.02142043753894906, 0.040247580990326146, 0.039824134382782, 0.07312265472906374, 0.06974485433134205, 0.02734020791410318, 0.03126553364633737, 0.010790199070079717, 0.021584579604088727, 0.018932605263157893, 0.0896108947368421]], "elpd": [-1.432022391565164, -4.184502555102615], "expected_improvement": [null, null], "actual_improvement": [null, [[0.03286127388443694]]], "mse": [0.9928009145232818, 0.5575763510891771], "nmse": [1.0000458952143334, 0.5616452735068885], "y_regret_pool": [0.05820008748207517, 0.05820008748207517, 0.05820008748207517, 0.05820008748207517, 0.05820008748207517, 0.05820008748207517, 0.05820008748207517, 0.05820008748207517, 0.05820008748207517, 0.05820008748207517, 0.05820008748207517, 0.05820008748207517, 0.05820008748207517, 0.04731231601433983, 0.04731231601433983, 0.04731231601433983, 0.04731231601433983, 0.04731231601433983, 0.04731231601433983, 0.010887771467734897, 0.010887771467734897, 0.010887771467734897, 0.010887771467734897, 0.010887771467734897, 0.010887771467734897, 0.010887771467734897, 0.010887771467734897, 0.010887771467734897, 0.010887771467734897, 0.010887771467734897, 0.010887771467734897, 0.010887771467734897, 0.010887771467734897, 0.010887771467734897, 0.010887771467734897, 0.010887771467734897, 0.010887771467734897, 0.010887771467734897, 0.010887771467734897, 0.010887771467734897, 0.010887771467734897, 0.010887771467734897, 0.010887771467734897, 0.010887771467734897, 0.010887771467734897, 0.010887771467734897, 0.010887771467734897, 0.010887771467734897, 0.010887771467734897, 0.010887771467734897, 0.010887771467734897, 0.010887771467734897, 0.010887771467734897, 0.010887771467734897, 0.010887771467734897, 0.010887771467734897, 0.010887771467734897, 0.010887771467734897, 0.010887771467734897, 0.010887771467734897, 0.010887771467734897, 0.010887771467734897, 0.010887771467734897, 0.010887771467734897, 0.010887771467734897, 0.010887771467734897, 0.0, 0.0, 0.0, 0.0, 0.0, 0.0, 0.0, 0.0, 0.0, 0.0, 0.0, 0.0, 0.0, 0.0, 0.0, 0.0, 0.0, 0.0, 0.0, 0.0, 0.0, 0.0, 0.0, 0.0, 0.0, 0.0, 0.0, 0.0, 0.0, 0.0, 0.0, 0.0, 0.0, 0.0, 0.0], "y_regret_test": [0.055428654744833494, 0.055428654744833494, 0.055428654744833494, 0.055428654744833494, 0.055428654744833494, 0.055428654744833494, 0.055428654744833494, 0.055428654744833494, 0.055428654744833494, 0.055428654744833494, 0.055428654744833494, 0.055428654744833494, 0.055428654744833494, 0.04454088327709815, 0.04454088327709815, 0.04454088327709815, 0.04454088327709815, 0.04454088327709815, 0.04454088327709815, 0.008116338730493222, 0.008116338730493222, 0.008116338730493222, 0.008116338730493222, 0.008116338730493222, 0.008116338730493222, 0.008116338730493222, 0.008116338730493222, 0.008116338730493222, 0.008116338730493222, 0.008116338730493222, 0.008116338730493222, 0.008116338730493222, 0.008116338730493222, 0.008116338730493222, 0.008116338730493222, 0.008116338730493222, 0.008116338730493222, 0.008116338730493222, 0.008116338730493222, 0.008116338730493222, 0.008116338730493222, 0.008116338730493222, 0.008116338730493222, 0.008116338730493222, 0.008116338730493222, 0.008116338730493222, 0.008116338730493222, 0.008116338730493222, 0.008116338730493222, 0.008116338730493222, 0.008116338730493222, 0.008116338730493222, 0.008116338730493222, 0.008116338730493222, 0.008116338730493222, 0.008116338730493222, 0.008116338730493222, 0.008116338730493222, 0.008116338730493222, 0.008116338730493222, 0.008116338730493222, 0.008116338730493222, 0.008116338730493222, 0.008116338730493222, 0.008116338730493222, 0.008116338730493222, 0.0027714327372416747, 0.0027714327372416747, 0.0027714327372416747, 0.0027714327372416747, 0.0027714327372416747, 0.0027714327372416747, 0.0027714327372416747, 0.0027714327372416747, 0.0027714327372416747, 0.0027714327372416747, 0.0027714327372416747, 0.0027714327372416747, 0.0027714327372416747, 0.0027714327372416747, 0.0027714327372416747, 0.0027714327372416747, 0.0027714327372416747, 0.0027714327372416747, 0.0027714327372416747, 0.0027714327372416747, 0.0027714327372416747, 0.0027714327372416747, 0.0027714327372416747, 0.0027714327372416747, 0.0027714327372416747, 0.0027714327372416747, 0.0027714327372416747, 0.0027714327372416747, 0.0027714327372416747, 0.0027714327372416747, 0.0027714327372416747, 0.0027714327372416747, 0.0027714327372416747, 0.0027714327372416747, 0.0027714327372416747], "f_regret_pool": [], "f_regret_test": [],