{"p_array": [0.001, 0.053526315789473686, 0.10605263157894737, 0.15857894736842104, 0.21110526315789474, 0.26363157894736844, 0.3161578947368421, 0.3686842105263158, 0.4212105263157895, 0.4737368421052632, 0.5262631578947369, 0.5787894736842105, 0.6313157894736842, 0.6838421052631579, 0.7363684210526316, 0.7888947368421053, 0.841421052631579, 0.8939473684210526, 0.9464736842105264, 0.999], "mean_sharpness": [-1.441434561243276, -0.6306758762168931, -0.6306758762168931], "sharpness_error_true_minus_model": [], "posterior_variance": [1.0460195503771639, 0.21090244300401662, 0.21090244300401662], "bias_mse": [], "bias_nmse": [], "f_calibration": [], "f_calibration_mse": [], "f_calibration_nmse": [], "y_calibration": [[0.0, 0.0, 0.0, 0.0017999999690800905, 0.20479999482631683, 0.34380000829696655, 0.41679999232292175, 0.4611999988555908, 0.49480000138282776, 0.5235999822616577, 0.5465999841690063, 0.5691999793052673, 0.5892000198364258, 0.6119999885559082, 0.6340000033378601, 0.6628000140190125, 0.6872000098228455, 0.7268000245094299, 0.9998000264167786, 1.0], [0.00139999995008111, 0.06300000101327896, 0.11999999731779099, 0.18060000240802765, 0.25119999051094055, 0.3073999881744385, 0.3630000054836273, 0.42500001192092896, 0.4814000129699707, 0.5440000295639038, 0.6083999872207642, 0.6675999760627747, 0.7247999906539917, 0.7724000215530396, 0.8191999793052673, 0.8646000027656555, 0.902999997138977, 0.9340000152587891, 0.9646000266075134, 0.9991999864578247], [0.00139999995008111, 0.06300000101327896, 0.11999999731779099, 0.18060000240802765, 0.25119999051094055, 0.3073999881744385, 0.3630000054836273, 0.42500001192092896, 0.4814000129699707, 0.5440000295639038, 0.6083999872207642, 0.6675999760627747, 0.7247999906539917, 0.7724000215530396, 0.8191999793052673, 0.8646000027656555, 0.902999997138977, 0.9340000152587891, 0.9646000266075134, 0.9991999864578247]], "y_calibration_mse": [0.008006807680286838, 0.003387533702459198, 0.003387533702459198], "y_calibration_nmse": [0.08727982499522373, 0.03692649561747299, 0.03692649561747299], "calibration_local_dist_to_nearest_train_sample": [[0.5182002032062423, 0.6872734658020533, 0.8563467283978643, 1.0254199909936754, 1.1944932535894865, 1.3635665161852975, 1.5326397787811086, 1.7017130413769197, 1.8707863039727308, 2.039859566568542, 2.208932829164353, 2.378006091760164, 2.547079354355975, 2.716152616951786, 2.8852258795475976, 3.0542991421434085, 3.2233724047392194, 3.3924456673350303, 3.561518929930841, 3.7305921925266525], [0.4288632272546348, 0.5112509623468979, 0.5936386974391611, 0.6760264325314242, 0.7584141676236873, 0.8408019027159505, 0.9231896378082135, 1.0055773729004767, 1.0879651079927397, 1.170352843085003, 1.252740578177266, 1.335128313269529, 1.4175160483617923, 1.4999037834540552, 1.5822915185463184, 1.6646792536385817, 1.7470669887308445, 1.8294547238231078, 1.911842458915371, 1.9942301940076341], [0.4288632272546348, 0.5112509623468979, 0.5936386974391611, 0.6760264325314242, 0.7584141676236873, 0.8408019027159505, 0.9231896378082135, 1.0055773729004767, 1.0879651079927397, 1.170352843085003, 1.252740578177266, 1.335128313269529, 1.4175160483617923, 1.4999037834540552, 1.5822915185463184, 1.6646792536385817, 1.7470669887308445, 1.8294547238231078, 1.911842458915371, 1.9942301940076341]], "calibration_local_y": [[0.00815133532643348, 0.008075556071879934, 0.010133001948764509, 0.01523783193285386, 0.016958658471814693, 0.010701701391310397, 0.010898747615884795, 0.008621920567064368, 0.008918285890379643, 0.007116181614062722, 0.008079559015690392, 0.00959450648974267, 0.017416187318494977, 0.021443135260713002, 0.05823055607707556, 0.08965625876525923, 0.046909617217939334, 0.12888322852630113, 0.0769608947368421, 0.24718984210526312], [0.0037822181991992213, 0.003141062103091977, NaN, 0.004364961449234048, 0.0025981004673973347, 0.0033245102572014183, 0.005599890612762431, 0.005303488366823334, 0.00651857836506472, 0.005064229992068332, 0.004002889581142212, 0.0025090708460731607, 0.00020908492472268, 0.000973196099858286, 0.0022215783740983067, 0.003722466297175156, 0.00539820403757396, 0.008510003277230161, 0.018169834402757316, 0.018743527787804703], [0.0037822181991992213, 0.003141062103091977, NaN, 0.004364961449234048, 0.0025981004673973347, 0.0033245102572014183, 0.005599890612762431, 0.005303488366823334, 0.00651857836506472, 0.005064229992068332, 0.004002889581142212, 0.0025090708460731607, 0.00020908492472268, 0.000973196099858286, 0.0022215783740983067, 0.003722466297175156, 0.00539820403757396, 0.008510003277230161, 0.018169834402757316, 0.018743527787804703]], "elpd": [-1.433834788180234, -0.5981003713128231, -0.5981003713128231], "expected_improvement": [null, null, null], "actual_improvement": [null, null, null], "mse": [1.03012052797242, 0.1963155372363436, 0.1963155372363436], "nmse": [1.0300642960912012, 0.1963048208282423, 0.1963048208282423], "y_regret_pool": [0.06509663736584193, 0.06509663736584193, 0.06509663736584193, 0.06509663736584193, 0.06509663736584193, 0.06509663736584193, 0.06509663736584193, 0.06509663736584193, 0.0376246619637437, 0.0376246619637437, 0.0376246619637437, 0.0376246619637437, 0.0376246619637437, 0.0376246619637437, 0.0376246619637437, 0.0376246619637437, 0.0376246619637437, 0.0376246619637437, 0.0376246619637437, 0.0376246619637437, 0.0376246619637437, 0.0376246619637437, 0.0376246619637437, 0.0376246619637437, 0.0376246619637437, 0.0376246619637437, 0.0376246619637437, 0.0376246619637437, 0.0376246619637437, 0.0376246619637437, 0.0376246619637437, 0.0376246619637437, 0.0376246619637437, 0.0376246619637437, 0.021698879121947456, 0.021698879121947456, 0.021698879121947456, 0.021698879121947456, 0.021698879121947456, 0.021698879121947456, 0.021698879121947456, 0.021698879121947456, 0.021698879121947456, 0.021698879121947456, 0.021698879121947456, 0.021698879121947456, 0.021698879121947456, 0.021698879121947456, 0.021698879121947456, 0.012541553987914567, 0.012541553987914567, 0.012541553987914567, 0.012541553987914567, 0.012541553987914567, 0.012541553987914567, 0.012541553987914567, 0.012541553987914567, 0.012541553987914567, 0.012541553987914567, 0.012541553987914567, 0.012541553987914567, 0.012541553987914567, 0.012541553987914567, 0.012541553987914567, 0.012541553987914567, 0.012541553987914567, 0.012541553987914567, 0.012541553987914567, 0.012541553987914567, 0.012541553987914567, 0.012541553987914567, 0.012541553987914567, 0.012541553987914567, 0.012541553987914567, 0.012541553987914567, 0.012541553987914567, 0.012541553987914567, 0.012541553987914567, 0.012541553987914567, 0.012541553987914567, 0.012541553987914567, 0.012541553987914567, 0.012541553987914567, 0.012541553987914567, 0.012541553987914567, 0.012541553987914567, 0.012541553987914567, 0.012541553987914567, 0.012541553987914567, 0.012541553987914567, 0.012541553987914567, 0.012541553987914567, 0.012541553987914567, 0.012541553987914567, 0.012541553987914567, 0.012541553987914567, 0.012541553987914567, 0.012541553987914567, 0.012541553987914567, 0.012541553987914567, 0.012541553987914567, 0.012541553987914567],