{"p_array": [0.001, 0.053526315789473686, 0.10605263157894737, 0.15857894736842104, 0.21110526315789474, 0.26363157894736844, 0.3161578947368421, 0.3686842105263158, 0.4212105263157895, 0.4737368421052632, 0.5262631578947369, 0.5787894736842105, 0.6313157894736842, 0.6838421052631579, 0.7363684210526316, 0.7888947368421053, 0.841421052631579, 0.8939473684210526, 0.9464736842105264, 0.999], "mean_sharpness": [1.5160104789303652, 2.1829633846420875, 2.204987141561775], "sharpness_error_true_minus_model": [], "posterior_variance": [0.002925308521287697, 0.0007698399136595425, 0.000734637396769862], "bias_mse": [], "bias_nmse": [], "f_calibration": [], "f_calibration_mse": [], "f_calibration_nmse": [], "y_calibration": [[0.5383999943733215, 0.5527999997138977, 0.557200014591217, 0.5590000152587891, 0.5604000091552734, 0.5609999895095825, 0.5619999766349792, 0.5644000172615051, 0.5659999847412109, 0.5667999982833862, 0.5684000253677368, 0.5699999928474426, 0.5712000131607056, 0.5722000002861023, 0.5740000009536743, 0.5763999819755554, 0.5784000158309937, 0.5803999900817871, 0.5835999846458435, 0.5947999954223633], [0.5496000051498413, 0.5583999752998352, 0.5604000091552734, 0.5604000091552734, 0.5605999827384949, 0.5612000226974487, 0.5616000294685364, 0.5633999705314636, 0.5648000240325928, 0.5655999779701233, 0.5659999847412109, 0.5666000247001648, 0.5673999786376953, 0.5680000185966492, 0.5694000124931335, 0.5699999928474426, 0.5705999732017517, 0.5720000267028809, 0.574400007724762, 0.5821999907493591], [0.550599992275238, 0.5590000152587891, 0.5604000091552734, 0.5604000091552734, 0.5608000159263611, 0.5616000294685364, 0.5619999766349792, 0.5631999969482422, 0.5645999908447266, 0.5655999779701233, 0.5658000111579895, 0.5667999982833862, 0.5672000050544739, 0.5681999921798706, 0.5694000124931335, 0.5699999928474426, 0.5703999996185303, 0.5716000199317932, 0.5738000273704529, 0.5813999772071838]], "y_calibration_mse": [0.0896370822589854, 0.09229191308407973, 0.09247105442366743], "y_calibration_nmse": [0.9771071274646186, 1.0060466473155385, 1.0079994136854764], "calibration_local_dist_to_nearest_train_sample": [[0.5052561895343232, 0.6689007158742097, 0.8325452422140962, 0.9961897685539828, 1.1598342948938694, 1.3234788212337558, 1.4871233475736425, 1.650767873913529, 1.8144124002534154, 1.9780569265933021, 2.1417014529331886, 2.305345979273075, 2.4689905056129615, 2.6326350319528484, 2.796279558292735, 2.9599240846326214, 3.123568610972508, 3.2872131373123943, 3.450857663652281, 3.6145021899921677], [0.44172467491149614, 0.5418376866285557, 0.6419506983456152, 0.7420637100626748, 0.8421767217797343, 0.9422897334967939, 1.0424027452138533, 1.142515756930913, 1.2426287686479727, 1.3427417803650321, 1.4428547920820916, 1.5429678037991512, 1.6430808155162109, 1.7431938272332703, 1.8433068389503298, 1.9434198506673894, 2.043532862384449, 2.1436458741015088, 2.243758885818568, 2.3438718975356276], [0.44172467491149614, 0.5418376866285557, 0.6419506983456152, 0.7420637100626748, 0.8421767217797343, 0.9422897334967939, 1.0424027452138533, 1.142515756930913, 1.2426287686479727, 1.3427417803650321, 1.4428547920820916, 1.5429678037991512, 1.6430808155162109, 1.7431938272332703, 1.8433068389503298, 1.9434198506673894, 2.043532862384449, 2.1436458741015088, 2.243758885818568, 2.3438718975356276]], "calibration_local_y": [[0.13765558517178278, 0.22401507712244792, 0.2235556476897312, 0.1739576247785823, 0.16085257400286965, 0.15582807872212956, 0.15510103918706442, 0.1367302426420352, 0.11048509001648406, 0.1094172065078645, 0.08227162780619465, 0.08750985613285198, 0.16445249987124222, 0.2377305848539626, 0.2807132243004144, 0.3047235627490549, 0.3417372105263158, 0.3417372105263158, 0.3417372105263158, 0.3417372105263158], [0.10015453883191942, 0.10883734683300653, 0.10000643142582921, 0.09912314213720118, 0.1013438277275069, 0.09431036499985342, 0.09660042596490662, 0.09248241793603454, 0.09317807499923465, 0.09093238366846579, 0.08641146416879739, 0.08532978869390231, 0.10301440096124863, 0.08153537005555594, 0.07539299936635564, 0.10173720933422292, 0.10288166060108157, NaN, 0.3417372105263158, 0.3417372105263158], [0.10015453883191942, 0.10883734683300653, 0.09962572220118555, 0.09897383072920722, 0.1013641947196479, 0.09438958228146982, 0.0971115120633972, 0.09249390790349872, 0.09338941809469867, 0.09130980353312941, 0.08694351023188515, 0.08532978869390231, 0.10301440096124863, 0.08153537005555594, 0.08284773617986636, 0.10173720933422292, 0.11951499492683226, NaN, 0.3417372105263158, 0.3417372105263158]], "elpd": [-178.64397038445264, -695.8889660782003, -702.9552891005764], "expected_improvement": [null, null, null], "actual_improvement": [null, null, null], "mse": [0.9895273704956642, 0.9927518271849938, 0.9924889004137025], "nmse": [0.9967484624463607, 0.9999964496604024, 0.9997316041767557], "y_regret_pool": [0.05820008748207517, 0.05820008748207517, 0.05820008748207517, 0.05820008748207517, 0.05820008748207517, 0.05820008748207517, 0.05820008748207517, 0.04513476172079267, 0.04513476172079267, 0.04513476172079267, 0.04513476172079267, 0.04513476172079267, 0.04513476172079267, 0.04513476172079267, 0.04513476172079267, 0.04513476172079267, 0.04513476172079267, 0.04513476172079267, 0.04513476172079267, 0.04513476172079267, 0.04513476172079267, 0.04513476172079267, 0.04513476172079267, 0.04513476172079267, 0.04513476172079267, 0.04513476172079267, 0.04513476172079267, 0.04513476172079267, 0.04513476172079267, 0.04513476172079267, 0.04513476172079267, 0.04513476172079267, 0.04513476172079267, 0.04513476172079267, 0.04513476172079267, 0.04513476172079267, 0.04513476172079267, 0.04513476172079267, 0.04513476172079267, 0.04513476172079267, 0.04513476172079267, 0.04513476172079267, 0.04513476172079267, 0.04513476172079267, 0.04513476172079267, 0.04513476172079267, 0.04513476172079267, 0.04513476172079267, 0.04513476172079267, 0.04513476172079267, 0.04513476172079267, 0.04513476172079267, 0.04513476172079267, 0.04513476172079267, 0.04513476172079267, 0.04513476172079267, 0.04513476172079267, 0.04513476172079267, 0.04513476172079267, 0.04513476172079267, 0.04513476172079267, 0.04513476172079267, 0.04513476172079267, 0.04513476172079267, 0.04513476172079267, 0.04513476172079267, 0.04513476172079267, 0.04513476172079267, 0.04513476172079267, 0.04513476172079267, 0.033653111809363256, 0.033653111809363256, 0.033653111809363256, 0.033653111809363256, 0.033653111809363256, 0.033653111809363256, 0.033653111809363256, 0.033653111809363256, 0.033653111809363256, 0.033653111809363256, 0.033653111809363256, 0.033653111809363256, 0.033653111809363256, 0.033653111809363256, 0.033653111809363256, 0.033653111809363256, 0.033653111809363256, 0.033653111809363256, 0.033653111809363256, 0.033653111809363256, 0.033653111809363256, 0.033653111809363256, 0.033653111809363256, 0.033653111809363256, 0.033653111809363256, 0.033653111809363256, 0.033653111809363256, 0.033653111809363256, 0.033653111809363256, 0.033653111809363256, 0.033653111809363256, 0.033653111809363256],