{"p_array": [0.001, 0.053526315789473686, 0.10605263157894737, 0.15857894736842104, 0.21110526315789474, 0.26363157894736844, 0.3161578947368421, 0.3686842105263158, 0.4212105263157895, 0.4737368421052632, 0.5262631578947369, 0.5787894736842105, 0.6313157894736842, 0.6838421052631579, 0.7363684210526316, 0.7888947368421053, 0.841421052631579, 0.8939473684210526, 0.9464736842105264, 0.999], "mean_sharpness": [-1.5951819318401943, -0.6329677675143197, -0.6329677675143197], "sharpness_error_true_minus_model": [], "posterior_variance": [1.422600873410896, 0.21000130694271488, 0.21000130694271488], "bias_mse": [], "bias_nmse": [], "f_calibration": [], "f_calibration_mse": [], "f_calibration_nmse": [], "y_calibration": [[0.0, 0.0, 0.0, 0.2596000134944916, 0.39660000801086426, 0.46619999408721924, 0.5094000101089478, 0.5419999957084656, 0.5698000192642212, 0.5965999960899353, 0.618399977684021, 0.6434000134468079, 0.6696000099182129, 0.6916000247001648, 0.7232000231742859, 0.7638000249862671, 1.0, 1.0, 1.0, 1.0], [0.0, 0.062199998646974564, 0.1143999993801117, 0.16220000386238098, 0.2176000028848648, 0.2655999958515167, 0.3199999928474426, 0.3723999857902527, 0.4323999881744385, 0.48660001158714294, 0.5437999963760376, 0.5985999703407288, 0.6502000093460083, 0.7024000287055969, 0.7504000067710876, 0.7961999773979187, 0.8434000015258789, 0.8912000060081482, 0.9345999956130981, 0.9941999912261963], [0.0, 0.062199998646974564, 0.1143999993801117, 0.16220000386238098, 0.2176000028848648, 0.2655999958515167, 0.3199999928474426, 0.3723999857902527, 0.4323999881744385, 0.48660001158714294, 0.5437999963760376, 0.5985999703407288, 0.6502000093460083, 0.7024000287055969, 0.7504000067710876, 0.7961999773979187, 0.8434000015258789, 0.8912000060081482, 0.9345999956130981, 0.9941999912261963]], "y_calibration_mse": [0.012928452895818024, 0.00011755305391073494, 0.00011755305391073494], "y_calibration_nmse": [0.14092921314747586, 0.0012814108172279077, 0.0012814108172279077], "calibration_local_dist_to_nearest_train_sample": [[0.5011007174539057, 0.6606144412342715, 0.8201281650146373, 0.9796418887950029, 1.1391556125753686, 1.2986693363557342, 1.4581830601361, 1.6176967839164658, 1.7772105076968314, 1.936724231477197, 2.096237955257563, 2.2557516790379286, 2.415265402818294, 2.57477912659866, 2.734292850379026, 2.8938065741593917, 3.0533202979397576, 3.2128340217201226, 3.3723477455004884, 3.531861469280854], [0.4181055784859692, 0.49462416329839837, 0.5711427481108275, 0.6476613329232567, 0.7241799177356858, 0.800698502548115, 0.8772170873605442, 0.9537356721729733, 1.0302542569854025, 1.1067728417978315, 1.1832914266102608, 1.2598100114226898, 1.336328596235119, 1.4128471810475483, 1.4893657658599773, 1.5658843506724065, 1.6424029354848357, 1.7189215202972647, 1.795440105109694, 1.871958689922123], [0.4181055784859692, 0.49462416329839837, 0.5711427481108275, 0.6476613329232567, 0.7241799177356858, 0.800698502548115, 0.8772170873605442, 0.9537356721729733, 1.0302542569854025, 1.1067728417978315, 1.1832914266102608, 1.2598100114226898, 1.336328596235119, 1.4128471810475483, 1.4893657658599773, 1.5658843506724065, 1.6424029354848357, 1.7189215202972647, 1.795440105109694, 1.871958689922123]], "calibration_local_y": [[0.014572578615332944, 0.017689437194182107, 0.023264025812407323, 0.022441236793254916, 0.02768269292648806, 0.019299030043951594, 0.04005289952012076, 0.026792198634490304, 0.02864089843733907, 0.02268375065017273, 0.021664013585459378, 0.008364851378181975, 0.0043099206848218035, 0.008831488953652534, 0.02394915575575037, 0.0179067557744317, 0.029127075630864342, 0.055397592927631564, 0.10022720476418494, 0.042660894736842106], [0.0016585192545630245, 0.0018361589518934378, 0.001453298286667844, 0.0008127702245003641, 0.0006381785005033121, 0.0006706651840975517, 0.00030308872077024673, 0.0009504626487926165, 0.0008171111031500599, 0.00017848713742574723, 0.00041157358367353657, 0.0005616809850359374, 0.0018242902216533134, 0.0027666848220888316, 0.0012628527532553325, 0.0007687375646696685, 0.001889450397660767, 0.002824228806635425, 0.0062268994647334906, 0.03407788696284361], [0.0016585192545630245, 0.0018361589518934378, 0.001453298286667844, 0.0008127702245003641, 0.0006381785005033121, 0.0006706651840975517, 0.00030308872077024673, 0.0009504626487926165, 0.0008171111031500599, 0.00017848713742574723, 0.00041157358367353657, 0.0005616809850359374, 0.0018242902216533134, 0.0027666848220888316, 0.0012628527532553325, 0.0007687375646696685, 0.001889450397660767, 0.002824228806635425, 0.0062268994647334906, 0.03407788696284361]], "elpd": [-1.463374028112013, -0.6887341229203588, -0.6887341229203588], "expected_improvement": [null, null, null], "actual_improvement": [null, null, null], "mse": [1.047580795478554, 0.23124510013242133, 0.23124510013242133], "nmse": [1.075646378971053, 0.23744035370427874, 0.23744035370427874], "y_regret_pool": [0.012689725214249048, 0.012689725214249048, 0.012689725214249048, 0.012689725214249048, 0.012689725214249048, 0.012689725214249048, 0.012689725214249048, 0.012689725214249048, 0.012689725214249048, 0.012689725214249048, 0.012689725214249048, 0.012689725214249048, 0.012689725214249048, 0.012689725214249048, 0.012689725214249048, 0.012689725214249048, 0.012689725214249048, 0.012689725214249048, 0.012689725214249048, 0.012689725214249048, 0.012689725214249048, 0.012689725214249048, 0.012689725214249048, 0.012689725214249048, 0.012689725214249048, 0.012689725214249048, 0.012689725214249048, 0.012689725214249048, 0.012689725214249048, 0.012689725214249048, 0.012689725214249048, 0.012689725214249048, 0.012689725214249048, 0.012689725214249048, 0.012689725214249048, 0.012689725214249048, 0.012689725214249048, 0.012689725214249048, 0.012689725214249048, 0.012689725214249048, 0.012689725214249048, 0.012689725214249048, 0.012689725214249048, 0.012689725214249048, 0.012689725214249048, 0.012689725214249048, 0.012689725214249048, 0.012689725214249048, 0.012689725214249048, 0.012689725214249048, 0.012689725214249048, 0.012689725214249048, 0.012689725214249048, 0.012689725214249048, 0.012689725214249048, 0.012689725214249048, 0.012689725214249048, 0.012689725214249048, 0.012689725214249048, 0.012689725214249048, 0.012689725214249048, 0.012689725214249048, 0.012689725214249048, 0.012689725214249048, 0.012689725214249048, 0.012689725214249048, 0.012689725214249048, 0.012689725214249048, 0.012689725214249048, 0.012689725214249048, 0.012689725214249048, 0.012689725214249048, 0.012689725214249048, 0.012689725214249048, 0.012689725214249048, 0.012689725214249048, 0.012689725214249048, 0.012689725214249048, 0.012689725214249048, 0.012689725214249048, 0.012689725214249048, 0.012689725214249048, 0.012689725214249048, 0.012689725214249048, 0.012689725214249048, 0.012689725214249048, 0.012689725214249048, 0.012689725214249048, 0.012689725214249048, 0.012689725214249048, 0.012689725214249048, 0.012689725214249048, 0.012689725214249048, 0.012689725214249048, 0.012689725214249048, 0.012689725214249048, 0.012689725214249048, 0.012689725214249048, 0.012689725214249048, 0.012689725214249048, 0.012689725214249048, 0.012689725214249048],