{"p_array": [0.001, 0.053526315789473686, 0.10605263157894737, 0.15857894736842104, 0.21110526315789474, 0.26363157894736844, 0.3161578947368421, 0.3686842105263158, 0.4212105263157895, 0.4737368421052632, 0.5262631578947369, 0.5787894736842105, 0.6313157894736842, 0.6838421052631579, 0.7363684210526316, 0.7888947368421053, 0.841421052631579, 0.8939473684210526, 0.9464736842105264, 0.999], "mean_sharpness": [-0.6422873726117633, 0.053547288618521566], "sharpness_error_true_minus_model": [], "posterior_variance": [0.4739002798214925, 0.1222209715281011], "bias_mse": [], "bias_nmse": [], "f_calibration": [], "f_calibration_mse": [], "f_calibration_nmse": [], "y_calibration": [[0.009999999776482582, 0.03819999843835831, 0.08479999750852585, 0.18479999899864197, 0.3027999997138977, 0.3824000060558319, 0.426800012588501, 0.45179998874664307, 0.47380000352859497, 0.49160000681877136, 0.5117999911308289, 0.5350000262260437, 0.5564000010490417, 0.5740000009536743, 0.6182000041007996, 0.6340000033378601, 0.7203999757766724, 0.7383999824523926, 0.7799999713897705, 0.895799994468689], [0.013000000268220901, 0.08560000360012054, 0.15520000457763672, 0.210999995470047, 0.2766000032424927, 0.3440000116825104, 0.40639999508857727, 0.4620000123977661, 0.5063999891281128, 0.545799970626831, 0.5806000232696533, 0.6140000224113464, 0.6520000100135803, 0.7052000164985657, 0.7735999822616577, 0.8503999710083008, 0.9079999923706055, 0.9333999752998352, 0.9535999894142151, 0.9746000170707703]], "y_calibration_mse": [0.009058448924345663, 0.003163368870225504], "y_calibration_nmse": [0.09874345287343515, 0.03448294156838416], "calibration_local_dist_to_nearest_train_sample": [[0.4869501588052503, 0.6286464202047508, 0.7703426816042513, 0.9120389430037519, 1.0537352044032524, 1.195431465802753, 1.3371277272022535, 1.478823988601754, 1.6205202500012545, 1.762216511400755, 1.9039127728002556, 2.045609034199756, 2.1873052955992565, 2.329001556998757, 2.4706978183982575, 2.6123940797977583, 2.754090341197259, 2.8957866025967594, 3.0374828639962597, 3.1791791253957604], [0.44535809082220584, 0.545462284238662, 0.6455664776551183, 0.7456706710715746, 0.8457748644880307, 0.945879057904487, 1.0459832513209433, 1.1460874447373994, 1.2461916381538556, 1.3462958315703117, 1.446400024986768, 1.5465042184032245, 1.6466084118196807, 1.7467126052361368, 1.846816798652593, 1.9469209920690491, 2.0470251854855053, 2.147129378901962, 2.247233572318418, 2.347337765734874]], "calibration_local_y": [[0.03607872986225641, 0.002625821725956147, 0.010669204407741198, 0.003981199041744476, 0.005743989187587489, 0.0066479687643763484, 0.005579985125173526, 0.007781367346293183, 0.007736653126692297, 0.0096747522484249, 0.010844924558646583, 0.016491358555414372, 0.012707330587127943, 0.02329570968653778, 0.025243801207201284, 0.034878545742555354, 0.02666538995727073, 0.008391420714967486, 0.13363572843473426, 0.03393366353810085], [0.002266630598515777, 0.0021360718915219962, 0.0008840706641428456, 0.0010681003451666316, 0.001809946405855532, 0.004119693627590774, 0.0038006570566853485, 0.004574802328972922, 0.004980985981256425, 0.005276977117940244, 0.004127654327190285, 0.007342845540746932, 0.005402451885477182, 0.004413343548062486, 0.004964578618931261, 0.0065880983583267005, 0.08458194736842103, 0.03415826315789473, 0.08099187971778729, 0.14476352631578948]], "elpd": [-42748413308358.39, -5.6490172138445836], "expected_improvement": [null, null], "actual_improvement": [null, [[2.5559774125640606]]], "mse": [0.8715576215080655, 0.1688240220795461], "nmse": [0.8806013542823838, 0.17057582747243705], "y_regret_pool": [0.13975357454785997, 0.13975357454785997, 0.13975357454785997, 0.13975357454785997, 0.13975357454785997, 0.13975357454785997, 0.13975357454785997, 0.13975357454785997, 0.13975357454785997, 0.13975357454785997, 0.13975357454785997, 0.13975357454785997, 0.13975357454785997, 0.13975357454785997, 0.13975357454785997, 0.13975357454785997, 0.13975357454785997, 0.13975357454785997, 0.13975357454785997, 0.13975357454785997, 0.13975357454785997, 0.13975357454785997, 0.13975357454785997, 0.13975357454785997, 0.13975357454785997, 0.13975357454785997, 0.13975357454785997, 0.13975357454785997, 0.13975357454785997, 0.13975357454785997, 0.13975357454785997, 0.13975357454785997, 0.13975357454785997, 0.13975357454785997, 0.13975357454785997, 0.13975357454785997, 0.12123921210775856, 0.12123921210775856, 0.12123921210775856, 0.12123921210775856, 0.12123921210775856, 0.12123921210775856, 0.12123921210775856, 0.12123921210775856, 0.0742565289264272, 0.0742565289264272, 0.0742565289264272, 0.0742565289264272, 0.0742565289264272, 0.0742565289264272, 0.026278449914982405, 0.026278449914982405, 0.026278449914982405, 0.026278449914982405, 0.026278449914982405, 0.026278449914982405, 0.026278449914982405, 0.026278449914982405, 0.026278449914982405, 0.026278449914982405, 0.026278449914982405, 0.026278449914982405, 0.026278449914982405, 0.026278449914982405, 0.026278449914982405, 0.026278449914982405, 0.026278449914982405, 0.026278449914982405, 0.026278449914982405, 0.026278449914982405, 0.026278449914982405, 0.026278449914982405, 0.026278449914982405, 0.026278449914982405, 0.026278449914982405, 0.026278449914982405, 0.026278449914982405, 0.026278449914982405, 0.026278449914982405, 0.026278449914982405, 0.026278449914982405, 0.026278449914982405, 0.026278449914982405, 0.026278449914982405, 0.026278449914982405, 0.026278449914982405, 0.026278449914982405, 0.026278449914982405, 0.026278449914982405, 0.026278449914982405, 0.026278449914982405, 0.026278449914982405, 0.026278449914982405, 0.026278449914982405, 0.026278449914982405, 0.026278449914982405, 0.026278449914982405, 0.026278449914982405, 0.026278449914982405, 0.026278449914982405, 0.026278449914982405], "y_regret_test": [0.14433239536637932, 0.14433239536637932, 0.14433239536637932, 0.14433239536637932, 0.14433239536637932, 0.14433239536637932, 0.14433239536637932, 0.14433239536637932, 0.14433239536637932, 0.14433239536637932, 0.14433239536637932, 0.14433239536637932, 0.14433239536637932, 0.14433239536637932, 0.14433239536637932, 0.14433239536637932, 0.14433239536637932, 0.14433239536637932, 0.14433239536637932, 0.14433239536637932, 0.14433239536637932, 0.14433239536637932, 0.14433239536637932, 0.14433239536637932, 0.14433239536637932, 0.14433239536637932, 0.14433239536637932, 0.14433239536637932, 0.14433239536637932, 0.14433239536637932, 0.14433239536637932, 0.14433239536637932, 0.14433239536637932, 0.14433239536637932, 0.14433239536637932, 0.14433239536637932, 0.1258180329262779, 0.1258180329262779, 0.1258180329262779, 0.1258180329262779, 0.1258180329262779, 0.1258180329262779, 0.1258180329262779, 0.1258180329262779, 0.07883534974494655, 0.07883534974494655, 0.07883534974494655, 0.07883534974494655, 0.07883534974494655, 0.07883534974494655, 0.03085727073350175, 0.03085727073350175, 0.03085727073350175, 0.03085727073350175, 0.03085727073350175, 0.03085727073350175, 0.03085727073350175, 0.03085727073350175, 0.03085727073350175, 0.03085727073350175, 0.03085727073350175, 0.03085727073350175, 0.03085727073350175, 0.03085727073350175, 0.03085727073350175, 0.03085727073350175, 0.03085727073350175, 0.03085727073350175, 0.03085727073350175, 0.03085727073350175, 0.03085727073350175, 0.03085727073350175, 0.03085727073350175, 0.03085727073350175, 0.03085727073350175, 0.03085727073350175, 0.03085727073350175, 0.03085727073350175, 0.03085727073350175, 0.03085727073350175, 0.03085727073350175, 0.03085727073350175, 0.03085727073350175, 0.03085727073350175, 0.03085727073350175, 0.03085727073350175, 0.03085727073350175, 0.03085727073350175, 0.03085727073350175, 0.03085727073350175, 0.03085727073350175, 0.03085727073350175, 0.03085727073350175, 0.03085727073350175, 0.03085727073350175, 0.03085727073350175, 0.03085727073350175, 0.03085727073350175, 0.03085727073350175, 0.03085727073350175, 0.03085727073350175], "f_regret_pool": [], "f_regret_test": [],