{"p_array": [0.001, 0.053526315789473686, 0.10605263157894737, 0.15857894736842104, 0.21110526315789474, 0.26363157894736844, 0.3161578947368421, 0.3686842105263158, 0.4212105263157895, 0.4737368421052632, 0.5262631578947369, 0.5787894736842105, 0.6313157894736842, 0.6838421052631579, 0.7363684210526316, 0.7888947368421053, 0.841421052631579, 0.8939473684210526, 0.9464736842105264, 0.999], "mean_sharpness": [-0.6404524948545816, -0.3701276596737859, -0.3701276596737859], "sharpness_error_true_minus_model": [], "posterior_variance": [0.24346164419831032, 0.12823614420001964, 0.12823614420001964], "bias_mse": [], "bias_nmse": [], "f_calibration": [], "f_calibration_mse": [], "f_calibration_nmse": [], "y_calibration": [[0.018799999728798866, 0.052000001072883606, 0.10300000011920929, 0.17260000109672546, 0.25459998846054077, 0.32019999623298645, 0.37560001015663147, 0.4228000044822693, 0.4586000144481659, 0.48500001430511475, 0.5058000087738037, 0.5212000012397766, 0.5350000262260437, 0.5509999990463257, 0.5662000179290771, 0.5852000117301941, 0.6061999797821045, 0.6313999891281128, 0.6601999998092651, 0.7842000126838684], [0.021400000900030136, 0.12880000472068787, 0.18379999697208405, 0.22380000352859497, 0.2621999979019165, 0.313400000333786, 0.3571999967098236, 0.40959998965263367, 0.46480000019073486, 0.5189999938011169, 0.5756000280380249, 0.6305999755859375, 0.671999990940094, 0.7148000001907349, 0.7540000081062317, 0.7893999814987183, 0.8288000226020813, 0.8676000237464905, 0.9106000065803528, 0.9811999797821045], [0.021400000900030136, 0.12880000472068787, 0.18379999697208405, 0.22380000352859497, 0.2621999979019165, 0.313400000333786, 0.3571999967098236, 0.40959998965263367, 0.46480000019073486, 0.5189999938011169, 0.5756000280380249, 0.6305999755859375, 0.671999990940094, 0.7148000001907349, 0.7540000081062317, 0.7893999814987183, 0.8288000226020813, 0.8676000237464905, 0.9106000065803528, 0.9811999797821045]], "y_calibration_mse": [0.018353158716445148, 0.0019638029075672424, 0.0019638029075672424], "y_calibration_nmse": [0.2000623150753025, 0.021406830405028554, 0.021406830405028554], "calibration_local_dist_to_nearest_train_sample": [[0.4929206881397449, 0.6395164532955675, 0.7861122184513901, 0.9327079836072127, 1.0793037487630355, 1.225899513918858, 1.3724952790746805, 1.5190910442305032, 1.665686809386326, 1.8122825745421485, 1.958878339697971, 2.1054741048537937, 2.2520698700096164, 2.3986656351654387, 2.5452614003212615, 2.691857165477084, 2.838452930632907, 2.9850486957887297, 3.131644460944552, 3.2782402261003747], [0.44274945601651156, 0.5405545713239092, 0.6383596866313067, 0.7361648019387043, 0.8339699172461018, 0.9317750325534995, 1.029580147860897, 1.1273852631682946, 1.2251903784756921, 1.3229954937830897, 1.4208006090904872, 1.5186057243978848, 1.6164108397052823, 1.7142159550126799, 1.8120210703200774, 1.909826185627475, 2.0076313009348725, 2.10543641624227, 2.2032415315496676, 2.301046646857065], [0.44274945601651156, 0.5405545713239092, 0.6383596866313067, 0.7361648019387043, 0.8339699172461018, 0.9317750325534995, 1.029580147860897, 1.1273852631682946, 1.2251903784756921, 1.3229954937830897, 1.4208006090904872, 1.5186057243978848, 1.6164108397052823, 1.7142159550126799, 1.8120210703200774, 1.909826185627475, 2.0076313009348725, 2.10543641624227, 2.2032415315496676, 2.301046646857065]], "calibration_local_y": [[0.02379510553473172, 0.0523641062341195, 0.023788408044931663, 0.02881052266669095, 0.03297007127254926, 0.020540801643081617, 0.017430914283342057, 0.01599563152166631, 0.012762558632591578, 0.013363600089896833, 0.018138871470369418, 0.03482626312857935, 0.0598814210909982, 0.07766829135759032, 0.12152130720207266, 0.12665039321296917, 0.15223807864930583, 0.23794194627456994, 0.2079982618206802, 0.2918372105263158], [0.006274472814581276, 0.004455570761204996, 0.00157416241332799, 0.0010510813490689093, 0.004772624707442186, 0.003864022758051614, 0.004863150635418088, 0.007104902297454982, 0.006221408990025258, 0.002333041447798276, 0.007100017079307665, 0.004312081446608446, 0.007396432297214347, 0.014266899437316382, 0.013595574893668697, 0.011161301265254785, 0.006419776315789473, 0.016319314007890995, 0.0896108947368421, 0.24718984210526312], [0.006274472814581276, 0.004455570761204996, 0.00157416241332799, 0.0010510813490689093, 0.004772624707442186, 0.003864022758051614, 0.004863150635418088, 0.007104902297454982, 0.006221408990025258, 0.002333041447798276, 0.007100017079307665, 0.004312081446608446, 0.007396432297214347, 0.014266899437316382, 0.013595574893668697, 0.011161301265254785, 0.006419776315789473, 0.016319314007890995, 0.0896108947368421, 0.24718984210526312]], "elpd": [-3.7577921669505887, -0.8380996330459115, -0.8380996330459115], "expected_improvement": [null, null, null], "actual_improvement": [null, null, null], "mse": [0.9182909132580426, 0.22611232502240328, 0.22611232502240328], "nmse": [0.9287462453901731, 0.22868675914033423, 0.22868675914033423], "y_regret_pool": [0.04133986743131279, 0.04133986743131279, 0.04133986743131279, 0.04133986743131279, 0.04133986743131279, 0.04133986743131279, 0.04133986743131279, 0.04133986743131279, 0.04133986743131279, 0.04133986743131279, 0.04133986743131279, 0.04133986743131279, 0.04133986743131279, 0.04133986743131279, 0.04133986743131279, 0.04133986743131279, 0.04133986743131279, 0.04133986743131279, 0.04133986743131279, 0.04133986743131279, 0.04133986743131279, 0.04133986743131279, 0.04133986743131279, 0.02325367543011314, 0.02325367543011314, 0.02325367543011314, 0.02325367543011314, 0.02325367543011314, 0.02325367543011314, 0.02325367543011314, 0.02325367543011314, 0.02325367543011314, 0.02325367543011314, 0.02325367543011314, 0.02325367543011314, 0.02325367543011314, 0.02325367543011314, 0.02325367543011314, 0.02325367543011314, 0.02325367543011314, 0.02325367543011314, 0.02325367543011314, 0.02325367543011314, 0.02325367543011314, 0.02325367543011314, 0.02325367543011314, 0.02325367543011314, 0.02325367543011314, 0.02325367543011314, 0.02325367543011314, 0.02325367543011314, 0.02325367543011314, 0.02325367543011314, 0.02325367543011314, 0.02325367543011314, 0.02325367543011314, 0.02325367543011314, 0.02325367543011314, 0.02325367543011314, 0.02325367543011314, 0.02325367543011314, 0.02325367543011314, 0.02325367543011314, 0.02325367543011314, 0.02325367543011314, 0.02325367543011314, 0.02325367543011314, 0.02325367543011314, 0.02325367543011314, 0.02325367543011314, 0.02325367543011314, 0.02325367543011314, 0.02325367543011314, 0.02325367543011314, 0.02325367543011314, 0.02325367543011314, 0.02325367543011314, 0.02325367543011314, 0.02325367543011314, 0.02325367543011314, 0.02325367543011314, 0.02325367543011314, 0.02325367543011314, 0.02325367543011314, 0.02325367543011314, 0.02325367543011314, 0.02325367543011314, 0.02325367543011314, 0.02325367543011314, 0.02325367543011314, 0.02325367543011314, 0.02325367543011314, 0.02325367543011314, 0.02325367543011314, 0.02325367543011314, 0.02325367543011314, 0.02325367543011314, 0.02325367543011314, 0.02325367543011314, 0.02325367543011314, 0.02325367543011314, 0.02325367543011314],