{"p_array": [0.001, 0.053526315789473686, 0.10605263157894737, 0.15857894736842104, 0.21110526315789474, 0.26363157894736844, 0.3161578947368421, 0.3686842105263158, 0.4212105263157895, 0.4737368421052632, 0.5262631578947369, 0.5787894736842105, 0.6313157894736842, 0.6838421052631579, 0.7363684210526316, 0.7888947368421053, 0.841421052631579, 0.8939473684210526, 0.9464736842105264, 0.999], "mean_sharpness": [-0.5198997660763676, -0.3966863312141724], "sharpness_error_true_minus_model": [], "posterior_variance": [0.19518183217940746, 0.13506050608000908], "bias_mse": [], "bias_nmse": [], "f_calibration": [], "f_calibration_mse": [], "f_calibration_nmse": [], "y_calibration": [[0.09200000017881393, 0.25459998846054077, 0.31779998540878296, 0.36079999804496765, 0.4050000011920929, 0.45260000228881836, 0.48820000886917114, 0.5188000202178955, 0.5371999740600586, 0.5514000058174133, 0.5667999982833862, 0.5827999711036682, 0.5964000225067139, 0.6137999892234802, 0.6341999769210815, 0.6535999774932861, 0.6759999990463257, 0.7020000219345093, 0.7351999878883362, 0.8396000266075134], [0.004000000189989805, 0.050999999046325684, 0.08219999819993973, 0.11659999936819077, 0.1526000052690506, 0.19179999828338623, 0.23720000684261322, 0.2856000065803528, 0.35100001096725464, 0.42800000309944153, 0.5148000121116638, 0.6043999791145325, 0.6700000166893005, 0.7264000177383423, 0.7670000195503235, 0.8032000064849854, 0.8399999737739563, 0.8787999749183655, 0.9279999732971191, 0.9973999857902527]], "y_calibration_mse": [0.022507237106702056, 0.0018450547608769377], "y_calibration_nmse": [0.24534468595211553, 0.02011239223747341], "calibration_local_dist_to_nearest_train_sample": [[0.4869501588052503, 0.6286464202047508, 0.7703426816042513, 0.9120389430037519, 1.0537352044032524, 1.195431465802753, 1.3371277272022535, 1.478823988601754, 1.6205202500012545, 1.762216511400755, 1.9039127728002556, 2.045609034199756, 2.1873052955992565, 2.329001556998757, 2.4706978183982575, 2.6123940797977583, 2.754090341197259, 2.8957866025967594, 3.0374828639962597, 3.1791791253957604], [0.4341872713316265, 0.5231206452575035, 0.6120540191833803, 0.7009873931092573, 0.7899207670351343, 0.8788541409610111, 0.9677875148868881, 1.056720888812765, 1.145654262738642, 1.234587636664519, 1.3235210105903958, 1.4124543845162727, 1.5013877584421498, 1.5903211323680266, 1.6792545062939037, 1.7681878802197806, 1.8571212541456574, 1.9460546280715345, 2.0349880019974114, 2.1239213759232882]], "calibration_local_y": [[0.027206217071704387, 0.01942073892546316, 0.020335133078882867, 0.023470543561873468, 0.027596064458728586, 0.03060545136431068, 0.03127143753147119, 0.030986526012184656, 0.02987456781597378, 0.028902805448726067, 0.02299776328058721, 0.02521742615146, 0.020113482808930452, 0.02463402985116698, 0.03546140977632623, 0.04366279519601963, 0.0413629241200337, 0.0843872115724558, 0.258449256958015, 0.21548575596912553], [0.007935177313425449, 0.00683398602507454, 0.004083574497691895, 0.00514184185310979, 0.004771708660825432, 0.0016667763524997382, 0.0039826842787480405, 0.001868849201223413, 0.0010502779396792798, 0.0014153402967921134, 0.0008651489237100488, 0.0037629126479596453, 0.011440532468345706, 0.007592127942550944, 0.005911579975227353, 0.023733503552207852, 0.02552036731748842, 0.01880329120861799, 0.173653, 0.12112668421052634]], "elpd": [-3.277577600499546, -0.40299690589415316], "expected_improvement": [null, null], "actual_improvement": [null, [[0.5168095149946489]]], "mse": [0.8359605460495786, 0.13205931006761512], "nmse": [0.8446349051530698, 0.13342962578873271], "y_regret_pool": [0.13975357454785997, 0.13975357454785997, 0.13975357454785997, 0.13975357454785997, 0.10153037467152215, 0.10153037467152215, 0.10153037467152215, 0.10153037467152215, 0.10153037467152215, 0.10153037467152215, 0.10153037467152215, 0.10153037467152215, 0.10153037467152215, 0.10153037467152215, 0.10153037467152215, 0.10153037467152215, 0.10153037467152215, 0.10153037467152215, 0.10153037467152215, 0.10153037467152215, 0.10153037467152215, 0.10153037467152215, 0.10153037467152215, 0.10153037467152215, 0.0601219081388229, 0.0601219081388229, 0.0601219081388229, 0.0601219081388229, 0.0601219081388229, 0.0601219081388229, 0.0601219081388229, 0.0601219081388229, 0.0601219081388229, 0.0601219081388229, 0.0601219081388229, 0.0601219081388229, 0.0601219081388229, 0.0601219081388229, 0.0601219081388229, 0.0601219081388229, 0.0601219081388229, 0.0601219081388229, 0.0601219081388229, 0.0601219081388229, 0.0601219081388229, 0.0601219081388229, 0.0601219081388229, 0.0601219081388229, 0.0601219081388229, 0.03384345822384094, 0.03384345822384094, 0.03384345822384094, 0.03384345822384094, 0.03384345822384094, 0.03384345822384094, 0.03384345822384094, 0.03384345822384094, 0.03384345822384094, 0.03384345822384094, 0.03384345822384094, 0.03384345822384094, 0.03384345822384094, 0.03384345822384094, 0.03384345822384094, 0.03384345822384094, 0.03384345822384094, 0.03384345822384094, 0.03384345822384094, 0.03384345822384094, 0.03384345822384094, 0.03384345822384094, 0.03384345822384094, 0.03384345822384094, 0.03384345822384094, 0.03384345822384094, 0.03384345822384094, 0.03384345822384094, 0.03384345822384094, 0.012342908293401011, 0.012342908293401011, 0.012342908293401011, 0.012342908293401011, 0.012342908293401011, 0.012342908293401011, 0.012342908293401011, 0.012342908293401011, 0.012342908293401011, 0.012342908293401011, 0.012342908293401011, 0.012342908293401011, 0.012342908293401011, 0.012342908293401011, 0.012342908293401011, 0.012342908293401011, 0.012342908293401011, 0.012342908293401011, 0.012342908293401011, 0.012342908293401011, 0.012342908293401011, 0.012342908293401011, 0.012342908293401011], "y_regret_test": [0.14433239536637932, 0.14433239536637932, 0.14433239536637932, 0.14433239536637932, 0.1061091954900415, 0.1061091954900415, 0.1061091954900415, 0.1061091954900415, 0.1061091954900415, 0.1061091954900415, 0.1061091954900415, 0.1061091954900415, 0.1061091954900415, 0.1061091954900415, 0.1061091954900415, 0.1061091954900415, 0.1061091954900415, 0.1061091954900415, 0.1061091954900415, 0.1061091954900415, 0.1061091954900415, 0.1061091954900415, 0.1061091954900415, 0.1061091954900415, 0.06470072895734225, 0.06470072895734225, 0.06470072895734225, 0.06470072895734225, 0.06470072895734225, 0.06470072895734225, 0.06470072895734225, 0.06470072895734225, 0.06470072895734225, 0.06470072895734225, 0.06470072895734225, 0.06470072895734225, 0.06470072895734225, 0.06470072895734225, 0.06470072895734225, 0.06470072895734225, 0.06470072895734225, 0.06470072895734225, 0.06470072895734225, 0.06470072895734225, 0.06470072895734225, 0.06470072895734225, 0.06470072895734225, 0.06470072895734225, 0.06470072895734225, 0.038422279042360286, 0.038422279042360286, 0.038422279042360286, 0.038422279042360286, 0.038422279042360286, 0.038422279042360286, 0.038422279042360286, 0.038422279042360286, 0.038422279042360286, 0.038422279042360286, 0.038422279042360286, 0.038422279042360286, 0.038422279042360286, 0.038422279042360286, 0.038422279042360286, 0.038422279042360286, 0.038422279042360286, 0.038422279042360286, 0.038422279042360286, 0.038422279042360286, 0.038422279042360286, 0.038422279042360286, 0.038422279042360286, 0.038422279042360286, 0.038422279042360286, 0.038422279042360286, 0.038422279042360286, 0.038422279042360286, 0.038422279042360286, 0.01692172911192036, 0.01692172911192036, 0.01692172911192036, 0.01692172911192036, 0.01692172911192036, 0.01692172911192036, 0.01692172911192036, 0.01692172911192036, 0.01692172911192036, 0.01692172911192036, 0.01692172911192036, 0.01692172911192036, 0.01692172911192036, 0.01692172911192036, 0.01692172911192036, 0.01692172911192036, 0.01692172911192036, 0.01692172911192036, 0.01692172911192036, 0.01692172911192036, 0.01692172911192036, 0.01692172911192036, 0.01692172911192036], "f_regret_pool": [], "f_regret_test": [],