{"p_array": [0.001, 0.053526315789473686, 0.10605263157894737, 0.15857894736842104, 0.21110526315789474, 0.26363157894736844, 0.3161578947368421, 0.3686842105263158, 0.4212105263157895, 0.4737368421052632, 0.5262631578947369, 0.5787894736842105, 0.6313157894736842, 0.6838421052631579, 0.7363684210526316, 0.7888947368421053, 0.841421052631579, 0.8939473684210526, 0.9464736842105264, 0.999], "mean_sharpness": [1.420747229170275, 2.317643852430215], "sharpness_error_true_minus_model": [], "posterior_variance": [0.0036154931321576633, 0.0005894729326739123], "bias_mse": [], "bias_nmse": [], "f_calibration": [], "f_calibration_mse": [], "f_calibration_nmse": [], "y_calibration": [[0.5357999801635742, 0.5508000254631042, 0.5540000200271606, 0.5555999875068665, 0.5565999746322632, 0.5576000213623047, 0.5582000017166138, 0.5595999956130981, 0.5609999895095825, 0.5619999766349792, 0.5630000233650208, 0.5645999908447266, 0.5662000179290771, 0.5673999786376953, 0.5691999793052673, 0.5703999996185303, 0.5734000205993652, 0.5767999887466431, 0.5806000232696533, 0.5925999879837036], [0.5537999868392944, 0.5569999814033508, 0.5580000281333923, 0.5587999820709229, 0.5591999888420105, 0.5601999759674072, 0.5608000159263611, 0.5609999895095825, 0.5612000226974487, 0.5619999766349792, 0.5622000098228455, 0.5630000233650208, 0.5640000104904175, 0.5644000172615051, 0.5645999908447266, 0.5659999847412109, 0.5680000185966492, 0.5681999921798706, 0.5694000124931335, 0.5756000280380249]], "y_calibration_mse": [0.08931003567401677, 0.09293498807961285], "y_calibration_nmse": [0.9735420900812897, 1.0130566162457433], "calibration_local_dist_to_nearest_train_sample": [[0.4987223717356208, 0.6563415065352174, 0.8139606413348139, 0.9715797761344106, 1.129198910934007, 1.2868180457336038, 1.4444371805332006, 1.602056315332797, 1.7596754501323937, 1.91729458493199, 2.074913719731587, 2.2325328545311836, 2.39015198933078, 2.5477711241303767, 2.705390258929973, 2.8630093937295698, 3.0206285285291665, 3.178247663328763, 3.3358667981283596, 3.4934859329279564], [0.4361500947403636, 0.5311969525447031, 0.6262438103490426, 0.7212906681533822, 0.8163375259577217, 0.9113843837620612, 1.0064312415664007, 1.1014780993707403, 1.1965249571750798, 1.2915718149794193, 1.3866186727837588, 1.4816655305880984, 1.5767123883924379, 1.6717592461967774, 1.766806104001117, 1.8618529618054565, 1.956899819609796, 2.0519466774141355, 2.146993535218475, 2.2420403930228145]], "calibration_local_y": [[0.1675437427179815, 0.10173721529468796, 0.14884722714640644, 0.1330413466327223, 0.11384229416758325, 0.0938438319736603, 0.095792374121961, 0.09586138892679673, 0.09107147866438949, 0.08913569375139221, 0.0880943663465644, 0.08814703294129025, 0.08417602830485754, 0.09782231473269681, 0.10777344819668695, 0.17363950733845387, 0.211045786359164, 0.3417372105263158, 0.3417372105263158, 0.3417372105263158], [0.0964956298156918, 0.12231715296919232, 0.1072742767612237, 0.10517942542344691, 0.10444985676585387, 0.10259128301243951, 0.0998411507150752, 0.10303191945978671, 0.08820116643839605, 0.09019496706326878, 0.08618670836538665, 0.08595057904172894, 0.10760653216917596, 0.14630114673144576, 0.2131788970026546, 0.15931566825491852, 0.3417372105263158, 0.20284831832605774, 0.3417372105263158, 0.3417372105263158]], "elpd": [-153.14491927991807, -883.5768531221163], "expected_improvement": [null, null], "actual_improvement": [null, [[0.08547712208559388]]], "mse": [0.988077943745539, 0.996257462013602], "nmse": [0.9919798583412754, 1.0001916774838981], "y_regret_pool": [0.05367168130955924, 0.05367168130955924, 0.05367168130955924, 0.05367168130955924, 0.05367168130955924, 0.05367168130955924, 0.05367168130955924, 0.05367168130955924, 0.05367168130955924, 0.05367168130955924, 0.05367168130955924, 0.05367168130955924, 0.05367168130955924, 0.05367168130955924, 0.05367168130955924, 0.05367168130955924, 0.05367168130955924, 0.05367168130955924, 0.05367168130955924, 0.05367168130955924, 0.05367168130955924, 0.05367168130955924, 0.05367168130955924, 0.05367168130955924, 0.05367168130955924, 0.05367168130955924, 0.05367168130955924, 0.05367168130955924, 0.05367168130955924, 0.05367168130955924, 0.05367168130955924, 0.05367168130955924, 0.05367168130955924, 0.05367168130955924, 0.05367168130955924, 0.05367168130955924, 0.05367168130955924, 0.05367168130955924, 0.05367168130955924, 0.05367168130955924, 0.05367168130955924, 0.0216674565286743, 0.0216674565286743, 0.0216674565286743, 0.0216674565286743, 0.0216674565286743, 0.0216674565286743, 0.0216674565286743, 0.0216674565286743, 0.0216674565286743, 0.0216674565286743, 0.0216674565286743, 0.0216674565286743, 0.0216674565286743, 0.0216674565286743, 0.0216674565286743, 0.0216674565286743, 0.0216674565286743, 0.0216674565286743, 0.0216674565286743, 0.0216674565286743, 0.0216674565286743, 0.0216674565286743, 0.0216674565286743, 0.0216674565286743, 0.0216674565286743, 0.0216674565286743, 0.0216674565286743, 0.0216674565286743, 0.0216674565286743, 0.0216674565286743, 0.0216674565286743, 0.0216674565286743, 0.0216674565286743, 0.0216674565286743, 0.0216674565286743, 0.0216674565286743, 0.0216674565286743, 0.0216674565286743, 0.0216674565286743, 0.0216674565286743, 0.0216674565286743, 0.0216674565286743, 0.0216674565286743, 0.0216674565286743, 0.0216674565286743, 0.0216674565286743, 0.0216674565286743, 0.0216674565286743, 0.0216674565286743, 0.0216674565286743, 0.0216674565286743, 0.0216674565286743, 0.0216674565286743, 0.0216674565286743, 0.0216674565286743, 0.0216674565286743, 0.0216674565286743, 0.0216674565286743, 0.0216674565286743, 0.0216674565286743], "y_regret_test": [0.05565952135806129, 0.05565952135806129, 0.05565952135806129, 0.05565952135806129, 0.05565952135806129, 0.05565952135806129, 0.05565952135806129, 0.05565952135806129, 0.05565952135806129, 0.05565952135806129, 0.05565952135806129, 0.05565952135806129, 0.05565952135806129, 0.05565952135806129, 0.05565952135806129, 0.05565952135806129, 0.05565952135806129, 0.05565952135806129, 0.05565952135806129, 0.05565952135806129, 0.05565952135806129, 0.05565952135806129, 0.05565952135806129, 0.05565952135806129, 0.05565952135806129, 0.05565952135806129, 0.05565952135806129, 0.05565952135806129, 0.05565952135806129, 0.05565952135806129, 0.05565952135806129, 0.05565952135806129, 0.05565952135806129, 0.05565952135806129, 0.05565952135806129, 0.05565952135806129, 0.05565952135806129, 0.05565952135806129, 0.05565952135806129, 0.05565952135806129, 0.05565952135806129, 0.023655296577176355, 0.023655296577176355, 0.023655296577176355, 0.023655296577176355, 0.023655296577176355, 0.023655296577176355, 0.023655296577176355, 0.023655296577176355, 0.023655296577176355, 0.023655296577176355, 0.023655296577176355, 0.023655296577176355, 0.023655296577176355, 0.023655296577176355, 0.023655296577176355, 0.023655296577176355, 0.023655296577176355, 0.023655296577176355, 0.023655296577176355, 0.023655296577176355, 0.023655296577176355, 0.023655296577176355, 0.023655296577176355, 0.023655296577176355, 0.023655296577176355, 0.023655296577176355, 0.023655296577176355, 0.023655296577176355, 0.023655296577176355, 0.023655296577176355, 0.023655296577176355, 0.023655296577176355, 0.023655296577176355, 0.023655296577176355, 0.023655296577176355, 0.023655296577176355, 0.023655296577176355, 0.023655296577176355, 0.023655296577176355, 0.023655296577176355, 0.023655296577176355, 0.023655296577176355, 0.023655296577176355, 0.023655296577176355, 0.023655296577176355, 0.023655296577176355, 0.023655296577176355, 0.023655296577176355, 0.023655296577176355, 0.023655296577176355, 0.023655296577176355, 0.023655296577176355, 0.023655296577176355, 0.023655296577176355, 0.023655296577176355, 0.023655296577176355, 0.023655296577176355, 0.023655296577176355, 0.023655296577176355, 0.023655296577176355], "f_regret_pool": [], "f_regret_test": [],