{"p_array": [0.001, 0.053526315789473686, 0.10605263157894737, 0.15857894736842104, 0.21110526315789474, 0.26363157894736844, 0.3161578947368421, 0.3686842105263158, 0.4212105263157895, 0.4737368421052632, 0.5262631578947369, 0.5787894736842105, 0.6313157894736842, 0.6838421052631579, 0.7363684210526316, 0.7888947368421053, 0.841421052631579, 0.8939473684210526, 0.9464736842105264, 0.999], "mean_sharpness": [-0.2226319510717392, -0.37984395182117325], "sharpness_error_true_minus_model": [], "posterior_variance": [0.3389314989670534, 0.23509766590106815], "bias_mse": [], "bias_nmse": [], "f_calibration": [], "f_calibration_mse": [], "f_calibration_nmse": [], "y_calibration": [[0.023800000548362732, 0.07079999893903732, 0.11599999666213989, 0.15860000252723694, 0.2272000014781952, 0.3109999895095825, 0.3806000053882599, 0.4296000003814697, 0.47540000081062317, 0.508400022983551, 0.5454000234603882, 0.5687999725341797, 0.5906000137329102, 0.6150000095367432, 0.6481999754905701, 0.6876000165939331, 0.7871999740600586, 0.8586000204086304, 0.8888000249862671, 0.9273999929428101], [0.0031999999191612005, 0.052000001072883606, 0.10199999809265137, 0.155799999833107, 0.19779999554157257, 0.23360000550746918, 0.26499998569488525, 0.29820001125335693, 0.34139999747276306, 0.3869999945163727, 0.428600013256073, 0.4742000102996826, 0.521399974822998, 0.5834000110626221, 0.6899999976158142, 0.8118000030517578, 0.8787999749183655, 0.9157999753952026, 0.9404000043869019, 0.9937999844551086]], "y_calibration_mse": [0.0026480508857111003, 0.0034924437507403852], "y_calibration_nmse": [0.028865613751700884, 0.03807008879715762], "calibration_local_dist_to_nearest_train_sample": [[0.500644532059779, 0.6588144097790954, 0.8169842874984119, 0.9751541652177285, 1.133324042937045, 1.2914939206563614, 1.449663798375678, 1.6078336760949945, 1.766003553814311, 1.9241734315336276, 2.082343309252944, 2.2405131869722608, 2.398683064691577, 2.5568529424108934, 2.7150228201302102, 2.8731926978495266, 3.031362575568843, 3.1895324532881597, 3.347702331007476, 3.505872208726793], [0.4426256660790423, 0.5427766778176222, 0.6429276895562022, 0.743078701294782, 0.8432297130333619, 0.9433807247719419, 1.0435317365105217, 1.1436827482491017, 1.2438337599876816, 1.3439847717262614, 1.4441357834648414, 1.5442867952034214, 1.6444378069420011, 1.7445888186805811, 1.844739830419161, 1.9448908421577409, 2.045041853896321, 2.1451928656349004, 2.2453438773734806, 2.3454948891120604]], "calibration_local_y": [[0.019436962727905623, 0.0036073227155871005, 0.0026759089037431062, 0.000829276616463989, 0.0018318262156362941, 0.0023778979013679893, 0.004562063649216624, 0.0021360273326139177, 0.002331716317056059, 0.002636685243200936, 0.0042068081244428296, 0.0038012730364162437, 0.009595262157309537, 0.011435146262702601, 0.03626163330629091, 0.05031345229421945, 0.03712531559981647, 0.03681336253437501, 0.15035533554577796, 0.11325089103497026], [0.010690371089259175, 0.006050636041465607, 0.006004966968316675, 0.0007228606718447396, 0.003353084034990391, 0.0008595680760674979, 0.0004901135844385398, 0.0032779433502450267, 0.0029657867868389245, 0.005837732094304291, 0.011240360929561268, 0.02089688411928728, 0.030197609299550725, 0.028549593852491766, 0.05671606145012577, 0.05170738878166357, 0.06325258459059004, 0.09965892123051748, 0.1051856661971664, 0.04608124791763643]], "elpd": [-23375466302.849808, -0.4307249528827758], "expected_improvement": [null, null], "actual_improvement": [null, [[0.14625602416129824]]], "mse": [0.6190830630756309, 0.2792841766499479], "nmse": [0.6042563299993665, 0.27259545879189345], "y_regret_pool": [0.10303946982635881, 0.10303946982635881, 0.09283556116394287, 0.09283556116394287, 0.09283556116394287, 0.09283556116394287, 0.09283556116394287, 0.09283556116394287, 0.09283556116394287, 0.09283556116394287, 0.03701417848131339, 0.03701417848131339, 0.03701417848131339, 0.03701417848131339, 0.03701417848131339, 0.03701417848131339, 0.03701417848131339, 0.01920735748219493, 0.01920735748219493, 0.01920735748219493, 0.01920735748219493, 0.01920735748219493, 0.01920735748219493, 0.01920735748219493, 0.01920735748219493, 0.01920735748219493, 0.01920735748219493, 0.01920735748219493, 0.01920735748219493, 0.01920735748219493, 0.01920735748219493, 0.01920735748219493, 0.01920735748219493, 0.01920735748219493, 0.013004981628569556, 0.013004981628569556, 0.013004981628569556, 0.013004981628569556, 0.013004981628569556, 0.013004981628569556, 0.013004981628569556, 0.013004981628569556, 0.013004981628569556, 0.013004981628569556, 0.013004981628569556, 0.013004981628569556, 0.013004981628569556, 0.013004981628569556, 0.013004981628569556, 0.013004981628569556, 0.013004981628569556, 0.013004981628569556, 0.013004981628569556, 0.013004981628569556, 0.013004981628569556, 0.013004981628569556, 0.013004981628569556, 0.013004981628569556, 0.013004981628569556, 0.013004981628569556, 0.013004981628569556, 0.013004981628569556, 0.013004981628569556, 0.013004981628569556, 0.013004981628569556, 0.013004981628569556, 0.013004981628569556, 0.013004981628569556, 0.013004981628569556, 0.013004981628569556, 0.013004981628569556, 0.013004981628569556, 0.013004981628569556, 0.013004981628569556, 0.013004981628569556, 0.013004981628569556, 0.013004981628569556, 0.013004981628569556, 0.013004981628569556, 0.013004981628569556, 0.013004981628569556, 0.013004981628569556, 0.013004981628569556, 0.013004981628569556, 0.013004981628569556, 0.013004981628569556, 0.013004981628569556, 0.013004981628569556, 0.0034013028874717577, 0.0034013028874717577, 0.0034013028874717577, 0.0034013028874717577, 0.0034013028874717577, 0.0034013028874717577, 0.0034013028874717577, 0.0034013028874717577, 0.0034013028874717577, 0.0034013028874717577, 0.0034013028874717577, 0.0034013028874717577, 0.0034013028874717577],