{"p_array": [0.001, 0.053526315789473686, 0.10605263157894737, 0.15857894736842104, 0.21110526315789474, 0.26363157894736844, 0.3161578947368421, 0.3686842105263158, 0.4212105263157895, 0.4737368421052632, 0.5262631578947369, 0.5787894736842105, 0.6313157894736842, 0.6838421052631579, 0.7363684210526316, 0.7888947368421053, 0.841421052631579, 0.8939473684210526, 0.9464736842105264, 0.999], "mean_sharpness": [4.112819492393377, 2.4286019232767333], "sharpness_error_true_minus_model": [], "posterior_variance": [0.08008907579248581, 0.08584348849430923], "bias_mse": [], "bias_nmse": [], "f_calibration": [], "f_calibration_mse": [], "f_calibration_nmse": [], "y_calibration": [[0.0803999975323677, 0.15000000596046448, 0.1842000037431717, 0.20960000157356262, 0.2305999994277954, 0.24979999661445618, 0.26499998569488525, 0.2831999957561493, 0.30300000309944153, 0.3174000084400177, 0.33160001039505005, 0.3476000130176544, 0.36399999260902405, 0.3806000053882599, 0.399399995803833, 0.42419999837875366, 0.5598000288009644, 0.616599977016449, 0.6381999850273132, 0.6934000253677368], [0.1257999986410141, 0.1420000046491623, 0.15860000252723694, 0.18539999425411224, 0.21639999747276306, 0.24619999527931213, 0.274399995803833, 0.30720001459121704, 0.3352000117301941, 0.3625999987125397, 0.3898000121116638, 0.41999998688697815, 0.4551999866962433, 0.49239999055862427, 0.5491999983787537, 0.6093999743461609, 0.6654000282287598, 0.7336000204086304, 0.7937999963760376, 0.8902000188827515]], "y_calibration_mse": [0.04595972231633306, 0.01615416300261125], "y_calibration_nmse": [0.5009932398494832, 0.17609171796189788], "calibration_local_dist_to_nearest_train_sample": [[0.4987223717356208, 0.6563415065352174, 0.8139606413348139, 0.9715797761344106, 1.129198910934007, 1.2868180457336038, 1.4444371805332006, 1.602056315332797, 1.7596754501323937, 1.91729458493199, 2.074913719731587, 2.2325328545311836, 2.39015198933078, 2.5477711241303767, 2.705390258929973, 2.8630093937295698, 3.0206285285291665, 3.178247663328763, 3.3358667981283596, 3.4934859329279564], [0.47429377501350434, 0.6074843130909846, 0.740674851168465, 0.8738653892459453, 1.0070559273234254, 1.140246465400906, 1.2734370034783862, 1.4066275415558664, 1.5398180796333467, 1.673008617710827, 1.8061991557883073, 1.9393896938657877, 2.072580231943268, 2.2057707700207483, 2.3389613080982286, 2.472151846175709, 2.605342384253189, 2.7385329223306694, 2.8717234604081496, 3.00491399848563]], "calibration_local_y": [[0.037679107024911326, 0.03559352682848362, 0.030083424656607682, 0.04491800669603561, 0.031652218778914554, 0.042412821783703654, 0.03905392995303581, 0.031124647772051105, 0.040864023844865933, 0.042812868179704464, 0.05516404124358811, 0.03963507227841067, 0.06236280425789035, 0.10687514610418287, 0.07342492079711753, 0.12842556464248073, 0.20868175712538867, 0.30992790123263025, 0.3417372105263158, 0.3417372105263158], [0.004426300018021562, 0.002244518107925165, 0.0038568799297455116, 0.0033755457847244987, 0.007535124255218973, 0.016567405931671986, 0.017107611018205633, 0.024375279830848223, 0.04172053707910354, 0.05067408579714172, 0.07261936870091375, 0.09513623752517485, 0.10908658348523674, 0.10376009340159946, 0.07020593568254932, 0.13896947937097354, 0.13700092020095317, 0.051275039473684204, 0.11792668421052632, 0.173653]], "elpd": [-820615831308210.0, -692049227146640.9], "expected_improvement": [null, null], "actual_improvement": [null, [[0.23695053378146158]]], "mse": [0.7437145241077405, 0.4099924878539945], "nmse": [0.7466514488463667, 0.4116115460291376], "y_regret_pool": [0.05367168130955924, 0.05367168130955924, 0.05367168130955924, 0.05367168130955924, 0.05367168130955924, 0.05367168130955924, 0.05367168130955924, 0.05367168130955924, 0.030413952742083472, 0.030413952742083472, 0.030413952742083472, 0.01948083247532173, 0.01948083247532173, 0.01948083247532173, 0.01948083247532173, 0.01948083247532173, 0.01391488033951549, 0.01391488033951549, 0.01391488033951549, 0.01391488033951549, 0.01391488033951549, 0.01391488033951549, 0.01391488033951549, 0.01391488033951549, 0.01391488033951549, 0.01391488033951549, 0.01391488033951549, 0.0033793280824536698, 0.0033793280824536698, 0.0033793280824536698, 0.0033793280824536698, 0.0033793280824536698, 0.0033793280824536698, 0.0033793280824536698, 0.0033793280824536698, 0.0033793280824536698, 0.0033793280824536698, 0.0033793280824536698, 0.0033793280824536698, 0.0033793280824536698, 0.0033793280824536698, 0.0033793280824536698, 0.0033793280824536698, 0.0033793280824536698, 0.0033793280824536698, 0.0033793280824536698, 0.0033793280824536698, 0.0033793280824536698, 0.0033793280824536698, 0.0033793280824536698, 0.0033793280824536698, 0.0033793280824536698, 0.0033793280824536698, 0.0033793280824536698, 0.0033793280824536698, 0.0033793280824536698, 0.0033793280824536698, 0.0033793280824536698, 0.0033793280824536698, 0.0033793280824536698, 0.0033793280824536698, 0.0033793280824536698, 0.0033793280824536698, 0.0033793280824536698, 0.0033793280824536698, 0.0033793280824536698, 0.0033793280824536698, 0.0033793280824536698, 0.0033793280824536698, 0.0033793280824536698, 0.0033793280824536698, 0.0033793280824536698, 0.0033793280824536698, 0.0033793280824536698, 0.0033793280824536698, 0.0033793280824536698, 0.0033793280824536698, 0.0033793280824536698, 0.0033793280824536698, 0.0033793280824536698, 0.0033793280824536698, 0.0033793280824536698, 0.0033793280824536698, 0.0033793280824536698, 0.0033793280824536698, 0.0033793280824536698, 0.0033793280824536698, 0.0033793280824536698, 0.0033793280824536698, 0.0033793280824536698, 0.0033793280824536698, 0.0033793280824536698, 0.0033793280824536698, 0.0033793280824536698, 0.0033793280824536698, 0.0033793280824536698, 0.0033793280824536698, 0.0033793280824536698, 0.0033793280824536698, 0.0033793280824536698, 0.0033793280824536698],