{"p_array": [0.001, 0.053526315789473686, 0.10605263157894737, 0.15857894736842104, 0.21110526315789474, 0.26363157894736844, 0.3161578947368421, 0.3686842105263158, 0.4212105263157895, 0.4737368421052632, 0.5262631578947369, 0.5787894736842105, 0.6313157894736842, 0.6838421052631579, 0.7363684210526316, 0.7888947368421053, 0.841421052631579, 0.8939473684210526, 0.9464736842105264, 0.999], "mean_sharpness": [-0.9699008670810583, -0.027378777109639797], "sharpness_error_true_minus_model": [], "posterior_variance": [0.45817631705315937, 0.13113556032738344], "bias_mse": [], "bias_nmse": [], "f_calibration": [], "f_calibration_mse": [], "f_calibration_nmse": [], "y_calibration": [[0.00039999998989515007, 0.004800000227987766, 0.017999999225139618, 0.04960000142455101, 0.11800000071525574, 0.21400000154972076, 0.3089999854564667, 0.3837999999523163, 0.430400013923645, 0.46320000290870667, 0.4909999966621399, 0.5153999924659729, 0.5339999794960022, 0.5532000064849854, 0.5766000151634216, 0.5997999906539917, 0.6340000033378601, 0.6692000031471252, 0.7770000100135803, 0.9229999780654907], [0.012000000104308128, 0.044199999421834946, 0.06340000033378601, 0.10719999670982361, 0.15880000591278076, 0.23800000548362732, 0.31139999628067017, 0.3781999945640564, 0.42899999022483826, 0.48080000281333923, 0.5175999999046326, 0.5613999962806702, 0.609000027179718, 0.6675999760627747, 0.7218000292778015, 0.7868000268936157, 0.8446000218391418, 0.8921999931335449, 0.9296000003814697, 0.9783999919891357]], "y_calibration_mse": [0.012736288803851751, 0.0005180851857704057], "y_calibration_nmse": [0.13883448963382433, 0.005647492253122167], "calibration_local_dist_to_nearest_train_sample": [[0.5186325294769967, 0.6914723781905316, 0.8643122269040667, 1.0371520756176018, 1.2099919243311366, 1.3828317730446718, 1.555671621758207, 1.7285114704717417, 1.901351319185277, 2.0741911678988116, 2.247031016612347, 2.419870865325882, 2.5927107140394168, 2.765550562752952, 2.9383904114664867, 3.111230260180022, 3.284070108893557, 3.456909957607092, 3.629749806320627, 3.8025896550341622], [0.4328611757388572, 0.5199296707142529, 0.6069981656896487, 0.6940666606650444, 0.7811351556404401, 0.8682036506158359, 0.9552721455912316, 1.0423406405666273, 1.129409135542023, 1.2164776305174188, 1.3035461254928147, 1.3906146204682104, 1.477683115443606, 1.5647516104190018, 1.6518201053943975, 1.7388886003697932, 1.825957095345189, 1.9130255903205846, 2.0000940852959803, 2.087162580271376]], "calibration_local_y": [[0.009926123876578888, 0.012149315797673404, 0.010201535592002044, 0.0037539989125873786, 0.0063234949054996725, 0.007549574399745844, 0.007289882452399708, 0.006571608273543713, 0.013151778733841093, 0.015059341121826067, 0.02620454071746219, 0.0403287447504701, 0.10112536185768958, 0.12354393550121165, 0.1956921069005934, 0.23432471433950894, 0.2422488264802632, 0.2470626133647429, 0.24768662595578386, 0.24718984210526312], [0.013948350433249063, 0.003458821528865163, 0.0016404110019375934, 0.01407873035158969, 0.0015968955766106786, 0.0006248342946967567, 0.0013179802314145206, 0.0010151240832120502, 0.0008024624587632216, 0.0017955778689899115, 0.002207759665923425, 0.0027314032728661874, 0.007954859407452167, 0.018992693236273814, 0.03038598271975764, 0.055997780054739835, 0.06360651825288308, 0.08497485723242934, 0.035228788208685496, 0.18698773548983275]], "elpd": [-1.633176765400154, -0.5846236522740267], "expected_improvement": [null, null], "actual_improvement": [null, [[1.7824287545781898]]], "mse": [0.9594955397425574, 0.16700388176870778], "nmse": [0.965974493031146, 0.16813156845840593], "y_regret_pool": [0.03176880926061121, 0.03176880926061121, 0.03176880926061121, 0.03176880926061121, 0.03176880926061121, 0.03176880926061121, 0.03176880926061121, 0.03176880926061121, 0.03176880926061121, 0.03176880926061121, 0.03176880926061121, 0.03176880926061121, 0.03176880926061121, 0.03176880926061121, 0.03176880926061121, 0.03176880926061121, 0.03176880926061121, 0.03176880926061121, 0.03176880926061121, 0.03176880926061121, 0.03176880926061121, 0.03176880926061121, 0.03176880926061121, 0.03176880926061121, 0.03176880926061121, 0.02918759350818667, 0.02918759350818667, 0.02918759350818667, 0.02918759350818667, 0.02918759350818667, 0.02918759350818667, 0.02918759350818667, 0.02918759350818667, 0.02918759350818667, 0.02918759350818667, 0.02918759350818667, 0.02918759350818667, 0.02918759350818667, 0.02918759350818667, 0.02918759350818667, 0.02918759350818667, 0.02918759350818667, 0.02918759350818667, 0.02918759350818667, 0.02918759350818667, 0.02918759350818667, 0.02918759350818667, 0.02918759350818667, 0.02918759350818667, 0.02918759350818667, 0.02918759350818667, 0.02918759350818667, 0.02918759350818667, 0.02918759350818667, 0.02918759350818667, 0.02918759350818667, 0.02918759350818667, 0.02918759350818667, 0.02918759350818667, 0.02918759350818667, 0.02918759350818667, 0.02918759350818667, 0.02918759350818667, 0.02918759350818667, 0.02918759350818667, 0.02918759350818667, 0.02918759350818667, 0.02918759350818667, 0.02918759350818667, 0.02918759350818667, 0.02918759350818667, 0.02918759350818667, 0.02918759350818667, 0.02918759350818667, 0.02918759350818667, 0.02918759350818667, 0.02918759350818667, 0.02918759350818667, 0.02918759350818667, 0.02918759350818667, 0.02918759350818667, 0.02918759350818667, 0.02918759350818667, 0.02918759350818667, 0.02918759350818667, 0.02918759350818667, 0.02918759350818667, 0.02918759350818667, 0.02918759350818667, 0.02918759350818667, 0.02918759350818667, 0.02918759350818667, 0.02918759350818667, 0.02918759350818667, 0.02918759350818667, 0.02918759350818667, 0.02918759350818667, 0.02918759350818667, 0.02918759350818667, 0.02918759350818667, 0.02918759350818667], "y_regret_test": [0.03335724972364207, 0.03335724972364207, 0.03335724972364207, 0.03335724972364207, 0.03335724972364207, 0.03335724972364207, 0.03335724972364207, 0.03335724972364207, 0.03335724972364207, 0.03335724972364207, 0.03335724972364207, 0.03335724972364207, 0.03335724972364207, 0.03335724972364207, 0.03335724972364207, 0.03335724972364207, 0.03335724972364207, 0.03335724972364207, 0.03335724972364207, 0.03335724972364207, 0.03335724972364207, 0.03335724972364207, 0.03335724972364207, 0.03335724972364207, 0.03335724972364207, 0.03077603397121753, 0.03077603397121753, 0.03077603397121753, 0.03077603397121753, 0.03077603397121753, 0.03077603397121753, 0.03077603397121753, 0.03077603397121753, 0.03077603397121753, 0.03077603397121753, 0.03077603397121753, 0.03077603397121753, 0.03077603397121753, 0.03077603397121753, 0.03077603397121753, 0.03077603397121753, 0.03077603397121753, 0.03077603397121753, 0.03077603397121753, 0.03077603397121753, 0.03077603397121753, 0.03077603397121753, 0.03077603397121753, 0.03077603397121753, 0.03077603397121753, 0.03077603397121753, 0.03077603397121753, 0.03077603397121753, 0.03077603397121753, 0.03077603397121753, 0.03077603397121753, 0.03077603397121753, 0.03077603397121753, 0.03077603397121753, 0.03077603397121753, 0.03077603397121753, 0.03077603397121753, 0.03077603397121753, 0.03077603397121753, 0.03077603397121753, 0.03077603397121753, 0.03077603397121753, 0.03077603397121753, 0.03077603397121753, 0.03077603397121753, 0.03077603397121753, 0.03077603397121753, 0.03077603397121753, 0.03077603397121753, 0.03077603397121753, 0.03077603397121753, 0.03077603397121753, 0.03077603397121753, 0.03077603397121753, 0.03077603397121753, 0.03077603397121753, 0.03077603397121753, 0.03077603397121753, 0.03077603397121753, 0.03077603397121753, 0.03077603397121753, 0.03077603397121753, 0.03077603397121753, 0.03077603397121753, 0.03077603397121753, 0.03077603397121753, 0.03077603397121753, 0.03077603397121753, 0.03077603397121753, 0.03077603397121753, 0.03077603397121753, 0.03077603397121753, 0.03077603397121753, 0.03077603397121753, 0.03077603397121753, 0.03077603397121753], "f_regret_pool": [], "f_regret_test": [],