{"p_array": [0.001, 0.053526315789473686, 0.10605263157894737, 0.15857894736842104, 0.21110526315789474, 0.26363157894736844, 0.3161578947368421, 0.3686842105263158, 0.4212105263157895, 0.4737368421052632, 0.5262631578947369, 0.5787894736842105, 0.6313157894736842, 0.6838421052631579, 0.7363684210526316, 0.7888947368421053, 0.841421052631579, 0.8939473684210526, 0.9464736842105264, 0.999], "mean_sharpness": [1.0069392796911099, 1.245967821529972, 1.310268196837844], "sharpness_error_true_minus_model": [], "posterior_variance": [0.008408238769545094, 0.00504537613597475, 0.00441052167657665], "bias_mse": [], "bias_nmse": [], "f_calibration": [], "f_calibration_mse": [], "f_calibration_nmse": [], "y_calibration": [[0.5077999830245972, 0.5351999998092651, 0.5418000221252441, 0.5454000234603882, 0.5483999848365784, 0.5501999855041504, 0.5523999929428101, 0.5550000071525574, 0.5564000010490417, 0.5576000213623047, 0.5586000084877014, 0.5604000091552734, 0.5613999962806702, 0.5645999908447266, 0.5680000185966492, 0.5709999799728394, 0.573199987411499, 0.5763999819755554, 0.5807999968528748, 0.6000000238418579], [0.54339998960495, 0.5582000017166138, 0.5609999895095825, 0.5648000240325928, 0.5680000185966492, 0.5690000057220459, 0.5699999928474426, 0.5723999738693237, 0.5752000212669373, 0.5781999826431274, 0.5795999765396118, 0.5813999772071838, 0.5827999711036682, 0.5842000246047974, 0.5857999920845032, 0.5871999859809875, 0.5898000001907349, 0.592199981212616, 0.5956000089645386, 0.6128000020980835], [0.5418000221252441, 0.557200014591217, 0.5600000023841858, 0.5627999901771545, 0.5662000179290771, 0.5673999786376953, 0.5685999989509583, 0.5699999928474426, 0.5708000063896179, 0.5735999941825867, 0.5759999752044678, 0.5776000022888184, 0.5803999900817871, 0.58160001039505, 0.5834000110626221, 0.5849999785423279, 0.5860000252723694, 0.5893999934196472, 0.592199981212616, 0.607200026512146]], "y_calibration_mse": [0.08510491520955368, 0.08935919578284053, 0.08940432455748673], "y_calibration_nmse": [0.9277033247608988, 0.9740779697809417, 0.9745699051078095], "calibration_local_dist_to_nearest_train_sample": [[0.4987223717356208, 0.6563415065352174, 0.8139606413348139, 0.9715797761344106, 1.129198910934007, 1.2868180457336038, 1.4444371805332006, 1.602056315332797, 1.7596754501323937, 1.91729458493199, 2.074913719731587, 2.2325328545311836, 2.39015198933078, 2.5477711241303767, 2.705390258929973, 2.8630093937295698, 3.0206285285291665, 3.178247663328763, 3.3358667981283596, 3.4934859329279564], [0.432058359067815, 0.5230134811996059, 0.6139686033313969, 0.7049237254631878, 0.7958788475949787, 0.8868339697267698, 0.9777890918585607, 1.0687442139903516, 1.1596993361221424, 1.2506544582539334, 1.3416095803857244, 1.4325647025175154, 1.5235198246493062, 1.6144749467810973, 1.705430068912888, 1.796385191044679, 1.88734031317647, 1.978295435308261, 2.0692505574400517, 2.1602056795718427], [0.432058359067815, 0.5230134811996059, 0.6139686033313969, 0.7049237254631878, 0.7958788475949787, 0.8868339697267698, 0.9777890918585607, 1.0687442139903516, 1.1596993361221424, 1.2506544582539334, 1.3416095803857244, 1.4325647025175154, 1.5235198246493062, 1.6144749467810973, 1.705430068912888, 1.796385191044679, 1.88734031317647, 1.978295435308261, 2.0692505574400517, 2.1602056795718427]], "calibration_local_y": [[0.14797657833617625, 0.10173721529468796, 0.14686453536177002, 0.13049047645696057, 0.10826394868679737, 0.08757763411855005, 0.09242322732184641, 0.0934256390690003, 0.08764175461459477, 0.08578919509019824, 0.08344858209980086, 0.08021588464934094, 0.07987078051193483, 0.09207750626891406, 0.10531741715995271, 0.17300120072109643, 0.211045786359164, 0.3417372105263158, 0.3417372105263158, 0.3417372105263158], [0.0827269986619828, 0.08574100150358835, 0.08611756528158147, 0.08946030157185982, 0.08739303593702324, 0.10233086547210923, 0.08657565811875721, 0.08916686743884808, 0.08744935518111699, 0.0877180643091981, 0.08846496396547084, 0.0900051024871156, 0.09873833090295253, 0.10919560424744298, 0.11643109450004119, 0.13173720575794431, 0.2181865162395947, 0.34173721052631584, 0.34173721052631584, 0.34173721052631584], [0.08138899958432386, 0.08634906215938523, 0.08626552088234987, 0.0893203918486149, 0.08752545119865751, 0.10171174108363572, 0.0870537177161376, 0.08916228729371527, 0.08728081246268553, 0.08778159130086613, 0.08902140873871028, 0.09024003747241473, 0.09891224837837863, 0.10889431458806728, 0.11643109450004119, 0.13173720575794431, 0.21388555095881534, 0.34173721052631584, 0.34173721052631584, 0.34173721052631584]], "elpd": [-74.51987305578724, -104.83350659746392, -118.27174310129404], "expected_improvement": [null, null, null], "actual_improvement": [null, null, null], "mse": [1.0204560718803692, 0.9776271449799675, 0.9788904492353427], "nmse": [1.0244858475335776, 0.9814877894264221, 0.9827560824636481], "y_regret_pool": [0.05367168130955924, 0.05367168130955924, 0.05367168130955924, 0.05367168130955924, 0.05367168130955924, 0.05367168130955924, 0.05367168130955924, 0.05367168130955924, 0.05367168130955924, 0.05367168130955924, 0.05367168130955924, 0.05367168130955924, 0.05367168130955924, 0.05367168130955924, 0.05367168130955924, 0.05367168130955924, 0.05367168130955924, 0.05367168130955924, 0.05367168130955924, 0.05367168130955924, 0.05367168130955924, 0.05367168130955924, 0.04452761708644948, 0.04452761708644948, 0.04452761708644948, 0.04452761708644948, 0.04452761708644948, 0.04452761708644948, 0.04452761708644948, 0.04452761708644948, 0.04452761708644948, 0.04452761708644948, 0.04452761708644948, 0.04452761708644948, 0.04452761708644948, 0.04452761708644948, 0.04452761708644948, 0.04452761708644948, 0.04452761708644948, 0.04452761708644948, 0.04452761708644948, 0.04452761708644948, 0.04452761708644948, 0.04452761708644948, 0.04452761708644948, 0.04452761708644948, 0.04452761708644948, 0.04452761708644948, 0.04452761708644948, 0.04452761708644948, 0.04452761708644948, 0.04452761708644948, 0.04452761708644948, 0.04452761708644948, 0.04452761708644948, 0.04452761708644948, 0.04452761708644948, 0.04452761708644948, 0.04452761708644948, 0.04452761708644948, 0.04452761708644948, 0.04452761708644948, 0.04452761708644948, 0.04452761708644948, 0.04452761708644948, 0.04452761708644948, 0.04452761708644948, 0.04452761708644948, 0.04452761708644948, 0.04452761708644948, 0.04452761708644948, 0.04452761708644948, 0.04452761708644948, 0.04452761708644948, 0.04452761708644948, 0.04452761708644948, 0.04452761708644948, 0.04452761708644948, 0.04015436897974478, 0.04015436897974478, 0.04015436897974478, 0.04015436897974478, 0.04015436897974478, 0.04015436897974478, 0.04015436897974478, 0.04015436897974478, 0.04015436897974478, 0.04015436897974478, 0.012324608300713802, 0.012324608300713802, 0.012324608300713802, 0.012324608300713802, 0.012324608300713802, 0.012324608300713802, 0.012324608300713802, 0.012324608300713802, 0.012324608300713802, 0.012324608300713802, 0.012324608300713802, 0.012324608300713802, 0.012324608300713802, 0.012324608300713802],