{"p_array": [0.001, 0.053526315789473686, 0.10605263157894737, 0.15857894736842104, 0.21110526315789474, 0.26363157894736844, 0.3161578947368421, 0.3686842105263158, 0.4212105263157895, 0.4737368421052632, 0.5262631578947369, 0.5787894736842105, 0.6313157894736842, 0.6838421052631579, 0.7363684210526316, 0.7888947368421053, 0.841421052631579, 0.8939473684210526, 0.9464736842105264, 0.999], "mean_sharpness": [-0.4821590934066147, -0.37079068413535066], "sharpness_error_true_minus_model": [], "posterior_variance": [0.17145314695237224, 0.12948165584623794], "bias_mse": [], "bias_nmse": [], "f_calibration": [], "f_calibration_mse": [], "f_calibration_nmse": [], "y_calibration": [[0.14980000257492065, 0.28999999165534973, 0.33959999680519104, 0.37439998984336853, 0.4025999903678894, 0.43220001459121704, 0.45559999346733093, 0.475600004196167, 0.49639999866485596, 0.5270000100135803, 0.5600000023841858, 0.5898000001907349, 0.6164000034332275, 0.6413999795913696, 0.6636000275611877, 0.6899999976158142, 0.717199981212616, 0.7472000122070312, 0.7901999950408936, 0.9097999930381775], [0.004999999888241291, 0.03319999948143959, 0.057999998331069946, 0.1005999967455864, 0.15080000460147858, 0.1979999989271164, 0.25519999861717224, 0.32019999623298645, 0.3880000114440918, 0.4575999975204468, 0.5275999903678894, 0.5910000205039978, 0.6589999794960022, 0.7233999967575073, 0.7712000012397766, 0.8148000240325928, 0.8501999974250793, 0.88919997215271, 0.9319999814033508, 0.9911999702453613]], "y_calibration_mse": [0.018566889396572535, 0.0013105153448545914], "y_calibration_nmse": [0.2023921295410048, 0.014285537322705667], "calibration_local_dist_to_nearest_train_sample": [[0.5071285340475428, 0.6677195702996999, 0.8283106065518568, 0.9889016428040138, 1.1494926790561708, 1.310083715308328, 1.470674751560485, 1.631265787812642, 1.791856824064799, 1.952447860316956, 2.113038896569113, 2.27362993282127, 2.4342209690734276, 2.5948120053255845, 2.7554030415777415, 2.9159940778298985, 3.0765851140820555, 3.2371761503342125, 3.3977671865863694, 3.5583582228385264], [0.42423400181201776, 0.5035126035540909, 0.5827912052961641, 0.6620698070382371, 0.7413484087803104, 0.8206270105223835, 0.8999056122644566, 0.9791842140065298, 1.058462815748603, 1.137741417490676, 1.2170200192327492, 1.2962986209748224, 1.3755772227168954, 1.4548558244589687, 1.5341344262010417, 1.613413027943115, 1.6926916296851882, 1.7719702314272612, 1.8512488331693344, 1.9305274349114074]], "calibration_local_y": [[0.01221060311895222, 0.009611376500312421, 0.01091446248924558, 0.005581294002029614, 0.01153174021748113, 0.022249783627604037, 0.03274502298488225, 0.026500002240461774, 0.033826583077804874, 0.03271826606208762, 0.02517513919388173, 0.021953952808452627, 0.022451082741742522, 0.03394780566297258, 0.0320412232110674, 0.039113193566809645, 0.0754579689863932, 0.1658750869578848, 0.18632923550032662, 0.2918372105263158], [0.017913570930881677, 0.0036848589757075764, NaN, 0.002749300553063273, 0.002233431280204154, 0.001980009355440098, 0.0012531159340167946, 0.0019252588910129154, 0.0020028144973833306, 0.0010932018650540059, 0.0011095872408451149, 0.0036187697226611423, 0.0022430210001642492, 0.00269070430158875, 0.007179842213577066, 0.0029397951088467396, 0.007926291023638385, 0.004620598684210527, 0.030959753887961978, 0.035806216200666166]], "elpd": [-3.2478358242183702, -0.3698446089697206], "expected_improvement": [null, null], "actual_improvement": [null, [[1.7347078116122518]]], "mse": [0.7227918523840176, 0.1305582303162208], "nmse": [0.7172125943377379, 0.12955044632613122], "y_regret_pool": [0.12098434041167305, 0.12098434041167305, 0.12098434041167305, 0.12098434041167305, 0.06089145845802024, 0.06089145845802024, 0.06089145845802024, 0.06089145845802024, 0.06089145845802024, 0.06089145845802024, 0.06089145845802024, 0.06089145845802024, 0.06089145845802024, 0.06089145845802024, 0.06089145845802024, 0.06089145845802024, 0.06089145845802024, 0.06089145845802024, 0.06089145845802024, 0.06089145845802024, 0.06089145845802024, 0.06089145845802024, 0.06089145845802024, 0.06089145845802024, 0.018367259600452046, 0.018367259600452046, 0.018367259600452046, 0.018367259600452046, 0.018367259600452046, 0.018367259600452046, 0.018367259600452046, 0.018367259600452046, 0.018367259600452046, 0.018367259600452046, 0.018367259600452046, 0.018367259600452046, 0.018367259600452046, 0.018367259600452046, 0.018367259600452046, 0.018367259600452046, 0.018367259600452046, 0.018367259600452046, 0.018367259600452046, 0.018367259600452046, 0.018367259600452046, 0.018367259600452046, 0.018367259600452046, 0.018367259600452046, 0.018367259600452046, 0.018367259600452046, 0.018367259600452046, 0.018367259600452046, 0.018367259600452046, 0.018367259600452046, 0.018367259600452046, 0.018367259600452046, 0.018367259600452046, 0.018367259600452046, 0.018367259600452046, 0.018367259600452046, 0.018367259600452046, 0.018367259600452046, 0.018367259600452046, 0.018367259600452046, 0.018367259600452046, 0.018367259600452046, 0.018367259600452046, 0.018367259600452046, 0.018367259600452046, 0.018367259600452046, 0.018367259600452046, 0.018367259600452046, 0.018367259600452046, 0.018367259600452046, 0.018367259600452046, 0.018367259600452046, 0.018367259600452046, 0.018367259600452046, 0.018367259600452046, 0.018367259600452046, 0.018367259600452046, 0.018367259600452046, 0.018367259600452046, 0.018367259600452046, 0.018367259600452046, 0.018367259600452046, 0.018367259600452046, 0.018367259600452046, 0.018367259600452046, 0.018367259600452046, 0.018367259600452046, 0.018367259600452046, 0.018367259600452046, 0.018367259600452046, 0.018367259600452046, 0.018367259600452046, 0.018367259600452046, 0.018367259600452046, 0.018367259600452046, 0.018367259600452046, 0.018367259600452046],