{"p_array": [0.001, 0.053526315789473686, 0.10605263157894737, 0.15857894736842104, 0.21110526315789474, 0.26363157894736844, 0.3161578947368421, 0.3686842105263158, 0.4212105263157895, 0.4737368421052632, 0.5262631578947369, 0.5787894736842105, 0.6313157894736842, 0.6838421052631579, 0.7363684210526316, 0.7888947368421053, 0.841421052631579, 0.8939473684210526, 0.9464736842105264, 0.999], "mean_sharpness": [-1.1053729715698732, -0.2805092043312028, -0.2805092043312028], "sharpness_error_true_minus_model": [], "posterior_variance": [0.6854102622732025, 0.1754045136510137, 0.1754045136510137], "bias_mse": [], "bias_nmse": [], "f_calibration": [], "f_calibration_mse": [], "f_calibration_nmse": [], "y_calibration": [[0.02199999988079071, 0.049800001084804535, 0.05779999867081642, 0.07639999687671661, 0.12700000405311584, 0.25220000743865967, 0.39160001277923584, 0.48739999532699585, 0.5400000214576721, 0.5717999935150146, 0.5978000164031982, 0.6236000061035156, 0.6567999720573425, 0.701200008392334, 0.7631999850273132, 0.8027999997138977, 0.8450000286102295, 0.9075999855995178, 0.9833999872207642, 1.0], [0.0007999999797903001, 0.01759999990463257, 0.033799998462200165, 0.06440000236034393, 0.12439999729394913, 0.19059999287128448, 0.27880001068115234, 0.36899998784065247, 0.4474000036716461, 0.4997999966144562, 0.5407999753952026, 0.578000009059906, 0.6132000088691711, 0.6696000099182129, 0.7490000128746033, 0.8267999887466431, 0.8723999857902527, 0.9111999869346619, 0.9467999935150146, 0.9894000291824341], [0.0007999999797903001, 0.01759999990463257, 0.033799998462200165, 0.06440000236034393, 0.12439999729394913, 0.19059999287128448, 0.27880001068115234, 0.36899998784065247, 0.4474000036716461, 0.4997999966144562, 0.5407999753952026, 0.578000009059906, 0.6132000088691711, 0.6696000099182129, 0.7490000128746033, 0.8267999887466431, 0.8723999857902527, 0.9111999869346619, 0.9467999935150146, 0.9894000291824341]], "y_calibration_mse": [0.0035403262119369423, 0.0017341049952926165, 0.0017341049952926165], "y_calibration_nmse": [0.03859204124068458, 0.018902961898925083, 0.018902961898925083], "calibration_local_dist_to_nearest_train_sample": [[0.5011007174539057, 0.6606144412342715, 0.8201281650146373, 0.9796418887950029, 1.1391556125753686, 1.2986693363557342, 1.4581830601361, 1.6176967839164658, 1.7772105076968314, 1.936724231477197, 2.096237955257563, 2.2557516790379286, 2.415265402818294, 2.57477912659866, 2.734292850379026, 2.8938065741593917, 3.0533202979397576, 3.2128340217201226, 3.3723477455004884, 3.531861469280854], [0.4288321957661846, 0.5160773978588291, 0.6033225999514735, 0.690567802044118, 0.7778130041367626, 0.865058206229407, 0.9523034083220515, 1.039548610414696, 1.1267938125073407, 1.214039014599985, 1.3012842166926295, 1.388529418785274, 1.4757746208779186, 1.563019822970563, 1.6502650250632076, 1.737510227155852, 1.8247554292484964, 1.912000631341141, 1.9992458334337855, 2.08649103552643], [0.4288321957661846, 0.5160773978588291, 0.6033225999514735, 0.690567802044118, 0.7778130041367626, 0.865058206229407, 0.9523034083220515, 1.039548610414696, 1.1267938125073407, 1.214039014599985, 1.3012842166926295, 1.388529418785274, 1.4757746208779186, 1.563019822970563, 1.6502650250632076, 1.737510227155852, 1.8247554292484964, 1.912000631341141, 1.9992458334337855, 2.08649103552643]], "calibration_local_y": [[0.004456368576341662, 0.005081511348456144, 0.009306476321541633, 0.008405406258788804, 0.00901607035413812, 0.007577485878720149, 0.01826289776035759, 0.011996263771877815, 0.01222797740803783, 0.008391183440097469, 0.00826764497404036, 0.002343260992760501, 0.0038207007515374605, 0.009882473358968578, 0.03436636572660498, 0.03813427082965061, 0.04940312707943486, 0.04455766694078948, 0.18461802685171722, 0.05442931578947369], [0.006331719611876842, 0.004268060589062357, 0.0049592957910505504, 0.0037269567431079966, 0.0032395602829593728, 0.0033503027434204045, 0.004011553632924525, 0.002217312665712059, 0.0016938419174512454, 0.002821567778816481, 0.00576731877569014, 0.00979095891383555, 0.007018335072694594, 0.00827728350334465, 0.027580126749548038, 0.003147693249405863, 0.008332661280410231, 0.04617814368208547, 0.08173194736842104, 0.08367668421052629], [0.006331719611876842, 0.004268060589062357, 0.0049592957910505504, 0.0037269567431079966, 0.0032395602829593728, 0.0033503027434204045, 0.004011553632924525, 0.002217312665712059, 0.0016938419174512454, 0.002821567778816481, 0.00576731877569014, 0.00979095891383555, 0.007018335072694594, 0.00827728350334465, 0.027580126749548038, 0.003147693249405863, 0.008332661280410231, 0.04617814368208547, 0.08173194736842104, 0.08367668421052629]], "elpd": [-2.4353956454306673, -0.23792227398706564, -0.23792227398706564], "expected_improvement": [null, null, null], "actual_improvement": [null, null, null], "mse": [0.6123723296536463, 0.1420088148490828, 0.1420088148490828], "nmse": [0.6287783069496881, 0.14581335218598296, 0.14581335218598296], "y_regret_pool": [0.012689725214249048, 0.012689725214249048, 0.012689725214249048, 0.012689725214249048, 0.012689725214249048, 0.012689725214249048, 0.012689725214249048, 0.012689725214249048, 0.012689725214249048, 0.012689725214249048, 0.012689725214249048, 0.012689725214249048, 0.012689725214249048, 0.012689725214249048, 0.012689725214249048, 0.012689725214249048, 0.012689725214249048, 0.012689725214249048, 0.012689725214249048, 0.012689725214249048, 0.012689725214249048, 0.012689725214249048, 0.012689725214249048, 0.007534524345959914, 0.007534524345959914, 0.007534524345959914, 0.007534524345959914, 0.007534524345959914, 0.007534524345959914, 0.007534524345959914, 0.007534524345959914, 0.007534524345959914, 0.007534524345959914, 0.007534524345959914, 0.007534524345959914, 0.007534524345959914, 0.007534524345959914, 0.007534524345959914, 0.007534524345959914, 0.007534524345959914, 0.007534524345959914, 0.007534524345959914, 0.007534524345959914, 0.007534524345959914, 0.007534524345959914, 0.007534524345959914, 0.007534524345959914, 0.007534524345959914, 0.007534524345959914, 0.007534524345959914, 0.007534524345959914, 0.007534524345959914, 0.007534524345959914, 0.007534524345959914, 0.007534524345959914, 0.007534524345959914, 0.007534524345959914, 0.007534524345959914, 0.007534524345959914, 0.007534524345959914, 0.007534524345959914, 0.007534524345959914, 0.007534524345959914, 0.007534524345959914, 0.007534524345959914, 0.007534524345959914, 0.007534524345959914, 0.007534524345959914, 0.007534524345959914, 0.007534524345959914, 0.007534524345959914, 0.007534524345959914, 0.007534524345959914, 0.007534524345959914, 0.007534524345959914, 0.007534524345959914, 0.007534524345959914, 0.007534524345959914, 0.007534524345959914, 0.007534524345959914, 0.007534524345959914, 0.007534524345959914, 0.007534524345959914, 0.007534524345959914, 0.007534524345959914, 0.007534524345959914, 0.007534524345959914, 0.007534524345959914, 0.007534524345959914, 0.007534524345959914, 0.007534524345959914, 0.007534524345959914, 0.007534524345959914, 0.007534524345959914, 0.007534524345959914, 0.007534524345959914, 0.007534524345959914, 0.007534524345959914, 0.007534524345959914, 0.007534524345959914, 0.007534524345959914, 0.007534524345959914],