{"p_array": [0.001, 0.053526315789473686, 0.10605263157894737, 0.15857894736842104, 0.21110526315789474, 0.26363157894736844, 0.3161578947368421, 0.3686842105263158, 0.4212105263157895, 0.4737368421052632, 0.5262631578947369, 0.5787894736842105, 0.6313157894736842, 0.6838421052631579, 0.7363684210526316, 0.7888947368421053, 0.841421052631579, 0.8939473684210526, 0.9464736842105264, 0.999], "mean_sharpness": [-1.3983322719755558, -0.576511727142007, -0.576511727142007], "sharpness_error_true_minus_model": [], "posterior_variance": [0.9596251663758059, 0.18727096791407857, 0.18727096791407857], "bias_mse": [], "bias_nmse": [], "f_calibration": [], "f_calibration_mse": [], "f_calibration_nmse": [], "y_calibration": [[0.0, 0.0, 0.0, 0.0, 0.18240000307559967, 0.3353999853134155, 0.4083999991416931, 0.4564000070095062, 0.49160000681877136, 0.5144000053405762, 0.5371999740600586, 0.5626000165939331, 0.5843999981880188, 0.604200005531311, 0.6272000074386597, 0.6534000039100647, 0.6787999868392944, 0.7157999873161316, 0.8095999956130981, 1.0], [0.00019999999494757503, 0.04560000076889992, 0.09960000216960907, 0.15620000660419464, 0.219200000166893, 0.27619999647140503, 0.33959999680519104, 0.39500001072883606, 0.4490000009536743, 0.5008000135421753, 0.5515999794006348, 0.5983999967575073, 0.6430000066757202, 0.6901999711990356, 0.728600025177002, 0.7735999822616577, 0.8180000185966492, 0.8641999959945679, 0.9100000262260437, 0.9945999979972839], [0.00019999999494757503, 0.04560000076889992, 0.09960000216960907, 0.15620000660419464, 0.219200000166893, 0.27619999647140503, 0.33959999680519104, 0.39500001072883606, 0.4490000009536743, 0.5008000135421753, 0.5515999794006348, 0.5983999967575073, 0.6430000066757202, 0.6901999711990356, 0.728600025177002, 0.7735999822616577, 0.8180000185966492, 0.8641999959945679, 0.9100000262260437, 0.9945999979972839]], "y_calibration_mse": [0.009208289231470723, 0.0003680931274166909, 0.0003680931274166909], "y_calibration_nmse": [0.10037681741837165, 0.004012473513254466, 0.004012473513254466], "calibration_local_dist_to_nearest_train_sample": [[0.4929206881397449, 0.6395164532955675, 0.7861122184513901, 0.9327079836072127, 1.0793037487630355, 1.225899513918858, 1.3724952790746805, 1.5190910442305032, 1.665686809386326, 1.8122825745421485, 1.958878339697971, 2.1054741048537937, 2.2520698700096164, 2.3986656351654387, 2.5452614003212615, 2.691857165477084, 2.838452930632907, 2.9850486957887297, 3.131644460944552, 3.2782402261003747], [0.43179704869478985, 0.5186497566804658, 0.6055024646661418, 0.6923551726518176, 0.7792078806374936, 0.8660605886231695, 0.9529132966088454, 1.0397660045945214, 1.1266187125801972, 1.213471420565873, 1.300324128551549, 1.387176836537225, 1.4740295445229008, 1.5608822525085768, 1.6477349604942526, 1.7345876684799286, 1.8214403764656046, 1.9082930844512804, 1.9951457924369564, 2.0819985004226322], [0.43179704869478985, 0.5186497566804658, 0.6055024646661418, 0.6923551726518176, 0.7792078806374936, 0.8660605886231695, 0.9529132966088454, 1.0397660045945214, 1.1266187125801972, 1.213471420565873, 1.300324128551549, 1.387176836537225, 1.4740295445229008, 1.5608822525085768, 1.6477349604942526, 1.7345876684799286, 1.8214403764656046, 1.9082930844512804, 1.9951457924369564, 2.0819985004226322]], "calibration_local_y": [[0.014659314711821933, 0.033901104883640315, 0.013240779860883692, 0.015199714723725093, 0.015841005410351786, 0.012983643241136312, 0.01060346617334269, 0.01320108331809943, 0.008317807776169422, 0.008127688138149486, 0.008699902893838889, 0.017330983159539556, 0.03026736350009191, 0.04039702279230873, 0.0667817439121902, 0.06350201505706268, 0.08236458991801798, 0.18421773522490187, 0.12238141915339233, 0.2918372105263158], [0.00382011538543294, 0.0055024833942348824, 0.0006699747812557646, 0.005774226541696228, 0.0002314452186938559, 0.0002721485140643224, 0.0009920799411531254, 0.0008146244283184159, 0.0002613682879016051, 0.0012891489665094078, 0.0007397064549982797, 0.0008759939825865473, 0.003742840987705152, 0.00586719947437148, 0.0021793155468789725, 0.0068199470373895565, 0.007497723239065594, 0.007213526315789473, 0.0073087896919157265, 0.03540329492135994], [0.00382011538543294, 0.0055024833942348824, 0.0006699747812557646, 0.005774226541696228, 0.0002314452186938559, 0.0002721485140643224, 0.0009920799411531254, 0.0008146244283184159, 0.0002613682879016051, 0.0012891489665094078, 0.0007397064549982797, 0.0008759939825865473, 0.003742840987705152, 0.00586719947437148, 0.0021793155468789725, 0.0068199470373895565, 0.007497723239065594, 0.007213526315789473, 0.0073087896919157265, 0.03540329492135994]], "elpd": [-1.437383958963501, -0.6751915193467793, -0.6751915193467793], "expected_improvement": [null, null, null], "actual_improvement": [null, null, null], "mse": [1.0345751296219305, 0.22198568960661078, 0.22198568960661078], "nmse": [1.046354432280455, 0.22451313932859768, 0.22451313932859768], "y_regret_pool": [0.04133986743131279, 0.04133986743131279, 0.04133986743131279, 0.04133986743131279, 0.04133986743131279, 0.04133986743131279, 0.04133986743131279, 0.04133986743131279, 0.04133986743131279, 0.04133986743131279, 0.04133986743131279, 0.04133986743131279, 0.04133986743131279, 0.04133986743131279, 0.04133986743131279, 0.04133986743131279, 0.04133986743131279, 0.023054926067462844, 0.023054926067462844, 0.023054926067462844, 0.023054926067462844, 0.023054926067462844, 0.023054926067462844, 0.023054926067462844, 0.023054926067462844, 0.023054926067462844, 0.023054926067462844, 0.023054926067462844, 0.023054926067462844, 0.023054926067462844, 0.023054926067462844, 0.023054926067462844, 0.023054926067462844, 0.023054926067462844, 0.023054926067462844, 0.023054926067462844, 0.023054926067462844, 0.023054926067462844, 0.023054926067462844, 0.023054926067462844, 0.023054926067462844, 0.023054926067462844, 0.023054926067462844, 0.023054926067462844, 0.023054926067462844, 0.023054926067462844, 0.023054926067462844, 0.023054926067462844, 0.023054926067462844, 0.023054926067462844, 0.023054926067462844, 0.023054926067462844, 0.023054926067462844, 0.023054926067462844, 0.023054926067462844, 0.023054926067462844, 0.023054926067462844, 0.023054926067462844, 0.023054926067462844, 0.023054926067462844, 0.023054926067462844, 0.023054926067462844, 0.023054926067462844, 0.023054926067462844, 0.023054926067462844, 0.023054926067462844, 0.023054926067462844, 0.023054926067462844, 0.023054926067462844, 0.023054926067462844, 0.023054926067462844, 0.023054926067462844, 0.023054926067462844, 0.023054926067462844, 0.023054926067462844, 0.023054926067462844, 0.023054926067462844, 0.023054926067462844, 0.023054926067462844, 0.023054926067462844, 0.023054926067462844, 0.023054926067462844, 0.023054926067462844, 0.023054926067462844, 0.023054926067462844, 0.023054926067462844, 0.023054926067462844, 0.023054926067462844, 0.023054926067462844, 0.023054926067462844, 0.023054926067462844, 0.023054926067462844, 0.023054926067462844, 0.023054926067462844, 0.023054926067462844, 0.023054926067462844, 0.023054926067462844, 0.023054926067462844, 0.023054926067462844, 0.023054926067462844, 0.023054926067462844, 0.023054926067462844],