{"p_array": [0.001, 0.053526315789473686, 0.10605263157894737, 0.15857894736842104, 0.21110526315789474, 0.26363157894736844, 0.3161578947368421, 0.3686842105263158, 0.4212105263157895, 0.4737368421052632, 0.5262631578947369, 0.5787894736842105, 0.6313157894736842, 0.6838421052631579, 0.7363684210526316, 0.7888947368421053, 0.841421052631579, 0.8939473684210526, 0.9464736842105264, 0.999], "mean_sharpness": [-0.03349002762950558, -0.17156296661015516, -0.17156296661015516], "sharpness_error_true_minus_model": [], "posterior_variance": [0.07023008578307621, 0.08775159983876135, 0.08775159983876135], "bias_mse": [], "bias_nmse": [], "f_calibration": [], "f_calibration_mse": [], "f_calibration_nmse": [], "y_calibration": [[0.039000000804662704, 0.15700000524520874, 0.21240000426769257, 0.24779999256134033, 0.2831999957561493, 0.31060001254081726, 0.335999995470047, 0.35920000076293945, 0.382999986410141, 0.4041999876499176, 0.42579999566078186, 0.4449999928474426, 0.46239998936653137, 0.48159998655319214, 0.4973999857902527, 0.5175999999046326, 0.5356000065803528, 0.5576000213623047, 0.5889999866485596, 0.6764000058174133], [0.026799999177455902, 0.0860000029206276, 0.121799997985363, 0.15559999644756317, 0.19020000100135803, 0.22759999334812164, 0.26179999113082886, 0.31200000643730164, 0.35899999737739563, 0.40619999170303345, 0.45899999141693115, 0.5180000066757202, 0.5777999758720398, 0.6345999836921692, 0.6913999915122986, 0.7462000250816345, 0.7964000105857849, 0.8465999960899353, 0.8952000141143799, 0.9782000184059143], [0.026799999177455902, 0.0860000029206276, 0.121799997985363, 0.15559999644756317, 0.19020000100135803, 0.22759999334812164, 0.26179999113082886, 0.31200000643730164, 0.35899999737739563, 0.40619999170303345, 0.45899999141693115, 0.5180000066757202, 0.5777999758720398, 0.6345999836921692, 0.6913999915122986, 0.7462000250816345, 0.7964000105857849, 0.8465999960899353, 0.8952000141143799, 0.9782000184059143]], "y_calibration_mse": [0.035612580916664235, 0.002149765602739038, 0.002149765602739038], "y_calibration_nmse": [0.38820213425225514, 0.0234339543398516, 0.0234339543398516], "calibration_local_dist_to_nearest_train_sample": [[0.49685635761900515, 0.6476408845226915, 0.7984254114263778, 0.9492099383300642, 1.0999944652337506, 1.2507789921374368, 1.4015635190411233, 1.5523480459448096, 1.7031325728484958, 1.8539170997521823, 2.0047016266558684, 2.155486153559555, 2.3062706804632414, 2.4570552073669276, 2.6078397342706143, 2.7586242611743, 2.909408788077987, 3.0601933149816727, 3.2109778418853594, 3.3617623687890457], [0.44358847384344086, 0.541105116971563, 0.6386217600996853, 0.7361384032278075, 0.8336550463559297, 0.9311716894840519, 1.028688332612174, 1.1262049757402963, 1.2237216188684186, 1.3212382619965406, 1.418754905124663, 1.516271548252785, 1.6137881913809076, 1.7113048345090296, 1.8088214776371516, 1.906338120765274, 2.003854763893396, 2.1013714070215186, 2.1988880501496406, 2.2964046932777626], [0.44358847384344086, 0.541105116971563, 0.6386217600996853, 0.7361384032278075, 0.8336550463559297, 0.9311716894840519, 1.028688332612174, 1.1262049757402963, 1.2237216188684186, 1.3212382619965406, 1.418754905124663, 1.516271548252785, 1.6137881913809076, 1.7113048345090296, 1.8088214776371516, 1.906338120765274, 2.003854763893396, 2.1013714070215186, 2.1988880501496406, 2.2964046932777626]], "calibration_local_y": [[0.005359111523833881, 0.009934599999166575, 0.02472645926852724, 0.015340565262675354, 0.026074730447069965, 0.022193348912912265, 0.029277589416932377, 0.03062668590930036, 0.03471875429510628, 0.03884790513544452, 0.04464360720569862, 0.04353367221159461, 0.05387982828811978, 0.07511677810360703, 0.0617406872144262, 0.06142312095904129, 0.13599642918773155, 0.2898950397579868, 0.23342171216862698, 0.3417372105263158], [0.0024626498028230094, 0.0014252387057208812, 0.0008676759499701717, 0.0009781778772954277, 0.0005891571560770521, 0.0008337417502151393, 0.00067372789358985, 0.0018525577806676932, 0.004248938974032705, 0.002608971536469628, 0.017155730143432087, 0.012155175783704742, 0.02603803422985725, 0.017998866080415662, 0.03843539707971171, 0.1708235763354854, 0.08330510352767459, 0.035026682388035926, 0.20779510526315786, 0.25701352631578944], [0.0024626498028230094, 0.0014252387057208812, 0.0008676759499701717, 0.0009781778772954277, 0.0005891571560770521, 0.0008337417502151393, 0.00067372789358985, 0.0018525577806676932, 0.004248938974032705, 0.002608971536469628, 0.017155730143432087, 0.012155175783704742, 0.02603803422985725, 0.017998866080415662, 0.03843539707971171, 0.1708235763354854, 0.08330510352767459, 0.035026682388035926, 0.20779510526315786, 0.25701352631578944]], "elpd": [-6.273550361177233, -0.659349268331945, -0.659349268331945], "expected_improvement": [null, null, null], "actual_improvement": [null, null, null], "mse": [1.200754376587461, 0.1966247715652335, 0.1966247715652335], "nmse": [1.1754001142541173, 0.19247298487454753, 0.19247298487454753], "y_regret_pool": [0.10695317329251108, 0.10695317329251108, 0.01224041945749188, 0.01224041945749188, 0.01224041945749188, 0.01224041945749188, 0.01224041945749188, 0.01224041945749188, 0.01224041945749188, 0.01224041945749188, 0.01224041945749188, 0.01224041945749188, 0.01224041945749188, 0.01224041945749188, 0.01224041945749188, 0.01224041945749188, 0.01224041945749188, 0.01224041945749188, 0.01224041945749188, 0.01224041945749188, 0.01224041945749188, 0.01224041945749188, 0.01224041945749188, 0.01224041945749188, 0.01224041945749188, 0.01224041945749188, 0.01224041945749188, 0.01224041945749188, 0.01224041945749188, 0.01224041945749188, 0.01224041945749188, 0.01224041945749188, 0.01224041945749188, 0.01224041945749188, 0.01224041945749188, 0.01224041945749188, 0.01224041945749188, 0.01224041945749188, 0.01224041945749188, 0.01224041945749188, 0.01224041945749188, 0.01224041945749188, 0.01224041945749188, 0.01224041945749188, 0.01224041945749188, 0.01224041945749188, 0.01224041945749188, 0.01224041945749188, 0.01224041945749188, 0.01224041945749188, 0.01224041945749188, 0.01224041945749188, 0.01224041945749188, 0.01224041945749188, 0.01224041945749188, 0.01224041945749188, 0.01224041945749188, 0.01224041945749188, 0.01224041945749188, 0.01224041945749188, 0.01224041945749188, 0.01224041945749188, 0.01224041945749188, 0.01224041945749188, 0.01224041945749188, 0.01224041945749188, 0.01224041945749188, 0.01224041945749188, 0.01224041945749188, 0.01224041945749188, 0.01224041945749188, 0.01224041945749188, 0.01224041945749188, 0.01224041945749188, 0.01224041945749188, 0.01224041945749188, 0.01224041945749188, 0.01224041945749188, 0.01224041945749188, 0.01224041945749188, 0.01224041945749188, 0.01224041945749188, 0.01224041945749188, 0.01224041945749188, 0.01224041945749188, 0.01224041945749188, 0.01224041945749188, 0.01224041945749188, 0.01224041945749188, 0.01224041945749188, 0.01224041945749188, 0.01224041945749188, 0.01224041945749188, 0.01224041945749188, 0.01224041945749188, 0.01224041945749188, 0.01224041945749188, 0.01224041945749188, 0.01224041945749188, 0.01224041945749188, 0.01224041945749188, 0.01224041945749188],