{"p_array": [0.001, 0.053526315789473686, 0.10605263157894737, 0.15857894736842104, 0.21110526315789474, 0.26363157894736844, 0.3161578947368421, 0.3686842105263158, 0.4212105263157895, 0.4737368421052632, 0.5262631578947369, 0.5787894736842105, 0.6313157894736842, 0.6838421052631579, 0.7363684210526316, 0.7888947368421053, 0.841421052631579, 0.8939473684210526, 0.9464736842105264, 0.999], "mean_sharpness": [1.7863961159922623, 1.760619283013017], "sharpness_error_true_minus_model": [], "posterior_variance": [0.0017051861118125818, 0.0017945466584353778], "bias_mse": [], "bias_nmse": [], "f_calibration": [], "f_calibration_mse": [], "f_calibration_nmse": [], "y_calibration": [[0.5450000166893005, 0.553600013256073, 0.5558000206947327, 0.557200014591217, 0.5582000017166138, 0.5591999888420105, 0.5598000288009644, 0.5604000091552734, 0.5618000030517578, 0.5626000165939331, 0.5630000233650208, 0.5633999705314636, 0.5644000172615051, 0.5651999711990356, 0.5659999847412109, 0.5672000050544739, 0.5685999989509583, 0.5703999996185303, 0.5726000070571899, 0.5820000171661377], [0.5429999828338623, 0.5532000064849854, 0.555400013923645, 0.5568000078201294, 0.5582000017166138, 0.5591999888420105, 0.5600000023841858, 0.5604000091552734, 0.5619999766349792, 0.5630000233650208, 0.5631999969482422, 0.5641999840736389, 0.5649999976158142, 0.5662000179290771, 0.5666000247001648, 0.5680000185966492, 0.5699999928474426, 0.5720000267028809, 0.5745999813079834, 0.5835999846458435]], "y_calibration_mse": [0.09149469713134342, 0.09106834645942932], "y_calibration_nmse": [0.9973564337352202, 0.9927089120865017], "calibration_local_dist_to_nearest_train_sample": [[0.5186325294769967, 0.6914723781905316, 0.8643122269040667, 1.0371520756176018, 1.2099919243311366, 1.3828317730446718, 1.555671621758207, 1.7285114704717417, 1.901351319185277, 2.0741911678988116, 2.247031016612347, 2.419870865325882, 2.5927107140394168, 2.765550562752952, 2.9383904114664867, 3.111230260180022, 3.284070108893557, 3.456909957607092, 3.629749806320627, 3.8025896550341622], [0.43457581144872415, 0.5233589421339868, 0.6121420728192496, 0.7009252035045123, 0.7897083341897749, 0.8784914648750377, 0.9672745955603004, 1.056057726245563, 1.1448408569308257, 1.2336239876160884, 1.322407118301351, 1.411190248986614, 1.4999733796718766, 1.5887565103571393, 1.677539641042402, 1.7663227717276646, 1.8551059024129273, 1.94388903309819, 2.0326721637834524, 2.1214552944687153]], "calibration_local_y": [[0.12871946610083032, 0.15726089590477954, 0.15799511218703471, 0.1493436005652406, 0.13490180948311825, 0.13714638299757945, 0.139940501769057, 0.11701561233383675, 0.09485242178990491, 0.088463800068023, 0.09032858987331055, 0.09786370356383307, 0.16105380812847403, 0.20518130278086208, 0.29855447313811434, 0.3417372105263158, 0.3417372105263158, 0.3417372105263158, 0.3417372105263158, 0.3417372105263158], [0.0836162113814169, 0.09172825409830856, 0.09931945455784807, 0.10171565150957529, 0.09989384226504765, 0.09858313344523903, 0.10504725141248279, 0.09863696181088036, 0.09551679501956686, 0.08663877784072509, 0.08565138349325288, 0.09867353490344458, 0.0860893124273708, 0.09379110528204346, 0.09204285894099959, 0.08913254709716856, 0.11519559573611755, 0.08724721076413833, 0.15423721052631578, 0.3417372105263158]], "elpd": [-302.74547886323643, -293.459678956457], "expected_improvement": [null, null], "actual_improvement": [null, [[2.2496288057670597]]], "mse": [0.9932484462229959, 0.9937939108481203], "nmse": [0.9999553145933988, 1.0005044624454693], "y_regret_pool": [0.03176880926061121, 0.03176880926061121, 0.03176880926061121, 0.03176880926061121, 0.03176880926061121, 0.03176880926061121, 0.03176880926061121, 0.03176880926061121, 0.03176880926061121, 0.03176880926061121, 0.03176880926061121, 0.03176880926061121, 0.03176880926061121, 0.03176880926061121, 0.03176880926061121, 0.03176880926061121, 0.03176880926061121, 0.03176880926061121, 0.03176880926061121, 0.03176880926061121, 0.03176880926061121, 0.03176880926061121, 0.03176880926061121, 0.03176880926061121, 0.03176880926061121, 0.03176880926061121, 0.03176880926061121, 0.009927752893940989, 0.009927752893940989, 0.009927752893940989, 0.009927752893940989, 0.009927752893940989, 0.009927752893940989, 0.009927752893940989, 0.009927752893940989, 0.009927752893940989, 0.009927752893940989, 0.009927752893940989, 0.009927752893940989, 0.009927752893940989, 0.009927752893940989, 0.009927752893940989, 0.009927752893940989, 0.009927752893940989, 0.009927752893940989, 0.009927752893940989, 0.009927752893940989, 0.009927752893940989, 0.009927752893940989, 0.009927752893940989, 0.009927752893940989, 0.009927752893940989, 0.009927752893940989, 0.009927752893940989, 0.009927752893940989, 0.009927752893940989, 0.009927752893940989, 0.009927752893940989, 0.009927752893940989, 0.009927752893940989, 0.009927752893940989, 0.009927752893940989, 0.004566766331212557, 0.004566766331212557, 0.004566766331212557, 0.004566766331212557, 0.004566766331212557, 0.004566766331212557, 0.004566766331212557, 0.004566766331212557, 0.004566766331212557, 0.004566766331212557, 0.004566766331212557, 0.004566766331212557, 0.004566766331212557, 0.004566766331212557, 0.004566766331212557, 0.004566766331212557, 0.004566766331212557, 0.004566766331212557, 0.004566766331212557, 0.004566766331212557, 0.004566766331212557, 0.004566766331212557, 0.004566766331212557, 0.004566766331212557, 0.004566766331212557, 0.004566766331212557, 0.004566766331212557, 0.004566766331212557, 0.004566766331212557, 0.004566766331212557, 0.004566766331212557, 0.004566766331212557, 0.004566766331212557, 0.004566766331212557, 0.004566766331212557, 0.004566766331212557, 0.004566766331212557, 0.004566766331212557, 0.004566766331212557],