{"p_array": [0.001, 0.053526315789473686, 0.10605263157894737, 0.15857894736842104, 0.21110526315789474, 0.26363157894736844, 0.3161578947368421, 0.3686842105263158, 0.4212105263157895, 0.4737368421052632, 0.5262631578947369, 0.5787894736842105, 0.6313157894736842, 0.6838421052631579, 0.7363684210526316, 0.7888947368421053, 0.841421052631579, 0.8939473684210526, 0.9464736842105264, 0.999], "mean_sharpness": [-1.288597875274205, 0.13153885130193604], "sharpness_error_true_minus_model": [], "posterior_variance": [0.7968561307138675, 0.1806625782462638], "bias_mse": [], "bias_nmse": [], "f_calibration": [], "f_calibration_mse": [], "f_calibration_nmse": [], "y_calibration": [[0.0, 0.0034000000450760126, 0.02759999968111515, 0.14100000262260437, 0.29679998755455017, 0.40959998965263367, 0.47540000081062317, 0.5166000127792358, 0.550000011920929, 0.5741999745368958, 0.5935999751091003, 0.6155999898910522, 0.6349999904632568, 0.6728000044822693, 0.7210000157356262, 0.7874000072479248, 0.8855999708175659, 0.9426000118255615, 0.9911999702453613, 1.0], [0.00860000029206276, 0.02160000056028366, 0.03660000115633011, 0.05339999869465828, 0.07460000365972519, 0.10740000009536743, 0.14659999310970306, 0.18400000035762787, 0.21979999542236328, 0.2460000067949295, 0.2768000066280365, 0.3043999969959259, 0.33340001106262207, 0.36959999799728394, 0.4323999881744385, 0.4864000082015991, 0.5604000091552734, 0.6363999843597412, 0.7314000129699707, 0.8510000109672546]], "y_calibration_mse": [0.006206401607133994, 0.04688405609801494], "y_calibration_nmse": [0.06765413480011606, 0.5110691270099798], "calibration_local_dist_to_nearest_train_sample": [[0.49433791044584213, 0.6416179168603461, 0.7888979232748501, 0.936177929689354, 1.0834579361038579, 1.230737942518362, 1.3780179489328659, 1.5252979553473698, 1.6725779617618737, 1.8198579681763776, 1.9671379745908817, 2.114417981005386, 2.2616979874198897, 2.4089779938343936, 2.5562580002488975, 2.7035380066634014, 2.8508180130779053, 2.998098019492409, 3.145378025906913, 3.2926580323214174], [0.45139431322459267, 0.5605801222336187, 0.6697659312426447, 0.7789517402516708, 0.8881375492606969, 0.997323358269723, 1.1065091672787488, 1.215694976287775, 1.324880785296801, 1.434066594305827, 1.5432524033148531, 1.6524382123238792, 1.7616240213329053, 1.8708098303419312, 1.9799956393509572, 2.0891814483599833, 2.1983672573690094, 2.3075530663780355, 2.416738875387061, 2.525924684396087]], "calibration_local_y": [[0.009971249596279574, 0.0045324729683745004, 0.003893607220118064, 0.00479912775552033, 0.004936023667207603, 0.004426537787165, 0.0022932591913792343, 0.003700661757885763, 0.004480008602959929, 0.004422867210741991, 0.006066729439347899, 0.014913735151834024, 0.009822153050804704, 0.021929079839718604, 0.019272270702423405, 0.013173218896535851, 0.023728916529974563, 0.016316916721771393, 0.014503184932653507, 0.01490083608107388], [0.0034070322491326134, 0.00481915820051938, 0.0028955062854680506, 0.006686775288829336, 0.015238072156674179, 0.02490266272029735, 0.03629964961160964, 0.04845622737984888, 0.084278601744211, 0.09571469363030835, 0.12016677693318485, 0.13439691722549812, 0.15327093120120056, 0.17318560798737392, 0.1331445553503846, 0.15331912862656408, 0.1632961618069713, 0.17650247474902792, 0.1496129988024486, 0.16830036842105262]], "elpd": [-1.160235124980372, -1009464192221.6232], "expected_improvement": [null, null], "actual_improvement": [null, [[2.0854305131024207]]], "mse": [0.6309365028830565, 0.4915379263377466], "nmse": [0.6345891723397393, 0.4943835780984721], "y_regret_pool": [0.217520724863708, 0.006921113972936155, 0.006921113972936155, 0.006921113972936155, 0.006921113972936155, 0.006921113972936155, 0.006921113972936155, 0.0033616839297117007, 0.0033616839297117007, 0.0033616839297117007, 0.0033616839297117007, 0.0033616839297117007, 0.0033616839297117007, 0.0033616839297117007, 0.0033616839297117007, 0.0033616839297117007, 0.0033616839297117007, 0.0033616839297117007, 0.0033616839297117007, 0.0033616839297117007, 0.0033616839297117007, 0.0033616839297117007, 0.0033616839297117007, 0.0033616839297117007, 0.0033616839297117007, 0.0033616839297117007, 0.0033616839297117007, 0.0033616839297117007, 0.0033616839297117007, 0.0033616839297117007, 0.0033616839297117007, 0.0033616839297117007, 0.0033616839297117007, 0.0033616839297117007, 0.0033616839297117007, 0.0033616839297117007, 0.0033616839297117007, 0.0033616839297117007, 0.0033616839297117007, 0.0033616839297117007, 0.0033616839297117007, 0.0033616839297117007, 0.0033616839297117007, 0.0033616839297117007, 0.0033616839297117007, 0.0033616839297117007, 0.0033616839297117007, 0.0033616839297117007, 0.0033616839297117007, 0.0033616839297117007, 0.0033616839297117007, 0.0033616839297117007, 0.0033616839297117007, 0.0033616839297117007, 0.0033616839297117007, 0.0033616839297117007, 0.0033616839297117007, 0.0033616839297117007, 0.0033616839297117007, 0.0033616839297117007, 0.0033616839297117007, 0.0033616839297117007, 0.0033616839297117007, 0.0033616839297117007, 0.0033616839297117007, 0.0033616839297117007, 0.0033616839297117007, 0.0033616839297117007, 0.0033616839297117007, 0.0033616839297117007, 0.0033616839297117007, 0.0033616839297117007, 0.0033616839297117007, 0.0033616839297117007, 0.0033616839297117007, 0.0033616839297117007, 0.0033616839297117007, 0.0033616839297117007, 0.0033616839297117007, 0.0033616839297117007, 0.0033616839297117007, 0.0033616839297117007, 0.0033616839297117007, 0.0033616839297117007, 0.0033616839297117007, 0.0033616839297117007, 0.0033616839297117007, 0.0033616839297117007, 0.0033616839297117007, 0.0033616839297117007, 0.0033616839297117007, 0.0033616839297117007, 0.0033616839297117007, 0.0033616839297117007, 0.0033616839297117007, 0.0033616839297117007, 0.0033616839297117007, 0.0033616839297117007, 0.0033616839297117007, 0.0033616839297117007, 0.0033616839297117007],