{"p_array": [0.001, 0.053526315789473686, 0.10605263157894737, 0.15857894736842104, 0.21110526315789474, 0.26363157894736844, 0.3161578947368421, 0.3686842105263158, 0.4212105263157895, 0.4737368421052632, 0.5262631578947369, 0.5787894736842105, 0.6313157894736842, 0.6838421052631579, 0.7363684210526316, 0.7888947368421053, 0.841421052631579, 0.8939473684210526, 0.9464736842105264, 0.999], "mean_sharpness": [-1.4594957329873086, -0.5893528322793598], "sharpness_error_true_minus_model": [], "posterior_variance": [1.0844949552219147, 0.19289665744856743], "bias_mse": [], "bias_nmse": [], "f_calibration": [], "f_calibration_mse": [], "f_calibration_nmse": [], "y_calibration": [[0.0, 0.0, 0.0, 0.04259999841451645, 0.25220000743865967, 0.3781999945640564, 0.4390000104904175, 0.4812000095844269, 0.5109999775886536, 0.5343999862670898, 0.5608000159263611, 0.5834000110626221, 0.6037999987602234, 0.626800000667572, 0.6525999903678894, 0.6758000254631042, 0.7038000226020813, 0.7534000277519226, 1.0, 1.0], [0.002199999988079071, 0.05660000070929527, 0.1111999973654747, 0.16899999976158142, 0.22220000624656677, 0.27720001339912415, 0.3264000117778778, 0.3747999966144562, 0.4259999990463257, 0.47839999198913574, 0.5299999713897705, 0.5806000232696533, 0.6380000114440918, 0.6944000124931335, 0.7487999796867371, 0.8073999881744385, 0.8579999804496765, 0.9082000255584717, 0.9524000287055969, 0.9991999864578247]], "y_calibration_mse": [0.007423145090169246, 9.118517539955008e-05], "y_calibration_nmse": [0.08091749299527522, 0.0009939824295550456], "calibration_local_dist_to_nearest_train_sample": [[0.4929206881397449, 0.6395164532955675, 0.7861122184513901, 0.9327079836072127, 1.0793037487630355, 1.225899513918858, 1.3724952790746805, 1.5190910442305032, 1.665686809386326, 1.8122825745421485, 1.958878339697971, 2.1054741048537937, 2.2520698700096164, 2.3986656351654387, 2.5452614003212615, 2.691857165477084, 2.838452930632907, 2.9850486957887297, 3.131644460944552, 3.2782402261003747], [0.4304484351685391, 0.5159525296279642, 0.6014566240873893, 0.6869607185468145, 0.7724648130062397, 0.8579689074656648, 0.9434730019250899, 1.028977096384515, 1.1144811908439403, 1.1999852853033652, 1.2854893797627904, 1.3709934742222156, 1.4564975686816408, 1.5420016631410658, 1.627505757600491, 1.7130098520599162, 1.7985139465193414, 1.8840180409787666, 1.9695221354381915, 2.0550262298976167]], "calibration_local_y": [[0.01822878749590033, 0.040016405084195406, 0.014534506489431203, 0.019845866483911893, 0.020892853365708126, 0.017182146253935913, 0.013443296263869484, 0.016426390332140054, 0.00899643886572277, 0.008400502498145192, 0.007229638736874211, 0.011324263678137568, 0.021097896780039406, 0.029597603877308355, 0.05117177562292946, 0.04748906204978089, 0.0639722907269074, 0.15176247284635747, 0.0978151036333473, 0.24718984210526312], [0.005557855450765781, 0.0013339777211632791, 0.0002566268502710298, 0.005352319342587431, 0.0013487602094431905, 0.0001739606056268192, 0.0008022206035443061, 7.914086539216595e-05, 0.0006341658228674236, 0.0007709731541044325, 0.00014636597699249022, 0.0009154602428223981, 0.0003130440703231575, 0.0005762678340930657, 0.0030189837129689268, 0.0019049935773606738, 0.014564402558844797, 0.0179026476180918, 0.09356137690440819, 0.08725416929462429]], "elpd": [-1.4195768558006256, -0.6031718383692314], "expected_improvement": [null, null], "actual_improvement": [null, [[0.5376170259697233]]], "mse": [0.9979113133677522, 0.19878547136780872], "nmse": [1.0092731749184158, 0.20104877169691535], "y_regret_pool": [0.04133986743131279, 0.04133986743131279, 0.04133986743131279, 0.04133986743131279, 0.04133986743131279, 0.04133986743131279, 0.04133986743131279, 0.04133986743131279, 0.04133986743131279, 0.04133986743131279, 0.04133986743131279, 0.04133986743131279, 0.04133986743131279, 0.04133986743131279, 0.010136217495177346, 0.010136217495177346, 0.010136217495177346, 0.010136217495177346, 0.010136217495177346, 0.010136217495177346, 0.010136217495177346, 0.010136217495177346, 0.010136217495177346, 0.010136217495177346, 0.010136217495177346, 0.010136217495177346, 0.010136217495177346, 0.010136217495177346, 0.010136217495177346, 0.010136217495177346, 0.010136217495177346, 0.010136217495177346, 0.010136217495177346, 0.010136217495177346, 0.010136217495177346, 0.010136217495177346, 0.010136217495177346, 0.010136217495177346, 0.010136217495177346, 0.010136217495177346, 0.010136217495177346, 0.010136217495177346, 0.010136217495177346, 0.010136217495177346, 0.010136217495177346, 0.010136217495177346, 0.010136217495177346, 0.010136217495177346, 0.010136217495177346, 0.010136217495177346, 0.010136217495177346, 0.010136217495177346, 0.010136217495177346, 0.010136217495177346, 0.010136217495177346, 0.010136217495177346, 0.010136217495177346, 0.010136217495177346, 0.010136217495177346, 0.010136217495177346, 0.010136217495177346, 0.010136217495177346, 0.010136217495177346, 0.010136217495177346, 0.010136217495177346, 0.010136217495177346, 0.010136217495177346, 0.010136217495177346, 0.010136217495177346, 0.010136217495177346, 0.010136217495177346, 0.010136217495177346, 0.010136217495177346, 0.010136217495177346, 0.010136217495177346, 0.010136217495177346, 0.010136217495177346, 0.010136217495177346, 0.010136217495177346, 0.010136217495177346, 0.010136217495177346, 0.010136217495177346, 0.010136217495177346, 0.010136217495177346, 0.010136217495177346, 0.010136217495177346, 0.010136217495177346, 0.010136217495177346, 0.010136217495177346, 0.010136217495177346, 0.010136217495177346, 0.010136217495177346, 0.010136217495177346, 0.010136217495177346, 0.010136217495177346, 0.010136217495177346, 0.010136217495177346, 0.010136217495177346, 0.010136217495177346, 0.010136217495177346, 0.010136217495177346],