{"p_array": [0.001, 0.053526315789473686, 0.10605263157894737, 0.15857894736842104, 0.21110526315789474, 0.26363157894736844, 0.3161578947368421, 0.3686842105263158, 0.4212105263157895, 0.4737368421052632, 0.5262631578947369, 0.5787894736842105, 0.6313157894736842, 0.6838421052631579, 0.7363684210526316, 0.7888947368421053, 0.841421052631579, 0.8939473684210526, 0.9464736842105264, 0.999], "mean_sharpness": [0.6342512045122348, 0.3935408034819305], "sharpness_error_true_minus_model": [], "posterior_variance": [0.017721708128831382, 0.03807136427295588], "bias_mse": [], "bias_nmse": [], "f_calibration": [], "f_calibration_mse": [], "f_calibration_nmse": [], "y_calibration": [[0.4973999857902527, 0.5400000214576721, 0.5504000186920166, 0.5562000274658203, 0.5598000288009644, 0.5636000037193298, 0.5658000111579895, 0.5690000057220459, 0.5723999738693237, 0.5753999948501587, 0.5774000287055969, 0.5803999900817871, 0.58160001039505, 0.5838000178337097, 0.5866000056266785, 0.5885999798774719, 0.592199981212616, 0.5964000225067139, 0.6039999723434448, 0.6277999877929688], [0.25040000677108765, 0.4560000002384186, 0.49900001287460327, 0.522599995136261, 0.5357999801635742, 0.5432000160217285, 0.5493999719619751, 0.5541999936103821, 0.5583999752998352, 0.5618000030517578, 0.5672000050544739, 0.5705999732017517, 0.5740000009536743, 0.5781999826431274, 0.58160001039505, 0.5848000049591064, 0.5888000130653381, 0.5935999751091003, 0.6014000177383423, 0.6295999884605408]], "y_calibration_mse": [0.08345982791335241, 0.06507189636417578], "y_calibration_nmse": [0.9097707182780652, 0.7093293549132847], "calibration_local_dist_to_nearest_train_sample": [[0.48574772489633683, 0.6261761368284074, 0.766604548760478, 0.9070329606925487, 1.0474613726246194, 1.18788978455669, 1.3283181964887605, 1.4687466084208312, 1.6091750203529018, 1.7496034322849725, 1.890031844217043, 2.0304602561491136, 2.1708886680811843, 2.3113170800132545, 2.451745491945325, 2.592173903877396, 2.7326023158094666, 2.8730307277415372, 3.013459139673608, 3.1538875516056786], [0.4814120465491899, 0.6175047801341136, 0.7535975137190374, 0.8896902473039611, 1.0257829808888848, 1.1618757144738086, 1.2979684480587323, 1.434061181643656, 1.5701539152285797, 1.7062466488135033, 1.842339382398427, 1.978432115983351, 2.1145248495682747, 2.2506175831531983, 2.386710316738122, 2.522803050323046, 2.658895783907969, 2.794988517492893, 2.931081251077817, 3.0671739846627406]], "calibration_local_y": [[0.34173721052631584, 0.11578973562638632, 0.16760908312397377, 0.13536302844178832, 0.12819075380208916, 0.12381579492752437, 0.0962188781166578, 0.08959573856101974, 0.10142859216724728, 0.0849236263363676, 0.08486986794058841, 0.08056070311266735, 0.08386032036148257, 0.09644138715386796, 0.1003021719419073, 0.12619363125513114, 0.11500802418239615, 0.12860018121141373, 0.18173720873817648, 0.3417372105263158], [0.19619530533752488, 0.15924631502714295, 0.16439840130678376, 0.13997038437056533, 0.12575295062326153, 0.11585227860444133, 0.09526506172603365, 0.0763713237815853, 0.07522460677915155, 0.06755318139023107, 0.0690604082724226, 0.10411085477614967, 0.14699804410340453, 0.23740518909736572, 0.2571367298728022, 0.2515623150691457, 0.29423720985576357, 0.3417372105263158, 0.3417372105263158, 0.3417372105263158]], "elpd": [-33.75807480911979, -41.767997132961476], "expected_improvement": [null, null], "actual_improvement": [null, [[0.006773381056645933]]], "mse": [0.9958673562483565, 0.9308706123776447], "nmse": [0.9836711143876198, 0.9194703761329509], "y_regret_pool": [0.04980427247533581, 0.04980427247533581, 0.04980427247533581, 0.04980427247533581, 0.04980427247533581, 0.04980427247533581, 0.04980427247533581, 0.04980427247533581, 0.04980427247533581, 0.04980427247533581, 0.04980427247533581, 0.04980427247533581, 0.04980427247533581, 0.04980427247533581, 0.00478121015763211, 0.00478121015763211, 0.00478121015763211, 0.00478121015763211, 0.00478121015763211, 0.00478121015763211, 0.00478121015763211, 0.00478121015763211, 0.00478121015763211, 0.00478121015763211, 0.00478121015763211, 0.00478121015763211, 0.00478121015763211, 0.00478121015763211, 0.00478121015763211, 0.00478121015763211, 0.00478121015763211, 0.00478121015763211, 0.00478121015763211, 0.00478121015763211, 0.00478121015763211, 0.00478121015763211, 0.00478121015763211, 0.00478121015763211, 0.00478121015763211, 0.00478121015763211, 0.00478121015763211, 0.00478121015763211, 0.00478121015763211, 0.00478121015763211, 0.00478121015763211, 0.00478121015763211, 0.00478121015763211, 0.0013945196293094764, 0.0013945196293094764, 0.0013945196293094764, 0.0013945196293094764, 0.0, 0.0, 0.0, 0.0, 0.0, 0.0, 0.0, 0.0, 0.0, 0.0, 0.0, 0.0, 0.0, 0.0, 0.0, 0.0, 0.0, 0.0, 0.0, 0.0, 0.0, 0.0, 0.0, 0.0, 0.0, 0.0, 0.0, 0.0, 0.0, 0.0, 0.0, 0.0, 0.0, 0.0, 0.0, 0.0, 0.0, 0.0, 0.0, 0.0, 0.0, 0.0, 0.0, 0.0, 0.0, 0.0, 0.0, 0.0, 0.0, 0.0], "y_regret_test": [0.04840975284602633, 0.04840975284602633, 0.04840975284602633, 0.04840975284602633, 0.04840975284602633, 0.04840975284602633, 0.04840975284602633, 0.04840975284602633, 0.04840975284602633, 0.04840975284602633, 0.04840975284602633, 0.04840975284602633, 0.04840975284602633, 0.04840975284602633, 0.0033866905283226334, 0.0033866905283226334, 0.0033866905283226334, 0.0033866905283226334, 0.0033866905283226334, 0.0033866905283226334, 0.0033866905283226334, 0.0033866905283226334, 0.0033866905283226334, 0.0033866905283226334, 0.0033866905283226334, 0.0033866905283226334, 0.0033866905283226334, 0.0033866905283226334, 0.0033866905283226334, 0.0033866905283226334, 0.0033866905283226334, 0.0033866905283226334, 0.0033866905283226334, 0.0033866905283226334, 0.0033866905283226334, 0.0033866905283226334, 0.0033866905283226334, 0.0033866905283226334, 0.0033866905283226334, 0.0033866905283226334, 0.0033866905283226334, 0.0033866905283226334, 0.0033866905283226334, 0.0033866905283226334, 0.0033866905283226334, 0.0033866905283226334, 0.0033866905283226334, 0.0, 0.0, 0.0, 0.0, 0.0013945196293094764, 0.0013945196293094764, 0.0013945196293094764, 0.0013945196293094764, 0.0013945196293094764, 0.0013945196293094764, 0.0013945196293094764, 0.0013945196293094764, 0.0013945196293094764, 0.0013945196293094764, 0.0013945196293094764, 0.0013945196293094764, 0.0013945196293094764, 0.0013945196293094764, 0.0013945196293094764, 0.0013945196293094764, 0.0013945196293094764, 0.0013945196293094764, 0.0013945196293094764, 0.0013945196293094764, 0.0013945196293094764, 0.0013945196293094764, 0.0013945196293094764, 0.0013945196293094764, 0.0013945196293094764, 0.0013945196293094764, 0.0013945196293094764, 0.0013945196293094764, 0.0013945196293094764, 0.0013945196293094764, 0.0013945196293094764, 0.0013945196293094764, 0.0013945196293094764, 0.0013945196293094764, 0.0013945196293094764, 0.0013945196293094764, 0.0013945196293094764, 0.0013945196293094764, 0.0013945196293094764, 0.0013945196293094764, 0.0013945196293094764, 0.0013945196293094764, 0.0013945196293094764, 0.0013945196293094764, 0.0013945196293094764, 0.0013945196293094764, 0.0013945196293094764, 0.0013945196293094764, 0.0013945196293094764, 0.0013945196293094764], "f_regret_pool": [], "f_regret_test": [],