{"p_array": [0.001, 0.053526315789473686, 0.10605263157894737, 0.15857894736842104, 0.21110526315789474, 0.26363157894736844, 0.3161578947368421, 0.3686842105263158, 0.4212105263157895, 0.4737368421052632, 0.5262631578947369, 0.5787894736842105, 0.6313157894736842, 0.6838421052631579, 0.7363684210526316, 0.7888947368421053, 0.841421052631579, 0.8939473684210526, 0.9464736842105264, 0.999], "mean_sharpness": [-0.7540382289279992, -0.5528081174947367, -0.5528081174947367], "sharpness_error_true_minus_model": [], "posterior_variance": [0.3091762457463534, 0.23220946135278714, 0.23220946135278714], "bias_mse": [], "bias_nmse": [], "f_calibration": [], "f_calibration_mse": [], "f_calibration_nmse": [], "y_calibration": [[0.0, 0.02800000086426735, 0.10180000215768814, 0.1964000016450882, 0.2980000078678131, 0.3702000081539154, 0.4203999936580658, 0.4546000063419342, 0.4848000109195709, 0.5088000297546387, 0.5275999903678894, 0.5454000234603882, 0.5651999711990356, 0.5799999833106995, 0.6136000156402588, 0.6395999789237976, 0.7531999945640564, 0.777999997138977, 0.8199999928474426, 0.9580000042915344], [0.0, 0.0031999999191612005, 0.013399999588727951, 0.04919999837875366, 0.121799997985363, 0.2152000069618225, 0.32179999351501465, 0.4129999876022339, 0.47440001368522644, 0.5203999876976013, 0.5612000226974487, 0.6092000007629395, 0.7009999752044678, 0.8015999794006348, 0.8866000175476074, 0.9282000064849854, 0.9545999765396118, 0.9751999974250793, 0.9879999756813049, 0.9990000128746033], [0.0, 0.0031999999191612005, 0.013399999588727951, 0.04919999837875366, 0.121799997985363, 0.2152000069618225, 0.32179999351501465, 0.4129999876022339, 0.47440001368522644, 0.5203999876976013, 0.5612000226974487, 0.6092000007629395, 0.7009999752044678, 0.8015999794006348, 0.8866000175476074, 0.9282000064849854, 0.9545999765396118, 0.9751999974250793, 0.9879999756813049, 0.9990000128746033]], "y_calibration_mse": [0.0068532551970367, 0.006219245595796099, 0.006219245595796099], "y_calibration_nmse": [0.07470529306175895, 0.06779414329381687, 0.06779414329381687], "calibration_local_dist_to_nearest_train_sample": [[0.4869501588052503, 0.6286464202047508, 0.7703426816042513, 0.9120389430037519, 1.0537352044032524, 1.195431465802753, 1.3371277272022535, 1.478823988601754, 1.6205202500012545, 1.762216511400755, 1.9039127728002556, 2.045609034199756, 2.1873052955992565, 2.329001556998757, 2.4706978183982575, 2.6123940797977583, 2.754090341197259, 2.8957866025967594, 3.0374828639962597, 3.1791791253957604], [0.43976961049237573, 0.5342853235790019, 0.6288010366656283, 0.7233167497522544, 0.8178324628388807, 0.9123481759255069, 1.006863889012133, 1.1013796020987594, 1.1958953151853855, 1.2904110282720116, 1.384926741358638, 1.4794424544452642, 1.5739581675318903, 1.6684738806185166, 1.7629895937051427, 1.857505306791769, 1.9520210198783954, 2.0465367329650217, 2.141052446051648, 2.235568159138274], [0.43976961049237573, 0.5342853235790019, 0.6288010366656283, 0.7233167497522544, 0.8178324628388807, 0.9123481759255069, 1.006863889012133, 1.1013796020987594, 1.1958953151853855, 1.2904110282720116, 1.384926741358638, 1.4794424544452642, 1.5739581675318903, 1.6684738806185166, 1.7629895937051427, 1.857505306791769, 1.9520210198783954, 2.0465367329650217, 2.141052446051648, 2.235568159138274]], "calibration_local_y": [[0.01873662486509738, 0.005111275619913104, 0.005267820275553878, 0.0051888546356580025, 0.005579396003702631, 0.008720949770196124, 0.00664741224040649, 0.007018396384061989, 0.005130721518151936, 0.008778393049863279, 0.0073056682506329575, 0.01207743127541472, 0.009996442129682951, 0.013524645630114736, 0.0260531822462725, 0.027861497205176593, 0.0405793064980544, 0.04272194335017407, 0.1677042367458163, 0.21039800147444385], [0.01443256580740759, 0.01120799286430032, 0.008652202323486836, 0.008487445423784032, 0.006671328344375728, 0.007758801120717985, 0.006744254150492806, 0.006068879927195651, 0.004652519630476019, 0.0062621975320654635, 0.005670255533837385, 0.0045975848244478625, 0.0070203985690430945, 0.011348781635875806, 0.03346103539665258, 0.012330549644629955, 0.03260142032923514, 0.04139773684210526, 0.10274247368421055, 0.12112668421052633], [0.01443256580740759, 0.01120799286430032, 0.008652202323486836, 0.008487445423784032, 0.006671328344375728, 0.007758801120717985, 0.006744254150492806, 0.006068879927195651, 0.004652519630476019, 0.0062621975320654635, 0.005670255533837385, 0.0045975848244478625, 0.0070203985690430945, 0.011348781635875806, 0.03346103539665258, 0.012330549644629955, 0.03260142032923514, 0.04139773684210526, 0.10274247368421055, 0.12112668421052633]], "elpd": [-1.3618082552397663, -0.2670050441137213, -0.2670050441137213], "expected_improvement": [null, null, null], "actual_improvement": [null, null, null], "mse": [0.5966500951154003, 0.13404712397923374, 0.13404712397923374], "nmse": [0.6028412451745997, 0.13543806628587834, 0.13543806628587834], "y_regret_pool": [0.13975357454785997, 0.13975357454785997, 0.13975357454785997, 0.13975357454785997, 0.13975357454785997, 0.13975357454785997, 0.13975357454785997, 0.13975357454785997, 0.13975357454785997, 0.13975357454785997, 0.13975357454785997, 0.13975357454785997, 0.13975357454785997, 0.13975357454785997, 0.13975357454785997, 0.051959662331896306, 0.051959662331896306, 0.051959662331896306, 0.051959662331896306, 0.051959662331896306, 0.051959662331896306, 0.051959662331896306, 0.051959662331896306, 0.051959662331896306, 0.051959662331896306, 0.051959662331896306, 0.051959662331896306, 0.051959662331896306, 0.051959662331896306, 0.051959662331896306, 0.051959662331896306, 0.051959662331896306, 0.025283054084869416, 0.025283054084869416, 0.025283054084869416, 0.025283054084869416, 0.025283054084869416, 0.025283054084869416, 0.025283054084869416, 0.025283054084869416, 0.025283054084869416, 0.025283054084869416, 0.025283054084869416, 0.025283054084869416, 0.025283054084869416, 0.025283054084869416, 0.025283054084869416, 0.025283054084869416, 0.025283054084869416, 0.025283054084869416, 0.025283054084869416, 0.025283054084869416, 0.025283054084869416, 0.025283054084869416, 0.025283054084869416, 0.025283054084869416, 0.025283054084869416, 0.025283054084869416, 0.025283054084869416, 0.025283054084869416, 0.025283054084869416, 0.025283054084869416, 0.025283054084869416, 0.025283054084869416, 0.025283054084869416, 0.025283054084869416, 0.025283054084869416, 0.025283054084869416, 0.025283054084869416, 0.025283054084869416, 0.025283054084869416, 0.025283054084869416, 0.025283054084869416, 0.025283054084869416, 0.00955579996908451, 0.00955579996908451, 0.00955579996908451, 0.00955579996908451, 0.00955579996908451, 0.00955579996908451, 0.00955579996908451, 0.00955579996908451, 0.00955579996908451, 0.00955579996908451, 0.00955579996908451, 0.00955579996908451, 0.00955579996908451, 0.00955579996908451, 0.00955579996908451, 0.00955579996908451, 0.00955579996908451, 0.00955579996908451, 0.00955579996908451, 0.00955579996908451, 0.00955579996908451, 0.00955579996908451, 0.00955579996908451, 0.00955579996908451, 0.00955579996908451, 0.00955579996908451, 0.00955579996908451, 0.00955579996908451],