{"p_array": [0.001, 0.053526315789473686, 0.10605263157894737, 0.15857894736842104, 0.21110526315789474, 0.26363157894736844, 0.3161578947368421, 0.3686842105263158, 0.4212105263157895, 0.4737368421052632, 0.5262631578947369, 0.5787894736842105, 0.6313157894736842, 0.6838421052631579, 0.7363684210526316, 0.7888947368421053, 0.841421052631579, 0.8939473684210526, 0.9464736842105264, 0.999], "mean_sharpness": [-1.4682884626200858, 0.15113346522805124], "sharpness_error_true_minus_model": [], "posterior_variance": [1.1037349735336666, 0.06600996191930275], "bias_mse": [], "bias_nmse": [], "f_calibration": [], "f_calibration_mse": [], "f_calibration_nmse": [], "y_calibration": [[0.0, 0.0, 0.0, 0.06159999966621399, 0.2797999978065491, 0.3880000114440918, 0.4465999901294708, 0.48739999532699585, 0.5144000053405762, 0.5429999828338623, 0.5667999982833862, 0.590399980545044, 0.6096000075340271, 0.6326000094413757, 0.6557999849319458, 0.6815999746322632, 0.7098000049591064, 0.7608000040054321, 1.0, 1.0], [0.08160000294446945, 0.22380000352859497, 0.2825999855995178, 0.3253999948501587, 0.36399999260902405, 0.3917999863624573, 0.4203999936580658, 0.44519999623298645, 0.4699999988079071, 0.4970000088214874, 0.521399974822998, 0.5479999780654907, 0.5741999745368958, 0.5983999967575073, 0.6251999735832214, 0.6516000032424927, 0.6805999875068665, 0.7139999866485596, 0.7576000094413757, 0.8934000134468079]], "y_calibration_mse": [0.007454602478884196, 0.015087295261726249], "y_calibration_nmse": [0.0812604006173238, 0.1644621105783274], "calibration_local_dist_to_nearest_train_sample": [[0.5146757253619179, 0.6854085733101861, 0.8561414212584544, 1.0268742692067225, 1.197607117154991, 1.3683399651032593, 1.5390728130515274, 1.7098056609997956, 1.8805385089480637, 2.0512713568963323, 2.2220042048446005, 2.3927370527928686, 2.563469900741137, 2.7342027486894054, 2.9049355966376735, 3.0756684445859417, 3.24640129253421, 3.417134140482478, 3.5878669884307466, 3.7585998363790147], [0.4520206473316333, 0.5600984172496171, 0.6681761871676009, 0.7762539570855846, 0.8843317270035684, 0.9924094969215522, 1.100487266839536, 1.2085650367575198, 1.3166428066755036, 1.4247205765934874, 1.5327983465114712, 1.640876116429455, 1.7489538863474388, 1.8570316562654225, 1.9651094261834063, 2.07318719610139, 2.181264966019374, 2.2893427359373577, 2.3974205058553415, 2.5054982757733253]], "calibration_local_y": [[0.017689256766066683, 0.041215820246073426, 0.04152641367149501, 0.011264957394590488, 0.01722169752114232, 0.01493005270434048, 0.009991736343211818, 0.006499972372336413, 0.00864661665490887, 0.008701070723062053, 0.011125749920707622, 0.0102192652276729, 0.010393800251096812, 0.009784193882836372, 0.010992793518222434, 0.038385641792048696, 0.08935270644607227, 0.09221189570904252, 0.14020036842105266, 0.24718984210526312], [0.0010654036477244478, 0.005578742630426166, 0.01041506482427452, 0.00930215204647486, 0.02311461011381154, 0.023048117331181818, 0.020196974872034392, 0.02071712190789748, 0.02350336099669572, 0.02979844343840112, 0.03223189127683955, 0.036921798560114155, 0.038256118484323746, 0.026177599590629493, 0.04632395389339504, 0.032507372732362386, 0.05582749414179518, 0.02500563025705767, 0.02227171519128842, 0.02753457894736842]], "next_sample_train_distance": [[0.48835153252029745]], "elpd": [-1.420400974924448, -2.369106703452047], "expected_improvement": [null, null], "actual_improvement": [null, [[0.020095738129832785]]], "mse": [0.9980247836049874, 0.4254689477374179], "nmse": [1.0045450729338463, 0.42824861882902393], "y_regret_pool": [0.10187146457895446, 0.0], "y_regret_test": [0.10505494784704683, 0.0031834832680923686], "f_regret_pool": [], "f_regret_test": [], "x_y_opt_dist_pool": [3.564850908311786, 0.0], "x_f_opt_dist_pool": [], "x_y_opt_dist_test": [1.8909378041616043, 2.5992007727668347], "x_f_opt_dist_test": [], "uct_calibration": [0.12321334114874509, 0.2513901337284878], "uct_sharpness": [1.0505879180409727, 0.29925796488100487]}