{"p_array": [0.001, 0.053526315789473686, 0.10605263157894737, 0.15857894736842104, 0.21110526315789474, 0.26363157894736844, 0.3161578947368421, 0.3686842105263158, 0.4212105263157895, 0.4737368421052632, 0.5262631578947369, 0.5787894736842105, 0.6313157894736842, 0.6838421052631579, 0.7363684210526316, 0.7888947368421053, 0.841421052631579, 0.8939473684210526, 0.9464736842105264, 0.999], "mean_sharpness": [-0.16211878180623404, 0.011418333115236972], "sharpness_error_true_minus_model": [], "posterior_variance": [0.09565880237765507, 0.06607717682582134], "bias_mse": [], "bias_nmse": [], "f_calibration": [], "f_calibration_mse": [], "f_calibration_nmse": [], "y_calibration": [[0.05420000106096268, 0.15160000324249268, 0.2046000063419342, 0.24040000140666962, 0.26980000734329224, 0.30160000920295715, 0.32659998536109924, 0.3497999906539917, 0.365200012922287, 0.38420000672340393, 0.40459999442100525, 0.42820000648498535, 0.4498000144958496, 0.4733999967575073, 0.49320000410079956, 0.5202000141143799, 0.5504000186920166, 0.5827999711036682, 0.6420000195503235, 0.829200029373169], [0.08739999681711197, 0.2881999909877777, 0.36640000343322754, 0.4185999929904938, 0.4593999981880188, 0.49380001425743103, 0.5249999761581421, 0.5491999983787537, 0.5705999732017517, 0.5946000218391418, 0.6133999824523926, 0.631600022315979, 0.647599995136261, 0.6647999882698059, 0.680400013923645, 0.6953999996185303, 0.7131999731063843, 0.7343999743461609, 0.7634000182151794, 0.8989999890327454]], "y_calibration_mse": [0.02972220987991909, 0.02669887635464614], "y_calibration_nmse": [0.3239929545426167, 0.2910364965477916], "calibration_local_dist_to_nearest_train_sample": [[0.5146757253619179, 0.6854085733101861, 0.8561414212584544, 1.0268742692067225, 1.197607117154991, 1.3683399651032593, 1.5390728130515274, 1.7098056609997956, 1.8805385089480637, 2.0512713568963323, 2.2220042048446005, 2.3927370527928686, 2.563469900741137, 2.7342027486894054, 2.9049355966376735, 3.0756684445859417, 3.24640129253421, 3.417134140482478, 3.5878669884307466, 3.7585998363790147], [0.48840441698843995, 0.6328659565632304, 0.7773274961380209, 0.9217890357128113, 1.0662505752876017, 1.2107121148623923, 1.3551736544371829, 1.4996351940119732, 1.6440967335867636, 1.7885582731615541, 1.9330198127363447, 2.077481352311135, 2.2219428918859254, 2.366404431460716, 2.5108659710355066, 2.655327510610297, 2.7997890501850873, 2.9442505897598776, 3.0887121293346684, 3.233173668909459]], "calibration_local_y": [[0.0300161578884628, 0.014083332958599681, 0.019457549106753062, 0.021186774068950427, 0.024360402286849263, 0.02300475639432323, 0.029732549642590644, 0.03408245495038086, 0.03502127210479701, 0.030925939802924594, 0.03796649563045352, 0.042785100970356524, 0.04258159341926789, 0.06340213352604956, 0.08729876627845669, 0.10186167204658043, 0.2638062804293367, 0.17083322729667727, 0.29493721052631583, 0.2918372105263158], [0.01907525613074536, 0.023179598969215825, 0.05185412362905182, 0.06803507054261582, 0.06049925479896331, 0.04660491685487826, 0.03756694043780098, 0.03544179170600402, 0.02910051449629083, 0.03366846534222325, 0.02629178437367315, 0.025887626914661132, 0.025208579357796267, 0.01843348245273431, 0.04114918018946685, 0.038359190555453275, 0.11770180756578948, 0.05448104276315789, 0.07895364095901343, 0.025274052631578947]], "elpd": [-3.5651129319428176, -2.5414585284024533], "expected_improvement": [null, null], "actual_improvement": [null, [[0.019697802721321267]]], "mse": [0.64165833569014, 0.4949066111633405], "nmse": [0.6458504139508235, 0.49813993196715267], "y_regret_pool": [0.10187146457895446, 0.10187146457895446, 0.10187146457895446, 0.041982185597967625, 0.041982185597967625, 0.041982185597967625, 0.010147352917044383, 0.010147352917044383, 0.010147352917044383, 0.0, 0.0, 0.0, 0.0, 0.0, 0.0, 0.0, 0.0, 0.0, 0.0, 0.0, 0.0, 0.0, 0.0, 0.0, 0.0, 0.0, 0.0, 0.0, 0.0, 0.0, 0.0, 0.0, 0.0, 0.0, 0.0, 0.0, 0.0, 0.0, 0.0, 0.0, 0.0, 0.0, 0.0, 0.0, 0.0, 0.0, 0.0, 0.0, 0.0, 0.0, 0.0, 0.0, 0.0, 0.0, 0.0, 0.0, 0.0, 0.0, 0.0, 0.0, 0.0, 0.0, 0.0, 0.0, 0.0, 0.0, 0.0, 0.0, 0.0, 0.0, 0.0, 0.0, 0.0, 0.0, 0.0, 0.0, 0.0, 0.0, 0.0, 0.0, 0.0, 0.0, 0.0, 0.0, 0.0, 0.0, 0.0, 0.0, 0.0, 0.0, 0.0, 0.0, 0.0, 0.0, 0.0, 0.0, 0.0, 0.0, 0.0, 0.0, 0.0], "y_regret_test": [0.10505494784704683, 0.10505494784704683, 0.10505494784704683, 0.045165668866059994, 0.045165668866059994, 0.045165668866059994, 0.013330836185136752, 0.013330836185136752, 0.013330836185136752, 0.0031834832680923686, 0.0031834832680923686, 0.0031834832680923686, 0.0031834832680923686, 0.0031834832680923686, 0.0031834832680923686, 0.0031834832680923686, 0.0031834832680923686, 0.0031834832680923686, 0.0031834832680923686, 0.0031834832680923686, 0.0031834832680923686, 0.0031834832680923686, 0.0031834832680923686, 0.0031834832680923686, 0.0031834832680923686, 0.0031834832680923686, 0.0031834832680923686, 0.0031834832680923686, 0.0031834832680923686, 0.0031834832680923686, 0.0031834832680923686, 0.0031834832680923686, 0.0031834832680923686, 0.0031834832680923686, 0.0031834832680923686, 0.0031834832680923686, 0.0031834832680923686, 0.0031834832680923686, 0.0031834832680923686, 0.0031834832680923686, 0.0031834832680923686, 0.0031834832680923686, 0.0031834832680923686, 0.0031834832680923686, 0.0031834832680923686, 0.0031834832680923686, 0.0031834832680923686, 0.0031834832680923686, 0.0031834832680923686, 0.0031834832680923686, 0.0031834832680923686, 0.0031834832680923686, 0.0031834832680923686, 0.0031834832680923686, 0.0031834832680923686, 0.0031834832680923686, 0.0031834832680923686, 0.0031834832680923686, 0.0031834832680923686, 0.0031834832680923686, 0.0031834832680923686, 0.0031834832680923686, 0.0031834832680923686, 0.0031834832680923686, 0.0031834832680923686, 0.0031834832680923686, 0.0031834832680923686, 0.0031834832680923686, 0.0031834832680923686, 0.0031834832680923686, 0.0031834832680923686, 0.0031834832680923686, 0.0031834832680923686, 0.0031834832680923686, 0.0031834832680923686, 0.0031834832680923686, 0.0031834832680923686, 0.0031834832680923686, 0.0031834832680923686, 0.0031834832680923686, 0.0031834832680923686, 0.0031834832680923686, 0.0031834832680923686, 0.0031834832680923686, 0.0031834832680923686, 0.0031834832680923686, 0.0031834832680923686, 0.0031834832680923686, 0.0031834832680923686, 0.0031834832680923686, 0.0031834832680923686, 0.0031834832680923686, 0.0031834832680923686, 0.0031834832680923686, 0.0031834832680923686, 0.0031834832680923686, 0.0031834832680923686, 0.0031834832680923686, 0.0031834832680923686, 0.0031834832680923686, 0.0031834832680923686], "f_regret_pool": [], "f_regret_test": [], "x_y_opt_dist_pool": [3.564850908311786, 3.564850908311786, 3.564850908311786, 3.564850908311786, 1.3794897694394654, 1.3794897694394654, 1.3794897694394654, 0.6936383800666557, 0.6936383800666557, 0.6936383800666557, 0.0, 0.0, 0.0, 0.0, 0.0, 0.0, 0.0, 0.0, 0.0, 0.0, 0.0, 0.0, 0.0, 0.0, 0.0, 0.0, 0.0, 0.0, 0.0, 0.0, 0.0, 0.0, 0.0, 0.0, 0.0, 0.0, 0.0, 0.0, 0.0, 0.0, 0.0, 0.0, 0.0, 0.0, 0.0, 0.0, 0.0, 0.0, 0.0, 0.0, 0.0, 0.0, 0.0, 0.0, 0.0, 0.0, 0.0, 0.0, 0.0, 0.0, 0.0, 0.0, 0.0, 0.0, 0.0, 0.0, 0.0, 0.0, 0.0, 0.0, 0.0, 0.0, 0.0, 0.0, 0.0, 0.0, 0.0, 0.0, 0.0, 0.0, 0.0, 0.0, 0.0, 0.0, 0.0, 0.0, 0.0, 0.0, 0.0, 0.0, 0.0, 0.0, 0.0, 0.0, 0.0, 0.0, 0.0, 0.0, 0.0, 0.0, 0.0, 0.0, 0.0], "x_f_opt_dist_pool": [],