{"p_array": [0.001, 0.053526315789473686, 0.10605263157894737, 0.15857894736842104, 0.21110526315789474, 0.26363157894736844, 0.3161578947368421, 0.3686842105263158, 0.4212105263157895, 0.4737368421052632, 0.5262631578947369, 0.5787894736842105, 0.6313157894736842, 0.6838421052631579, 0.7363684210526316, 0.7888947368421053, 0.841421052631579, 0.8939473684210526, 0.9464736842105264, 0.999], "mean_sharpness": [-0.5250157301522308, 0.16483240542741318], "sharpness_error_true_minus_model": [], "posterior_variance": [0.18763658861905633, 0.04408810064172365], "bias_mse": [], "bias_nmse": [], "f_calibration": [], "f_calibration_mse": [], "f_calibration_nmse": [], "y_calibration": [[0.04439999908208847, 0.21299999952316284, 0.27079999446868896, 0.32280001044273376, 0.358599990606308, 0.39800000190734863, 0.4352000057697296, 0.47200000286102295, 0.5058000087738037, 0.5329999923706055, 0.5605999827384949, 0.5830000042915344, 0.5938000082969666, 0.6079999804496765, 0.6200000047683716, 0.6376000046730042, 0.6585999727249146, 0.6869999766349792, 0.727400004863739, 0.8866000175476074], [0.12600000202655792, 0.321399986743927, 0.3806000053882599, 0.4174000024795532, 0.448199987411499, 0.475600004196167, 0.4997999966144562, 0.5153999924659729, 0.5360000133514404, 0.5478000044822693, 0.5582000017166138, 0.5655999779701233, 0.5705999732017517, 0.574999988079071, 0.5820000171661377, 0.5911999940872192, 0.6015999913215637, 0.6101999878883362, 0.6254000067710876, 0.6972000002861023]], "y_calibration_mse": [0.016920681431828306, 0.040832018296490524], "y_calibration_nmse": [0.1844473069842736, 0.4450976660640605], "calibration_local_dist_to_nearest_train_sample": [[0.5186325294769967, 0.6914723781905316, 0.8643122269040667, 1.0371520756176018, 1.2099919243311366, 1.3828317730446718, 1.555671621758207, 1.7285114704717417, 1.901351319185277, 2.0741911678988116, 2.247031016612347, 2.419870865325882, 2.5927107140394168, 2.765550562752952, 2.9383904114664867, 3.111230260180022, 3.284070108893557, 3.456909957607092, 3.629749806320627, 3.8025896550341622], [0.5186325294769965, 0.6914723781905315, 0.8643122269040666, 1.0371520756176016, 1.2099919243311366, 1.3828317730446718, 1.5556716217582067, 1.7285114704717417, 1.9013513191852767, 2.0741911678988116, 2.247031016612347, 2.419870865325882, 2.5927107140394168, 2.765550562752952, 2.9383904114664867, 3.111230260180022, 3.284070108893557, 3.456909957607092, 3.629749806320627, 3.8025896550341622]], "calibration_local_y": [[0.04178031600811117, 0.04040826339817616, 0.05226577582545259, 0.05013788395486398, 0.03648452312230381, 0.03981809481166971, 0.03542916760482091, 0.021403635308712737, 0.015714693650476164, 0.01417105060726363, 0.020352107880162194, 0.03663247900753001, 0.09708740812279112, 0.13127685949416906, 0.2034189811148181, 0.25205386249987355, 0.2428658289473684, 0.1982089599333272, 0.20285446187793968, 0.20779510526315786], [0.04674987173092297, 0.06749900219000349, 0.08398038452354713, 0.10074420681136283, 0.07384824527402288, 0.07280962612578418, 0.05760596556388906, 0.0561529149981428, 0.06061635043828154, 0.08735861576249224, 0.12088826858765164, 0.19179280673484228, 0.2512698099816196, 0.2933693796414136, 0.33686721045560974, 0.33434845286563497, 0.3417372105263158, 0.33003096052631575, 0.3417372105263158, 0.3417372105263158]], "elpd": [-2.5021498361115047, -6.152639241504912], "expected_improvement": [null, null], "actual_improvement": [null, [[0.08835700075607611]]], "mse": [0.6311083528096946, 0.6698197556160399], "nmse": [0.635369885426083, 0.6743426853521953], "y_regret_pool": [0.03176880926061121, 0.03176880926061121, 0.03176880926061121, 0.03176880926061121, 0.03176880926061121, 0.03176880926061121, 0.03176880926061121, 0.03176880926061121, 0.03176880926061121, 0.004765321389091248, 0.004765321389091248, 0.004765321389091248, 0.004765321389091248, 0.004765321389091248, 0.004765321389091248, 0.004765321389091248, 0.004765321389091248, 0.004765321389091248, 0.004765321389091248, 0.004765321389091248, 0.004765321389091248, 0.004765321389091248, 0.004765321389091248, 0.004765321389091248, 0.004765321389091248, 0.004765321389091248, 0.004765321389091248, 0.004765321389091248, 0.004765321389091248, 0.004765321389091248, 0.004765321389091248, 0.004765321389091248, 0.004765321389091248, 0.004765321389091248, 0.004765321389091248, 0.004765321389091248, 0.004765321389091248, 0.004765321389091248, 0.004765321389091248, 0.004765321389091248, 0.004765321389091248, 0.004765321389091248, 0.004765321389091248, 0.004765321389091248, 0.004765321389091248, 0.004765321389091248, 0.004765321389091248, 0.004765321389091248, 0.004765321389091248, 0.004765321389091248, 0.004765321389091248, 0.004765321389091248, 0.004765321389091248, 0.004765321389091248, 0.004765321389091248, 0.004765321389091248, 0.004765321389091248, 0.004765321389091248, 0.004765321389091248, 0.004765321389091248, 0.004368211273334088, 0.004368211273334088, 0.004368211273334088, 0.004368211273334088, 0.004368211273334088, 0.004368211273334088, 0.004368211273334088, 0.002581215752424537, 0.002581215752424537, 0.002581215752424537, 0.002581215752424537, 0.002581215752424537, 0.002581215752424537, 0.002581215752424537, 0.002581215752424537, 0.002581215752424537, 0.002581215752424537, 0.002581215752424537, 0.002581215752424537, 0.002581215752424537, 0.002581215752424537, 0.002581215752424537, 0.002581215752424537, 0.002581215752424537, 0.002581215752424537, 0.002581215752424537, 0.002581215752424537, 0.002581215752424537, 0.002581215752424537, 0.002581215752424537, 0.002581215752424537, 0.002581215752424537, 0.002581215752424537, 0.002581215752424537, 0.002581215752424537, 0.002581215752424537, 0.002581215752424537, 0.002581215752424537, 0.002581215752424537, 0.002581215752424537, 0.002581215752424537],