{"p_array": [0.001, 0.053526315789473686, 0.10605263157894737, 0.15857894736842104, 0.21110526315789474, 0.26363157894736844, 0.3161578947368421, 0.3686842105263158, 0.4212105263157895, 0.4737368421052632, 0.5262631578947369, 0.5787894736842105, 0.6313157894736842, 0.6838421052631579, 0.7363684210526316, 0.7888947368421053, 0.841421052631579, 0.8939473684210526, 0.9464736842105264, 0.999], "mean_sharpness": [0.44733396550531324, -0.7438341649789698], "sharpness_error_true_minus_model": [], "posterior_variance": [0.2404236882426712, 0.3089230222345551], "bias_mse": [], "bias_nmse": [], "f_calibration": [], "f_calibration_mse": [], "f_calibration_nmse": [], "y_calibration": [[0.0706000030040741, 0.07079999893903732, 0.08919999748468399, 0.11599999666213989, 0.13099999725818634, 0.1526000052690506, 0.20980000495910645, 0.26420000195503235, 0.313400000333786, 0.3617999851703644, 0.4059999883174896, 0.4410000145435333, 0.4715999960899353, 0.5, 0.5281999707221985, 0.5626000165939331, 0.7296000123023987, 0.7423999905586243, 0.7572000026702881, 0.7900000214576721], [0.0, 0.012199999764561653, 0.03819999843835831, 0.06239999830722809, 0.10019999742507935, 0.15219999849796295, 0.21459999680519104, 0.31380000710487366, 0.41620001196861267, 0.47679999470710754, 0.5231999754905701, 0.5558000206947327, 0.592199981212616, 0.6248000264167786, 0.6955999732017517, 0.8302000164985657, 0.9101999998092651, 0.949400007724762, 0.9797999858856201, 0.9990000128746033]], "y_calibration_mse": [0.018732099833236242, 0.0035739632662082645], "y_calibration_nmse": [0.20419303928870544, 0.03895870874755926], "calibration_local_dist_to_nearest_train_sample": [[0.4987223717356208, 0.6563415065352174, 0.8139606413348139, 0.9715797761344106, 1.129198910934007, 1.2868180457336038, 1.4444371805332006, 1.602056315332797, 1.7596754501323937, 1.91729458493199, 2.074913719731587, 2.2325328545311836, 2.39015198933078, 2.5477711241303767, 2.705390258929973, 2.8630093937295698, 3.0206285285291665, 3.178247663328763, 3.3358667981283596, 3.4934859329279564], [0.4790059839383276, 0.6169087309406311, 0.7548114779429347, 0.8927142249452382, 1.0306169719475418, 1.1685197189498453, 1.3064224659521488, 1.4443252129544524, 1.582227959956756, 1.7201307069590595, 1.858033453961363, 1.9959362009636665, 2.13383894796597, 2.2717416949682736, 2.409644441970577, 2.5475471889728807, 2.685449935975184, 2.8233526829774878, 2.9612554299797913, 3.099158176982095]], "calibration_local_y": [[0.011461210950376256, 0.00791457927285703, 0.0047242603777871055, 0.004951395581548167, 0.0051886288167850405, 0.012780649914064782, 0.010852967604570931, 0.009389288773367624, 0.01206300036705279, 0.019083580055107498, 0.02631837343828431, 0.021728389899085924, 0.04249693543476278, 0.08071532091752934, 0.06528957731408264, 0.12310445138176829, 0.2007039783316181, 0.30992790123263025, 0.3417372105263158, 0.3417372105263158], [0.048108151091060286, 0.03803281190117915, 0.029383359671222443, 0.01674409969273609, 0.007644874378936145, 0.0029006725214349854, 0.004009138660616808, 0.004915656183647474, 0.013974035898421297, 0.024840064381600156, 0.021753355830637006, 0.049874180881060375, 0.05794227239822332, 0.0816993822569356, 0.10716514236296197, 0.130896792413198, 0.15262057554516267, 0.138120120410013, 0.17822405263157895, 0.173653]], "elpd": [-24471.975329088305, -0.5477821141937919], "expected_improvement": [null, null], "actual_improvement": [null, [[0.18089344441369937]]], "mse": [0.7332478020547293, 0.2438114646202001], "nmse": [0.7361433937630953, 0.24477427480985295], "y_regret_pool": [0.05367168130955924, 0.05367168130955924, 0.05367168130955924, 0.05367168130955924, 0.048503297183453586, 0.048503297183453586, 0.048503297183453586, 0.048503297183453586, 0.048503297183453586, 0.036973824902141184, 0.036973824902141184, 0.036973824902141184, 0.015505152378317177, 0.015505152378317177, 0.015505152378317177, 0.015505152378317177, 0.015505152378317177, 0.005963520145506829, 0.005963520145506829, 0.005963520145506829, 0.005963520145506829, 0.005963520145506829, 0.005963520145506829, 0.005963520145506829, 0.005963520145506829, 0.005963520145506829, 0.005963520145506829, 0.005963520145506829, 0.005963520145506829, 0.005963520145506829, 0.005963520145506829, 0.005963520145506829, 0.005963520145506829, 0.005963520145506829, 0.005963520145506829, 0.005963520145506829, 0.005963520145506829, 0.005963520145506829, 0.005963520145506829, 0.005963520145506829, 0.005963520145506829, 0.005963520145506829, 0.005963520145506829, 0.005963520145506829, 0.005963520145506829, 0.005963520145506829, 0.005963520145506829, 0.005963520145506829, 0.005963520145506829, 0.005963520145506829, 0.005963520145506829, 0.005963520145506829, 0.005963520145506829, 0.005963520145506829, 0.005963520145506829, 0.005963520145506829, 0.005963520145506829, 0.005963520145506829, 0.005963520145506829, 0.005963520145506829, 0.005963520145506829, 0.005963520145506829, 0.005963520145506829, 0.005963520145506829, 0.005963520145506829, 0.005963520145506829, 0.005963520145506829, 0.005963520145506829, 0.005963520145506829, 0.005963520145506829, 0.005963520145506829, 0.005963520145506829, 0.005963520145506829, 0.005963520145506829, 0.005963520145506829, 0.005963520145506829, 0.005963520145506829, 0.005963520145506829, 0.005963520145506829, 0.005963520145506829, 0.005963520145506829, 0.005963520145506829, 0.005963520145506829, 0.005963520145506829, 0.005963520145506829, 0.005963520145506829, 0.005963520145506829, 0.005963520145506829, 0.005963520145506829, 0.005963520145506829, 0.005963520145506829, 0.005963520145506829, 0.005963520145506829, 0.005963520145506829, 0.005963520145506829, 0.005963520145506829, 0.005963520145506829, 0.005963520145506829, 0.005963520145506829, 0.005963520145506829, 0.005963520145506829],