{"p_array": [0.001, 0.053526315789473686, 0.10605263157894737, 0.15857894736842104, 0.21110526315789474, 0.26363157894736844, 0.3161578947368421, 0.3686842105263158, 0.4212105263157895, 0.4737368421052632, 0.5262631578947369, 0.5787894736842105, 0.6313157894736842, 0.6838421052631579, 0.7363684210526316, 0.7888947368421053, 0.841421052631579, 0.8939473684210526, 0.9464736842105264, 0.999], "mean_sharpness": [-0.9475590098051896, -0.5086381302783929], "sharpness_error_true_minus_model": [], "posterior_variance": [0.38955156030915067, 0.16886592506190137], "bias_mse": [], "bias_nmse": [], "f_calibration": [], "f_calibration_mse": [], "f_calibration_nmse": [], "y_calibration": [[0.0, 0.0, 0.0, 0.12999999523162842, 0.26019999384880066, 0.3393999934196472, 0.3880000114440918, 0.4214000105857849, 0.4487999975681305, 0.4702000021934509, 0.4912000000476837, 0.506600022315979, 0.5210000276565552, 0.5404000282287598, 0.5568000078201294, 0.5758000016212463, 0.5920000076293945, 0.6122000217437744, 0.6470000147819519, 1.0], [0.012400000356137753, 0.07699999958276749, 0.12759999930858612, 0.17319999635219574, 0.2240000069141388, 0.27399998903274536, 0.32679998874664307, 0.38199999928474426, 0.4397999942302704, 0.49799999594688416, 0.5546000003814697, 0.6141999959945679, 0.6674000024795532, 0.7210000157356262, 0.7717999815940857, 0.8149999976158142, 0.8592000007629395, 0.9070000052452087, 0.951200008392334, 0.9972000122070312]], "y_calibration_mse": [0.018995654298569992, 0.0005023116337181076], "y_calibration_nmse": [0.2070659679925725, 0.005475549461731389], "calibration_local_dist_to_nearest_train_sample": [[0.48706660928289025, 0.6299368491290879, 0.7728070889752855, 0.9156773288214831, 1.0585475686676808, 1.2014178085138782, 1.344288048360076, 1.4871582882062735, 1.6300285280524713, 1.7728987678986687, 1.9157690077448666, 2.058639247591064, 2.201509487437262, 2.3443797272834592, 2.487249967129657, 2.6301202069758545, 2.772990446822052, 2.9158606866682497, 3.0587309265144476, 3.201601166360645], [0.43888061316110993, 0.5335648568855271, 0.6282491006099444, 0.7229333443343617, 0.817617588058779, 0.9123018317831962, 1.0069860755076134, 1.101670319232031, 1.196354562956448, 1.2910388066808656, 1.3857230504052827, 1.4804072941296997, 1.5750915378541173, 1.6697757815785343, 1.7644600253029519, 1.859144269027369, 1.9538285127517865, 2.0485127564762036, 2.143197000200621, 2.237881243925038]], "calibration_local_y": [[0.03494563415909135, 0.015601358761074501, 0.0069191078840429, 0.012927567025506967, 0.012421382668383593, 0.00914939555490131, 0.010164761583456248, 0.012320038436887391, 0.01448696034388339, 0.01890319381349139, 0.028556739710548062, 0.024955877516490314, 0.040553037719019976, 0.03813961353205709, 0.03964125833078593, 0.07134879531050643, 0.15914450314425518, 0.1883590091834693, 0.2405053848684211, 0.2918372105263158], [0.00531656717601483, 0.006029019771202701, 0.0012940617829178057, 0.0032956500461893503, 0.001390555353193766, 0.0007687251785834235, 0.0005357219723006976, 0.0005103036546350861, 0.00024381180564793026, 0.0006545203904575076, 0.00015209255055972706, 0.001488777789180842, 0.0003935749081094983, 0.0024087710091281415, 0.0034770975449812903, 0.0029589642967426727, 0.02597639184599664, 0.14884562990426078, 0.03279510526315789, 0.14476352631578948]], "elpd": [-1.9612214712966678, -0.6111964749097067], "expected_improvement": [null, null], "actual_improvement": [null, [[0.2455766893465383]]], "mse": [1.1792991473107894, 0.20588197817526588], "nmse": [1.1926772520600646, 0.20821752694276688], "y_regret_pool": [0.02432039677103437, 0.02432039677103437, 0.02432039677103437, 0.02432039677103437, 0.02432039677103437, 0.02432039677103437, 0.02432039677103437, 0.02432039677103437, 0.02432039677103437, 0.02432039677103437, 0.02432039677103437, 0.02432039677103437, 0.02432039677103437, 0.02432039677103437, 0.02432039677103437, 0.02432039677103437, 0.02432039677103437, 0.02432039677103437, 0.02432039677103437, 0.02432039677103437, 0.02432039677103437, 0.02432039677103437, 0.02432039677103437, 0.02432039677103437, 0.02432039677103437, 0.02432039677103437, 0.02432039677103437, 0.02432039677103437, 0.02432039677103437, 0.02432039677103437, 0.02432039677103437, 0.02432039677103437, 0.02432039677103437, 0.02432039677103437, 0.02432039677103437, 0.02432039677103437, 0.02432039677103437, 0.02432039677103437, 0.02432039677103437, 0.02432039677103437, 0.02432039677103437, 0.016609051453389645, 0.016609051453389645, 0.016609051453389645, 0.016609051453389645, 0.016609051453389645, 0.016609051453389645, 0.016609051453389645, 0.016609051453389645, 0.016609051453389645, 0.016609051453389645, 0.016609051453389645, 0.016609051453389645, 0.016609051453389645, 0.016609051453389645, 0.016609051453389645, 0.016609051453389645, 0.016609051453389645, 0.016609051453389645, 0.016609051453389645, 0.016609051453389645, 0.016609051453389645, 0.016609051453389645, 0.016609051453389645, 0.016609051453389645, 0.016609051453389645, 0.016609051453389645, 0.016609051453389645, 0.016609051453389645, 0.016609051453389645, 0.016609051453389645, 0.016609051453389645, 0.016609051453389645, 0.016609051453389645, 0.016609051453389645, 0.016609051453389645, 0.016609051453389645, 0.016609051453389645, 0.016609051453389645, 0.013247695802108161, 0.013247695802108161, 0.013247695802108161, 0.013247695802108161, 0.013247695802108161, 0.013247695802108161, 0.013247695802108161, 0.013247695802108161, 0.013247695802108161, 0.013247695802108161, 0.013247695802108161, 0.013247695802108161, 0.013247695802108161, 0.013247695802108161, 0.013247695802108161, 0.013247695802108161, 0.013247695802108161, 0.013247695802108161, 0.013247695802108161, 0.013247695802108161, 0.013247695802108161, 0.013247695802108161], "y_regret_test": [0.02689084521024898, 0.02689084521024898, 0.02689084521024898, 0.02689084521024898, 0.02689084521024898, 0.02689084521024898, 0.02689084521024898, 0.02689084521024898, 0.02689084521024898, 0.02689084521024898, 0.02689084521024898, 0.02689084521024898, 0.02689084521024898, 0.02689084521024898, 0.02689084521024898, 0.02689084521024898, 0.02689084521024898, 0.02689084521024898, 0.02689084521024898, 0.02689084521024898, 0.02689084521024898, 0.02689084521024898, 0.02689084521024898, 0.02689084521024898, 0.02689084521024898, 0.02689084521024898, 0.02689084521024898, 0.02689084521024898, 0.02689084521024898, 0.02689084521024898, 0.02689084521024898, 0.02689084521024898, 0.02689084521024898, 0.02689084521024898, 0.02689084521024898, 0.02689084521024898, 0.02689084521024898, 0.02689084521024898, 0.02689084521024898, 0.02689084521024898, 0.02689084521024898, 0.019179499892604257, 0.019179499892604257, 0.019179499892604257, 0.019179499892604257, 0.019179499892604257, 0.019179499892604257, 0.019179499892604257, 0.019179499892604257, 0.019179499892604257, 0.019179499892604257, 0.019179499892604257, 0.019179499892604257, 0.019179499892604257, 0.019179499892604257, 0.019179499892604257, 0.019179499892604257, 0.019179499892604257, 0.019179499892604257, 0.019179499892604257, 0.019179499892604257, 0.019179499892604257, 0.019179499892604257, 0.019179499892604257, 0.019179499892604257, 0.019179499892604257, 0.019179499892604257, 0.019179499892604257, 0.019179499892604257, 0.019179499892604257, 0.019179499892604257, 0.019179499892604257, 0.019179499892604257, 0.019179499892604257, 0.019179499892604257, 0.019179499892604257, 0.019179499892604257, 0.019179499892604257, 0.019179499892604257, 0.015818144241322774, 0.015818144241322774, 0.015818144241322774, 0.015818144241322774, 0.015818144241322774, 0.015818144241322774, 0.015818144241322774, 0.015818144241322774, 0.015818144241322774, 0.015818144241322774, 0.015818144241322774, 0.015818144241322774, 0.015818144241322774, 0.015818144241322774, 0.015818144241322774, 0.015818144241322774, 0.015818144241322774, 0.015818144241322774, 0.015818144241322774, 0.015818144241322774, 0.015818144241322774, 0.015818144241322774], "f_regret_pool": [],