{"p_array": [0.001, 0.053526315789473686, 0.10605263157894737, 0.15857894736842104, 0.21110526315789474, 0.26363157894736844, 0.3161578947368421, 0.3686842105263158, 0.4212105263157895, 0.4737368421052632, 0.5262631578947369, 0.5787894736842105, 0.6313157894736842, 0.6838421052631579, 0.7363684210526316, 0.7888947368421053, 0.841421052631579, 0.8939473684210526, 0.9464736842105264, 0.999], "mean_sharpness": [-0.057130840639784845, -0.040571327091635044], "sharpness_error_true_minus_model": [], "posterior_variance": [0.07703818258838203, 0.06767437094627249], "bias_mse": [], "bias_nmse": [], "f_calibration": [], "f_calibration_mse": [], "f_calibration_nmse": [], "y_calibration": [[0.1234000027179718, 0.28619998693466187, 0.3531999886035919, 0.39660000801086426, 0.43320000171661377, 0.4620000123977661, 0.4887999892234802, 0.5127999782562256, 0.5343999862670898, 0.5540000200271606, 0.5712000131607056, 0.5893999934196472, 0.604200005531311, 0.6179999709129333, 0.6348000168800354, 0.6546000242233276, 0.6747999787330627, 0.7039999961853027, 0.746399998664856, 0.8835999965667725], [0.009399999864399433, 0.04960000142455101, 0.08060000091791153, 0.11760000139474869, 0.15800000727176666, 0.20659999549388885, 0.24879999458789825, 0.3019999861717224, 0.35899999737739563, 0.4221999943256378, 0.4970000088214874, 0.5631999969482422, 0.623199999332428, 0.6746000051498413, 0.715399980545044, 0.7487999796867371, 0.7770000100135803, 0.8090000152587891, 0.8604000210762024, 0.9697999954223633]], "y_calibration_mse": [0.024905111021722652, 0.002346063782113708], "y_calibration_nmse": [0.2714831950833992, 0.025573742308642733], "calibration_local_dist_to_nearest_train_sample": [[0.5069666794009249, 0.6694584842080392, 0.8319502890151536, 0.994442093822268, 1.1569338986293825, 1.319425703436497, 1.4819175082436111, 1.6444093130507256, 1.80690111785784, 1.9693929226649545, 2.1318847274720687, 2.294376532279183, 2.4568683370862976, 2.619360141893412, 2.7818519467005265, 2.944343751507641, 3.1068355563147554, 3.26932736112187, 3.4318191659289843, 3.5943109707360987], [0.45345343078696004, 0.5639875420816928, 0.6745216533764254, 0.7850557646711582, 0.8955898759658909, 1.0061239872606236, 1.1166580985553565, 1.227192209850089, 1.3377263211448218, 1.4482604324395545, 1.5587945437342872, 1.6693286550290198, 1.7798627663237525, 1.8903968776184854, 2.0009309889132183, 2.1114651002079508, 2.221999211502683, 2.332533322797416, 2.443067434092149, 2.5536015453868814]], "calibration_local_y": [[0.022036223684210526, 0.00800472086992897, 0.02909008449816076, 0.02762410863017451, 0.018956010079680008, 0.02637651002203605, 0.025873287988879896, 0.027195573477152808, 0.0289886451275563, 0.03533496814884269, 0.031882288031225295, 0.03183154741685633, 0.02452095563437873, 0.02305682238846721, 0.022659621853657143, 0.03724033303301154, 0.09003413936245039, 0.07686668440111222, 0.08323222481508534, 0.1264489021690471], [0.0058532045132718025, 0.004737760265987881, 0.0036865343012140823, 0.0016050063953266635, 0.000882383620931243, 0.0019183403157512814, 0.0012577551646437348, 0.0030507356418837677, 0.006428751109249738, 0.011377592712242233, 0.02237799517976497, 0.036766152567246066, 0.03120826946319342, 0.06492299874983573, 0.01928951315789474, 0.12720957894736842, 0.12334510526315787, 0.2918372105263158, 0.3417372105263158, 0.2918372105263158]], "elpd": [-4.237127115169229, -0.46392646577786545], "expected_improvement": [null, null], "actual_improvement": [null, [[0.1615553496319444]]], "mse": [0.6048291520016482, 0.16940556268195542], "nmse": [0.5990903456796906, 0.16779819023491543], "y_regret_pool": [0.07383119172368935, 0.07383119172368935, 0.07383119172368935, 0.07383119172368935, 0.07383119172368935, 0.07383119172368935, 0.07383119172368935, 0.07383119172368935, 0.07383119172368935, 0.07383119172368935, 0.018457797930922393, 0.018457797930922393, 0.018457797930922393, 0.018457797930922393, 0.018457797930922393, 0.018457797930922393, 0.018457797930922393, 0.018457797930922393, 0.018457797930922393, 0.018457797930922393, 0.018457797930922393, 0.018457797930922393, 0.018457797930922393, 0.018457797930922393, 0.006351070255801394, 0.006351070255801394, 0.006351070255801394, 0.006351070255801394, 0.006351070255801394, 0.006351070255801394, 0.006351070255801394, 0.006351070255801394, 0.006351070255801394, 0.006351070255801394, 0.006351070255801394, 0.006351070255801394, 0.006351070255801394, 0.006351070255801394, 0.006351070255801394, 0.006351070255801394, 0.006351070255801394, 0.006351070255801394, 0.006351070255801394, 0.006351070255801394, 0.006351070255801394, 0.006351070255801394, 0.006351070255801394, 0.006351070255801394, 0.006351070255801394, 0.006351070255801394, 0.006351070255801394, 0.006351070255801394, 0.006351070255801394, 0.006351070255801394, 0.006351070255801394, 0.006351070255801394, 0.006351070255801394, 0.006351070255801394, 0.006351070255801394, 0.006351070255801394, 0.006351070255801394, 0.006351070255801394, 0.006351070255801394, 0.006351070255801394, 0.006351070255801394, 0.006351070255801394, 0.006351070255801394, 0.006351070255801394, 0.006351070255801394, 0.006351070255801394, 0.006351070255801394, 0.006351070255801394, 0.006351070255801394, 0.006351070255801394, 0.006351070255801394, 0.006351070255801394, 0.006351070255801394, 0.006351070255801394, 0.006351070255801394, 0.006351070255801394, 0.006351070255801394, 0.006351070255801394, 0.006351070255801394, 0.006351070255801394, 0.006351070255801394, 0.006351070255801394, 0.006351070255801394, 0.006351070255801394, 0.006351070255801394, 0.006351070255801394, 0.006351070255801394, 0.006351070255801394, 0.006351070255801394, 0.006351070255801394, 0.006351070255801394, 0.006351070255801394, 0.006351070255801394, 0.006351070255801394, 0.006351070255801394, 0.006351070255801394, 0.006351070255801394], "y_regret_test": [0.07621284306961496, 0.07621284306961496, 0.07621284306961496, 0.07621284306961496, 0.07621284306961496, 0.07621284306961496, 0.07621284306961496, 0.07621284306961496, 0.07621284306961496, 0.07621284306961496, 0.020839449276848, 0.020839449276848, 0.020839449276848, 0.020839449276848, 0.020839449276848, 0.020839449276848, 0.020839449276848, 0.020839449276848, 0.020839449276848, 0.020839449276848, 0.020839449276848, 0.020839449276848, 0.020839449276848, 0.020839449276848, 0.008732721601727, 0.008732721601727, 0.008732721601727, 0.008732721601727, 0.008732721601727, 0.008732721601727, 0.008732721601727, 0.008732721601727, 0.008732721601727, 0.008732721601727, 0.008732721601727, 0.008732721601727, 0.008732721601727, 0.008732721601727, 0.008732721601727, 0.008732721601727, 0.008732721601727, 0.008732721601727, 0.008732721601727, 0.008732721601727, 0.008732721601727, 0.008732721601727, 0.008732721601727, 0.008732721601727, 0.008732721601727, 0.008732721601727, 0.008732721601727, 0.008732721601727, 0.008732721601727, 0.008732721601727, 0.008732721601727, 0.008732721601727, 0.008732721601727, 0.008732721601727, 0.008732721601727, 0.008732721601727, 0.008732721601727, 0.008732721601727, 0.008732721601727, 0.008732721601727, 0.008732721601727, 0.008732721601727, 0.008732721601727, 0.008732721601727, 0.008732721601727, 0.008732721601727, 0.008732721601727, 0.008732721601727, 0.008732721601727, 0.008732721601727, 0.008732721601727, 0.008732721601727, 0.008732721601727, 0.008732721601727, 0.008732721601727, 0.008732721601727, 0.008732721601727, 0.008732721601727, 0.008732721601727, 0.008732721601727, 0.008732721601727, 0.008732721601727, 0.008732721601727, 0.008732721601727, 0.008732721601727, 0.008732721601727, 0.008732721601727, 0.008732721601727, 0.008732721601727, 0.008732721601727, 0.008732721601727, 0.008732721601727, 0.008732721601727, 0.008732721601727, 0.008732721601727, 0.008732721601727, 0.008732721601727], "f_regret_pool": [], "f_regret_test": [],