{"p_array": [0.001, 0.053526315789473686, 0.10605263157894737, 0.15857894736842104, 0.21110526315789474, 0.26363157894736844, 0.3161578947368421, 0.3686842105263158, 0.4212105263157895, 0.4737368421052632, 0.5262631578947369, 0.5787894736842105, 0.6313157894736842, 0.6838421052631579, 0.7363684210526316, 0.7888947368421053, 0.841421052631579, 0.8939473684210526, 0.9464736842105264, 0.999], "mean_sharpness": [0.9530914392241537, 1.3406304275873528, 1.3155893037705217], "sharpness_error_true_minus_model": [], "posterior_variance": [0.009089482373209046, 0.004179976249072793, 0.0043638705731355336], "bias_mse": [], "bias_nmse": [], "f_calibration": [], "f_calibration_mse": [], "f_calibration_nmse": [], "y_calibration": [[0.5127999782562256, 0.5401999950408936, 0.5473999977111816, 0.5519999861717224, 0.5546000003814697, 0.5568000078201294, 0.5605999827384949, 0.5619999766349792, 0.5637999773025513, 0.5655999779701233, 0.567799985408783, 0.5694000124931335, 0.571399986743927, 0.5745999813079834, 0.5763999819755554, 0.579800009727478, 0.5807999968528748, 0.5838000178337097, 0.5878000259399414, 0.6083999872207642], [0.5609999895095825, 0.5758000016212463, 0.5799999833106995, 0.58160001039505, 0.5830000042915344, 0.5849999785423279, 0.5861999988555908, 0.5879999995231628, 0.5892000198364258, 0.5898000001907349, 0.5907999873161316, 0.5925999879837036, 0.5943999886512756, 0.5964000225067139, 0.5978000164031982, 0.5989999771118164, 0.600600004196167, 0.6033999919891357, 0.6078000068664551, 0.6208000183105469], [0.5613999962806702, 0.5777999758720398, 0.5809999704360962, 0.5824000239372253, 0.5848000049591064, 0.5861999988555908, 0.5871999859809875, 0.5885999798774719, 0.5893999934196472, 0.590399980545044, 0.5920000076293945, 0.5942000150680542, 0.5953999757766724, 0.597000002861023, 0.598800003528595, 0.5996000170707703, 0.6014000177383423, 0.6050000190734863, 0.6083999872207642, 0.6212000250816345]], "y_calibration_mse": [0.08550827834263627, 0.09315064101805122, 0.09339041929139448], "y_calibration_nmse": [0.9321002660976628, 1.0154073846765808, 1.0180211361953768], "calibration_local_dist_to_nearest_train_sample": [[0.48574772489633683, 0.6261761368284074, 0.766604548760478, 0.9070329606925487, 1.0474613726246194, 1.18788978455669, 1.3283181964887605, 1.4687466084208312, 1.6091750203529018, 1.7496034322849725, 1.890031844217043, 2.0304602561491136, 2.1708886680811843, 2.3113170800132545, 2.451745491945325, 2.592173903877396, 2.7326023158094666, 2.8730307277415372, 3.013459139673608, 3.1538875516056786], [0.4320499983871555, 0.518780683810045, 0.6055113692329345, 0.6922420546558239, 0.7789727400787133, 0.8657034255016028, 0.9524341109244923, 1.0391647963473818, 1.125895481770271, 1.2126261671931604, 1.2993568526160502, 1.3860875380389395, 1.4728182234618288, 1.5595489088847185, 1.6462795943076078, 1.7330102797304971, 1.819740965153387, 1.9064716505762762, 1.9932023359991655, 2.079933021422055], [0.4320499983871555, 0.518780683810045, 0.6055113692329345, 0.6922420546558239, 0.7789727400787133, 0.8657034255016028, 0.9524341109244923, 1.0391647963473818, 1.125895481770271, 1.2126261671931604, 1.2993568526160502, 1.3860875380389395, 1.4728182234618288, 1.5595489088847185, 1.6462795943076078, 1.7330102797304971, 1.819740965153387, 1.9064716505762762, 1.9932023359991655, 2.079933021422055]], "calibration_local_y": [[0.34173721052631584, 0.11382811713921512, 0.1645249116309738, 0.1341855098916162, 0.1270841236536801, 0.12150998108538916, 0.09804244125651299, 0.09103234717885784, 0.10349594342724092, 0.08736068510911701, 0.08620265073412613, 0.08437902665505859, 0.08732121163384546, 0.10096154400976798, 0.1052338495861583, 0.127214471082631, 0.11500802418239615, 0.132573537314094, 0.18173720873817648, 0.3417372105263158], [0.08582603573642526, 0.08195417077799241, 0.09690706338824703, 0.07636563035190738, 0.09889917931503463, 0.09353681754434344, 0.10811881788769662, 0.09475612089240915, 0.09812941234914067, 0.09760268339679597, 0.0891075707962383, 0.0885593158263811, 0.08449275270869583, 0.08753541306325316, 0.08436144874540154, 0.0968392507344317, 0.1170927624403588, 0.13765557239935877, 0.3417372105263158, 0.3417372105263158], [0.08549249721847049, 0.08286529941376865, 0.09742764360315669, 0.07639089369463929, 0.09887643181112218, 0.09440758768898444, 0.10832007363347754, 0.09467669853855272, 0.09850804363016324, 0.097777299755686, 0.08902248580651398, 0.0886442376923049, 0.08479838162926487, 0.0876052929292046, 0.08498066580729294, 0.0968392507344317, 0.1170927624403588, 0.13765557239935877, 0.3417372105263158, 0.3417372105263158]], "elpd": [-59.94494607590386, -132.84111966249063, -122.23930437513772], "expected_improvement": [null, null, null], "actual_improvement": [null, null, null], "mse": [0.9973507057361752, 1.0130971962787048, 1.0111589164574202], "nmse": [0.9851362975112095, 1.000689943087078, 0.9987754010952803], "y_regret_pool": [0.04980427247533581, 0.04980427247533581, 0.04980427247533581, 0.04980427247533581, 0.04980427247533581, 0.04980427247533581, 0.04980427247533581, 0.04980427247533581, 0.04980427247533581, 0.04980427247533581, 0.03785124708125509, 0.03785124708125509, 0.03785124708125509, 0.03785124708125509, 0.03785124708125509, 0.03785124708125509, 0.03785124708125509, 0.03785124708125509, 0.03785124708125509, 0.03785124708125509, 0.03785124708125509, 0.03785124708125509, 0.03785124708125509, 0.03785124708125509, 0.03785124708125509, 0.03785124708125509, 0.03785124708125509, 0.03785124708125509, 0.03785124708125509, 0.03785124708125509, 0.03785124708125509, 0.03785124708125509, 0.03785124708125509, 0.03785124708125509, 0.03785124708125509, 0.03785124708125509, 0.03785124708125509, 0.03785124708125509, 0.03785124708125509, 0.03785124708125509, 0.03785124708125509, 0.014941281742600676, 0.014941281742600676, 0.014941281742600676, 0.014941281742600676, 0.014941281742600676, 0.014941281742600676, 0.014941281742600676, 0.014941281742600676, 0.014941281742600676, 0.014941281742600676, 0.014941281742600676, 0.014941281742600676, 0.014941281742600676, 0.014941281742600676, 0.014941281742600676, 0.014941281742600676, 0.014941281742600676, 0.014941281742600676, 0.014941281742600676, 0.014941281742600676, 0.014941281742600676, 0.014941281742600676, 0.014941281742600676, 0.014941281742600676, 0.014941281742600676, 0.014941281742600676, 0.014941281742600676, 0.014941281742600676, 0.008765551955658868, 0.008765551955658868, 0.008765551955658868, 0.008765551955658868, 0.008765551955658868, 0.008765551955658868, 0.008765551955658868, 0.008765551955658868, 0.008765551955658868, 0.008765551955658868, 0.008765551955658868, 0.008765551955658868, 0.008765551955658868, 0.008765551955658868, 0.008765551955658868, 0.008765551955658868, 0.008765551955658868, 0.008765551955658868, 0.008765551955658868, 0.008765551955658868, 0.008765551955658868, 0.008765551955658868, 0.008765551955658868, 0.008765551955658868, 0.008765551955658868, 0.008765551955658868, 0.008765551955658868, 0.008765551955658868, 0.008765551955658868, 0.008765551955658868, 0.008765551955658868, 0.008765551955658868, 0.008765551955658868],