{"p_array": [0.001, 0.053526315789473686, 0.10605263157894737, 0.15857894736842104, 0.21110526315789474, 0.26363157894736844, 0.3161578947368421, 0.3686842105263158, 0.4212105263157895, 0.4737368421052632, 0.5262631578947369, 0.5787894736842105, 0.6313157894736842, 0.6838421052631579, 0.7363684210526316, 0.7888947368421053, 0.841421052631579, 0.8939473684210526, 0.9464736842105264, 0.999], "mean_sharpness": [1.1518991044849152, 1.3637461096963972], "sharpness_error_true_minus_model": [], "posterior_variance": [0.006080944645189089, 0.003991062083467673], "bias_mse": [], "bias_nmse": [], "f_calibration": [], "f_calibration_mse": [], "f_calibration_nmse": [], "y_calibration": [[0.5461999773979187, 0.5645999908447266, 0.5681999921798706, 0.5717999935150146, 0.5741999745368958, 0.5763999819755554, 0.5789999961853027, 0.5806000232696533, 0.5817999839782715, 0.5835999846458435, 0.5852000117301941, 0.5866000056266785, 0.5885999798774719, 0.5906000137329102, 0.592199981212616, 0.5956000089645386, 0.5968000292778015, 0.6010000109672546, 0.6055999994277954, 0.621399998664856], [0.5473999977111816, 0.5612000226974487, 0.5648000240325928, 0.567799985408783, 0.5694000124931335, 0.571399986743927, 0.5730000138282776, 0.574400007724762, 0.5753999948501587, 0.5770000219345093, 0.5789999961853027, 0.5803999900817871, 0.5812000036239624, 0.5821999907493591, 0.5825999975204468, 0.5852000117301941, 0.5875999927520752, 0.5892000198364258, 0.5929999947547913, 0.6100000143051147]], "y_calibration_mse": [0.09004605236311365, 0.09071705508463866], "y_calibration_nmse": [0.981565188722225, 0.9888795894727528], "calibration_local_dist_to_nearest_train_sample": [[0.49433791044584213, 0.6416179168603461, 0.7888979232748501, 0.936177929689354, 1.0834579361038579, 1.230737942518362, 1.3780179489328659, 1.5252979553473698, 1.6725779617618737, 1.8198579681763776, 1.9671379745908817, 2.114417981005386, 2.2616979874198897, 2.4089779938343936, 2.5562580002488975, 2.7035380066634014, 2.8508180130779053, 2.998098019492409, 3.145378025906913, 3.2926580323214174], [0.42924168931723544, 0.5162748744189042, 0.603308059520573, 0.6903412446222418, 0.7773744297239106, 0.8644076148255793, 0.9514407999272481, 1.0384739850289169, 1.1255071701305857, 1.2125403552322545, 1.2995735403339232, 1.386606725435592, 1.4736399105372608, 1.5606730956389296, 1.6477062807405984, 1.7347394658422672, 1.821772650943936, 1.9088058360456048, 1.9958390211472736, 2.0828722062489424]], "calibration_local_y": [[0.08252460290829998, 0.09161721106394984, 0.08400146480226997, 0.08545275247546572, 0.09119824633603667, 0.08291286481323405, 0.07927039973984432, 0.08175672821337296, 0.08314481393254843, 0.08671864739008081, 0.09003842863326861, 0.10936013275247695, 0.09675877188555222, 0.12874577733168413, 0.127480476482096, 0.10544708234384008, 0.15521417340869612, 0.15203341135247, 0.11011076408049374, 0.10505082528412502], [0.12354400858729764, 0.09018634365648663, 0.09067254549299883, 0.11033224889302776, 0.08947218104643088, 0.08966047874078123, 0.08758786091565862, 0.0946864889110423, 0.09302427133584926, 0.08912182994791173, 0.08864305271721448, 0.09073167805173286, 0.08904462080538621, 0.10826309029339902, 0.0928861422757065, 0.09774357576552169, 0.09244025641399542, 0.09624721386656063, 0.0792872105263158, 0.11951498499272453]], "elpd": [-86.94412940768149, -128.87756751076364], "expected_improvement": [null, null], "actual_improvement": [null, [[0.25865191647429975]]], "mse": [0.9898202922347739, 0.9898369584256513], "nmse": [0.9955506412200203, 0.9955674038961798], "y_regret_pool": [0.217520724863708, 0.217520724863708, 0.217520724863708, 0.217520724863708, 0.2088198958691596, 0.2088198958691596, 0.2088198958691596, 0.2088198958691596, 0.2088198958691596, 0.2088198958691596, 0.2088198958691596, 0.2088198958691596, 0.2088198958691596, 0.2088198958691596, 0.2088198958691596, 0.2088198958691596, 0.2088198958691596, 0.2088198958691596, 0.2088198958691596, 0.10658515518321665, 0.10658515518321665, 0.10658515518321665, 0.10658515518321665, 0.10658515518321665, 0.10658515518321665, 0.10658515518321665, 0.10658515518321665, 0.10658515518321665, 0.10658515518321665, 0.10658515518321665, 0.10658515518321665, 0.09116095832924476, 0.09116095832924476, 0.06367424855101245, 0.06367424855101245, 0.06367424855101245, 0.06367424855101245, 0.06367424855101245, 0.06367424855101245, 0.011469274583722822, 0.011469274583722822, 0.011469274583722822, 0.011469274583722822, 0.011469274583722822, 0.011469274583722822, 0.011469274583722822, 0.011469274583722822, 0.011469274583722822, 0.011469274583722822, 0.011469274583722822, 0.011469274583722822, 0.011469274583722822, 0.011469274583722822, 0.011469274583722822, 0.011469274583722822, 0.011469274583722822, 0.011469274583722822, 0.011469274583722822, 0.011469274583722822, 0.011469274583722822, 0.011469274583722822, 0.011469274583722822, 0.011469274583722822, 0.011469274583722822, 0.011469274583722822, 0.011469274583722822, 0.011469274583722822, 0.011469274583722822, 0.011469274583722822, 0.011469274583722822, 0.011469274583722822, 0.011469274583722822, 0.011469274583722822, 0.011469274583722822, 0.011469274583722822, 0.011469274583722822, 0.011469274583722822, 0.011469274583722822, 0.011469274583722822, 0.011469274583722822, 0.011469274583722822, 0.011469274583722822, 0.011469274583722822, 0.011469274583722822, 0.011469274583722822, 0.011469274583722822, 0.011469274583722822, 0.011469274583722822, 0.011469274583722822, 0.011469274583722822, 0.011469274583722822, 0.011469274583722822, 0.011469274583722822, 0.011469274583722822, 0.011469274583722822, 0.011469274583722822, 0.011469274583722822, 0.011469274583722822, 0.011469274583722822, 0.011469274583722822, 0.011469274583722822], "y_regret_test": [0.22048691656639485, 0.22048691656639485, 0.22048691656639485, 0.22048691656639485, 0.21178608757184647, 0.21178608757184647, 0.21178608757184647, 0.21178608757184647, 0.21178608757184647, 0.21178608757184647, 0.21178608757184647, 0.21178608757184647, 0.21178608757184647, 0.21178608757184647, 0.21178608757184647, 0.21178608757184647, 0.21178608757184647, 0.21178608757184647, 0.21178608757184647, 0.10955134688590351, 0.10955134688590351, 0.10955134688590351, 0.10955134688590351, 0.10955134688590351, 0.10955134688590351, 0.10955134688590351, 0.10955134688590351, 0.10955134688590351, 0.10955134688590351, 0.10955134688590351, 0.10955134688590351, 0.09412715003193162, 0.09412715003193162, 0.0666404402536993, 0.0666404402536993, 0.0666404402536993, 0.0666404402536993, 0.0666404402536993, 0.0666404402536993, 0.014435466286409682, 0.014435466286409682, 0.014435466286409682, 0.014435466286409682, 0.014435466286409682, 0.014435466286409682, 0.014435466286409682, 0.014435466286409682, 0.014435466286409682, 0.014435466286409682, 0.014435466286409682, 0.014435466286409682, 0.014435466286409682, 0.014435466286409682, 0.014435466286409682, 0.014435466286409682, 0.014435466286409682, 0.014435466286409682, 0.014435466286409682, 0.014435466286409682, 0.014435466286409682, 0.014435466286409682, 0.014435466286409682, 0.014435466286409682, 0.014435466286409682, 0.014435466286409682, 0.014435466286409682, 0.014435466286409682, 0.014435466286409682, 0.014435466286409682, 0.014435466286409682, 0.014435466286409682, 0.014435466286409682, 0.014435466286409682, 0.014435466286409682, 0.014435466286409682, 0.014435466286409682, 0.014435466286409682, 0.014435466286409682, 0.014435466286409682, 0.014435466286409682, 0.014435466286409682, 0.014435466286409682, 0.014435466286409682, 0.014435466286409682, 0.014435466286409682, 0.014435466286409682, 0.014435466286409682, 0.014435466286409682, 0.014435466286409682, 0.014435466286409682, 0.014435466286409682, 0.014435466286409682, 0.014435466286409682, 0.014435466286409682, 0.014435466286409682, 0.014435466286409682, 0.014435466286409682, 0.014435466286409682, 0.014435466286409682, 0.014435466286409682, 0.014435466286409682], "f_regret_pool": [], "f_regret_test": [],