{"p_array": [0.001, 0.053526315789473686, 0.10605263157894737, 0.15857894736842104, 0.21110526315789474, 0.26363157894736844, 0.3161578947368421, 0.3686842105263158, 0.4212105263157895, 0.4737368421052632, 0.5262631578947369, 0.5787894736842105, 0.6313157894736842, 0.6838421052631579, 0.7363684210526316, 0.7888947368421053, 0.841421052631579, 0.8939473684210526, 0.9464736842105264, 0.999], "mean_sharpness": [0.24342228405410946, -0.2162911178339435], "sharpness_error_true_minus_model": [], "posterior_variance": [0.04140878448786636, 0.10227374441476464], "bias_mse": [], "bias_nmse": [], "f_calibration": [], "f_calibration_mse": [], "f_calibration_nmse": [], "y_calibration": [[0.20280000567436218, 0.30979999899864197, 0.3458000123500824, 0.3675999939441681, 0.38679999113082886, 0.4018000066280365, 0.4163999855518341, 0.4291999936103821, 0.44200000166893005, 0.4564000070095062, 0.4715999960899353, 0.48980000615119934, 0.5034000277519226, 0.5180000066757202, 0.5361999869346619, 0.551800012588501, 0.5680000185966492, 0.5950000286102295, 0.6222000122070312, 0.723800003528595], [0.012600000016391277, 0.11659999936819077, 0.1915999948978424, 0.25040000677108765, 0.3061999976634979, 0.35519999265670776, 0.4043999910354614, 0.4487999975681305, 0.501800000667572, 0.5486000180244446, 0.5961999893188477, 0.6358000040054321, 0.6697999835014343, 0.6980000138282776, 0.723800003528595, 0.7476000189781189, 0.775600016117096, 0.8076000213623047, 0.8501999974250793, 0.9509999752044678]], "y_calibration_mse": [0.038402108556572265, 0.004932070694139664], "y_calibration_nmse": [0.41860994395023826, 0.053763033188423], "calibration_local_dist_to_nearest_train_sample": [[0.4869501588052503, 0.6286464202047508, 0.7703426816042513, 0.9120389430037519, 1.0537352044032524, 1.195431465802753, 1.3371277272022535, 1.478823988601754, 1.6205202500012545, 1.762216511400755, 1.9039127728002556, 2.045609034199756, 2.1873052955992565, 2.329001556998757, 2.4706978183982575, 2.6123940797977583, 2.754090341197259, 2.8957866025967594, 3.0374828639962597, 3.1791791253957604], [0.4765811497003182, 0.6079084019948868, 0.7392356542894554, 0.8705629065840239, 1.0018901588785925, 1.133217411173161, 1.2645446634677295, 1.395871915762298, 1.5271991680568666, 1.6585264203514352, 1.7898536726460037, 1.9211809249405727, 2.0525081772351412, 2.1838354295297098, 2.3151626818242783, 2.446489934118847, 2.5778171864134154, 2.709144438707984, 2.8404716910025525, 2.971798943297121]], "calibration_local_y": [[0.09873165141252863, 0.03489762420564352, 0.03952585691013081, 0.045964604581924924, 0.04039596283306451, 0.03994455859193659, 0.038987556876531375, 0.044665737754948316, 0.04114749917531377, 0.03365690999427583, 0.03691716061331648, 0.046955078562305116, 0.03826832843632907, 0.0478281017015985, 0.06343559375555312, 0.06793317229552054, 0.0977489057195539, 0.11468299639479743, 0.2968883184415082, 0.3159855445898814], [0.02494809815367235, 0.014668561987374562, 0.016689562662477286, 0.02011583825010089, 0.00966299787194919, 0.01391620234674732, 0.008831444645512809, 0.012255786706204913, 0.010547180072343662, 0.008819155998366413, 0.009057259391937763, 0.006835292271658302, 0.007540776852743085, 0.001562455456097461, 0.0003313994567482088, 0.001300179451211086, 0.01763395159951043, 0.0067496355043135114, 0.03613227631578947, 0.024149783967926147]], "next_sample_train_distance": [[0.6037081525186991]], "elpd": [-13.939720759106546, -1.072877584149153], "expected_improvement": [null, null], "actual_improvement": [null, [[0.05872835397666476]]], "mse": [0.9389035186871897, 0.3084184198014118], "nmse": [0.9486460673315142, 0.3116187288831398], "y_regret_pool": [0.13975357454785997, 0.0], "y_regret_test": [0.14433239536637932, 0.004578820818519347], "f_regret_pool": [], "f_regret_test": [], "x_y_opt_dist_pool": [1.6690173987071435, 1.589637388742435], "x_f_opt_dist_pool": [], "x_y_opt_dist_test": [3.7985436273137836, 1.6718323357044285], "x_f_opt_dist_test": [], "uct_calibration": [0.38312686210619595, 0.11283942633683915], "uct_sharpness": [0.21627736237092546, 0.33878199305790097]}