{"p_array": [0.001, 0.053526315789473686, 0.10605263157894737, 0.15857894736842104, 0.21110526315789474, 0.26363157894736844, 0.3161578947368421, 0.3686842105263158, 0.4212105263157895, 0.4737368421052632, 0.5262631578947369, 0.5787894736842105, 0.6313157894736842, 0.6838421052631579, 0.7363684210526316, 0.7888947368421053, 0.841421052631579, 0.8939473684210526, 0.9464736842105264, 0.999], "mean_sharpness": [-1.5191785787932282, -0.34451766628557673], "sharpness_error_true_minus_model": [], "posterior_variance": [1.2219892836296462, 0.1557775507702956], "bias_mse": [], "bias_nmse": [], "f_calibration": [], "f_calibration_mse": [], "f_calibration_nmse": [], "y_calibration": [[0.0, 0.0, 0.044599998742341995, 0.3043999969959259, 0.414000004529953, 0.4726000130176544, 0.5112000107765198, 0.5414000153541565, 0.5666000247001648, 0.5929999947547913, 0.6119999885559082, 0.6345999836921692, 0.6611999869346619, 0.6851999759674072, 0.70660001039505, 0.7405999898910522, 0.8027999997138977, 1.0, 1.0, 1.0], [0.06960000097751617, 0.2946000099182129, 0.399399995803833, 0.4668000042438507, 0.5174000263214111, 0.5648000240325928, 0.6114000082015991, 0.65420001745224, 0.6895999908447266, 0.7257999777793884, 0.7616000175476074, 0.7968000173568726, 0.829800009727478, 0.859000027179718, 0.8845999836921692, 0.9052000045776367, 0.9225999712944031, 0.9404000043869019, 0.9571999907493591, 0.9864000082015991]], "y_calibration_mse": [0.012307910782074967, 0.04750798570460804], "y_calibration_nmse": [0.1341648684482761, 0.517870397759477], "calibration_local_dist_to_nearest_train_sample": [[0.5011007174539057, 0.6606144412342715, 0.8201281650146373, 0.9796418887950029, 1.1391556125753686, 1.2986693363557342, 1.4581830601361, 1.6176967839164658, 1.7772105076968314, 1.936724231477197, 2.096237955257563, 2.2557516790379286, 2.415265402818294, 2.57477912659866, 2.734292850379026, 2.8938065741593917, 3.0533202979397576, 3.2128340217201226, 3.3723477455004884, 3.531861469280854], [0.4455631648386619, 0.5495393360037837, 0.6535155071689054, 0.7574916783340272, 0.861467849499149, 0.9654440206642707, 1.0694201918293924, 1.1733963629945143, 1.2773725341596363, 1.381348705324758, 1.4853248764898797, 1.5893010476550014, 1.6932772188201233, 1.797253389985245, 1.901229561150367, 2.0052057323154884, 2.1091819034806103, 2.213158074645732, 2.3171342458108537, 2.421110416975976]], "calibration_local_y": [[0.01403952555816275, 0.01941010065185873, 0.022243753529380017, 0.021907436073956614, 0.02715820829927376, 0.019239339121360412, 0.040078111351856, 0.026363503204905166, 0.028301067596488916, 0.022098901837333155, 0.021343584058448106, 0.006992700561949898, 0.004055329735619657, 0.00973217062891885, 0.027034646782837752, 0.02023139339848712, 0.033851042743271255, 0.06689804523026316, 0.10942872661898173, 0.047231947368421054], [0.010015549958694078, 0.01574181629286176, 0.025688851948015796, 0.04016063353459328, 0.07583347360609512, 0.07653009813482009, 0.057996879252598464, 0.053533110980343, 0.053472192441112065, 0.05972440899901221, 0.056058611647428404, 0.04527101061678619, 0.029942225976010928, 0.03496007264148894, 0.01482879918994626, 0.022259408455269206, 0.013696036360973982, 0.01782496548035669, 0.023752675096312004, 0.053424052631578935]], "elpd": [-1.441307180387213, -1.484371521860535], "expected_improvement": [null, null], "actual_improvement": [null, [[0.021612188255517806]]], "mse": [1.0316732549228373, 0.41536344438601647], "nmse": [1.0593126618287152, 0.4264913855228358], "y_regret_pool": [0.012689725214249048, 0.012689725214249048, 0.012689725214249048, 0.012689725214249048, 0.012689725214249048, 0.012689725214249048, 0.012689725214249048, 0.012689725214249048, 0.012689725214249048, 0.012689725214249048, 0.012689725214249048, 0.012689725214249048, 0.012689725214249048, 0.012689725214249048, 0.012689725214249048, 0.012689725214249048, 0.012689725214249048, 0.012689725214249048, 0.012689725214249048, 0.012689725214249048, 0.012689725214249048, 0.012689725214249048, 0.012689725214249048, 0.012689725214249048, 0.012689725214249048, 0.012689725214249048, 0.012689725214249048, 0.012689725214249048, 0.012689725214249048, 0.012689725214249048, 0.012689725214249048, 0.012689725214249048, 0.012689725214249048, 0.012689725214249048, 0.012689725214249048, 0.012689725214249048, 0.012689725214249048, 0.012689725214249048, 0.012689725214249048, 0.007732801302432701, 0.007732801302432701, 0.007732801302432701, 0.007732801302432701, 0.0023793234776712247, 0.0023793234776712247, 0.0023793234776712247, 0.0023793234776712247, 0.0023793234776712247, 0.0023793234776712247, 0.0005948308694176951, 0.0005948308694176951, 0.0005948308694176951, 0.0005948308694176951, 0.0005948308694176951, 0.0005948308694176951, 0.0005948308694176951, 0.0005948308694176951, 0.0005948308694176951, 0.0005948308694176951, 0.0005948308694176951, 0.0005948308694176951, 0.0005948308694176951, 0.0005948308694176951, 0.0005948308694176951, 0.0005948308694176951, 0.0005948308694176951, 0.0005948308694176951, 0.0005948308694176951, 0.0005948308694176951, 0.0, 0.0, 0.0, 0.0, 0.0, 0.0, 0.0, 0.0, 0.0, 0.0, 0.0, 0.0, 0.0, 0.0, 0.0, 0.0, 0.0, 0.0, 0.0, 0.0, 0.0, 0.0, 0.0, 0.0, 0.0, 0.0, 0.0, 0.0, 0.0, 0.0, 0.0, 0.0], "y_regret_test": [0.014870771735448374, 0.014870771735448374, 0.014870771735448374, 0.014870771735448374, 0.014870771735448374, 0.014870771735448374, 0.014870771735448374, 0.014870771735448374, 0.014870771735448374, 0.014870771735448374, 0.014870771735448374, 0.014870771735448374, 0.014870771735448374, 0.014870771735448374, 0.014870771735448374, 0.014870771735448374, 0.014870771735448374, 0.014870771735448374, 0.014870771735448374, 0.014870771735448374, 0.014870771735448374, 0.014870771735448374, 0.014870771735448374, 0.014870771735448374, 0.014870771735448374, 0.014870771735448374, 0.014870771735448374, 0.014870771735448374, 0.014870771735448374, 0.014870771735448374, 0.014870771735448374, 0.014870771735448374, 0.014870771735448374, 0.014870771735448374, 0.014870771735448374, 0.014870771735448374, 0.014870771735448374, 0.014870771735448374, 0.014870771735448374, 0.009913847823632027, 0.009913847823632027, 0.009913847823632027, 0.009913847823632027, 0.00456036999887055, 0.00456036999887055, 0.00456036999887055, 0.00456036999887055, 0.00456036999887055, 0.00456036999887055, 0.002775877390617021, 0.002775877390617021, 0.002775877390617021, 0.002775877390617021, 0.002775877390617021, 0.002775877390617021, 0.002775877390617021, 0.002775877390617021, 0.002775877390617021, 0.002775877390617021, 0.002775877390617021, 0.002775877390617021, 0.002775877390617021, 0.002775877390617021, 0.002775877390617021, 0.002775877390617021, 0.002775877390617021, 0.002775877390617021, 0.002775877390617021, 0.002775877390617021, 0.0021810465211993257, 0.0021810465211993257, 0.0021810465211993257, 0.0021810465211993257, 0.0021810465211993257, 0.0021810465211993257, 0.0021810465211993257, 0.0021810465211993257, 0.0021810465211993257, 0.0021810465211993257, 0.0021810465211993257, 0.0021810465211993257, 0.0021810465211993257, 0.0021810465211993257, 0.0021810465211993257, 0.0021810465211993257, 0.0021810465211993257, 0.0021810465211993257, 0.0021810465211993257, 0.0021810465211993257, 0.0021810465211993257, 0.0021810465211993257, 0.0021810465211993257, 0.0021810465211993257, 0.0021810465211993257, 0.0021810465211993257, 0.0021810465211993257, 0.0021810465211993257, 0.0021810465211993257, 0.0021810465211993257, 0.0021810465211993257, 0.0021810465211993257], "f_regret_pool": [], "f_regret_test": [],