{"p_array": [0.001, 0.053526315789473686, 0.10605263157894737, 0.15857894736842104, 0.21110526315789474, 0.26363157894736844, 0.3161578947368421, 0.3686842105263158, 0.4212105263157895, 0.4737368421052632, 0.5262631578947369, 0.5787894736842105, 0.6313157894736842, 0.6838421052631579, 0.7363684210526316, 0.7888947368421053, 0.841421052631579, 0.8939473684210526, 0.9464736842105264, 0.999], "mean_sharpness": [0.7755962207029268, 1.0113511296747264], "sharpness_error_true_minus_model": [], "posterior_variance": [0.01324076638365902, 0.008084755687701062], "bias_mse": [], "bias_nmse": [], "f_calibration": [], "f_calibration_mse": [], "f_calibration_nmse": [], "y_calibration": [[0.42500001192092896, 0.49959999322891235, 0.5091999769210815, 0.5188000202178955, 0.5249999761581421, 0.5297999978065491, 0.5333999991416931, 0.5364000201225281, 0.5400000214576721, 0.5429999828338623, 0.545799970626831, 0.5472000241279602, 0.5501999855041504, 0.5526000261306763, 0.5555999875068665, 0.5583999752998352, 0.5616000294685364, 0.5658000111579895, 0.5717999935150146, 0.5947999954223633], [0.5515999794006348, 0.5705999732017517, 0.5741999745368958, 0.5771999955177307, 0.5806000232696533, 0.5825999975204468, 0.5843999981880188, 0.5861999988555908, 0.5893999934196472, 0.5910000205039978, 0.5928000211715698, 0.5952000021934509, 0.5968000292778015, 0.5982000231742859, 0.6003999710083008, 0.6014000177383423, 0.6032000184059143, 0.6083999872207642, 0.6126000285148621, 0.6304000020027161]], "y_calibration_mse": [0.07676893595439013, 0.09084958711298247], "y_calibration_nmse": [0.8368352985004721, 0.9903242816274787], "calibration_local_dist_to_nearest_train_sample": [[0.5126890179875845, 0.6811993323671673, 0.8497096467467502, 1.018219961126333, 1.1867302755059157, 1.3552405898854987, 1.5237509042650814, 1.6922612186446642, 1.860771533024247, 2.02928184740383, 2.1977921617834126, 2.3663024761629954, 2.5348127905425786, 2.703323104922161, 2.871833419301744, 3.0403437336813264, 3.2088540480609096, 3.377364362440492, 3.545874676820075, 3.7143849911996574], [0.4546703010547672, 0.5651618985015329, 0.6756534959482985, 0.7861450933950642, 0.8966366908418298, 1.0071282882885955, 1.1176198857353612, 1.228111483182127, 1.3386030806288924, 1.4490946780756582, 1.559586275522424, 1.6700778729691894, 1.7805694704159551, 1.8910610678627209, 2.0015526653094864, 2.1120442627562523, 2.222535860203018, 2.3330274576497834, 2.4435190550965493, 2.554010652543315]], "calibration_local_y": [[0.21469531000203843, 0.25717113322368423, 0.21666549154802278, 0.17701586281137674, 0.13919533542035978, 0.12068355845300387, 0.09424442443916245, 0.07432194637296453, 0.07640167550082483, 0.08214622698029699, 0.08867741002038024, 0.09533206379589336, 0.11929715186831827, 0.12454982750482979, 0.10379549568934499, 0.14245974080741106, 0.16618097821928798, 0.3417372105263158, 0.3417372105263158, 0.3417372105263158], [0.11199379222343694, 0.09175084971021026, 0.10315427182683642, 0.09787228262008488, 0.1005930235714441, 0.09693538404801365, 0.09425899493044962, 0.08866582622475758, 0.08778947848787277, 0.07760215981260546, 0.08374778936805549, 0.08224178386467192, 0.09627718294021069, 0.13690943283082552, 0.2517372093342229, 0.15423721052631578, 0.3417372105263158, NaN, NaN, 0.3417372105263158]], "elpd": [-41.57870298047849, -67.76615664481415], "expected_improvement": [null, null], "actual_improvement": [null, [[2.030088340186852]]], "mse": [0.9679857122588841, 0.9823917505744643], "nmse": [0.9667410016911631, 0.9811285156133526], "y_regret_pool": [0.06281707535941616, 0.06281707535941616, 0.06281707535941616, 0.06281707535941616, 0.06281707535941616, 0.06281707535941616, 0.06281707535941616, 0.06281707535941616, 0.06281707535941616, 0.06281707535941616, 0.06281707535941616, 0.06281707535941616, 0.06281707535941616, 0.06281707535941616, 0.06281707535941616, 0.06281707535941616, 0.06281707535941616, 0.06281707535941616, 0.06281707535941616, 0.06281707535941616, 0.06281707535941616, 0.06281707535941616, 0.06281707535941616, 0.06281707535941616, 0.06281707535941616, 0.06281707535941616, 0.06281707535941616, 0.06281707535941616, 0.06281707535941616, 0.06281707535941616, 0.06281707535941616, 0.06281707535941616, 0.06281707535941616, 0.06281707535941616, 0.06281707535941616, 0.06281707535941616, 0.06281707535941616, 0.06201939821199476, 0.06201939821199476, 0.06201939821199476, 0.06201939821199476, 0.06201939821199476, 0.06201939821199476, 0.06201939821199476, 0.06201939821199476, 0.06201939821199476, 0.06201939821199476, 0.06201939821199476, 0.06201939821199476, 0.06201939821199476, 0.06201939821199476, 0.06201939821199476, 0.06201939821199476, 0.06201939821199476, 0.06201939821199476, 0.06201939821199476, 0.06201939821199476, 0.06201939821199476, 0.06201939821199476, 0.06201939821199476, 0.06201939821199476, 0.06201939821199476, 0.06201939821199476, 0.06201939821199476, 0.06201939821199476, 0.06201939821199476, 0.06201939821199476, 0.06201939821199476, 0.06201939821199476, 0.06201939821199476, 0.06201939821199476, 0.06201939821199476, 0.06201939821199476, 0.06201939821199476, 0.06201939821199476, 0.06201939821199476, 0.06201939821199476, 0.057831593188034214, 0.057831593188034214, 0.057831593188034214, 0.057831593188034214, 0.057831593188034214, 0.057831593188034214, 0.057831593188034214, 0.057831593188034214, 0.057831593188034214, 0.057831593188034214, 0.057831593188034214, 0.057831593188034214, 0.057831593188034214, 0.057831593188034214, 0.057831593188034214, 0.057831593188034214, 0.057831593188034214, 0.057831593188034214, 0.057831593188034214, 0.05563798103262596, 0.05563798103262596, 0.05563798103262596, 0.05563798103262596, 0.05563798103262596], "y_regret_test": [0.0622188174988505, 0.0622188174988505, 0.0622188174988505, 0.0622188174988505, 0.0622188174988505, 0.0622188174988505, 0.0622188174988505, 0.0622188174988505, 0.0622188174988505, 0.0622188174988505, 0.0622188174988505, 0.0622188174988505, 0.0622188174988505, 0.0622188174988505, 0.0622188174988505, 0.0622188174988505, 0.0622188174988505, 0.0622188174988505, 0.0622188174988505, 0.0622188174988505, 0.0622188174988505, 0.0622188174988505, 0.0622188174988505, 0.0622188174988505, 0.0622188174988505, 0.0622188174988505, 0.0622188174988505, 0.0622188174988505, 0.0622188174988505, 0.0622188174988505, 0.0622188174988505, 0.0622188174988505, 0.0622188174988505, 0.0622188174988505, 0.0622188174988505, 0.0622188174988505, 0.0622188174988505, 0.06142114035142909, 0.06142114035142909, 0.06142114035142909, 0.06142114035142909, 0.06142114035142909, 0.06142114035142909, 0.06142114035142909, 0.06142114035142909, 0.06142114035142909, 0.06142114035142909, 0.06142114035142909, 0.06142114035142909, 0.06142114035142909, 0.06142114035142909, 0.06142114035142909, 0.06142114035142909, 0.06142114035142909, 0.06142114035142909, 0.06142114035142909, 0.06142114035142909, 0.06142114035142909, 0.06142114035142909, 0.06142114035142909, 0.06142114035142909, 0.06142114035142909, 0.06142114035142909, 0.06142114035142909, 0.06142114035142909, 0.06142114035142909, 0.06142114035142909, 0.06142114035142909, 0.06142114035142909, 0.06142114035142909, 0.06142114035142909, 0.06142114035142909, 0.06142114035142909, 0.06142114035142909, 0.06142114035142909, 0.06142114035142909, 0.06142114035142909, 0.05723333532746855, 0.05723333532746855, 0.05723333532746855, 0.05723333532746855, 0.05723333532746855, 0.05723333532746855, 0.05723333532746855, 0.05723333532746855, 0.05723333532746855, 0.05723333532746855, 0.05723333532746855, 0.05723333532746855, 0.05723333532746855, 0.05723333532746855, 0.05723333532746855, 0.05723333532746855, 0.05723333532746855, 0.05723333532746855, 0.05723333532746855, 0.055039723172060295, 0.055039723172060295, 0.055039723172060295, 0.055039723172060295, 0.055039723172060295], "f_regret_pool": [], "f_regret_test": [],