{"p_array": [0.001, 0.053526315789473686, 0.10605263157894737, 0.15857894736842104, 0.21110526315789474, 0.26363157894736844, 0.3161578947368421, 0.3686842105263158, 0.4212105263157895, 0.4737368421052632, 0.5262631578947369, 0.5787894736842105, 0.6313157894736842, 0.6838421052631579, 0.7363684210526316, 0.7888947368421053, 0.841421052631579, 0.8939473684210526, 0.9464736842105264, 0.999], "mean_sharpness": [1.295238533008804, 2.1280256895667833, 2.1384612714395765], "sharpness_error_true_minus_model": [], "posterior_variance": [0.004624106292342815, 0.0008649067454817944, 0.00085144121011477], "bias_mse": [], "bias_nmse": [], "f_calibration": [], "f_calibration_mse": [], "f_calibration_nmse": [], "y_calibration": [[0.5230000019073486, 0.5393999814987183, 0.5443999767303467, 0.5473999977111816, 0.5496000051498413, 0.5523999929428101, 0.5547999739646912, 0.5565999746322632, 0.5583999752998352, 0.5595999956130981, 0.5609999895095825, 0.5633999705314636, 0.5641999840736389, 0.5662000179290771, 0.5685999989509583, 0.5702000260353088, 0.571399986743927, 0.5740000009536743, 0.5794000029563904, 0.5947999954223633], [0.5475999712944031, 0.5559999942779541, 0.5577999949455261, 0.5591999888420105, 0.5608000159263611, 0.5609999895095825, 0.5626000165939331, 0.5633999705314636, 0.5636000037193298, 0.5640000104904175, 0.5645999908447266, 0.5649999976158142, 0.5659999847412109, 0.5669999718666077, 0.567799985408783, 0.5690000057220459, 0.5699999928474426, 0.5703999996185303, 0.5716000199317932, 0.579800009727478], [0.5475999712944031, 0.5568000078201294, 0.5582000017166138, 0.5600000023841858, 0.5608000159263611, 0.5619999766349792, 0.5631999969482422, 0.5636000037193298, 0.5636000037193298, 0.5640000104904175, 0.5645999908447266, 0.5649999976158142, 0.5662000179290771, 0.5673999786376953, 0.567799985408783, 0.5691999793052673, 0.569599986076355, 0.5703999996185303, 0.5712000131607056, 0.579800009727478]], "y_calibration_mse": [0.08687344181833376, 0.09222835326408489, 0.09238273434498223], "y_calibration_nmse": [0.9469815064129641, 1.0053538006546232, 1.007036662821585], "calibration_local_dist_to_nearest_train_sample": [[0.4929206881397449, 0.6395164532955675, 0.7861122184513901, 0.9327079836072127, 1.0793037487630355, 1.225899513918858, 1.3724952790746805, 1.5190910442305032, 1.665686809386326, 1.8122825745421485, 1.958878339697971, 2.1054741048537937, 2.2520698700096164, 2.3986656351654387, 2.5452614003212615, 2.691857165477084, 2.838452930632907, 2.9850486957887297, 3.131644460944552, 3.2782402261003747], [0.43179704869478985, 0.5186497566804658, 0.6055024646661418, 0.6923551726518176, 0.7792078806374936, 0.8660605886231695, 0.9529132966088454, 1.0397660045945214, 1.1266187125801972, 1.213471420565873, 1.300324128551549, 1.387176836537225, 1.4740295445229008, 1.5608822525085768, 1.6477349604942526, 1.7345876684799286, 1.8214403764656046, 1.9082930844512804, 1.9951457924369564, 2.0819985004226322], [0.43179704869478985, 0.5186497566804658, 0.6055024646661418, 0.6923551726518176, 0.7792078806374936, 0.8660605886231695, 0.9529132966088454, 1.0397660045945214, 1.1266187125801972, 1.213471420565873, 1.300324128551549, 1.387176836537225, 1.4740295445229008, 1.5608822525085768, 1.6477349604942526, 1.7345876684799286, 1.8214403764656046, 1.9082930844512804, 1.9951457924369564, 2.0819985004226322]], "calibration_local_y": [[0.11423720337375898, 0.1478852271241844, 0.11209973292602016, 0.12880746555386527, 0.13090153489960885, 0.11964369041363039, 0.1080605098203014, 0.11119432996809646, 0.09615008958294477, 0.09514126609142659, 0.08596443852082371, 0.0847079934628081, 0.09052381255206295, 0.0980258313239577, 0.12869641402821014, 0.1274549139891476, 0.183590189314179, 0.2621119462694565, 0.18173720873817648, 0.3417372105263158], [0.12086495486853532, 0.12332701917943667, 0.0981502686037693, 0.1929768764996008, 0.09416710407074463, 0.10148738571508686, 0.09504907015897471, 0.0960872347165105, 0.09186197478944044, 0.0887837228384032, 0.09019663165334635, 0.08918937031056376, 0.0856715024336421, 0.09039826168181486, 0.09446977378588614, 0.10105826149947408, 0.07979675625122232, 0.15423721052631578, 0.10173720933422292, 0.11951498499272453], [0.12081223102571179, 0.12373340927208747, 0.09833156580481894, 0.1929768764996008, 0.09443628747577584, 0.10147881700960718, 0.09525810929412591, 0.09651031621249576, 0.09207933638253366, 0.0890264750486072, 0.08966699924515761, 0.08867700374436391, 0.08563841423112646, 0.09091254204974898, 0.09536720823272919, 0.10105826149947408, 0.07979675625122232, 0.15423721052631578, 0.10173720933422292, 0.11951498499272453]], "elpd": [-124.4144385686431, -604.3415669453764, -624.9855411057115], "expected_improvement": [null, null, null], "actual_improvement": [null, null, null], "mse": [0.9875209105277747, 0.9901111994542845, 0.9890974041187255], "nmse": [0.9987644706653348, 1.0013842516957672, 1.0003589136488578], "y_regret_pool": [0.04133986743131279, 0.04133986743131279, 0.04133986743131279, 0.04133986743131279, 0.04133986743131279, 0.04133986743131279, 0.04133986743131279, 0.04133986743131279, 0.04133986743131279, 0.04133986743131279, 0.04133986743131279, 0.04133986743131279, 0.04133986743131279, 0.04133986743131279, 0.04133986743131279, 0.04133986743131279, 0.04133986743131279, 0.023054926067462844, 0.023054926067462844, 0.023054926067462844, 0.023054926067462844, 0.023054926067462844, 0.023054926067462844, 0.023054926067462844, 0.023054926067462844, 0.023054926067462844, 0.023054926067462844, 0.023054926067462844, 0.023054926067462844, 0.023054926067462844, 0.023054926067462844, 0.023054926067462844, 0.023054926067462844, 0.023054926067462844, 0.023054926067462844, 0.023054926067462844, 0.023054926067462844, 0.023054926067462844, 0.023054926067462844, 0.023054926067462844, 0.023054926067462844, 0.023054926067462844, 0.023054926067462844, 0.023054926067462844, 0.023054926067462844, 0.023054926067462844, 0.023054926067462844, 0.023054926067462844, 0.023054926067462844, 0.023054926067462844, 0.023054926067462844, 0.023054926067462844, 0.023054926067462844, 0.023054926067462844, 0.023054926067462844, 0.023054926067462844, 0.023054926067462844, 0.023054926067462844, 0.023054926067462844, 0.023054926067462844, 0.023054926067462844, 0.023054926067462844, 0.023054926067462844, 0.023054926067462844, 0.023054926067462844, 0.023054926067462844, 0.023054926067462844, 0.023054926067462844, 0.023054926067462844, 0.023054926067462844, 0.023054926067462844, 0.023054926067462844, 0.023054926067462844, 0.023054926067462844, 0.023054926067462844, 0.023054926067462844, 0.023054926067462844, 0.023054926067462844, 0.023054926067462844, 0.023054926067462844, 0.023054926067462844, 0.023054926067462844, 0.023054926067462844, 0.023054926067462844, 0.023054926067462844, 0.023054926067462844, 0.023054926067462844, 0.023054926067462844, 0.023054926067462844, 0.023054926067462844, 0.023054926067462844, 0.023054926067462844, 0.023054926067462844, 0.023054926067462844, 0.023054926067462844, 0.023054926067462844, 0.023054926067462844, 0.023054926067462844, 0.023054926067462844, 0.023054926067462844, 0.023054926067462844, 0.023054926067462844],