{"p_array": [0.001, 0.053526315789473686, 0.10605263157894737, 0.15857894736842104, 0.21110526315789474, 0.26363157894736844, 0.3161578947368421, 0.3686842105263158, 0.4212105263157895, 0.4737368421052632, 0.5262631578947369, 0.5787894736842105, 0.6313157894736842, 0.6838421052631579, 0.7363684210526316, 0.7888947368421053, 0.841421052631579, 0.8939473684210526, 0.9464736842105264, 0.999], "mean_sharpness": [-1.0174159571889545, -0.45942185054206036], "sharpness_error_true_minus_model": [], "posterior_variance": [0.4864815105617575, 0.1671909919078442], "bias_mse": [], "bias_nmse": [], "f_calibration": [], "f_calibration_mse": [], "f_calibration_nmse": [], "y_calibration": [[0.0, 0.004800000227987766, 0.024000000208616257, 0.07680000364780426, 0.17479999363422394, 0.2847999930381775, 0.35339999198913574, 0.40779998898506165, 0.44600000977516174, 0.47839999198913574, 0.5031999945640564, 0.5235999822616577, 0.5418000221252441, 0.5651999711990356, 0.5997999906539917, 0.6470000147819519, 0.704200029373169, 0.7698000073432922, 0.823199987411499, 0.9927999973297119], [0.0, 0.020999999716877937, 0.04340000078082085, 0.0835999995470047, 0.1404000073671341, 0.2134000062942505, 0.3199999928474426, 0.391400009393692, 0.4440000057220459, 0.48840001225471497, 0.526199996471405, 0.5630000233650208, 0.6362000107765198, 0.730400025844574, 0.8009999990463257, 0.8614000082015991, 0.901199996471405, 0.9297999739646912, 0.9562000036239624, 0.9919999837875366]], "y_calibration_mse": [0.006752201336823712, 0.0018135666393570477], "y_calibration_nmse": [0.07360373503930306, 0.01976914960627462], "calibration_local_dist_to_nearest_train_sample": [[0.5146757253619179, 0.6854085733101861, 0.8561414212584544, 1.0268742692067225, 1.197607117154991, 1.3683399651032593, 1.5390728130515274, 1.7098056609997956, 1.8805385089480637, 2.0512713568963323, 2.2220042048446005, 2.3927370527928686, 2.563469900741137, 2.7342027486894054, 2.9049355966376735, 3.0756684445859417, 3.24640129253421, 3.417134140482478, 3.5878669884307466, 3.7585998363790147], [0.4413464587950151, 0.5387500401763807, 0.6361536215577465, 0.7335572029391121, 0.8309607843204777, 0.9283643657018434, 1.025767947083209, 1.1231715284645747, 1.2205751098459403, 1.317978691227306, 1.4153822726086716, 1.5127858539900374, 1.610189435371403, 1.7075930167527686, 1.8049965981341343, 1.9024001795155, 1.9998037608968655, 2.097207342278231, 2.1946109236595968, 2.2920145050409624]], "calibration_local_y": [[0.007283300337420519, 0.03027979755515281, 0.026769630044688113, 0.004016997931625282, 0.0075425664986466055, 0.005331826589882244, 0.004306984775259616, 0.004570345584710628, 0.012875407333322542, 0.012250500849128407, 0.017289896295069208, 0.022429405299887958, 0.028867048151465576, 0.04172914893463912, 0.04407919188205938, 0.09203455796222651, 0.19045735110429357, 0.16797957373862757, 0.21756878947368424, 0.2918372105263158], [0.0067229751580173205, 0.004553956431411697, 0.0025719980357332664, 0.004318922471465707, 0.0034756106930522806, 0.003159138665267282, 0.0023703749982829205, 0.002697921528406278, 0.0018372781599515567, 0.001768383041669063, 0.0015986947035384123, 0.007265706031472677, 0.0025599471834523236, 0.0033826566611842106, 0.012894038039011731, 0.008009606996473444, 0.027122998217884026, 0.030422407894736846, 0.173653, 0.050116157894736835]], "elpd": [-1.2342811939141847, -0.3715035499399274], "expected_improvement": [null, null], "actual_improvement": [null, [[2.609262473610179]]], "mse": [0.781876088939119, 0.13371045871190698], "nmse": [0.7869842369560299, 0.13458401505180762], "y_regret_pool": [0.10187146457895446, 0.06267482684056769, 0.06267482684056769, 0.06267482684056769, 0.06267482684056769, 0.06267482684056769, 0.06267482684056769, 0.06267482684056769, 0.06267482684056769, 0.06267482684056769, 0.06267482684056769, 0.06267482684056769, 0.06267482684056769, 0.06267482684056769, 0.06267482684056769, 0.045563604274571734, 0.045563604274571734, 0.045563604274571734, 0.045563604274571734, 0.045563604274571734, 0.045563604274571734, 0.045563604274571734, 0.045563604274571734, 0.045563604274571734, 0.045563604274571734, 0.045563604274571734, 0.045563604274571734, 0.045563604274571734, 0.045563604274571734, 0.045563604274571734, 0.045563604274571734, 0.045563604274571734, 0.045563604274571734, 0.045563604274571734, 0.045563604274571734, 0.017509157974507694, 0.017509157974507694, 0.017509157974507694, 0.017509157974507694, 0.017509157974507694, 0.017509157974507694, 0.017509157974507694, 0.017509157974507694, 0.017509157974507694, 0.017509157974507694, 0.017509157974507694, 0.017509157974507694, 0.017509157974507694, 0.017509157974507694, 0.017509157974507694, 0.017509157974507694, 0.017509157974507694, 0.017509157974507694, 0.017509157974507694, 0.017509157974507694, 0.017509157974507694, 0.017509157974507694, 0.017509157974507694, 0.017509157974507694, 0.017509157974507694, 0.017509157974507694, 0.017509157974507694, 0.017509157974507694, 0.017509157974507694, 0.017509157974507694, 0.017509157974507694, 0.017509157974507694, 0.017509157974507694, 0.017509157974507694, 0.017509157974507694, 0.017509157974507694, 0.017509157974507694, 0.017509157974507694, 0.017509157974507694, 0.017509157974507694, 0.017509157974507694, 0.017509157974507694, 0.017509157974507694, 0.017509157974507694, 0.017509157974507694, 0.017509157974507694, 0.017509157974507694, 0.017509157974507694, 0.017509157974507694, 0.017509157974507694, 0.017509157974507694, 0.017509157974507694, 0.017509157974507694, 0.017509157974507694, 0.017509157974507694, 0.017509157974507694, 0.017509157974507694, 0.017509157974507694, 0.017509157974507694, 0.017509157974507694, 0.017509157974507694, 0.017509157974507694, 0.014524642410671307, 0.014524642410671307, 0.014524642410671307, 0.014524642410671307], "y_regret_test": [0.10505494784704683, 0.06585831010866006, 0.06585831010866006, 0.06585831010866006, 0.06585831010866006, 0.06585831010866006, 0.06585831010866006, 0.06585831010866006, 0.06585831010866006, 0.06585831010866006, 0.06585831010866006, 0.06585831010866006, 0.06585831010866006, 0.06585831010866006, 0.06585831010866006, 0.0487470875426641, 0.0487470875426641, 0.0487470875426641, 0.0487470875426641, 0.0487470875426641, 0.0487470875426641, 0.0487470875426641, 0.0487470875426641, 0.0487470875426641, 0.0487470875426641, 0.0487470875426641, 0.0487470875426641, 0.0487470875426641, 0.0487470875426641, 0.0487470875426641, 0.0487470875426641, 0.0487470875426641, 0.0487470875426641, 0.0487470875426641, 0.0487470875426641, 0.020692641242600063, 0.020692641242600063, 0.020692641242600063, 0.020692641242600063, 0.020692641242600063, 0.020692641242600063, 0.020692641242600063, 0.020692641242600063, 0.020692641242600063, 0.020692641242600063, 0.020692641242600063, 0.020692641242600063, 0.020692641242600063, 0.020692641242600063, 0.020692641242600063, 0.020692641242600063, 0.020692641242600063, 0.020692641242600063, 0.020692641242600063, 0.020692641242600063, 0.020692641242600063, 0.020692641242600063, 0.020692641242600063, 0.020692641242600063, 0.020692641242600063, 0.020692641242600063, 0.020692641242600063, 0.020692641242600063, 0.020692641242600063, 0.020692641242600063, 0.020692641242600063, 0.020692641242600063, 0.020692641242600063, 0.020692641242600063, 0.020692641242600063, 0.020692641242600063, 0.020692641242600063, 0.020692641242600063, 0.020692641242600063, 0.020692641242600063, 0.020692641242600063, 0.020692641242600063, 0.020692641242600063, 0.020692641242600063, 0.020692641242600063, 0.020692641242600063, 0.020692641242600063, 0.020692641242600063, 0.020692641242600063, 0.020692641242600063, 0.020692641242600063, 0.020692641242600063, 0.020692641242600063, 0.020692641242600063, 0.020692641242600063, 0.020692641242600063, 0.020692641242600063, 0.020692641242600063, 0.020692641242600063, 0.020692641242600063, 0.020692641242600063, 0.020692641242600063, 0.017708125678763675, 0.017708125678763675, 0.017708125678763675, 0.017708125678763675],