{"p_array": [0.001, 0.053526315789473686, 0.10605263157894737, 0.15857894736842104, 0.21110526315789474, 0.26363157894736844, 0.3161578947368421, 0.3686842105263158, 0.4212105263157895, 0.4737368421052632, 0.5262631578947369, 0.5787894736842105, 0.6313157894736842, 0.6838421052631579, 0.7363684210526316, 0.7888947368421053, 0.841421052631579, 0.8939473684210526, 0.9464736842105264, 0.999], "mean_sharpness": [-0.2238482728097648, 0.42393161606787216], "sharpness_error_true_minus_model": [], "posterior_variance": [0.2170665493783997, 0.13087420672214928], "bias_mse": [], "bias_nmse": [], "f_calibration": [], "f_calibration_mse": [], "f_calibration_nmse": [], "y_calibration": [[0.12620000541210175, 0.36640000343322754, 0.40860000252723694, 0.462799996137619, 0.5091999769210815, 0.5523999929428101, 0.5789999961853027, 0.5974000096321106, 0.6110000014305115, 0.6209999918937683, 0.6299999952316284, 0.63919997215271, 0.6462000012397766, 0.6567999720573425, 0.6697999835014343, 0.6985999941825867, 0.73580002784729, 0.7788000106811523, 0.8109999895095825, 0.9422000050544739], [0.0421999990940094, 0.11320000141859055, 0.15039999783039093, 0.18400000035762787, 0.22280000150203705, 0.2619999945163727, 0.29499998688697815, 0.3246000111103058, 0.3540000021457672, 0.3783999979496002, 0.4032000005245209, 0.42399999499320984, 0.44339999556541443, 0.4652000069618225, 0.49380001425743103, 0.5285999774932861, 0.5843999981880188, 0.6633999943733215, 0.7378000020980835, 0.885200023651123]], "y_calibration_mse": [0.036147175830654535, 0.02242645314071731], "y_calibration_nmse": [0.3940295941338366, 0.2444640840074818], "calibration_local_dist_to_nearest_train_sample": [[0.5034046110189745, 0.6631495549223997, 0.8228944988258249, 0.98263944272925, 1.142384386632675, 1.3021293305361001, 1.4618742744395254, 1.6216192183429505, 1.7813641622463756, 1.9411091061498007, 2.100854050053226, 2.260598993956651, 2.4203439378600766, 2.5800888817635013, 2.739833825666927, 2.8995787695703514, 3.059323713473777, 3.2190686573772016, 3.378813601280627, 3.538558545184052], [0.4616686066200533, 0.5796775461245574, 0.6976864856290613, 0.8156954251335653, 0.9337043646380694, 1.0517133041425732, 1.1697222436470773, 1.2877311831515814, 1.4057401226560855, 1.5237490621605896, 1.6417580016650937, 1.7597669411695973, 1.8777758806741014, 1.9957848201786055, 2.1137937596831096, 2.2318026991876136, 2.3498116386921173, 2.4678205781966214, 2.5858295177011255, 2.7038384572056295]], "calibration_local_y": [[0.06107984214593569, 0.015850846772546803, 0.028914443806309014, 0.0384554641531298, 0.04433669762766203, 0.03811470117248894, 0.06036823311688024, 0.04142902457300792, 0.053156985524643555, 0.041293842963015706, 0.03486925488055341, 0.03236524621197582, 0.03208600404476817, 0.023956222301890137, 0.02254593374737331, 0.014445104851194029, 0.015127044026421505, 0.03431795848616283, 0.04853844407894737, 0.17035416762585115], [0.016953915491387236, 0.022051632669057047, 0.022005702677912003, 0.011283262192091876, 0.011078594043220216, 0.019039015888363597, 0.027116931602612387, 0.05068899420564417, 0.05122909319681908, 0.06445190262435774, 0.07853278465251967, 0.07401761226074428, 0.07328432949753354, 0.11548036807242505, 0.05203277544751822, 0.14915334950657894, 0.07004778735859032, 0.13504578657768235, 0.1368466813973283, 0.2918372105263158]], "elpd": [-50193520299559.766, -16406983803914.766], "expected_improvement": [null, null], "actual_improvement": [null, [[0.8421017233026193]]], "mse": [0.8374493232611301, 0.38701254982385463], "nmse": [0.8467245121339397, 0.39129891605051237], "y_regret_pool": [0.010208506747904522, 0.0048040031754847945, 0.0048040031754847945, 0.0048040031754847945, 0.0048040031754847945, 0.0048040031754847945, 0.0048040031754847945, 0.0048040031754847945, 0.0048040031754847945, 0.0048040031754847945, 0.0048040031754847945, 0.0048040031754847945, 0.0048040031754847945, 0.0048040031754847945, 0.0048040031754847945, 0.0048040031754847945, 0.0048040031754847945, 0.0048040031754847945, 0.0048040031754847945, 0.0048040031754847945, 0.0048040031754847945, 0.0048040031754847945, 0.0048040031754847945, 0.0048040031754847945, 0.0048040031754847945, 0.0048040031754847945, 0.0048040031754847945, 0.0048040031754847945, 0.0048040031754847945, 0.0048040031754847945, 0.0048040031754847945, 0.0048040031754847945, 0.0048040031754847945, 0.0048040031754847945, 0.0048040031754847945, 0.0048040031754847945, 0.0048040031754847945, 0.0048040031754847945, 0.0048040031754847945, 0.0048040031754847945, 0.0048040031754847945, 0.0048040031754847945, 0.0048040031754847945, 0.0048040031754847945, 0.0048040031754847945, 0.0048040031754847945, 0.0048040031754847945, 0.0048040031754847945, 0.0048040031754847945, 0.0048040031754847945, 0.0048040031754847945, 0.0048040031754847945, 0.0048040031754847945, 0.0048040031754847945, 0.0048040031754847945, 0.0048040031754847945, 0.0048040031754847945, 0.0048040031754847945, 0.0048040031754847945, 0.0048040031754847945, 0.0048040031754847945, 0.0048040031754847945, 0.0048040031754847945, 0.0048040031754847945, 0.0048040031754847945, 0.0048040031754847945, 0.0048040031754847945, 0.0048040031754847945, 0.0048040031754847945, 0.0048040031754847945, 0.0048040031754847945, 0.0048040031754847945, 0.0048040031754847945, 0.0048040031754847945, 0.0048040031754847945, 0.0048040031754847945, 0.0048040031754847945, 0.0048040031754847945, 0.0048040031754847945, 0.0048040031754847945, 0.0048040031754847945, 0.0048040031754847945, 0.0048040031754847945, 0.0048040031754847945, 0.0048040031754847945, 0.0048040031754847945, 0.0048040031754847945, 0.0048040031754847945, 0.0048040031754847945, 0.0048040031754847945, 0.0048040031754847945, 0.0048040031754847945, 0.0048040031754847945, 0.0048040031754847945, 0.0048040031754847945, 0.0048040031754847945, 0.0048040031754847945, 0.0048040031754847945, 0.0048040031754847945, 0.0048040031754847945, 0.0048040031754847945],