{"p_array": [0.001, 0.053526315789473686, 0.10605263157894737, 0.15857894736842104, 0.21110526315789474, 0.26363157894736844, 0.3161578947368421, 0.3686842105263158, 0.4212105263157895, 0.4737368421052632, 0.5262631578947369, 0.5787894736842105, 0.6313157894736842, 0.6838421052631579, 0.7363684210526316, 0.7888947368421053, 0.841421052631579, 0.8939473684210526, 0.9464736842105264, 0.999], "mean_sharpness": [-0.9699008670810583, -0.48649279806161777], "sharpness_error_true_minus_model": [], "posterior_variance": [0.45817631705315937, 0.26841232928622155], "bias_mse": [], "bias_nmse": [], "f_calibration": [], "f_calibration_mse": [], "f_calibration_nmse": [], "y_calibration": [[0.00039999998989515007, 0.004800000227987766, 0.017999999225139618, 0.04960000142455101, 0.11800000071525574, 0.21400000154972076, 0.3089999854564667, 0.3837999999523163, 0.430400013923645, 0.46320000290870667, 0.4909999966621399, 0.5153999924659729, 0.5339999794960022, 0.5532000064849854, 0.5766000151634216, 0.5997999906539917, 0.6340000033378601, 0.6692000031471252, 0.7770000100135803, 0.9229999780654907], [0.0, 0.002400000113993883, 0.025599999353289604, 0.08900000154972076, 0.1581999957561493, 0.22439999878406525, 0.28380000591278076, 0.3269999921321869, 0.3653999865055084, 0.3986000120639801, 0.4296000003814697, 0.4636000096797943, 0.49399998784065247, 0.5281999707221985, 0.5619999766349792, 0.6029999852180481, 0.6582000255584717, 0.7382000088691711, 0.798799991607666, 0.9685999751091003]], "y_calibration_mse": [0.012736288803851751, 0.012051218381186144], "y_calibration_nmse": [0.13883448963382433, 0.13136674106445742], "calibration_local_dist_to_nearest_train_sample": [[0.5186325294769967, 0.6914723781905316, 0.8643122269040667, 1.0371520756176018, 1.2099919243311366, 1.3828317730446718, 1.555671621758207, 1.7285114704717417, 1.901351319185277, 2.0741911678988116, 2.247031016612347, 2.419870865325882, 2.5927107140394168, 2.765550562752952, 2.9383904114664867, 3.111230260180022, 3.284070108893557, 3.456909957607092, 3.629749806320627, 3.8025896550341622], [0.4937743811200789, 0.6417560814766963, 0.7897377818333138, 0.9377194821899312, 1.0857011825465486, 1.233682882903166, 1.3816645832597834, 1.5296462836164009, 1.6776279839730184, 1.8256096843296357, 1.9735913846862532, 2.1215730850428707, 2.269554785399488, 2.4175364857561052, 2.565518186112723, 2.7134998864693403, 2.8614815868259575, 3.0094632871825753, 3.1574449875391926, 3.30542668789581]], "calibration_local_y": [[0.009926123876578888, 0.012149315797673404, 0.010201535592002044, 0.0037539989125873786, 0.0063234949054996725, 0.007549574399745844, 0.007289882452399708, 0.006571608273543713, 0.013151778733841093, 0.015059341121826067, 0.02620454071746219, 0.0403287447504701, 0.10112536185768958, 0.12354393550121165, 0.1956921069005934, 0.23432471433950894, 0.2422488264802632, 0.2470626133647429, 0.24768662595578386, 0.24718984210526312], [0.00515916913465177, 0.002913635806369102, 0.0024929031862616605, 0.002668132047191316, 0.0028365535023624857, 0.004739332812839113, 0.00642093374898702, 0.010771949554175656, 0.017087534214041765, 0.06845957094109395, 0.09124354305104632, 0.12504114853632325, 0.1370283578638679, 0.17910945192728958, 0.1739307856469247, 0.17064232756271372, 0.19185964814911227, 0.20141041109702457, 0.18530329189292102, 0.20767405251958496]], "elpd": [-1.633176765400154, -0.9981249842324652], "expected_improvement": [null, null], "actual_improvement": [null, [[0.17512556104912136]]], "mse": [0.9594955397425574, 0.5733141864933273], "nmse": [0.965974493031146, 0.5771854664317125], "y_regret_pool": [0.03176880926061121, 0.03176880926061121, 0.03176880926061121, 0.03176880926061121, 0.03176880926061121, 0.03176880926061121, 0.03176880926061121, 0.03176880926061121, 0.03176880926061121, 0.03176880926061121, 0.03176880926061121, 0.03176880926061121, 0.03176880926061121, 0.02819481821879255, 0.02819481821879255, 0.02819481821879255, 0.02819481821879255, 0.02819481821879255, 0.02819481821879255, 0.02819481821879255, 0.02819481821879255, 0.02819481821879255, 0.02819481821879255, 0.02819481821879255, 0.02819481821879255, 0.02819481821879255, 0.02819481821879255, 0.02819481821879255, 0.02819481821879255, 0.021245391193033702, 0.021245391193033702, 0.021245391193033702, 0.021245391193033702, 0.021245391193033702, 0.021245391193033702, 0.021245391193033702, 0.021245391193033702, 0.021245391193033702, 0.021245391193033702, 0.021245391193033702, 0.021245391193033702, 0.021245391193033702, 0.021245391193033702, 0.021245391193033702, 0.021245391193033702, 0.021245391193033702, 0.021245391193033702, 0.021245391193033702, 0.021245391193033702, 0.021245391193033702, 0.021245391193033702, 0.021245391193033702, 0.021245391193033702, 0.021245391193033702, 0.021245391193033702, 0.006949427025758403, 0.006949427025758403, 0.006949427025758403, 0.006949427025758403, 0.006949427025758403, 0.006949427025758403, 0.006949427025758403, 0.006949427025758403, 0.006949427025758403, 0.006949427025758403, 0.006949427025758403, 0.006949427025758403, 0.006949427025758403, 0.006949427025758403, 0.006949427025758403, 0.006949427025758403, 0.006949427025758403, 0.006949427025758403, 0.006949427025758403, 0.006949427025758403, 0.006949427025758403, 0.006949427025758403, 0.006949427025758403, 0.006949427025758403, 0.006949427025758403, 0.006949427025758403, 0.006949427025758403, 0.006949427025758403, 0.006949427025758403, 0.006949427025758403, 0.006949427025758403, 0.006949427025758403, 0.006949427025758403, 0.006949427025758403, 0.006949427025758403, 0.006949427025758403, 0.006949427025758403, 0.006949427025758403, 0.006949427025758403, 0.006949427025758403, 0.006949427025758403, 0.006949427025758403, 0.006949427025758403, 0.006949427025758403, 0.006949427025758403, 0.006949427025758403],