{"p_array": [0.001, 0.053526315789473686, 0.10605263157894737, 0.15857894736842104, 0.21110526315789474, 0.26363157894736844, 0.3161578947368421, 0.3686842105263158, 0.4212105263157895, 0.4737368421052632, 0.5262631578947369, 0.5787894736842105, 0.6313157894736842, 0.6838421052631579, 0.7363684210526316, 0.7888947368421053, 0.841421052631579, 0.8939473684210526, 0.9464736842105264, 0.999], "mean_sharpness": [-0.4541078089618948, -0.10549435549818573], "sharpness_error_true_minus_model": [], "posterior_variance": [0.16176266630817837, 0.0777813272688628], "bias_mse": [], "bias_nmse": [], "f_calibration": [], "f_calibration_mse": [], "f_calibration_nmse": [], "y_calibration": [[0.03579999879002571, 0.12999999523162842, 0.17759999632835388, 0.21580000221729279, 0.25600001215934753, 0.30059999227523804, 0.3440000116825104, 0.38179999589920044, 0.41620001196861267, 0.451200008392334, 0.4837999939918518, 0.5134000182151794, 0.5454000234603882, 0.576200008392334, 0.6015999913215637, 0.6338000297546387, 0.6674000024795532, 0.6995999813079834, 0.7360000014305115, 0.8546000123023987], [0.017400000244379044, 0.06379999965429306, 0.10180000215768814, 0.14319999516010284, 0.18299999833106995, 0.2295999974012375, 0.2784000039100647, 0.3325999975204468, 0.39800000190734863, 0.46720001101493835, 0.5335999727249146, 0.6001999974250793, 0.6607999801635742, 0.723800003528595, 0.7712000012397766, 0.8149999976158142, 0.8519999980926514, 0.8781999945640564, 0.9151999950408936, 0.980400025844574]], "y_calibration_mse": [0.011039193040576451, 0.000622157904826155], "y_calibration_nmse": [0.1203349543466851, 0.006781957956391996], "calibration_local_dist_to_nearest_train_sample": [[0.49935063497275534, 0.6550331511386791, 0.810715667304603, 0.9663981834705268, 1.1220806996364505, 1.2777632158023744, 1.433445731968298, 1.589128248134222, 1.7448107643001458, 1.9004932804660695, 2.0561757966319933, 2.2118583127979172, 2.367540828963841, 2.5232233451297645, 2.6789058612956884, 2.8345883774616123, 2.990270893627536, 3.14595340979346, 3.3016359259593835, 3.4573184421253074], [0.44447091679654505, 0.5452737147862585, 0.6460765127759721, 0.7468793107656856, 0.8476821087553991, 0.9484849067451127, 1.0492877047348261, 1.1500905027245396, 1.250893300714253, 1.3516960987039666, 1.45249889669368, 1.5533016946833937, 1.6541044926731072, 1.7549072906628207, 1.8557100886525342, 1.9565128866422477, 2.057315684631961, 2.1581184826216746, 2.2589212806113883, 2.3597240786011016]], "calibration_local_y": [[0.0037451272263152834, 0.005780250148971584, 0.005683388802305878, 0.007431698188810768, 0.011119752416187529, 0.013545796928186355, 0.014542144508534355, 0.012892205642990933, 0.009692784298568468, 0.007729822454759358, 0.009426466244150075, 0.01792372021213185, 0.018082689153206623, 0.020157495346169806, 0.055352419057424586, 0.09376669215436789, 0.10511483783989654, 0.082802894965095, 0.0880243423538191, 0.10206470312595013], [0.004585199772842675, 0.004745146717995998, 0.0025669259816692496, 0.002355226806176829, 0.0006957867029994558, 0.00041888703463889635, 0.0009140234873758523, 0.0012166646178578665, 0.0004962698734059367, 0.0008758595280298686, 0.0004482250468937493, 0.0029697790979157077, 0.0010143550897788005, 0.005367543566809638, 0.0059713120075565295, 0.02412773859810531, 0.022542473455360413, 0.0896108947368421, NaN, 0.24718984210526312]], "elpd": [-2.6908317548859535, -0.40847151805360243], "expected_improvement": [null, null], "actual_improvement": [null, [[2.6117944654960192]]], "mse": [0.8390647976836244, 0.1456460196289527], "nmse": [0.8310262191733475, 0.1442506721340646], "y_regret_pool": [0.19900914891866106, 0.19900914891866106, 0.19900914891866106, 0.19900914891866106, 0.19900914891866106, 0.19900914891866106, 0.19900914891866106, 0.19900914891866106, 0.19900914891866106, 0.19900914891866106, 0.19900914891866106, 0.19900914891866106, 0.19900914891866106, 0.19900914891866106, 0.19900914891866106, 0.19900914891866106, 0.19900914891866106, 0.19900914891866106, 0.11836229623186467, 0.11836229623186467, 0.11836229623186467, 0.11836229623186467, 0.11836229623186467, 0.11836229623186467, 0.11836229623186467, 0.11836229623186467, 0.11836229623186467, 0.11836229623186467, 0.07663457145859742, 0.07663457145859742, 0.07663457145859742, 0.07663457145859742, 0.07663457145859742, 0.07663457145859742, 0.07663457145859742, 0.07663457145859742, 0.07663457145859742, 0.07663457145859742, 0.07663457145859742, 0.07663457145859742, 0.07663457145859742, 0.07663457145859742, 0.03249947794841024, 0.03249947794841024, 0.03249947794841024, 0.03249947794841024, 0.03249947794841024, 0.03249947794841024, 0.03249947794841024, 0.03249947794841024, 0.03249947794841024, 0.03249947794841024, 0.03249947794841024, 0.03249947794841024, 0.03249947794841024, 0.03249947794841024, 0.03249947794841024, 0.03249947794841024, 0.03249947794841024, 0.03249947794841024, 0.03249947794841024, 0.03249947794841024, 0.03249947794841024, 0.03249947794841024, 0.03249947794841024, 0.03249947794841024, 0.03249947794841024, 0.03249947794841024, 0.03249947794841024, 0.03249947794841024, 0.03249947794841024, 0.03249947794841024, 0.03249947794841024, 0.03249947794841024, 0.03249947794841024, 0.03249947794841024, 0.03249947794841024, 0.03249947794841024, 0.03249947794841024, 0.03249947794841024, 0.03249947794841024, 0.03249947794841024, 0.03249947794841024, 0.03249947794841024, 0.03249947794841024, 0.03249947794841024, 0.03249947794841024, 0.03249947794841024, 0.03249947794841024, 0.03249947794841024, 0.03249947794841024, 0.03249947794841024, 0.03249947794841024, 0.03249947794841024, 0.03249947794841024, 0.03249947794841024, 0.03249947794841024, 0.03249947794841024, 0.03249947794841024, 0.03249947794841024, 0.03249947794841024], "y_regret_test": [0.20221897390122023, 0.20221897390122023, 0.20221897390122023, 0.20221897390122023, 0.20221897390122023, 0.20221897390122023, 0.20221897390122023, 0.20221897390122023, 0.20221897390122023, 0.20221897390122023, 0.20221897390122023, 0.20221897390122023, 0.20221897390122023, 0.20221897390122023, 0.20221897390122023, 0.20221897390122023, 0.20221897390122023, 0.20221897390122023, 0.12157212121442385, 0.12157212121442385, 0.12157212121442385, 0.12157212121442385, 0.12157212121442385, 0.12157212121442385, 0.12157212121442385, 0.12157212121442385, 0.12157212121442385, 0.12157212121442385, 0.0798443964411566, 0.0798443964411566, 0.0798443964411566, 0.0798443964411566, 0.0798443964411566, 0.0798443964411566, 0.0798443964411566, 0.0798443964411566, 0.0798443964411566, 0.0798443964411566, 0.0798443964411566, 0.0798443964411566, 0.0798443964411566, 0.0798443964411566, 0.03570930293096941, 0.03570930293096941, 0.03570930293096941, 0.03570930293096941, 0.03570930293096941, 0.03570930293096941, 0.03570930293096941, 0.03570930293096941, 0.03570930293096941, 0.03570930293096941, 0.03570930293096941, 0.03570930293096941, 0.03570930293096941, 0.03570930293096941, 0.03570930293096941, 0.03570930293096941, 0.03570930293096941, 0.03570930293096941, 0.03570930293096941, 0.03570930293096941, 0.03570930293096941, 0.03570930293096941, 0.03570930293096941, 0.03570930293096941, 0.03570930293096941, 0.03570930293096941, 0.03570930293096941, 0.03570930293096941, 0.03570930293096941, 0.03570930293096941, 0.03570930293096941, 0.03570930293096941, 0.03570930293096941, 0.03570930293096941, 0.03570930293096941, 0.03570930293096941, 0.03570930293096941, 0.03570930293096941, 0.03570930293096941, 0.03570930293096941, 0.03570930293096941, 0.03570930293096941, 0.03570930293096941, 0.03570930293096941, 0.03570930293096941, 0.03570930293096941, 0.03570930293096941, 0.03570930293096941, 0.03570930293096941, 0.03570930293096941, 0.03570930293096941, 0.03570930293096941, 0.03570930293096941, 0.03570930293096941, 0.03570930293096941, 0.03570930293096941, 0.03570930293096941, 0.03570930293096941, 0.03570930293096941], "f_regret_pool": [], "f_regret_test": [],