{"p_array": [0.001, 0.053526315789473686, 0.10605263157894737, 0.15857894736842104, 0.21110526315789474, 0.26363157894736844, 0.3161578947368421, 0.3686842105263158, 0.4212105263157895, 0.4737368421052632, 0.5262631578947369, 0.5787894736842105, 0.6313157894736842, 0.6838421052631579, 0.7363684210526316, 0.7888947368421053, 0.841421052631579, 0.8939473684210526, 0.9464736842105264, 0.999], "mean_sharpness": [0.9959292026557011, 1.5164450427199478, 1.506030205462678], "sharpness_error_true_minus_model": [], "posterior_variance": [0.00857210413680722, 0.0029485700793443533, 0.0029811484658136315], "bias_mse": [], "bias_nmse": [], "f_calibration": [], "f_calibration_mse": [], "f_calibration_nmse": [], "y_calibration": [[0.5299999713897705, 0.5511999726295471, 0.5569999814033508, 0.5600000023841858, 0.5630000233650208, 0.5644000172615051, 0.5662000179290771, 0.567799985408783, 0.569599986076355, 0.5712000131607056, 0.5723999738693237, 0.5756000280380249, 0.5777999758720398, 0.5802000164985657, 0.5817999839782715, 0.5838000178337097, 0.5866000056266785, 0.590399980545044, 0.5950000286102295, 0.6161999702453613], [0.5455999970436096, 0.5576000213623047, 0.5600000023841858, 0.5613999962806702, 0.5631999969482422, 0.5637999773025513, 0.5641999840736389, 0.5651999711990356, 0.5662000179290771, 0.5667999982833862, 0.5676000118255615, 0.5690000057220459, 0.569599986076355, 0.5705999732017517, 0.5716000199317932, 0.5722000002861023, 0.5735999941825867, 0.5763999819755554, 0.5785999894142151, 0.5892000198364258], [0.5443999767303467, 0.5568000078201294, 0.5600000023841858, 0.5612000226974487, 0.5627999901771545, 0.5637999773025513, 0.5644000172615051, 0.5655999779701233, 0.5663999915122986, 0.5667999982833862, 0.5676000118255615, 0.5687999725341797, 0.5702000260353088, 0.5708000063896179, 0.5716000199317932, 0.5722000002861023, 0.574400007724762, 0.5770000219345093, 0.5794000029563904, 0.5910000205039978]], "y_calibration_mse": [0.0874417335670579, 0.0915642115606484, 0.0913030591700091], "y_calibration_nmse": [0.9531762854504313, 0.9981141898181243, 0.9952674454148335], "calibration_local_dist_to_nearest_train_sample": [[0.500644532059779, 0.6588144097790954, 0.8169842874984119, 0.9751541652177285, 1.133324042937045, 1.2914939206563614, 1.449663798375678, 1.6078336760949945, 1.766003553814311, 1.9241734315336276, 2.082343309252944, 2.2405131869722608, 2.398683064691577, 2.5568529424108934, 2.7150228201302102, 2.8731926978495266, 3.031362575568843, 3.1895324532881597, 3.347702331007476, 3.505872208726793], [0.4360461486273456, 0.5296176429142287, 0.6231891372011118, 0.716760631487995, 0.8103321257748781, 0.9039036200617612, 0.9974751143486443, 1.0910466086355275, 1.1846181029224105, 1.2781895972092938, 1.3717610914961769, 1.46533258578306, 1.5589040800699432, 1.6524755743568262, 1.7460470686437095, 1.8396185629305926, 1.9331900572174756, 2.026761551504359, 2.120333045791242, 2.213904540078125], [0.4360461486273456, 0.5296176429142287, 0.6231891372011118, 0.716760631487995, 0.8103321257748781, 0.9039036200617612, 0.9974751143486443, 1.0910466086355275, 1.1846181029224105, 1.2781895972092938, 1.3717610914961769, 1.46533258578306, 1.5589040800699432, 1.6524755743568262, 1.7460470686437095, 1.8396185629305926, 1.9331900572174756, 2.026761551504359, 2.120333045791242, 2.213904540078125]], "calibration_local_y": [[0.10355195617288451, 0.09363191609991359, 0.08449277733032695, 0.07503265396539094, 0.08744907077375166, 0.0931801423975613, 0.0969884390042731, 0.0898253371629675, 0.09293736958417778, 0.0949353163396639, 0.0870959431867316, 0.0903995508760982, 0.08372602826058685, 0.08540922111306196, 0.09683027615638336, 0.10605530649220847, 0.10145962974514473, 0.07538104826773197, 0.11951498499272453, 0.1548277348317975], [0.10798759706562029, 0.10167385867359806, 0.11595285521816438, 0.10728491247060393, 0.12651554748224764, 0.10895307074175689, 0.10433853263416437, 0.09204634295689243, 0.08973155947574157, 0.08730809011146244, 0.1064296871469397, 0.10694542497118469, 0.09549553438329339, 0.1909412066273376, 0.14576059543741665, 0.10173720933422292, 0.3417372105263158, 0.3042872105263158, NaN, 0.3417372105263158], [0.10798759706562029, 0.10172409317871611, 0.1160652751913042, 0.1069729363994077, 0.12634947652092157, 0.10827182279925225, 0.10415964087296228, 0.09200282021722293, 0.08980728026366266, 0.08656473661739694, 0.1057809019133992, 0.10642420024576263, 0.09549553438329339, 0.1909412066273376, 0.14576059543741665, 0.10173720933422292, 0.3417372105263158, 0.3042872105263158, NaN, 0.3417372105263158]], "elpd": [-68.97935061682607, -184.3707460688151, -174.8162537006496], "expected_improvement": [null, null, null], "actual_improvement": [null, null, null], "mse": [1.0086923168816073, 1.0244016862549243, 1.023250794524951], "nmse": [0.9845346349314952, 0.9998677726803554, 0.9987444442379242], "y_regret_pool": [0.10303946982635881, 0.10303946982635881, 0.10303946982635881, 0.10303946982635881, 0.10303946982635881, 0.10303946982635881, 0.10303946982635881, 0.10303946982635881, 0.10303946982635881, 0.10303946982635881, 0.10303946982635881, 0.10303946982635881, 0.10303946982635881, 0.06542506142372684, 0.0316121091894459, 0.0316121091894459, 0.0316121091894459, 0.0316121091894459, 0.01240475170725075, 0.01240475170725075, 0.01240475170725075, 0.01240475170725075, 0.01240475170725075, 0.01240475170725075, 0.01240475170725075, 0.01240475170725075, 0.01240475170725075, 0.01240475170725075, 0.01240475170725075, 0.01240475170725075, 0.01240475170725075, 0.01240475170725075, 0.01240475170725075, 0.01240475170725075, 0.01240475170725075, 0.01240475170725075, 0.01240475170725075, 0.01240475170725075, 0.01240475170725075, 0.01240475170725075, 0.01240475170725075, 0.01240475170725075, 0.01240475170725075, 0.01240475170725075, 0.01240475170725075, 0.01240475170725075, 0.01240475170725075, 0.01240475170725075, 0.01240475170725075, 0.01240475170725075, 0.01240475170725075, 0.01240475170725075, 0.01240475170725075, 0.01240475170725075, 0.01240475170725075, 0.01240475170725075, 0.01240475170725075, 0.01240475170725075, 0.01240475170725075, 0.01240475170725075, 0.01240475170725075, 0.01240475170725075, 0.01240475170725075, 0.01240475170725075, 0.01240475170725075, 0.01240475170725075, 0.01240475170725075, 0.01240475170725075, 0.01240475170725075, 0.01240475170725075, 0.01240475170725075, 0.01240475170725075, 0.01240475170725075, 0.01240475170725075, 0.01240475170725075, 0.01240475170725075, 0.01240475170725075, 0.01240475170725075, 0.01240475170725075, 0.01240475170725075, 0.01240475170725075, 0.01240475170725075, 0.01240475170725075, 0.01240475170725075, 0.01240475170725075, 0.01240475170725075, 0.01240475170725075, 0.01240475170725075, 0.01240475170725075, 0.01240475170725075, 0.01240475170725075, 0.01240475170725075, 0.01240475170725075, 0.01240475170725075, 0.01240475170725075, 0.01240475170725075, 0.01240475170725075, 0.01240475170725075, 0.01240475170725075, 0.01240475170725075, 0.01240475170725075, 0.01240475170725075],