{"p_array": [0.001, 0.053526315789473686, 0.10605263157894737, 0.15857894736842104, 0.21110526315789474, 0.26363157894736844, 0.3161578947368421, 0.3686842105263158, 0.4212105263157895, 0.4737368421052632, 0.5262631578947369, 0.5787894736842105, 0.6313157894736842, 0.6838421052631579, 0.7363684210526316, 0.7888947368421053, 0.841421052631579, 0.8939473684210526, 0.9464736842105264, 0.999], "mean_sharpness": [1.0069392796911099, 0.8660845169793614], "sharpness_error_true_minus_model": [], "posterior_variance": [0.008408238769545094, 0.010845228578624952], "bias_mse": [], "bias_nmse": [], "f_calibration": [], "f_calibration_mse": [], "f_calibration_nmse": [], "y_calibration": [[0.5077999830245972, 0.5351999998092651, 0.5418000221252441, 0.5454000234603882, 0.5483999848365784, 0.5501999855041504, 0.5523999929428101, 0.5550000071525574, 0.5564000010490417, 0.5576000213623047, 0.5586000084877014, 0.5604000091552734, 0.5613999962806702, 0.5645999908447266, 0.5680000185966492, 0.5709999799728394, 0.573199987411499, 0.5763999819755554, 0.5807999968528748, 0.6000000238418579], [0.5428000092506409, 0.5667999982833862, 0.5723999738693237, 0.5776000022888184, 0.5824000239372253, 0.5848000049591064, 0.5871999859809875, 0.5889999866485596, 0.590399980545044, 0.5924000144004822, 0.5946000218391418, 0.5968000292778015, 0.5992000102996826, 0.6014000177383423, 0.6028000116348267, 0.6047999858856201, 0.6086000204086304, 0.6136000156402588, 0.6194000244140625, 0.6417999863624573]], "y_calibration_mse": [0.08510491520955368, 0.08938482851338256], "y_calibration_nmse": [0.9277033247608988, 0.9743573845396309], "calibration_local_dist_to_nearest_train_sample": [[0.4987223717356208, 0.6563415065352174, 0.8139606413348139, 0.9715797761344106, 1.129198910934007, 1.2868180457336038, 1.4444371805332006, 1.602056315332797, 1.7596754501323937, 1.91729458493199, 2.074913719731587, 2.2325328545311836, 2.39015198933078, 2.5477711241303767, 2.705390258929973, 2.8630093937295698, 3.0206285285291665, 3.178247663328763, 3.3358667981283596, 3.4934859329279564], [0.45109524005005885, 0.5610872431640934, 0.6710792462781281, 0.7810712493921628, 0.8910632525061974, 1.0010552556202321, 1.1110472587342666, 1.2210392618483015, 1.331031264962336, 1.4410232680763708, 1.5510152711904053, 1.6610072743044397, 1.7709992774184746, 1.880991280532509, 1.990983283646544, 2.1009752867605784, 2.2109672898746133, 2.320959292988648, 2.4309512961026822, 2.540943299216717]], "calibration_local_y": [[0.14797657833617625, 0.10173721529468796, 0.14686453536177002, 0.13049047645696057, 0.10826394868679737, 0.08757763411855005, 0.09242322732184641, 0.0934256390690003, 0.08764175461459477, 0.08578919509019824, 0.08344858209980086, 0.08021588464934094, 0.07987078051193483, 0.09207750626891406, 0.10531741715995271, 0.17300120072109643, 0.211045786359164, 0.3417372105263158, 0.3417372105263158, 0.3417372105263158], [0.07740230149557492, 0.07648510014010455, 0.07893834616292912, 0.09040090816050815, 0.10107376571171053, 0.09626886733220322, 0.10279564811233069, 0.09056716345472167, 0.08498262886886773, 0.0973176701488647, 0.08869788315071106, 0.08411784209222792, 0.09350038592779014, 0.08269020891677459, 0.09066548409562249, 0.09077115779845249, 0.29423720985576357, 0.3417372105263158, 0.3417372105263158, 0.3417372105263158]], "elpd": [-74.51987305578724, -49.705648072076556], "expected_improvement": [null, null], "actual_improvement": [null, [[2.138518324178659]]], "mse": [1.0204560718803692, 0.9478160530448724], "nmse": [1.0244858475335776, 0.9515589736462875], "y_regret_pool": [0.05367168130955924, 0.05367168130955924, 0.05367168130955924, 0.05367168130955924, 0.05367168130955924, 0.05367168130955924, 0.05367168130955924, 0.05367168130955924, 0.05367168130955924, 0.05367168130955924, 0.05367168130955924, 0.05367168130955924, 0.05367168130955924, 0.05367168130955924, 0.05367168130955924, 0.05367168130955924, 0.05367168130955924, 0.05367168130955924, 0.05367168130955924, 0.05367168130955924, 0.05367168130955924, 0.05367168130955924, 0.05367168130955924, 0.05367168130955924, 0.05367168130955924, 0.05367168130955924, 0.05367168130955924, 0.05367168130955924, 0.05367168130955924, 0.05367168130955924, 0.05367168130955924, 0.05367168130955924, 0.05367168130955924, 0.05367168130955924, 0.05367168130955924, 0.05367168130955924, 0.05367168130955924, 0.05367168130955924, 0.05367168130955924, 0.05367168130955924, 0.05367168130955924, 0.032004224780885604, 0.032004224780885604, 0.032004224780885604, 0.032004224780885604, 0.032004224780885604, 0.032004224780885604, 0.032004224780885604, 0.032004224780885604, 0.032004224780885604, 0.032004224780885604, 0.032004224780885604, 0.032004224780885604, 0.032004224780885604, 0.032004224780885604, 0.032004224780885604, 0.032004224780885604, 0.032004224780885604, 0.032004224780885604, 0.032004224780885604, 0.032004224780885604, 0.032004224780885604, 0.032004224780885604, 0.032004224780885604, 0.032004224780885604, 0.032004224780885604, 0.032004224780885604, 0.032004224780885604, 0.032004224780885604, 0.032004224780885604, 0.032004224780885604, 0.032004224780885604, 0.032004224780885604, 0.032004224780885604, 0.032004224780885604, 0.032004224780885604, 0.032004224780885604, 0.032004224780885604, 0.032004224780885604, 0.032004224780885604, 0.032004224780885604, 0.032004224780885604, 0.032004224780885604, 0.032004224780885604, 0.032004224780885604, 0.032004224780885604, 0.032004224780885604, 0.032004224780885604, 0.032004224780885604, 0.032004224780885604, 0.032004224780885604, 0.032004224780885604, 0.032004224780885604, 0.032004224780885604, 0.032004224780885604, 0.032004224780885604, 0.032004224780885604, 0.032004224780885604, 0.032004224780885604, 0.032004224780885604, 0.032004224780885604], "y_regret_test": [0.05565952135806129, 0.05565952135806129, 0.05565952135806129, 0.05565952135806129, 0.05565952135806129, 0.05565952135806129, 0.05565952135806129, 0.05565952135806129, 0.05565952135806129, 0.05565952135806129, 0.05565952135806129, 0.05565952135806129, 0.05565952135806129, 0.05565952135806129, 0.05565952135806129, 0.05565952135806129, 0.05565952135806129, 0.05565952135806129, 0.05565952135806129, 0.05565952135806129, 0.05565952135806129, 0.05565952135806129, 0.05565952135806129, 0.05565952135806129, 0.05565952135806129, 0.05565952135806129, 0.05565952135806129, 0.05565952135806129, 0.05565952135806129, 0.05565952135806129, 0.05565952135806129, 0.05565952135806129, 0.05565952135806129, 0.05565952135806129, 0.05565952135806129, 0.05565952135806129, 0.05565952135806129, 0.05565952135806129, 0.05565952135806129, 0.05565952135806129, 0.05565952135806129, 0.03399206482938766, 0.03399206482938766, 0.03399206482938766, 0.03399206482938766, 0.03399206482938766, 0.03399206482938766, 0.03399206482938766, 0.03399206482938766, 0.03399206482938766, 0.03399206482938766, 0.03399206482938766, 0.03399206482938766, 0.03399206482938766, 0.03399206482938766, 0.03399206482938766, 0.03399206482938766, 0.03399206482938766, 0.03399206482938766, 0.03399206482938766, 0.03399206482938766, 0.03399206482938766, 0.03399206482938766, 0.03399206482938766, 0.03399206482938766, 0.03399206482938766, 0.03399206482938766, 0.03399206482938766, 0.03399206482938766, 0.03399206482938766, 0.03399206482938766, 0.03399206482938766, 0.03399206482938766, 0.03399206482938766, 0.03399206482938766, 0.03399206482938766, 0.03399206482938766, 0.03399206482938766, 0.03399206482938766, 0.03399206482938766, 0.03399206482938766, 0.03399206482938766, 0.03399206482938766, 0.03399206482938766, 0.03399206482938766, 0.03399206482938766, 0.03399206482938766, 0.03399206482938766, 0.03399206482938766, 0.03399206482938766, 0.03399206482938766, 0.03399206482938766, 0.03399206482938766, 0.03399206482938766, 0.03399206482938766, 0.03399206482938766, 0.03399206482938766, 0.03399206482938766, 0.03399206482938766, 0.03399206482938766, 0.03399206482938766], "f_regret_pool": [], "f_regret_test": [],