{"p_array": [0.001, 0.053526315789473686, 0.10605263157894737, 0.15857894736842104, 0.21110526315789474, 0.26363157894736844, 0.3161578947368421, 0.3686842105263158, 0.4212105263157895, 0.4737368421052632, 0.5262631578947369, 0.5787894736842105, 0.6313157894736842, 0.6838421052631579, 0.7363684210526316, 0.7888947368421053, 0.841421052631579, 0.8939473684210526, 0.9464736842105264, 0.999], "mean_sharpness": [-1.3687926827002546, 0.5263155317560547], "sharpness_error_true_minus_model": [], "posterior_variance": [0.9045735145406147, 0.033513003582483165], "bias_mse": [], "bias_nmse": [], "f_calibration": [], "f_calibration_mse": [], "f_calibration_nmse": [], "y_calibration": [[0.0, 0.0, 0.07819999754428864, 0.3068000078201294, 0.41260001063346863, 0.4666000008583069, 0.5058000087738037, 0.5343999862670898, 0.5582000017166138, 0.5794000029563904, 0.5996000170707703, 0.6182000041007996, 0.6362000107765198, 0.6570000052452087, 0.6765999794006348, 0.6941999793052673, 0.722599983215332, 0.7724000215530396, 1.0, 1.0], [0.15800000727176666, 0.3440000116825104, 0.4023999869823456, 0.4458000063896179, 0.47440001368522644, 0.5005999803543091, 0.522599995136261, 0.5406000018119812, 0.5580000281333923, 0.5723999738693237, 0.5842000246047974, 0.598800003528595, 0.6164000034332275, 0.6327999830245972, 0.650600016117096, 0.6674000024795532, 0.6858000159263611, 0.7063999772071838, 0.7342000007629395, 0.8303999900817871]], "y_calibration_mse": [0.01263688873708702, 0.03335095270250406], "y_calibration_nmse": [0.13775095912102095, 0.36354879891335895], "calibration_local_dist_to_nearest_train_sample": [[0.4869501588052503, 0.6286464202047508, 0.7703426816042513, 0.9120389430037519, 1.0537352044032524, 1.195431465802753, 1.3371277272022535, 1.478823988601754, 1.6205202500012545, 1.762216511400755, 1.9039127728002556, 2.045609034199756, 2.1873052955992565, 2.329001556998757, 2.4706978183982575, 2.6123940797977583, 2.754090341197259, 2.8957866025967594, 3.0374828639962597, 3.1791791253957604], [0.44744373586812775, 0.549633574330506, 0.6518234127928842, 0.7540132512552624, 0.8562030897176407, 0.958392928180019, 1.0605827666423973, 1.1627726051047755, 1.2649624435671538, 1.3671522820295319, 1.4693421204919102, 1.5715319589542884, 1.6737217974166667, 1.7759116358790448, 1.878101474341423, 1.9802913128038013, 2.0824811512661796, 2.184670989728558, 2.286860828190936, 2.389050666653314]], "calibration_local_y": [[0.00999130381957779, 0.013500635271147202, 0.008796629251619831, 0.014526166338674157, 0.020134389868759487, 0.019709790357741362, 0.0166759927950378, 0.021188508869276885, 0.01564866677072456, 0.022205195566140232, 0.012047132193609516, 0.013007507040521227, 0.015520501346339342, 0.015965936475597818, 0.018846230605630926, 0.02702737792232828, 0.015364563703262196, 0.06417668154878686, 0.1508809227087139, 0.08195256707894231], [0.018444275450313807, 0.030029852132755035, 0.02131144561684154, 0.028714781365732862, 0.045809323848703266, 0.05283199999982641, 0.036399788712802014, 0.03871179375049456, 0.03145072842548499, 0.03443152428582114, 0.03139290749792348, 0.035461259966295046, 0.033309134483158746, 0.038633738454283105, 0.03513317572959795, 0.040587879790353526, 0.01693916302271716, 0.05579202374217923, 0.0617861414473684, 0.1315648421052632]], "elpd": [-1.4210797035985758, -6.873562580363508], "expected_improvement": [null, null], "actual_improvement": [null, [[0.03424161655588609]]], "mse": [0.9991684230583207, 0.5078347190645552], "nmse": [1.0095363115279792, 0.5131042748339076], "y_regret_pool": [0.13975357454785997, 0.13975357454785997, 0.13975357454785997, 0.13975357454785997, 0.13975357454785997, 0.13975357454785997, 0.13975357454785997, 0.13975357454785997, 0.13975357454785997, 0.13975357454785997, 0.13975357454785997, 0.012940145791468627, 0.012940145791468627, 0.012940145791468627, 0.012940145791468627, 0.012940145791468627, 0.012940145791468627, 0.012940145791468627, 0.012940145791468627, 0.012940145791468627, 0.009754879135106975, 0.009754879135106975, 0.009754879135106975, 0.009754879135106975, 0.009754879135106975, 0.009754879135106975, 0.009754879135106975, 0.009754879135106975, 0.009754879135106975, 0.009754879135106975, 0.009754879135106975, 0.009754879135106975, 0.009754879135106975, 0.009754879135106975, 0.009754879135106975, 0.009754879135106975, 0.009754879135106975, 0.009754879135106975, 0.006569612478745546, 0.003782504154429267, 0.003782504154429267, 0.0007963166640905239, 0.0007963166640905239, 0.0007963166640905239, 0.0007963166640905239, 0.0007963166640905239, 0.0007963166640905239, 0.0007963166640905239, 0.0007963166640905239, 0.0007963166640905239, 0.0007963166640905239, 0.0007963166640905239, 0.0007963166640905239, 0.0007963166640905239, 0.0007963166640905239, 0.0, 0.0, 0.0, 0.0, 0.0, 0.0, 0.0, 0.0, 0.0, 0.0, 0.0, 0.0, 0.0, 0.0, 0.0, 0.0, 0.0, 0.0, 0.0, 0.0, 0.0, 0.0, 0.0, 0.0, 0.0, 0.0, 0.0, 0.0, 0.0, 0.0, 0.0, 0.0, 0.0, 0.0, 0.0, 0.0, 0.0, 0.0, 0.0, 0.0, 0.0, 0.0, 0.0, 0.0, 0.0, 0.0], "y_regret_test": [0.14433239536637932, 0.14433239536637932, 0.14433239536637932, 0.14433239536637932, 0.14433239536637932, 0.14433239536637932, 0.14433239536637932, 0.14433239536637932, 0.14433239536637932, 0.14433239536637932, 0.14433239536637932, 0.017518966609987974, 0.017518966609987974, 0.017518966609987974, 0.017518966609987974, 0.017518966609987974, 0.017518966609987974, 0.017518966609987974, 0.017518966609987974, 0.017518966609987974, 0.014333699953626322, 0.014333699953626322, 0.014333699953626322, 0.014333699953626322, 0.014333699953626322, 0.014333699953626322, 0.014333699953626322, 0.014333699953626322, 0.014333699953626322, 0.014333699953626322, 0.014333699953626322, 0.014333699953626322, 0.014333699953626322, 0.014333699953626322, 0.014333699953626322, 0.014333699953626322, 0.014333699953626322, 0.014333699953626322, 0.011148433297264893, 0.008361324972948614, 0.008361324972948614, 0.005375137482609871, 0.005375137482609871, 0.005375137482609871, 0.005375137482609871, 0.005375137482609871, 0.005375137482609871, 0.005375137482609871, 0.005375137482609871, 0.005375137482609871, 0.005375137482609871, 0.005375137482609871, 0.005375137482609871, 0.005375137482609871, 0.005375137482609871, 0.004578820818519347, 0.004578820818519347, 0.004578820818519347, 0.004578820818519347, 0.004578820818519347, 0.004578820818519347, 0.004578820818519347, 0.004578820818519347, 0.004578820818519347, 0.004578820818519347, 0.004578820818519347, 0.004578820818519347, 0.004578820818519347, 0.004578820818519347, 0.004578820818519347, 0.004578820818519347, 0.004578820818519347, 0.004578820818519347, 0.004578820818519347, 0.004578820818519347, 0.004578820818519347, 0.004578820818519347, 0.004578820818519347, 0.004578820818519347, 0.004578820818519347, 0.004578820818519347, 0.004578820818519347, 0.004578820818519347, 0.004578820818519347, 0.004578820818519347, 0.004578820818519347, 0.004578820818519347, 0.004578820818519347, 0.004578820818519347, 0.004578820818519347, 0.004578820818519347, 0.004578820818519347, 0.004578820818519347, 0.004578820818519347, 0.004578820818519347, 0.004578820818519347, 0.004578820818519347, 0.004578820818519347, 0.004578820818519347, 0.004578820818519347, 0.004578820818519347], "f_regret_pool": [], "f_regret_test": [],