{"p_array": [0.001, 0.053526315789473686, 0.10605263157894737, 0.15857894736842104, 0.21110526315789474, 0.26363157894736844, 0.3161578947368421, 0.3686842105263158, 0.4212105263157895, 0.4737368421052632, 0.5262631578947369, 0.5787894736842105, 0.6313157894736842, 0.6838421052631579, 0.7363684210526316, 0.7888947368421053, 0.841421052631579, 0.8939473684210526, 0.9464736842105264, 0.999], "mean_sharpness": [-1.4786093506547329, 0.4206033190988117], "sharpness_error_true_minus_model": [], "posterior_variance": [1.1267547913021694, 0.042839799854192354], "bias_mse": [], "bias_nmse": [], "f_calibration": [], "f_calibration_mse": [], "f_calibration_nmse": [], "y_calibration": [[0.0, 0.0, 0.0, 0.07360000163316727, 0.2858000099658966, 0.3930000066757202, 0.45019999146461487, 0.4887999892234802, 0.5203999876976013, 0.5447999835014343, 0.5663999915122986, 0.5878000259399414, 0.6093999743461609, 0.6320000290870667, 0.6571999788284302, 0.6800000071525574, 0.7113999724388123, 0.7675999999046326, 1.0, 1.0], [0.11620000004768372, 0.2939999997615814, 0.3562000095844269, 0.39719998836517334, 0.4357999861240387, 0.47380000352859497, 0.5044000148773193, 0.5299999713897705, 0.551800012588501, 0.5759999752044678, 0.6014000177383423, 0.625, 0.6456000208854675, 0.6710000038146973, 0.6930000185966492, 0.7113999724388123, 0.7351999878883362, 0.7576000094413757, 0.7893999814987183, 0.8740000128746033]], "y_calibration_mse": [0.007482735797292207, 0.023022345027300273], "y_calibration_nmse": [0.08156707353932137, 0.25095972392463434], "calibration_local_dist_to_nearest_train_sample": [[0.5182002032062423, 0.6872734658020533, 0.8563467283978643, 1.0254199909936754, 1.1944932535894865, 1.3635665161852975, 1.5326397787811086, 1.7017130413769197, 1.8707863039727308, 2.039859566568542, 2.208932829164353, 2.378006091760164, 2.547079354355975, 2.716152616951786, 2.8852258795475976, 3.0542991421434085, 3.2233724047392194, 3.3924456673350303, 3.561518929930841, 3.7305921925266525], [0.49492828581399284, 0.6433810794656141, 0.7918338731172353, 0.9402866667688565, 1.0887394604204776, 1.237192254072099, 1.3856450477237203, 1.5340978413753414, 1.6825506350269626, 1.831003428678584, 1.9794562223302052, 2.1279090159818264, 2.2763618096334475, 2.424814603285069, 2.57326739693669, 2.7217201905883113, 2.8701729842399324, 3.0186257778915535, 3.167078571543175, 3.315531365194796]], "calibration_local_y": [[0.007093763361087147, 0.008984149631523641, 0.01152699790205436, 0.019558275054535466, 0.02217370535942551, 0.014315259542599249, 0.013787963560934206, 0.010685434116712614, 0.01019148028904045, 0.007152193256435549, 0.006959861807880827, 0.006716879551455862, 0.011866228358691108, 0.014057778982407631, 0.04725983482517017, 0.07685739887843641, 0.041304519607321594, 0.1133941242341661, 0.0769608947368421, 0.24718984210526312], [0.0025839177056429163, 0.004228718554225789, 0.02077997321582659, 0.042012294049110034, 0.051323003158829886, 0.039456323409746516, 0.03918046487036174, 0.03105655739379931, 0.03029650692127388, 0.030998415283953418, 0.024179751896854465, 0.018743148221942542, 0.003616501959105302, 0.005324604862231764, 0.008973956992571005, 0.007573008291123366, 0.0220021224899628, 0.02637931798402272, 0.0896108947368421, 0.05935826315789473]], "elpd": [-1.423633704632518, -3.7253272985463357], "expected_improvement": [null, null], "actual_improvement": [null, [[0.02787011997314348]]], "mse": [1.0028666461812439, 0.3895264931395005], "nmse": [1.0028119020259776, 0.38950522979516455], "y_regret_pool": [0.06509663736584193, 0.06509663736584193, 0.06509663736584193, 0.06509663736584193, 0.06509663736584193, 0.02926362597180021, 0.02926362597180021, 0.02926362597180021, 0.02926362597180021, 0.02926362597180021, 0.02926362597180021, 0.02926362597180021, 0.02926362597180021, 0.02926362597180021, 0.02926362597180021, 0.02926362597180021, 0.02926362597180021, 0.01652299969836335, 0.01652299969836335, 0.01652299969836335, 0.01652299969836335, 0.01652299969836335, 0.01652299969836335, 0.01652299969836335, 0.01652299969836335, 0.01652299969836335, 0.01652299969836335, 0.01652299969836335, 0.01652299969836335, 0.01652299969836335, 0.01652299969836335, 0.01652299969836335, 0.01652299969836335, 0.01652299969836335, 0.01652299969836335, 0.01652299969836335, 0.01652299969836335, 0.011944337131346794, 0.005972168565673286, 0.005972168565673286, 0.005972168565673286, 0.005972168565673286, 0.005972168565673286, 0.005972168565673286, 0.005972168565673286, 0.005972168565673286, 0.005972168565673286, 0.005972168565673286, 0.005972168565673286, 0.005972168565673286, 0.005972168565673286, 0.005972168565673286, 0.005972168565673286, 0.005972168565673286, 0.005972168565673286, 0.0, 0.0, 0.0, 0.0, 0.0, 0.0, 0.0, 0.0, 0.0, 0.0, 0.0, 0.0, 0.0, 0.0, 0.0, 0.0, 0.0, 0.0, 0.0, 0.0, 0.0, 0.0, 0.0, 0.0, 0.0, 0.0, 0.0, 0.0, 0.0, 0.0, 0.0, 0.0, 0.0, 0.0, 0.0, 0.0, 0.0, 0.0, 0.0, 0.0, 0.0, 0.0, 0.0, 0.0, 0.0, 0.0], "y_regret_test": [0.06449942050927482, 0.06449942050927482, 0.06449942050927482, 0.06449942050927482, 0.06449942050927482, 0.028666409115233105, 0.028666409115233105, 0.028666409115233105, 0.028666409115233105, 0.028666409115233105, 0.028666409115233105, 0.028666409115233105, 0.028666409115233105, 0.028666409115233105, 0.028666409115233105, 0.028666409115233105, 0.028666409115233105, 0.015925782841796243, 0.015925782841796243, 0.015925782841796243, 0.015925782841796243, 0.015925782841796243, 0.015925782841796243, 0.015925782841796243, 0.015925782841796243, 0.015925782841796243, 0.015925782841796243, 0.015925782841796243, 0.015925782841796243, 0.015925782841796243, 0.015925782841796243, 0.015925782841796243, 0.015925782841796243, 0.015925782841796243, 0.015925782841796243, 0.015925782841796243, 0.015925782841796243, 0.011347120274779687, 0.005374951709106179, 0.005374951709106179, 0.005374951709106179, 0.005374951709106179, 0.005374951709106179, 0.005374951709106179, 0.005374951709106179, 0.005374951709106179, 0.005374951709106179, 0.005374951709106179, 0.005374951709106179, 0.005374951709106179, 0.005374951709106179, 0.005374951709106179, 0.005374951709106179, 0.005374951709106179, 0.005374951709106179, 0.0005972168565671065, 0.0005972168565671065, 0.0005972168565671065, 0.0005972168565671065, 0.0005972168565671065, 0.0005972168565671065, 0.0005972168565671065, 0.0005972168565671065, 0.0005972168565671065, 0.0005972168565671065, 0.0005972168565671065, 0.0005972168565671065, 0.0005972168565671065, 0.0005972168565671065, 0.0005972168565671065, 0.0005972168565671065, 0.0005972168565671065, 0.0005972168565671065, 0.0005972168565671065, 0.0005972168565671065, 0.0005972168565671065, 0.0005972168565671065, 0.0005972168565671065, 0.0005972168565671065, 0.0005972168565671065, 0.0005972168565671065, 0.0005972168565671065, 0.0005972168565671065, 0.0005972168565671065, 0.0005972168565671065, 0.0005972168565671065, 0.0005972168565671065, 0.0005972168565671065, 0.0005972168565671065, 0.0005972168565671065, 0.0005972168565671065, 0.0005972168565671065, 0.0005972168565671065, 0.0005972168565671065, 0.0005972168565671065, 0.0005972168565671065, 0.0005972168565671065, 0.0005972168565671065, 0.0005972168565671065, 0.0005972168565671065, 0.0005972168565671065], "f_regret_pool": [], "f_regret_test": [],