{"p_array": [0.001, 0.053526315789473686, 0.10605263157894737, 0.15857894736842104, 0.21110526315789474, 0.26363157894736844, 0.3161578947368421, 0.3686842105263158, 0.4212105263157895, 0.4737368421052632, 0.5262631578947369, 0.5787894736842105, 0.6313157894736842, 0.6838421052631579, 0.7363684210526316, 0.7888947368421053, 0.841421052631579, 0.8939473684210526, 0.9464736842105264, 0.999], "mean_sharpness": [-0.8401872281822376, 0.22451667732666547], "sharpness_error_true_minus_model": [], "posterior_variance": [0.42759219742330495, 0.13191491804947303], "bias_mse": [], "bias_nmse": [], "f_calibration": [], "f_calibration_mse": [], "f_calibration_nmse": [], "y_calibration": [[0.006200000178068876, 0.05660000070929527, 0.10119999945163727, 0.17900000512599945, 0.26440000534057617, 0.34040001034736633, 0.3946000039577484, 0.43380001187324524, 0.46959999203681946, 0.49399998784065247, 0.5189999938011169, 0.5437999963760376, 0.5667999982833862, 0.5934000015258789, 0.6299999952316284, 0.6886000037193298, 0.7742000222206116, 0.8342000246047974, 0.879800021648407, 0.9508000016212463], [0.018400000408291817, 0.06520000100135803, 0.11079999804496765, 0.1485999971628189, 0.1860000044107437, 0.22619999945163727, 0.2648000121116638, 0.30079999566078186, 0.33180001378059387, 0.36579999327659607, 0.3968000113964081, 0.42899999022483826, 0.4553999900817871, 0.48420000076293945, 0.5482000112533569, 0.6015999913215637, 0.6395999789237976, 0.7260000109672546, 0.7778000235557556, 0.9340000152587891]], "y_calibration_mse": [0.003610276375053655, 0.015579225975478807], "y_calibration_nmse": [0.03935454712804908, 0.1698245007243788], "calibration_local_dist_to_nearest_train_sample": [[0.49935063497275534, 0.6550331511386791, 0.810715667304603, 0.9663981834705268, 1.1220806996364505, 1.2777632158023744, 1.433445731968298, 1.589128248134222, 1.7448107643001458, 1.9004932804660695, 2.0561757966319933, 2.2118583127979172, 2.367540828963841, 2.5232233451297645, 2.6789058612956884, 2.8345883774616123, 2.990270893627536, 3.14595340979346, 3.3016359259593835, 3.4573184421253074], [0.46275154723962675, 0.5818349756724219, 0.700918404105217, 0.8200018325380122, 0.9390852609708074, 1.0581686894036024, 1.1772521178363977, 1.2963355462691928, 1.4154189747019879, 1.5345024031347831, 1.6535858315675782, 1.7726692600003733, 1.8917526884331686, 2.0108361168659634, 2.129919545298759, 2.249002973731554, 2.3680864021643493, 2.487169830597144, 2.6062532590299394, 2.7253366874627347]], "calibration_local_y": [[0.0030026084088727867, 0.035310426466462035, 0.003942464608135837, 0.004950929404514722, 0.0018428507609597078, 0.0019593025130501393, 0.0021936284713901548, 0.0026794877794868487, 0.0025751022942894835, 0.005386050289663562, 0.006265286153982121, 0.007373553496665112, 0.009910312814695505, 0.008813851681964198, 0.021377206777299464, 0.042678056826207025, 0.05196934574760396, 0.03970962925641016, 0.07055673981254322, 0.09595911894584949], [0.0026481133629743647, 0.001921353824691547, 0.002489530713619253, 0.0034816707230347216, 0.002975576854149636, 0.007581719408549148, 0.009041544201890338, 0.019050649806302954, 0.022041819268999452, 0.04596785443301359, 0.08508221751113505, 0.09845673096190073, 0.13684894765413796, 0.13642605168814972, 0.162765143254563, 0.16477339942470665, 0.20214764136983415, 0.13623461059809513, 0.19030826315789476, 0.16646142052611868]], "next_sample_train_distance": [[1.2000151361120308]], "elpd": [-3.3590201360712677, -4882204667196.462], "expected_improvement": [null, null], "actual_improvement": [null, [[0.0806468526867965]]], "mse": [0.660949932078567, 0.32275397042737214], "nmse": [0.6546177656773029, 0.3196618574726319], "y_regret_pool": [0.19900914891866106, 0.03651175917660887], "y_regret_test": [0.20221897390122023, 0.039721584159168044], "f_regret_pool": [], "f_regret_test": [], "x_y_opt_dist_pool": [2.6240729891790138, 1.4705541820636976], "x_f_opt_dist_pool": [], "x_y_opt_dist_test": [3.7080045672226705, 1.7737450581915017], "x_f_opt_dist_test": [], "uct_calibration": [0.11502987718465953, 0.14072980719448402], "uct_sharpness": [0.7226448802946999, 0.4691504378045949]}