{"p_array": [0.001, 0.053526315789473686, 0.10605263157894737, 0.15857894736842104, 0.21110526315789474, 0.26363157894736844, 0.3161578947368421, 0.3686842105263158, 0.4212105263157895, 0.4737368421052632, 0.5262631578947369, 0.5787894736842105, 0.6313157894736842, 0.6838421052631579, 0.7363684210526316, 0.7888947368421053, 0.841421052631579, 0.8939473684210526, 0.9464736842105264, 0.999], "mean_sharpness": [-0.2716368201600928, 0.020179901406917927], "sharpness_error_true_minus_model": [], "posterior_variance": [0.11679900452078538, 0.06313260335638757], "bias_mse": [], "bias_nmse": [], "f_calibration": [], "f_calibration_mse": [], "f_calibration_nmse": [], "y_calibration": [[0.20579999685287476, 0.3662000000476837, 0.41339999437332153, 0.4447999894618988, 0.4715999960899353, 0.4943999946117401, 0.5131999850273132, 0.5320000052452087, 0.5514000058174133, 0.5694000124931335, 0.5863999724388123, 0.6082000136375427, 0.6259999871253967, 0.6453999876976013, 0.6672000288963318, 0.6905999779701233, 0.7164000272750854, 0.7432000041007996, 0.7865999937057495, 0.8996000289916992], [0.31220000982284546, 0.4302000105381012, 0.46860000491142273, 0.4970000088214874, 0.5242000222206116, 0.5509999990463257, 0.5795999765396118, 0.6140000224113464, 0.6547999978065491, 0.6805999875068665, 0.6995999813079834, 0.7175999879837036, 0.7328000068664551, 0.7512000203132629, 0.7652000188827515, 0.7839999794960022, 0.8033999800682068, 0.8285999894142151, 0.8568000197410583, 0.9341999888420105]], "y_calibration_mse": [0.031151563734872555, 0.04876032529003036], "y_calibration_nmse": [0.33957391505747164, 0.5315217784613468], "calibration_local_dist_to_nearest_train_sample": [[0.5182002032062423, 0.6872734658020533, 0.8563467283978643, 1.0254199909936754, 1.1944932535894865, 1.3635665161852975, 1.5326397787811086, 1.7017130413769197, 1.8707863039727308, 2.039859566568542, 2.208932829164353, 2.378006091760164, 2.547079354355975, 2.716152616951786, 2.8852258795475976, 3.0542991421434085, 3.2233724047392194, 3.3924456673350303, 3.561518929930841, 3.7305921925266525], [0.5046575708007495, 0.6628396494391274, 0.8210217280775054, 0.9792038067158833, 1.137385885354261, 1.2955679639926392, 1.453750042631017, 1.611932121269395, 1.7701141999077727, 1.9282962785461506, 2.0864783571845287, 2.2446604358229063, 2.4028425144612844, 2.5610245930996625, 2.71920667173804, 2.877388750376418, 3.0355708290147962, 3.193752907653174, 3.351934986291552, 3.5101170649299296]], "calibration_local_y": [[0.005542848957524774, 0.008949079959705042, 0.01198651101261186, 0.02080216642793536, 0.043360564338173806, 0.042077119728686205, 0.04829750024056724, 0.04960325594645354, 0.04748199528916819, 0.03908005266089143, 0.03310085643701236, 0.028346325225402553, 0.026518804023215974, 0.02537472013132395, 0.04746752091659486, 0.07797381816757379, 0.038286354374343655, 0.10316572071535927, 0.05973984210526316, 0.2918372105263158], [0.04074608638134502, 0.04754437826091006, 0.05871328923696293, 0.0602786577964418, 0.080185026544947, 0.0754426463847388, 0.08993463669316495, 0.06031420357510955, 0.062212853615974686, 0.054485285042407385, 0.042460937082337065, 0.03400978406352155, 0.03808900720434971, 0.02295328280292133, 0.03814911291050714, 0.0039885601128449594, 0.0010920376432377716, 0.0052778814517233505, 0.018322264408412163, 0.1952451052631579]], "elpd": [-4.34027635348294, -5.253261776805568], "expected_improvement": [null, null], "actual_improvement": [null, [[0.04976807138061323]]], "mse": [0.644187579018709, 0.5794275646493774], "nmse": [0.6441524143186158, 0.5793959350476895], "y_regret_pool": [0.06509663736584193, 0.06509663736584193, 0.06509663736584193, 0.06509663736584193, 0.06509663736584193, 0.06509663736584193, 0.06509663736584193, 0.04996714366613553, 0.04897178223852339, 0.04897178223852339, 0.04897178223852339, 0.04897178223852339, 0.004777734852538629, 0.004777734852538629, 0.004777734852538629, 0.004777734852538629, 0.004777734852538629, 0.004777734852538629, 0.004777734852538629, 0.004777734852538629, 0.004777734852538629, 0.004777734852538629, 0.004777734852538629, 0.0033842288538814547, 0.0033842288538814547, 0.0033842288538814547, 0.0033842288538814547, 0.0033842288538814547, 0.0033842288538814547, 0.0033842288538814547, 0.0033842288538814547, 0.0033842288538814547, 0.0033842288538814547, 0.0033842288538814547, 0.0033842288538814547, 0.0033842288538814547, 0.0033842288538814547, 0.0033842288538814547, 0.0033842288538814547, 0.0033842288538814547, 0.0033842288538814547, 0.0033842288538814547, 0.0033842288538814547, 0.0033842288538814547, 0.0033842288538814547, 0.0033842288538814547, 0.0033842288538814547, 0.0033842288538814547, 0.0033842288538814547, 0.0, 0.0, 0.0, 0.0, 0.0, 0.0, 0.0, 0.0, 0.0, 0.0, 0.0, 0.0, 0.0, 0.0, 0.0, 0.0, 0.0, 0.0, 0.0, 0.0, 0.0, 0.0, 0.0, 0.0, 0.0, 0.0, 0.0, 0.0, 0.0, 0.0, 0.0, 0.0, 0.0, 0.0, 0.0, 0.0, 0.0, 0.0, 0.0, 0.0, 0.0, 0.0, 0.0, 0.0, 0.0, 0.0, 0.0, 0.0, 0.0, 0.0, 0.0, 0.0], "y_regret_test": [0.06449942050927482, 0.06449942050927482, 0.06449942050927482, 0.06449942050927482, 0.06449942050927482, 0.06449942050927482, 0.06449942050927482, 0.04936992680956842, 0.04837456538195628, 0.04837456538195628, 0.04837456538195628, 0.04837456538195628, 0.004180517995971522, 0.004180517995971522, 0.004180517995971522, 0.004180517995971522, 0.004180517995971522, 0.004180517995971522, 0.004180517995971522, 0.004180517995971522, 0.004180517995971522, 0.004180517995971522, 0.004180517995971522, 0.002787011997314348, 0.002787011997314348, 0.002787011997314348, 0.002787011997314348, 0.002787011997314348, 0.002787011997314348, 0.002787011997314348, 0.002787011997314348, 0.002787011997314348, 0.002787011997314348, 0.002787011997314348, 0.002787011997314348, 0.002787011997314348, 0.002787011997314348, 0.002787011997314348, 0.002787011997314348, 0.002787011997314348, 0.002787011997314348, 0.002787011997314348, 0.002787011997314348, 0.002787011997314348, 0.002787011997314348, 0.002787011997314348, 0.002787011997314348, 0.002787011997314348, 0.002787011997314348, 0.0005972168565671065, 0.0005972168565671065, 0.0005972168565671065, 0.0005972168565671065, 0.0005972168565671065, 0.0005972168565671065, 0.0005972168565671065, 0.0005972168565671065, 0.0005972168565671065, 0.0005972168565671065, 0.0005972168565671065, 0.0005972168565671065, 0.0005972168565671065, 0.0005972168565671065, 0.0005972168565671065, 0.0005972168565671065, 0.0005972168565671065, 0.0005972168565671065, 0.0005972168565671065, 0.0005972168565671065, 0.0005972168565671065, 0.0005972168565671065, 0.0005972168565671065, 0.0005972168565671065, 0.0005972168565671065, 0.0005972168565671065, 0.0005972168565671065, 0.0005972168565671065, 0.0005972168565671065, 0.0005972168565671065, 0.0005972168565671065, 0.0005972168565671065, 0.0005972168565671065, 0.0005972168565671065, 0.0005972168565671065, 0.0005972168565671065, 0.0005972168565671065, 0.0005972168565671065, 0.0005972168565671065, 0.0005972168565671065, 0.0005972168565671065, 0.0005972168565671065, 0.0005972168565671065, 0.0005972168565671065, 0.0005972168565671065, 0.0005972168565671065, 0.0005972168565671065, 0.0005972168565671065, 0.0005972168565671065, 0.0005972168565671065, 0.0005972168565671065, 0.0005972168565671065], "f_regret_pool": [], "f_regret_test": [],