{"p_array": [0.001, 0.053526315789473686, 0.10605263157894737, 0.15857894736842104, 0.21110526315789474, 0.26363157894736844, 0.3161578947368421, 0.3686842105263158, 0.4212105263157895, 0.4737368421052632, 0.5262631578947369, 0.5787894736842105, 0.6313157894736842, 0.6838421052631579, 0.7363684210526316, 0.7888947368421053, 0.841421052631579, 0.8939473684210526, 0.9464736842105264, 0.999], "mean_sharpness": [-1.4185941418160257, 0.041729628412966804], "sharpness_error_true_minus_model": [], "posterior_variance": [0.9993114543791102, 0.0823603102333578], "bias_mse": [], "bias_nmse": [], "f_calibration": [], "f_calibration_mse": [], "f_calibration_nmse": [], "y_calibration": [[0.0, 0.0, 0.23420000076293945, 0.3984000086784363, 0.47099998593330383, 0.5153999924659729, 0.5437999963760376, 0.5663999915122986, 0.5892000198364258, 0.6087999939918518, 0.6269999742507935, 0.644599974155426, 0.6628000140190125, 0.6783999800682068, 0.694599986076355, 0.7215999960899353, 0.7752000093460083, 1.0, 1.0, 1.0], [0.07440000027418137, 0.2542000114917755, 0.3325999975204468, 0.3928000032901764, 0.44359999895095825, 0.4918000102043152, 0.5347999930381775, 0.5752000212669373, 0.6161999702453613, 0.652999997138977, 0.6886000037193298, 0.7157999873161316, 0.7440000176429749, 0.765999972820282, 0.7886000275611877, 0.8149999976158142, 0.8392000198364258, 0.8659999966621399, 0.895799994468689, 0.9661999940872192]], "y_calibration_mse": [0.019269048891444006, 0.02454883543279938], "y_calibration_nmse": [0.21004616099501383, 0.2675995410363746], "calibration_local_dist_to_nearest_train_sample": [[0.49433791044584213, 0.6416179168603461, 0.7888979232748501, 0.936177929689354, 1.0834579361038579, 1.230737942518362, 1.3780179489328659, 1.5252979553473698, 1.6725779617618737, 1.8198579681763776, 1.9671379745908817, 2.114417981005386, 2.2616979874198897, 2.4089779938343936, 2.5562580002488975, 2.7035380066634014, 2.8508180130779053, 2.998098019492409, 3.145378025906913, 3.2926580323214174], [0.46281008887763164, 0.5834116735396966, 0.7040132582017615, 0.8246148428638265, 0.9452164275258914, 1.0658180121879566, 1.1864195968500215, 1.3070211815120865, 1.4276227661741514, 1.5482243508362163, 1.6688259354982813, 1.7894275201603465, 1.9100291048224114, 2.030630689484476, 2.1512322741465413, 2.271833858808606, 2.392435443470671, 2.513037028132736, 2.633638612794801, 2.7542401974568658]], "calibration_local_y": [[0.014322451381232315, 0.009044579327301095, 0.00663080479136869, 0.010730674382266797, 0.015649749039280632, 0.012363436270839117, 0.009062755510473398, 0.011925949926944148, 0.013876163671681601, 0.014991051984194323, 0.01822348440552738, 0.03732942906110044, 0.029058632769428088, 0.05400363365621739, 0.046028059690857465, 0.034526022433265566, 0.05964301042363714, 0.0529617153897301, 0.035796748430092, 0.030901772630510017], [0.001657368055542402, 0.015225149639290466, 0.016500768084048444, 0.038039608287334194, 0.04169912253061167, 0.05954327051456444, 0.03178812620512704, 0.02732655628036378, 0.020825658231653915, 0.019213924699076877, 0.006646777545463808, 0.011755794655333596, 0.010260426187575788, 0.02386926926906506, 0.028281205206177395, 0.043377315828125214, 0.04915242133015643, 0.03482171266862631, 0.056158263157894725, 0.0896108947368421]], "elpd": [-1.4603795459497477, -1.4095273016075989], "expected_improvement": [null, null], "actual_improvement": [null, [[0.08028492208605975]]], "mse": [1.0828247203324874, 0.31745914081571275], "nmse": [1.0890934981965459, 0.3192970013644426], "y_regret_pool": [0.217520724863708, 0.217520724863708, 0.217520724863708, 0.217520724863708, 0.217520724863708, 0.217520724863708, 0.07039761641043629, 0.07039761641043629, 0.07039761641043629, 0.07039761641043629, 0.07039761641043629, 0.07039761641043629, 0.043701891086253886, 0.043701891086253886, 0.043701891086253886, 0.043701891086253886, 0.043701891086253886, 0.043701891086253886, 0.043701891086253886, 0.043701891086253886, 0.043701891086253886, 0.02531150252959513, 0.02531150252959513, 0.02531150252959513, 0.02531150252959513, 0.02531150252959513, 0.02531150252959513, 0.02531150252959513, 0.02531150252959513, 0.02531150252959513, 0.02531150252959513, 0.024125025848520165, 0.010085051789135546, 0.010085051789135546, 0.010085051789135546, 0.010085051789135546, 0.010085051789135546, 0.010085051789135546, 0.010085051789135546, 0.010085051789135546, 0.010085051789135546, 0.010085051789135546, 0.010085051789135546, 0.010085051789135546, 0.010085051789135546, 0.010085051789135546, 0.010085051789135546, 0.010085051789135546, 0.0033616839297117007, 0.0, 0.0, 0.0, 0.0, 0.0, 0.0, 0.0, 0.0, 0.0, 0.0, 0.0, 0.0, 0.0, 0.0, 0.0, 0.0, 0.0, 0.0, 0.0, 0.0, 0.0, 0.0, 0.0, 0.0, 0.0, 0.0, 0.0, 0.0, 0.0, 0.0, 0.0, 0.0, 0.0, 0.0, 0.0, 0.0, 0.0, 0.0, 0.0, 0.0, 0.0, 0.0, 0.0, 0.0, 0.0, 0.0, 0.0, 0.0, 0.0, 0.0, 0.0, 0.0], "y_regret_test": [0.22048691656639485, 0.22048691656639485, 0.22048691656639485, 0.22048691656639485, 0.22048691656639485, 0.22048691656639485, 0.07336380811312315, 0.07336380811312315, 0.07336380811312315, 0.07336380811312315, 0.07336380811312315, 0.07336380811312315, 0.046668082788940746, 0.046668082788940746, 0.046668082788940746, 0.046668082788940746, 0.046668082788940746, 0.046668082788940746, 0.046668082788940746, 0.046668082788940746, 0.046668082788940746, 0.02827769423228199, 0.02827769423228199, 0.02827769423228199, 0.02827769423228199, 0.02827769423228199, 0.02827769423228199, 0.02827769423228199, 0.02827769423228199, 0.02827769423228199, 0.02827769423228199, 0.027091217551207025, 0.013051243491822406, 0.013051243491822406, 0.013051243491822406, 0.013051243491822406, 0.013051243491822406, 0.013051243491822406, 0.013051243491822406, 0.013051243491822406, 0.013051243491822406, 0.013051243491822406, 0.013051243491822406, 0.013051243491822406, 0.013051243491822406, 0.013051243491822406, 0.013051243491822406, 0.013051243491822406, 0.006327875632398561, 0.00296619170268686, 0.00296619170268686, 0.00296619170268686, 0.00296619170268686, 0.00296619170268686, 0.00296619170268686, 0.00296619170268686, 0.00296619170268686, 0.00296619170268686, 0.00296619170268686, 0.00296619170268686, 0.00296619170268686, 0.00296619170268686, 0.00296619170268686, 0.00296619170268686, 0.00296619170268686, 0.00296619170268686, 0.00296619170268686, 0.00296619170268686, 0.00296619170268686, 0.00296619170268686, 0.00296619170268686, 0.00296619170268686, 0.00296619170268686, 0.00296619170268686, 0.00296619170268686, 0.00296619170268686, 0.00296619170268686, 0.00296619170268686, 0.00296619170268686, 0.00296619170268686, 0.00296619170268686, 0.00296619170268686, 0.00296619170268686, 0.00296619170268686, 0.00296619170268686, 0.00296619170268686, 0.00296619170268686, 0.00296619170268686, 0.00296619170268686, 0.00296619170268686, 0.00296619170268686, 0.00296619170268686, 0.00296619170268686, 0.00296619170268686, 0.00296619170268686, 0.00296619170268686, 0.00296619170268686, 0.00296619170268686, 0.00296619170268686, 0.00296619170268686, 0.00296619170268686], "f_regret_pool": [], "f_regret_test": [],