{"p_array": [0.001, 0.053526315789473686, 0.10605263157894737, 0.15857894736842104, 0.21110526315789474, 0.26363157894736844, 0.3161578947368421, 0.3686842105263158, 0.4212105263157895, 0.4737368421052632, 0.5262631578947369, 0.5787894736842105, 0.6313157894736842, 0.6838421052631579, 0.7363684210526316, 0.7888947368421053, 0.841421052631579, 0.8939473684210526, 0.9464736842105264, 0.999], "mean_sharpness": [-1.431390370115572, -0.5220706564255535], "sharpness_error_true_minus_model": [], "posterior_variance": [1.0252163605940763, 0.19453880325711387], "bias_mse": [], "bias_nmse": [], "f_calibration": [], "f_calibration_mse": [], "f_calibration_nmse": [], "y_calibration": [[0.0, 0.0, 0.0, 0.0, 0.10599999874830246, 0.2818000018596649, 0.38199999928474426, 0.43320000171661377, 0.4742000102996826, 0.5055999755859375, 0.5342000126838684, 0.5564000010490417, 0.5788000226020813, 0.5989999771118164, 0.6230000257492065, 0.6456000208854675, 0.6723999977111816, 0.70660001039505, 0.8101999759674072, 1.0], [0.016200000420212746, 0.10660000145435333, 0.16899999976158142, 0.2272000014781952, 0.29280000925064087, 0.3630000054836273, 0.4397999942302704, 0.5073999762535095, 0.5616000294685364, 0.6037999987602234, 0.6388000249862671, 0.6664000153541565, 0.6966000199317932, 0.7265999913215637, 0.7594000101089478, 0.7896000146865845, 0.8276000022888184, 0.8677999973297119, 0.9111999869346619, 0.9732000231742859]], "y_calibration_mse": [0.009455157452616287, 0.006458410667061816], "y_calibration_nmse": [0.10306785434579978, 0.07040121047946135], "calibration_local_dist_to_nearest_train_sample": [[0.4987223717356208, 0.6563415065352174, 0.8139606413348139, 0.9715797761344106, 1.129198910934007, 1.2868180457336038, 1.4444371805332006, 1.602056315332797, 1.7596754501323937, 1.91729458493199, 2.074913719731587, 2.2325328545311836, 2.39015198933078, 2.5477711241303767, 2.705390258929973, 2.8630093937295698, 3.0206285285291665, 3.178247663328763, 3.3358667981283596, 3.4934859329279564], [0.47823576175605775, 0.6153682865760912, 0.7525008113961248, 0.8896333362161584, 1.0267658610361918, 1.1638983858562253, 1.301030910676259, 1.4381634354962927, 1.5752959603163261, 1.7124284851363596, 1.849561009956393, 1.9866935347764265, 2.1238260595964604, 2.260958584416494, 2.3980911092365274, 2.535223634056561, 2.6723561588765943, 2.8094886836966277, 2.9466212085166616, 3.083753733336695]], "calibration_local_y": [[0.026922685902336867, 0.012077211946326166, 0.021931450400929798, 0.014599486972758502, 0.008683946073633094, 0.00899519079642935, 0.006423229356550229, 0.009713158150437298, 0.00801204796175747, 0.010740047809227788, 0.010490710183484606, 0.008517194152777855, 0.016951958479101387, 0.033242193985339445, 0.040166695978435314, 0.09866155379357315, 0.16087211836709833, 0.264031555262234, 0.2918372105263158, 0.2918372105263158], [0.039247862515061835, 0.03621408752475584, 0.03924925830621849, 0.03654647395842836, 0.027410819531817426, 0.030440948752066026, 0.01315303562522049, 0.00929537866130422, 0.0035170644245836233, 0.008839381779030455, 0.007558618028176175, 0.02959588402132308, 0.02088650938871449, 0.06995173768562098, 0.13201434566552384, 0.13881477869829514, 0.15386890482530716, 0.1901459966878287, 0.21943194707400546, 0.2229471514898636]], "elpd": [-1.452215136376126, -1.06723206648724], "expected_improvement": [null, null], "actual_improvement": [null, [[0.0572497933968632]]], "mse": [1.0679161427458113, 0.3536809092306084], "nmse": [1.0721333379688993, 0.3550775932783556], "y_regret_pool": [0.05367168130955924, 0.05367168130955924, 0.05367168130955924, 0.05367168130955924, 0.05367168130955924, 0.05367168130955924, 0.05367168130955924, 0.05367168130955924, 0.05367168130955924, 0.05367168130955924, 0.05367168130955924, 0.05367168130955924, 0.05367168130955924, 0.05367168130955924, 0.05367168130955924, 0.05367168130955924, 0.05367168130955924, 0.05367168130955924, 0.05367168130955924, 0.05367168130955924, 0.05367168130955924, 0.05367168130955924, 0.03597990487788971, 0.03597990487788971, 0.03597990487788971, 0.03597990487788971, 0.03597990487788971, 0.03597990487788971, 0.03597990487788971, 0.03597990487788971, 0.03597990487788971, 0.03597990487788971, 0.03597990487788971, 0.03597990487788971, 0.03597990487788971, 0.024848000606277454, 0.024848000606277454, 0.024848000606277454, 0.024848000606277454, 0.024848000606277454, 0.024848000606277454, 0.024848000606277454, 0.024848000606277454, 0.024848000606277454, 0.02405286458687672, 0.020275968494722685, 0.020275968494722685, 0.020275968494722685, 0.020275968494722685, 0.020275968494722685, 0.020275968494722685, 0.020275968494722685, 0.020275968494722685, 0.020275968494722685, 0.020275968494722685, 0.020275968494722685, 0.010336768252211748, 0.010336768252211748, 0.010336768252211748, 0.010336768252211748, 0.010336768252211748, 0.010336768252211748, 0.010336768252211748, 0.010336768252211748, 0.010336768252211748, 0.010336768252211748, 0.010336768252211748, 0.010336768252211748, 0.010336768252211748, 0.010336768252211748, 0.010336768252211748, 0.010336768252211748, 0.010336768252211748, 0.010336768252211748, 0.010336768252211748, 0.010336768252211748, 0.010336768252211748, 0.010336768252211748, 0.010336768252211748, 0.010336768252211748, 0.010336768252211748, 0.010336768252211748, 0.010336768252211748, 0.010336768252211748, 0.005963520145506829, 0.005963520145506829, 0.005963520145506829, 0.005963520145506829, 0.005963520145506829, 0.005963520145506829, 0.005963520145506829, 0.0, 0.0, 0.0, 0.0, 0.0, 0.0, 0.0, 0.0, 0.0, 0.0], "y_regret_test": [0.05565952135806129, 0.05565952135806129, 0.05565952135806129, 0.05565952135806129, 0.05565952135806129, 0.05565952135806129, 0.05565952135806129, 0.05565952135806129, 0.05565952135806129, 0.05565952135806129, 0.05565952135806129, 0.05565952135806129, 0.05565952135806129, 0.05565952135806129, 0.05565952135806129, 0.05565952135806129, 0.05565952135806129, 0.05565952135806129, 0.05565952135806129, 0.05565952135806129, 0.05565952135806129, 0.05565952135806129, 0.03796774492639177, 0.03796774492639177, 0.03796774492639177, 0.03796774492639177, 0.03796774492639177, 0.03796774492639177, 0.03796774492639177, 0.03796774492639177, 0.03796774492639177, 0.03796774492639177, 0.03796774492639177, 0.03796774492639177, 0.03796774492639177, 0.026835840654779508, 0.026835840654779508, 0.026835840654779508, 0.026835840654779508, 0.026835840654779508, 0.026835840654779508, 0.026835840654779508, 0.026835840654779508, 0.026835840654779508, 0.026040704635378775, 0.02226380854322474, 0.02226380854322474, 0.02226380854322474, 0.02226380854322474, 0.02226380854322474, 0.02226380854322474, 0.02226380854322474, 0.02226380854322474, 0.02226380854322474, 0.02226380854322474, 0.02226380854322474, 0.012324608300713802, 0.012324608300713802, 0.012324608300713802, 0.012324608300713802, 0.012324608300713802, 0.012324608300713802, 0.012324608300713802, 0.012324608300713802, 0.012324608300713802, 0.012324608300713802, 0.012324608300713802, 0.012324608300713802, 0.012324608300713802, 0.012324608300713802, 0.012324608300713802, 0.012324608300713802, 0.012324608300713802, 0.012324608300713802, 0.012324608300713802, 0.012324608300713802, 0.012324608300713802, 0.012324608300713802, 0.012324608300713802, 0.012324608300713802, 0.012324608300713802, 0.012324608300713802, 0.012324608300713802, 0.012324608300713802, 0.007951360194008883, 0.007951360194008883, 0.007951360194008883, 0.007951360194008883, 0.007951360194008883, 0.007951360194008883, 0.007951360194008883, 0.001987840048502054, 0.001987840048502054, 0.001987840048502054, 0.001987840048502054, 0.001987840048502054, 0.001987840048502054, 0.001987840048502054, 0.001987840048502054, 0.001987840048502054, 0.001987840048502054], "f_regret_pool": [], "f_regret_test": [],