{"p_array": [0.001, 0.053526315789473686, 0.10605263157894737, 0.15857894736842104, 0.21110526315789474, 0.26363157894736844, 0.3161578947368421, 0.3686842105263158, 0.4212105263157895, 0.4737368421052632, 0.5262631578947369, 0.5787894736842105, 0.6313157894736842, 0.6838421052631579, 0.7363684210526316, 0.7888947368421053, 0.841421052631579, 0.8939473684210526, 0.9464736842105264, 0.999], "mean_sharpness": [0.30992466468084967, -0.1439000700432372], "sharpness_error_true_minus_model": [], "posterior_variance": [0.036642773304937516, 0.08437868829605999], "bias_mse": [], "bias_nmse": [], "f_calibration": [], "f_calibration_mse": [], "f_calibration_nmse": [], "y_calibration": [[0.0737999975681305, 0.17180000245571136, 0.2003999948501587, 0.21819999814033508, 0.23520000278949738, 0.24779999256134033, 0.2653999924659729, 0.28060001134872437, 0.2946000099182129, 0.30660000443458557, 0.3197999894618988, 0.3346000015735626, 0.35019999742507935, 0.3659999966621399, 0.3815999925136566, 0.40119999647140503, 0.4196000099182129, 0.44279998540878296, 0.4742000102996826, 0.5871999859809875], [0.011800000444054604, 0.07519999891519547, 0.11320000141859055, 0.15080000460147858, 0.18639999628067017, 0.219200000166893, 0.2547999918460846, 0.31279999017715454, 0.3718000054359436, 0.4422000050544739, 0.5271999835968018, 0.6086000204086304, 0.6880000233650208, 0.7458000183105469, 0.7922000288963318, 0.8289999961853027, 0.857200026512146, 0.8867999911308289, 0.9211999773979187, 0.9876000285148621]], "y_calibration_mse": [0.07097188206270694, 0.001367106169099777], "y_calibration_nmse": [0.773643341186485, 0.014902417037278542], "calibration_local_dist_to_nearest_train_sample": [[0.48574772489633683, 0.6261761368284074, 0.766604548760478, 0.9070329606925487, 1.0474613726246194, 1.18788978455669, 1.3283181964887605, 1.4687466084208312, 1.6091750203529018, 1.7496034322849725, 1.890031844217043, 2.0304602561491136, 2.1708886680811843, 2.3113170800132545, 2.451745491945325, 2.592173903877396, 2.7326023158094666, 2.8730307277415372, 3.013459139673608, 3.1538875516056786], [0.4280259111767015, 0.5107325093891368, 0.5934391076015723, 0.6761457058140077, 0.7588523040264431, 0.8415589022388785, 0.9242655004513138, 1.0069720986637494, 1.0896786968761847, 1.17238529508862, 1.2550918933010555, 1.3377984915134908, 1.4205050897259262, 1.5032116879383617, 1.5859182861507972, 1.6686248843632323, 1.7513314825756678, 1.8340380807881034, 1.9167446790005385, 1.999451277212974]], "calibration_local_y": [[0.056442478991769254, 0.03665244647360395, 0.035414556975254655, 0.038333665601555364, 0.036626433726226156, 0.04535173087520082, 0.04578960630697498, 0.056556662432419434, 0.052861091620736364, 0.06758293188329698, 0.06907665129008973, 0.11477335235816657, 0.12460560342908147, 0.1599182659962073, 0.15625379453472155, 0.17918994688903267, 0.1576207076997135, 0.20661129394148245, 0.19217562970048346, 0.3417372105263158], [0.003645748826911143, 0.0076158298684410345, NaN, 0.006964257345522059, 0.004349407487185714, 0.004901299838618161, 0.002325190696627163, 0.002628157172817383, 0.0018414133978375785, 0.0004932010896415979, 0.0014265130992207797, 0.0024107595225252155, 0.0012842081764025787, 0.0035826103213981754, 0.0025650347527529844, 0.008273382474545999, 0.011795221300273615, 0.008225286184210527, 0.019796421052631578, 0.017328788706305914]], "elpd": [-14.252106256050512, -0.3213678400806777], "expected_improvement": [null, null], "actual_improvement": [null, [[0.3755242144640317]]], "mse": [1.1082810300891743, 0.15865021159546236], "nmse": [1.0947080744060451, 0.15670724565754404], "y_regret_pool": [0.04980427247533581, 0.04980427247533581, 0.04163637178938062, 0.04163637178938062, 0.04163637178938062, 0.04163637178938062, 0.04163637178938062, 0.04163637178938062, 0.04163637178938062, 0.04163637178938062, 0.04163637178938062, 0.04163637178938062, 0.04163637178938062, 0.04163637178938062, 0.04163637178938062, 0.04163637178938062, 0.04163637178938062, 0.04163637178938062, 0.04163637178938062, 0.04163637178938062, 0.04163637178938062, 0.04163637178938062, 0.04163637178938062, 0.04163637178938062, 0.04163637178938062, 0.04163637178938062, 0.04163637178938062, 0.04163637178938062, 0.04163637178938062, 0.04163637178938062, 0.04163637178938062, 0.04163637178938062, 0.04163637178938062, 0.04163637178938062, 0.04163637178938062, 0.025101353327569242, 0.025101353327569242, 0.025101353327569242, 0.025101353327569242, 0.025101353327569242, 0.025101353327569242, 0.025101353327569242, 0.025101353327569242, 0.025101353327569242, 0.025101353327569242, 0.025101353327569242, 0.025101353327569242, 0.025101353327569242, 0.025101353327569242, 0.025101353327569242, 0.025101353327569242, 0.025101353327569242, 0.025101353327569242, 0.025101353327569242, 0.025101353327569242, 0.025101353327569242, 0.025101353327569242, 0.025101353327569242, 0.025101353327569242, 0.025101353327569242, 0.025101353327569242, 0.025101353327569242, 0.025101353327569242, 0.025101353327569242, 0.025101353327569242, 0.025101353327569242, 0.025101353327569242, 0.025101353327569242, 0.025101353327569242, 0.025101353327569242, 0.025101353327569242, 0.025101353327569242, 0.025101353327569242, 0.025101353327569242, 0.025101353327569242, 0.025101353327569242, 0.025101353327569242, 0.025101353327569242, 0.025101353327569242, 0.025101353327569242, 0.025101353327569242, 0.025101353327569242, 0.025101353327569242, 0.025101353327569242, 0.025101353327569242, 0.025101353327569242, 0.025101353327569242, 0.025101353327569242, 0.025101353327569242, 0.025101353327569242, 0.025101353327569242, 0.025101353327569242, 0.025101353327569242, 0.025101353327569242, 0.025101353327569242, 0.025101353327569242, 0.011355374124376372, 0.011355374124376372, 0.011355374124376372, 0.011355374124376372, 0.011355374124376372],