{"p_array": [0.001, 0.053526315789473686, 0.10605263157894737, 0.15857894736842104, 0.21110526315789474, 0.26363157894736844, 0.3161578947368421, 0.3686842105263158, 0.4212105263157895, 0.4737368421052632, 0.5262631578947369, 0.5787894736842105, 0.6313157894736842, 0.6838421052631579, 0.7363684210526316, 0.7888947368421053, 0.841421052631579, 0.8939473684210526, 0.9464736842105264, 0.999], "mean_sharpness": [-1.3089618239420235, -0.16288236240863815], "sharpness_error_true_minus_model": [], "posterior_variance": [0.8025561813422427, 0.12000941864948426], "bias_mse": [], "bias_nmse": [], "f_calibration": [], "f_calibration_mse": [], "f_calibration_nmse": [], "y_calibration": [[0.0, 0.0, 0.13819999992847443, 0.3409999907016754, 0.428600013256073, 0.47999998927116394, 0.5170000195503235, 0.54339998960495, 0.5648000240325928, 0.5842000246047974, 0.6028000116348267, 0.616599977016449, 0.6338000297546387, 0.6520000100135803, 0.670199990272522, 0.6913999915122986, 0.7160000205039978, 0.7555999755859375, 1.0, 1.0], [0.07100000232458115, 0.22200000286102295, 0.28940001130104065, 0.35019999742507935, 0.4032000005245209, 0.44920000433921814, 0.503000020980835, 0.550599992275238, 0.5902000069618225, 0.6236000061035156, 0.6589999794960022, 0.6880000233650208, 0.715399980545044, 0.7429999709129333, 0.767799973487854, 0.7982000112533569, 0.8253999948501587, 0.8574000000953674, 0.8924000263214111, 0.9606000185012817]], "y_calibration_mse": [0.014745351866970405, 0.017057764563601557], "y_calibration_nmse": [0.16073468750982509, 0.1859416093615399], "calibration_local_dist_to_nearest_train_sample": [[0.5034046110189745, 0.6631495549223997, 0.8228944988258249, 0.98263944272925, 1.142384386632675, 1.3021293305361001, 1.4618742744395254, 1.6216192183429505, 1.7813641622463756, 1.9411091061498007, 2.100854050053226, 2.260598993956651, 2.4203439378600766, 2.5800888817635013, 2.739833825666927, 2.8995787695703514, 3.059323713473777, 3.2190686573772016, 3.378813601280627, 3.538558545184052], [0.4583005705147703, 0.5729414739139913, 0.6875823773132124, 0.8022232807124334, 0.9168641841116544, 1.0315050875108756, 1.1461459909100964, 1.2607868943093175, 1.3754277977085385, 1.4900687011077594, 1.6047096045069806, 1.7193505079062015, 1.8339914113054228, 1.9486323147046436, 2.0632732181038644, 2.1779141215030857, 2.2925550249023066, 2.4071959283015274, 2.5218368317007487, 2.6364777350999695]], "calibration_local_y": [[0.016544578375979637, 0.005861568622812416, 0.006689484257587001, 0.01750859117523847, 0.018581296944801148, 0.01609884967717667, 0.0264120809066467, 0.020469562756782057, 0.022178949248055337, 0.01658988328645474, 0.012626634940181482, 0.01396583975289489, 0.012715555143704909, 0.01134532496530886, 0.010249964615748756, 0.009223224563930644, 0.011146595501306793, 0.043512825283058956, 0.0461450230263158, 0.10146410958280976], [0.011633282479112526, 0.007274076867535488, 0.014953414359373682, 0.020089730568112564, 0.03754274531087375, 0.03669053577028555, 0.02948958859047211, 0.0299731655298602, 0.02349596642211755, 0.017034046384428975, 0.010662542278943206, 0.007505342692517565, 0.00714669069222309, 0.0023463042077674834, 0.0027151957499945392, 0.002377354322704986, 0.01711297586891414, 0.02762669746946353, 0.0479809768885978, 0.020810894736842105]], "elpd": [-1.4305995577016313, -1.6331697165646613], "expected_improvement": [null, null], "actual_improvement": [null, [[0.3130608736024]]], "mse": [0.9977984115687137, 0.36851300083830646], "nmse": [1.0088495503865829, 0.3725944748928211], "y_regret_pool": [0.010208506747904522, 0.010208506747904522, 0.010208506747904522, 0.010208506747904522, 0.010208506747904522, 0.010208506747904522, 0.010208506747904522, 0.010208506747904522, 0.010208506747904522, 0.010208506747904522, 0.010208506747904522, 0.010208506747904522, 0.010208506747904522, 0.010208506747904522, 0.010208506747904522, 0.010208506747904522, 0.010208506747904522, 0.010208506747904522, 0.010208506747904522, 0.010208506747904522, 0.010208506747904522, 0.010208506747904522, 0.010208506747904522, 0.010208506747904522, 0.010208506747904522, 0.010208506747904522, 0.010208506747904522, 0.010208506747904522, 0.010208506747904522, 0.010208506747904522, 0.010208506747904522, 0.010208506747904522, 0.010208506747904522, 0.010208506747904522, 0.010208506747904522, 0.010208506747904522, 0.010208506747904522, 0.010208506747904522, 0.010208506747904522, 0.010208506747904522, 0.010208506747904522, 0.010208506747904522, 0.010208506747904522, 0.010208506747904522, 0.010208506747904522, 0.010208506747904522, 0.010208506747904522, 0.010208506747904522, 0.010208506747904522, 0.010208506747904522, 0.010208506747904522, 0.010208506747904522, 0.010208506747904522, 0.010208506747904522, 0.010208506747904522, 0.010208506747904522, 0.010208506747904522, 0.010208506747904522, 0.010208506747904522, 0.010208506747904522, 0.010208506747904522, 0.010208506747904522, 0.010208506747904522, 0.0030025019846775525, 0.0030025019846775525, 0.0030025019846775525, 0.0030025019846775525, 0.0030025019846775525, 0.0030025019846775525, 0.0030025019846775525, 0.0, 0.0, 0.0, 0.0, 0.0, 0.0, 0.0, 0.0, 0.0, 0.0, 0.0, 0.0, 0.0, 0.0, 0.0, 0.0, 0.0, 0.0, 0.0, 0.0, 0.0, 0.0, 0.0, 0.0, 0.0, 0.0, 0.0, 0.0, 0.0, 0.0, 0.0], "y_regret_test": [0.014412009526453495, 0.014412009526453495, 0.014412009526453495, 0.014412009526453495, 0.014412009526453495, 0.014412009526453495, 0.014412009526453495, 0.014412009526453495, 0.014412009526453495, 0.014412009526453495, 0.014412009526453495, 0.014412009526453495, 0.014412009526453495, 0.014412009526453495, 0.014412009526453495, 0.014412009526453495, 0.014412009526453495, 0.014412009526453495, 0.014412009526453495, 0.014412009526453495, 0.014412009526453495, 0.014412009526453495, 0.014412009526453495, 0.014412009526453495, 0.014412009526453495, 0.014412009526453495, 0.014412009526453495, 0.014412009526453495, 0.014412009526453495, 0.014412009526453495, 0.014412009526453495, 0.014412009526453495, 0.014412009526453495, 0.014412009526453495, 0.014412009526453495, 0.014412009526453495, 0.014412009526453495, 0.014412009526453495, 0.014412009526453495, 0.014412009526453495, 0.014412009526453495, 0.014412009526453495, 0.014412009526453495, 0.014412009526453495, 0.014412009526453495, 0.014412009526453495, 0.014412009526453495, 0.014412009526453495, 0.014412009526453495, 0.014412009526453495, 0.014412009526453495, 0.014412009526453495, 0.014412009526453495, 0.014412009526453495, 0.014412009526453495, 0.014412009526453495, 0.014412009526453495, 0.014412009526453495, 0.014412009526453495, 0.014412009526453495, 0.014412009526453495, 0.014412009526453495, 0.014412009526453495, 0.007206004763226526, 0.007206004763226526, 0.007206004763226526, 0.007206004763226526, 0.007206004763226526, 0.007206004763226526, 0.007206004763226526, 0.004203502778548973, 0.004203502778548973, 0.004203502778548973, 0.004203502778548973, 0.004203502778548973, 0.004203502778548973, 0.004203502778548973, 0.004203502778548973, 0.004203502778548973, 0.004203502778548973, 0.004203502778548973, 0.004203502778548973, 0.004203502778548973, 0.004203502778548973, 0.004203502778548973, 0.004203502778548973, 0.004203502778548973, 0.004203502778548973, 0.004203502778548973, 0.004203502778548973, 0.004203502778548973, 0.004203502778548973, 0.004203502778548973, 0.004203502778548973, 0.004203502778548973, 0.004203502778548973, 0.004203502778548973, 0.004203502778548973, 0.004203502778548973, 0.004203502778548973, 0.004203502778548973], "f_regret_pool": [], "f_regret_test": [],