{"p_array": [0.001, 0.053526315789473686, 0.10605263157894737, 0.15857894736842104, 0.21110526315789474, 0.26363157894736844, 0.3161578947368421, 0.3686842105263158, 0.4212105263157895, 0.4737368421052632, 0.5262631578947369, 0.5787894736842105, 0.6313157894736842, 0.6838421052631579, 0.7363684210526316, 0.7888947368421053, 0.841421052631579, 0.8939473684210526, 0.9464736842105264, 0.999], "mean_sharpness": [-0.6422873726117633, 0.026368089504861535], "sharpness_error_true_minus_model": [], "posterior_variance": [0.4739002798214925, 0.11802989739193237], "bias_mse": [], "bias_nmse": [], "f_calibration": [], "f_calibration_mse": [], "f_calibration_nmse": [], "y_calibration": [[0.009999999776482582, 0.03819999843835831, 0.08479999750852585, 0.18479999899864197, 0.3027999997138977, 0.3824000060558319, 0.426800012588501, 0.45179998874664307, 0.47380000352859497, 0.49160000681877136, 0.5117999911308289, 0.5350000262260437, 0.5564000010490417, 0.5740000009536743, 0.6182000041007996, 0.6340000033378601, 0.7203999757766724, 0.7383999824523926, 0.7799999713897705, 0.895799994468689], [0.00039999998989515007, 0.014399999752640724, 0.04399999976158142, 0.07980000227689743, 0.12060000002384186, 0.16120000183582306, 0.19539999961853027, 0.2298000007867813, 0.2678000032901764, 0.3043999969959259, 0.3447999954223633, 0.38440001010894775, 0.42419999837875366, 0.46140000224113464, 0.5680000185966492, 0.5996000170707703, 0.6448000073432922, 0.7071999907493591, 0.7657999992370605, 0.9172000288963318]], "y_calibration_mse": [0.009058448924345663, 0.02282474931517226], "y_calibration_nmse": [0.09874345287343515, 0.2488057919378826], "calibration_local_dist_to_nearest_train_sample": [[0.4869501588052503, 0.6286464202047508, 0.7703426816042513, 0.9120389430037519, 1.0537352044032524, 1.195431465802753, 1.3371277272022535, 1.478823988601754, 1.6205202500012545, 1.762216511400755, 1.9039127728002556, 2.045609034199756, 2.1873052955992565, 2.329001556998757, 2.4706978183982575, 2.6123940797977583, 2.754090341197259, 2.8957866025967594, 3.0374828639962597, 3.1791791253957604], [0.4708359616582252, 0.5964180259107009, 0.7220000901631767, 0.8475821544156523, 0.973164218668128, 1.0987462829206036, 1.2243283471730795, 1.3499104114255551, 1.4754924756780308, 1.6010745399305064, 1.7266566041829823, 1.852238668435458, 1.9778207326879336, 2.1034027969404097, 2.228984861192885, 2.3545669254453605, 2.4801489896978364, 2.6057310539503122, 2.731313118202788, 2.856895182455263]], "calibration_local_y": [[0.03607872986225641, 0.002625821725956147, 0.010669204407741198, 0.003981199041744476, 0.005743989187587489, 0.0066479687643763484, 0.005579985125173526, 0.007781367346293183, 0.007736653126692297, 0.0096747522484249, 0.010844924558646583, 0.016491358555414372, 0.012707330587127943, 0.02329570968653778, 0.025243801207201284, 0.034878545742555354, 0.02666538995727073, 0.008391420714967486, 0.13363572843473426, 0.03393366353810085], [0.006081081186354193, 0.0015504263381675553, 0.002230099107787623, 0.00040168049359601943, 0.0016805723670780797, 0.011019393639100112, 0.02466545598271227, 0.04899503395050346, 0.059697569222303126, 0.07825394490824727, 0.0984427428474622, 0.12791689063293846, 0.17408816779629793, 0.1946832770964755, 0.13487489423678675, 0.10658656057872722, 0.12817432772443368, 0.09443562998375465, 0.0994345789473684, 0.07317142105263158]], "elpd": [-42748413308358.39, -1.004428661617993], "expected_improvement": [null, null], "actual_improvement": [null, [[0.16901821195318067]]], "mse": [0.8715576215080655, 0.354345160656601], "nmse": [0.8806013542823838, 0.35802202936128424], "y_regret_pool": [0.13975357454785997, 0.13975357454785997, 0.019907916602259323, 0.019907916602259323, 0.019907916602259323, 0.019907916602259323, 0.019907916602259323, 0.019907916602259323, 0.019907916602259323, 0.019907916602259323, 0.019907916602259323, 0.019907916602259323, 0.019907916602259323, 0.0, 0.0, 0.0, 0.0, 0.0, 0.0, 0.0, 0.0, 0.0, 0.0, 0.0, 0.0, 0.0, 0.0, 0.0, 0.0, 0.0, 0.0, 0.0, 0.0, 0.0, 0.0, 0.0, 0.0, 0.0, 0.0, 0.0, 0.0, 0.0, 0.0, 0.0, 0.0, 0.0, 0.0, 0.0, 0.0, 0.0, 0.0, 0.0, 0.0, 0.0, 0.0, 0.0, 0.0, 0.0, 0.0, 0.0, 0.0, 0.0, 0.0, 0.0, 0.0, 0.0, 0.0, 0.0, 0.0, 0.0, 0.0, 0.0, 0.0, 0.0, 0.0, 0.0, 0.0, 0.0, 0.0, 0.0, 0.0, 0.0, 0.0, 0.0, 0.0, 0.0, 0.0, 0.0, 0.0, 0.0, 0.0, 0.0, 0.0, 0.0, 0.0, 0.0, 0.0, 0.0, 0.0, 0.0, 0.0], "y_regret_test": [0.14433239536637932, 0.14433239536637932, 0.02448673742077867, 0.02448673742077867, 0.02448673742077867, 0.02448673742077867, 0.02448673742077867, 0.02448673742077867, 0.02448673742077867, 0.02448673742077867, 0.02448673742077867, 0.02448673742077867, 0.02448673742077867, 0.004578820818519347, 0.004578820818519347, 0.004578820818519347, 0.004578820818519347, 0.004578820818519347, 0.004578820818519347, 0.004578820818519347, 0.004578820818519347, 0.004578820818519347, 0.004578820818519347, 0.004578820818519347, 0.004578820818519347, 0.004578820818519347, 0.004578820818519347, 0.004578820818519347, 0.004578820818519347, 0.004578820818519347, 0.004578820818519347, 0.004578820818519347, 0.004578820818519347, 0.004578820818519347, 0.004578820818519347, 0.004578820818519347, 0.004578820818519347, 0.004578820818519347, 0.004578820818519347, 0.004578820818519347, 0.004578820818519347, 0.004578820818519347, 0.004578820818519347, 0.004578820818519347, 0.004578820818519347, 0.004578820818519347, 0.004578820818519347, 0.004578820818519347, 0.004578820818519347, 0.004578820818519347, 0.004578820818519347, 0.004578820818519347, 0.004578820818519347, 0.004578820818519347, 0.004578820818519347, 0.004578820818519347, 0.004578820818519347, 0.004578820818519347, 0.004578820818519347, 0.004578820818519347, 0.004578820818519347, 0.004578820818519347, 0.004578820818519347, 0.004578820818519347, 0.004578820818519347, 0.004578820818519347, 0.004578820818519347, 0.004578820818519347, 0.004578820818519347, 0.004578820818519347, 0.004578820818519347, 0.004578820818519347, 0.004578820818519347, 0.004578820818519347, 0.004578820818519347, 0.004578820818519347, 0.004578820818519347, 0.004578820818519347, 0.004578820818519347, 0.004578820818519347, 0.004578820818519347, 0.004578820818519347, 0.004578820818519347, 0.004578820818519347, 0.004578820818519347, 0.004578820818519347, 0.004578820818519347, 0.004578820818519347, 0.004578820818519347, 0.004578820818519347, 0.004578820818519347, 0.004578820818519347, 0.004578820818519347, 0.004578820818519347, 0.004578820818519347, 0.004578820818519347, 0.004578820818519347, 0.004578820818519347, 0.004578820818519347, 0.004578820818519347, 0.004578820818519347], "f_regret_pool": [], "f_regret_test": [], "x_y_opt_dist_pool": [1.6690173987071435, 1.6690173987071435, 1.6690173987071435, 1.0426548339642205, 1.0426548339642205, 1.0426548339642205, 1.0426548339642205, 1.0426548339642205, 1.0426548339642205, 1.0426548339642205, 1.0426548339642205, 1.0426548339642205, 1.0426548339642205, 1.0426548339642205, 0.0, 0.0, 0.0, 0.0, 0.0, 0.0, 0.0, 0.0, 0.0, 0.0, 0.0, 0.0, 0.0, 0.0, 0.0, 0.0, 0.0, 0.0, 0.0, 0.0, 0.0, 0.0, 0.0, 0.0, 0.0, 0.0, 0.0, 0.0, 0.0, 0.0, 0.0, 0.0, 0.0, 0.0, 0.0, 0.0, 0.0, 0.0, 0.0, 0.0, 0.0, 0.0, 0.0, 0.0, 0.0, 0.0, 0.0, 0.0, 0.0, 0.0, 0.0, 0.0, 0.0, 0.0, 0.0, 0.0, 0.0, 0.0, 0.0, 0.0, 0.0, 0.0, 0.0, 0.0, 0.0, 0.0, 0.0, 0.0, 0.0, 0.0, 0.0, 0.0, 0.0, 0.0, 0.0, 0.0, 0.0, 0.0, 0.0, 0.0, 0.0, 0.0, 0.0, 0.0, 0.0, 0.0, 0.0, 0.0, 0.0], "x_f_opt_dist_pool": [],