{"p_array": [0.001, 0.053526315789473686, 0.10605263157894737, 0.15857894736842104, 0.21110526315789474, 0.26363157894736844, 0.3161578947368421, 0.3686842105263158, 0.4212105263157895, 0.4737368421052632, 0.5262631578947369, 0.5787894736842105, 0.6313157894736842, 0.6838421052631579, 0.7363684210526316, 0.7888947368421053, 0.841421052631579, 0.8939473684210526, 0.9464736842105264, 0.999], "mean_sharpness": [0.8699147543953095, 0.20511728528427461], "sharpness_error_true_minus_model": [], "posterior_variance": [0.010948554853164386, 0.0497029090994828], "bias_mse": [], "bias_nmse": [], "f_calibration": [], "f_calibration_mse": [], "f_calibration_nmse": [], "y_calibration": [[0.4973999857902527, 0.5306000113487244, 0.5388000011444092, 0.5422000288963318, 0.5442000031471252, 0.546999990940094, 0.5486000180244446, 0.5519999861717224, 0.5551999807357788, 0.5569999814033508, 0.5595999956130981, 0.5608000159263611, 0.5626000165939331, 0.5655999779701233, 0.5685999989509583, 0.5712000131607056, 0.574999988079071, 0.5794000029563904, 0.5831999778747559, 0.6086000204086304], [0.15760000050067902, 0.33399999141693115, 0.3901999890804291, 0.4235999882221222, 0.44839999079704285, 0.4749999940395355, 0.48919999599456787, 0.5052000284194946, 0.5127999782562256, 0.5210000276565552, 0.5271999835968018, 0.5320000052452087, 0.5360000133514404, 0.5411999821662903, 0.545799970626831, 0.5511999726295471, 0.5586000084877014, 0.5649999976158142, 0.5771999955177307, 0.6187999844551086]], "y_calibration_mse": [0.08310963981848421, 0.050394962430532354], "y_calibration_nmse": [0.9059534221900428, 0.5493404709103948], "calibration_local_dist_to_nearest_train_sample": [[0.5182002032062423, 0.6872734658020533, 0.8563467283978643, 1.0254199909936754, 1.1944932535894865, 1.3635665161852975, 1.5326397787811086, 1.7017130413769197, 1.8707863039727308, 2.039859566568542, 2.208932829164353, 2.378006091760164, 2.547079354355975, 2.716152616951786, 2.8852258795475976, 3.0542991421434085, 3.2233724047392194, 3.3924456673350303, 3.561518929930841, 3.7305921925266525], [0.5066500556209719, 0.666824619079572, 0.8269991825381722, 0.9871737459967724, 1.1473483094553727, 1.3075228729139727, 1.467697436372573, 1.6278719998311733, 1.7880465632897735, 1.9482211267483738, 2.108395690206974, 2.2685702536655743, 2.428744817124174, 2.5889193805827744, 2.7490939440413746, 2.909268507499975, 3.069443070958575, 3.2296176344171754, 3.3897921978757757, 3.549966761334376]], "calibration_local_y": [[0.0775699676019254, 0.08649060011155826, 0.09093408640512293, 0.10204326138627448, 0.1170333430418348, 0.10447173884222738, 0.10009353104772353, 0.09589987911526274, 0.09136447678257527, 0.08491221038499712, 0.0804637337905454, 0.07840303904163674, 0.08285155985943712, 0.0853633845248601, 0.12514468753447924, 0.16077713281583178, 0.10359552063352925, 0.188532074131491, 0.13473984210526313, 0.3417372105263158], [0.06328821320474144, 0.04811340961115559, 0.05174376873136014, 0.059088218088015655, 0.052425113989939695, 0.06006249845159208, 0.05957807584467349, 0.05480279264660286, 0.05627670894629501, 0.05928373875542821, 0.06957783871378756, 0.07395068273905041, 0.09939374225174753, 0.17731560059821064, 0.2089998990873604, 0.287456737040461, 0.32202005305932774, 0.3417372105263158, 0.24908030263157893, 0.3417372105263158]], "elpd": [-53.14329865931824, -23.437986045380732], "expected_improvement": [null, null], "actual_improvement": [null, [[0.24864128461754376]]], "mse": [0.9803634796861647, 0.9553266139242951], "nmse": [0.9803099639263637, 0.9552744648687034], "y_regret_pool": [0.06509663736584193, 0.06509663736584193, 0.06509663736584193, 0.06509663736584193, 0.06509663736584193, 0.06509663736584193, 0.06509663736584193, 0.06509663736584193, 0.06509663736584193, 0.06509663736584193, 0.06509663736584193, 0.06509663736584193, 0.06509663736584193, 0.06509663736584193, 0.06509663736584193, 0.06509663736584193, 0.0065693854222408365, 0.0065693854222408365, 0.0065693854222408365, 0.004777734852538629, 0.004777734852538629, 0.004777734852538629, 0.0033842288538814547, 0.0033842288538814547, 0.0033842288538814547, 0.0033842288538814547, 0.0, 0.0, 0.0, 0.0, 0.0, 0.0, 0.0, 0.0, 0.0, 0.0, 0.0, 0.0, 0.0, 0.0, 0.0, 0.0, 0.0, 0.0, 0.0, 0.0, 0.0, 0.0, 0.0, 0.0, 0.0, 0.0, 0.0, 0.0, 0.0, 0.0, 0.0, 0.0, 0.0, 0.0, 0.0, 0.0, 0.0, 0.0, 0.0, 0.0, 0.0, 0.0, 0.0, 0.0, 0.0, 0.0, 0.0, 0.0, 0.0, 0.0, 0.0, 0.0, 0.0, 0.0, 0.0, 0.0, 0.0, 0.0, 0.0, 0.0, 0.0, 0.0, 0.0, 0.0, 0.0, 0.0, 0.0, 0.0, 0.0, 0.0, 0.0, 0.0, 0.0, 0.0, 0.0], "y_regret_test": [0.06449942050927482, 0.06449942050927482, 0.06449942050927482, 0.06449942050927482, 0.06449942050927482, 0.06449942050927482, 0.06449942050927482, 0.06449942050927482, 0.06449942050927482, 0.06449942050927482, 0.06449942050927482, 0.06449942050927482, 0.06449942050927482, 0.06449942050927482, 0.06449942050927482, 0.06449942050927482, 0.00597216856567373, 0.00597216856567373, 0.00597216856567373, 0.004180517995971522, 0.004180517995971522, 0.004180517995971522, 0.002787011997314348, 0.002787011997314348, 0.002787011997314348, 0.002787011997314348, 0.0005972168565671065, 0.0005972168565671065, 0.0005972168565671065, 0.0005972168565671065, 0.0005972168565671065, 0.0005972168565671065, 0.0005972168565671065, 0.0005972168565671065, 0.0005972168565671065, 0.0005972168565671065, 0.0005972168565671065, 0.0005972168565671065, 0.0005972168565671065, 0.0005972168565671065, 0.0005972168565671065, 0.0005972168565671065, 0.0005972168565671065, 0.0005972168565671065, 0.0005972168565671065, 0.0005972168565671065, 0.0005972168565671065, 0.0005972168565671065, 0.0005972168565671065, 0.0005972168565671065, 0.0005972168565671065, 0.0005972168565671065, 0.0005972168565671065, 0.0005972168565671065, 0.0005972168565671065, 0.0005972168565671065, 0.0005972168565671065, 0.0005972168565671065, 0.0005972168565671065, 0.0005972168565671065, 0.0005972168565671065, 0.0005972168565671065, 0.0005972168565671065, 0.0005972168565671065, 0.0005972168565671065, 0.0005972168565671065, 0.0005972168565671065, 0.0005972168565671065, 0.0005972168565671065, 0.0005972168565671065, 0.0005972168565671065, 0.0005972168565671065, 0.0005972168565671065, 0.0005972168565671065, 0.0005972168565671065, 0.0005972168565671065, 0.0005972168565671065, 0.0005972168565671065, 0.0005972168565671065, 0.0005972168565671065, 0.0005972168565671065, 0.0005972168565671065, 0.0005972168565671065, 0.0005972168565671065, 0.0005972168565671065, 0.0005972168565671065, 0.0005972168565671065, 0.0005972168565671065, 0.0005972168565671065, 0.0005972168565671065, 0.0005972168565671065, 0.0005972168565671065, 0.0005972168565671065, 0.0005972168565671065, 0.0005972168565671065, 0.0005972168565671065, 0.0005972168565671065, 0.0005972168565671065, 0.0005972168565671065, 0.0005972168565671065, 0.0005972168565671065], "f_regret_pool": [], "f_regret_test": [], "x_y_opt_dist_pool": [1.9309971047622845, 1.9309971047622845, 1.9309971047622845, 1.9309971047622845, 1.9309971047622845, 1.9309971047622845, 1.9309971047622845, 1.9309971047622845, 1.9309971047622845, 1.9309971047622845, 1.9309971047622845, 1.9309971047622845, 1.9309971047622845, 1.9309971047622845, 1.9309971047622845, 1.9309971047622845, 1.9309971047622845, 0.49439667163520373, 0.49439667163520373, 0.49439667163520373, 0.4899588444261239, 0.4899588444261239, 0.4899588444261239, 0.6947254019859272, 0.6947254019859272, 0.6947254019859272, 0.6947254019859272, 0.0, 0.0, 0.0, 0.0, 0.0, 0.0, 0.0, 0.0, 0.0, 0.0, 0.0, 0.0, 0.0, 0.0, 0.0, 0.0, 0.0, 0.0, 0.0, 0.0, 0.0, 0.0, 0.0, 0.0, 0.0, 0.0, 0.0, 0.0, 0.0, 0.0, 0.0, 0.0, 0.0, 0.0, 0.0, 0.0, 0.0, 0.0, 0.0, 0.0, 0.0, 0.0, 0.0, 0.0, 0.0, 0.0, 0.0, 0.0, 0.0, 0.0, 0.0, 0.0, 0.0, 0.0, 0.0, 0.0, 0.0, 0.0, 0.0, 0.0, 0.0, 0.0, 0.0, 0.0, 0.0, 0.0, 0.0, 0.0, 0.0, 0.0, 0.0, 0.0, 0.0, 0.0, 0.0, 0.0], "x_f_opt_dist_pool": [],