{"p_array": [0.001, 0.053526315789473686, 0.10605263157894737, 0.15857894736842104, 0.21110526315789474, 0.26363157894736844, 0.3161578947368421, 0.3686842105263158, 0.4212105263157895, 0.4737368421052632, 0.5262631578947369, 0.5787894736842105, 0.6313157894736842, 0.6838421052631579, 0.7363684210526316, 0.7888947368421053, 0.841421052631579, 0.8939473684210526, 0.9464736842105264, 0.999], "mean_sharpness": [0.7755962207029268, 0.9642317989621498], "sharpness_error_true_minus_model": [], "posterior_variance": [0.01324076638365902, 0.008835914509469295], "bias_mse": [], "bias_nmse": [], "f_calibration": [], "f_calibration_mse": [], "f_calibration_nmse": [], "y_calibration": [[0.42500001192092896, 0.49959999322891235, 0.5091999769210815, 0.5188000202178955, 0.5249999761581421, 0.5297999978065491, 0.5333999991416931, 0.5364000201225281, 0.5400000214576721, 0.5429999828338623, 0.545799970626831, 0.5472000241279602, 0.5501999855041504, 0.5526000261306763, 0.5555999875068665, 0.5583999752998352, 0.5616000294685364, 0.5658000111579895, 0.5717999935150146, 0.5947999954223633], [0.487199991941452, 0.5234000086784363, 0.531000018119812, 0.534600019454956, 0.5393999814987183, 0.5428000092506409, 0.545799970626831, 0.548799991607666, 0.550599992275238, 0.5523999929428101, 0.5544000267982483, 0.5551999807357788, 0.5565999746322632, 0.5577999949455261, 0.5605999827384949, 0.5640000104904175, 0.5663999915122986, 0.5705999732017517, 0.5745999813079834, 0.59579998254776]], "y_calibration_mse": [0.07676893595439013, 0.08291514039067233], "y_calibration_nmse": [0.8368352985004721, 0.9038332418761221], "calibration_local_dist_to_nearest_train_sample": [[0.5126890179875845, 0.6811993323671673, 0.8497096467467502, 1.018219961126333, 1.1867302755059157, 1.3552405898854987, 1.5237509042650814, 1.6922612186446642, 1.860771533024247, 2.02928184740383, 2.1977921617834126, 2.3663024761629954, 2.5348127905425786, 2.703323104922161, 2.871833419301744, 3.0403437336813264, 3.2088540480609096, 3.377364362440492, 3.545874676820075, 3.7143849911996574], [0.49983763900936734, 0.6554965744107332, 0.811155509812099, 0.9668144452134648, 1.1224733806148306, 1.2781323160161966, 1.4337912514175624, 1.5894501868189281, 1.745109122220294, 1.9007680576216597, 2.0564269930230257, 2.2120859284243917, 2.367744863825757, 2.523403799227123, 2.6790627346284888, 2.8347216700298548, 2.9903806054312208, 3.1460395408325863, 3.3016984762339523, 3.4573574116353183]], "calibration_local_y": [[0.21469531000203843, 0.25717113322368423, 0.21666549154802278, 0.17701586281137674, 0.13919533542035978, 0.12068355845300387, 0.09424442443916245, 0.07432194637296453, 0.07640167550082483, 0.08214622698029699, 0.08867741002038024, 0.09533206379589336, 0.11929715186831827, 0.12454982750482979, 0.10379549568934499, 0.14245974080741106, 0.16618097821928798, 0.3417372105263158, 0.3417372105263158, 0.3417372105263158], [0.1888809678006716, 0.21207709674708836, 0.2051235273932555, 0.1861280050389724, 0.16224094556476626, 0.1278187823415291, 0.11217756298097026, 0.08669694758962868, 0.07957213929067153, 0.08268434178706222, 0.09572384776516925, 0.1077935546064321, 0.13748542063293914, 0.18005365907373855, 0.20789092969526157, 0.25107097312234933, 0.2880233536954375, 0.33306861523896425, 0.3417372105263158, 0.3417372105263158]], "elpd": [-41.57870298047849, -56.137757839675736], "expected_improvement": [null, null], "actual_improvement": [null, [[0.37949490288561694]]], "mse": [0.9679857122588841, 0.9667132760750224], "nmse": [0.9667410016911631, 0.9654702017037294], "y_regret_pool": [0.06281707535941616, 0.06281707535941616, 0.06281707535941616, 0.06281707535941616, 0.06281707535941616, 0.06281707535941616, 0.06281707535941616, 0.06281707535941616, 0.06281707535941616, 0.06281707535941616, 0.06281707535941616, 0.06281707535941616, 0.06281707535941616, 0.06281707535941616, 0.06281707535941616, 0.06281707535941616, 0.06281707535941616, 0.06281707535941616, 0.06281707535941616, 0.06281707535941616, 0.06281707535941616, 0.05823043176174436, 0.03449953662596483, 0.03449953662596483, 0.03449953662596483, 0.03449953662596483, 0.03449953662596483, 0.03449953662596483, 0.03449953662596483, 0.03449953662596483, 0.03449953662596483, 0.03449953662596483, 0.03449953662596483, 0.03449953662596483, 0.03449953662596483, 0.03449953662596483, 0.03449953662596483, 0.03449953662596483, 0.03449953662596483, 0.03449953662596483, 0.03449953662596483, 0.03449953662596483, 0.03449953662596483, 0.03449953662596483, 0.03449953662596483, 0.03449953662596483, 0.03449953662596483, 0.03449953662596483, 0.03449953662596483, 0.03449953662596483, 0.03449953662596483, 0.03449953662596483, 0.03449953662596483, 0.03449953662596483, 0.03449953662596483, 0.03449953662596483, 0.03449953662596483, 0.03449953662596483, 0.03449953662596483, 0.03449953662596483, 0.03449953662596483, 0.018346574390686543, 0.018346574390686543, 0.018346574390686543, 0.018346574390686543, 0.018346574390686543, 0.018346574390686543, 0.018346574390686543, 0.018346574390686543, 0.018346574390686543, 0.018346574390686543, 0.018346574390686543, 0.018346574390686543, 0.018346574390686543, 0.018346574390686543, 0.018346574390686543, 0.018346574390686543, 0.018346574390686543, 0.018346574390686543, 0.018346574390686543, 0.018346574390686543, 0.018346574390686543, 0.018346574390686543, 0.018346574390686543, 0.018346574390686543, 0.018346574390686543, 0.018346574390686543, 0.018346574390686543, 0.018346574390686543, 0.018346574390686543, 0.018346574390686543, 0.018346574390686543, 0.018346574390686543, 0.018346574390686543, 0.018346574390686543, 0.018346574390686543, 0.018346574390686543, 0.018346574390686543, 0.018346574390686543, 0.018346574390686543, 0.018346574390686543], "y_regret_test": [0.0622188174988505, 0.0622188174988505, 0.0622188174988505, 0.0622188174988505, 0.0622188174988505, 0.0622188174988505, 0.0622188174988505, 0.0622188174988505, 0.0622188174988505, 0.0622188174988505, 0.0622188174988505, 0.0622188174988505, 0.0622188174988505, 0.0622188174988505, 0.0622188174988505, 0.0622188174988505, 0.0622188174988505, 0.0622188174988505, 0.0622188174988505, 0.0622188174988505, 0.0622188174988505, 0.057632173901178696, 0.03390127876539917, 0.03390127876539917, 0.03390127876539917, 0.03390127876539917, 0.03390127876539917, 0.03390127876539917, 0.03390127876539917, 0.03390127876539917, 0.03390127876539917, 0.03390127876539917, 0.03390127876539917, 0.03390127876539917, 0.03390127876539917, 0.03390127876539917, 0.03390127876539917, 0.03390127876539917, 0.03390127876539917, 0.03390127876539917, 0.03390127876539917, 0.03390127876539917, 0.03390127876539917, 0.03390127876539917, 0.03390127876539917, 0.03390127876539917, 0.03390127876539917, 0.03390127876539917, 0.03390127876539917, 0.03390127876539917, 0.03390127876539917, 0.03390127876539917, 0.03390127876539917, 0.03390127876539917, 0.03390127876539917, 0.03390127876539917, 0.03390127876539917, 0.03390127876539917, 0.03390127876539917, 0.03390127876539917, 0.03390127876539917, 0.017748316530120878, 0.017748316530120878, 0.017748316530120878, 0.017748316530120878, 0.017748316530120878, 0.017748316530120878, 0.017748316530120878, 0.017748316530120878, 0.017748316530120878, 0.017748316530120878, 0.017748316530120878, 0.017748316530120878, 0.017748316530120878, 0.017748316530120878, 0.017748316530120878, 0.017748316530120878, 0.017748316530120878, 0.017748316530120878, 0.017748316530120878, 0.017748316530120878, 0.017748316530120878, 0.017748316530120878, 0.017748316530120878, 0.017748316530120878, 0.017748316530120878, 0.017748316530120878, 0.017748316530120878, 0.017748316530120878, 0.017748316530120878, 0.017748316530120878, 0.017748316530120878, 0.017748316530120878, 0.017748316530120878, 0.017748316530120878, 0.017748316530120878, 0.017748316530120878, 0.017748316530120878, 0.017748316530120878, 0.017748316530120878, 0.017748316530120878], "f_regret_pool": [], "f_regret_test": [],