{"p_array": [0.001, 0.053526315789473686, 0.10605263157894737, 0.15857894736842104, 0.21110526315789474, 0.26363157894736844, 0.3161578947368421, 0.3686842105263158, 0.4212105263157895, 0.4737368421052632, 0.5262631578947369, 0.5787894736842105, 0.6313157894736842, 0.6838421052631579, 0.7363684210526316, 0.7888947368421053, 0.841421052631579, 0.8939473684210526, 0.9464736842105264, 0.999], "mean_sharpness": [-1.0174159571889545, -0.5907357288025461], "sharpness_error_true_minus_model": [], "posterior_variance": [0.4864815105617575, 0.21591084838384514], "bias_mse": [], "bias_nmse": [], "f_calibration": [], "f_calibration_mse": [], "f_calibration_nmse": [], "y_calibration": [[0.0, 0.004800000227987766, 0.024000000208616257, 0.07680000364780426, 0.17479999363422394, 0.2847999930381775, 0.35339999198913574, 0.40779998898506165, 0.44600000977516174, 0.47839999198913574, 0.5031999945640564, 0.5235999822616577, 0.5418000221252441, 0.5651999711990356, 0.5997999906539917, 0.6470000147819519, 0.704200029373169, 0.7698000073432922, 0.823199987411499, 0.9927999973297119], [0.0012000000569969416, 0.024399999529123306, 0.04340000078082085, 0.0544000007212162, 0.06939999759197235, 0.09520000219345093, 0.15719999372959137, 0.2865999937057495, 0.3736000061035156, 0.4277999997138977, 0.46219998598098755, 0.49480000138282776, 0.5284000039100647, 0.553600013256073, 0.5843999981880188, 0.6313999891281128, 0.7110000252723694, 0.8090000152587891, 0.9043999910354614, 0.9869999885559082]], "y_calibration_mse": [0.006752201336823712, 0.010660541344980838], "y_calibration_nmse": [0.07360373503930306, 0.11620738502750472], "calibration_local_dist_to_nearest_train_sample": [[0.5146757253619179, 0.6854085733101861, 0.8561414212584544, 1.0268742692067225, 1.197607117154991, 1.3683399651032593, 1.5390728130515274, 1.7098056609997956, 1.8805385089480637, 2.0512713568963323, 2.2220042048446005, 2.3927370527928686, 2.563469900741137, 2.7342027486894054, 2.9049355966376735, 3.0756684445859417, 3.24640129253421, 3.417134140482478, 3.5878669884307466, 3.7585998363790147], [0.45411101735689374, 0.564279157300138, 0.6744472972433824, 0.7846154371866266, 0.8947835771298709, 1.0049517170731153, 1.1151198570163596, 1.2252879969596038, 1.335456136902848, 1.4456242768460923, 1.5557924167893367, 1.665960556732581, 1.7761286966758252, 1.8862968366190696, 1.9964649765623137, 2.106633116505558, 2.2168012564488024, 2.3269693963920464, 2.4371375363352907, 2.547305676278535]], "calibration_local_y": [[0.007283300337420519, 0.03027979755515281, 0.026769630044688113, 0.004016997931625282, 0.0075425664986466055, 0.005331826589882244, 0.004306984775259616, 0.004570345584710628, 0.012875407333322542, 0.012250500849128407, 0.017289896295069208, 0.022429405299887958, 0.028867048151465576, 0.04172914893463912, 0.04407919188205938, 0.09203455796222651, 0.19045735110429357, 0.16797957373862757, 0.21756878947368424, 0.2918372105263158], [0.03862545616150845, 0.01769974075887324, 0.027088980962816523, 0.012745087480868982, 0.01033187651197809, 0.004008191400529372, 0.003242555622330645, 0.009092515026761533, 0.019108862578088782, 0.03627508780452661, 0.05124222829370749, 0.09595675531453655, 0.11994939745429578, 0.11693836756152871, 0.1533551431865818, 0.1706081733634377, 0.18032872392437743, 0.19908165371311098, 0.10333622368421054, 0.2149924736842105]], "elpd": [-1.2342811939141847, -2.0370924506319823], "expected_improvement": [null, null], "actual_improvement": [null, [[1.183459904913325]]], "mse": [0.781876088939119, 0.29339284271004573], "nmse": [0.7869842369560299, 0.29530963501111057], "y_regret_pool": [0.10187146457895446, 0.06645521322142733, 0.06645521322142733, 0.06645521322142733, 0.06645521322142733, 0.06645521322142733, 0.06645521322142733, 0.03243173579369052, 0.03243173579369052, 0.03243173579369052, 0.03243173579369052, 0.03243173579369052, 0.03243173579369052, 0.03243173579369052, 0.03243173579369052, 0.03243173579369052, 0.028850317117086854, 0.028850317117086854, 0.028850317117086854, 0.028850317117086854, 0.011341159142578938, 0.011341159142578938, 0.011341159142578938, 0.011341159142578938, 0.011341159142578938, 0.011341159142578938, 0.011341159142578938, 0.011341159142578938, 0.011341159142578938, 0.011341159142578938, 0.011341159142578938, 0.011341159142578938, 0.011341159142578938, 0.011341159142578938, 0.011341159142578938, 0.011341159142578938, 0.011341159142578938, 0.011341159142578938, 0.011341159142578938, 0.011341159142578938, 0.011341159142578938, 0.011341159142578938, 0.011341159142578938, 0.011341159142578938, 0.00795870817023081, 0.007759740465974829, 0.007759740465974829, 0.007759740465974829, 0.007759740465974829, 0.007759740465974829, 0.007759740465974829, 0.007759740465974829, 0.007759740465974829, 0.007759740465974829, 0.007759740465974829, 0.007759740465974829, 0.007759740465974829, 0.007759740465974829, 0.007759740465974829, 0.007759740465974829, 0.007759740465974829, 0.007759740465974829, 0.007759740465974829, 0.007759740465974829, 0.006167998831928756, 0.006167998831928756, 0.006167998831928756, 0.006167998831928756, 0.006167998831928756, 0.006167998831928756, 0.006167998831928756, 0.006167998831928756, 0.006167998831928756, 0.006167998831928756, 0.006167998831928756, 0.006167998831928756, 0.006167998831928756, 0.006167998831928756, 0.006167998831928756, 0.006167998831928756, 0.006167998831928756, 0.006167998831928756, 0.006167998831928756, 0.006167998831928756, 0.006167998831928756, 0.006167998831928756, 0.006167998831928756, 0.006167998831928756, 0.006167998831928756, 0.006167998831928756, 0.006167998831928756, 0.006167998831928756, 0.006167998831928756, 0.006167998831928756, 0.006167998831928756, 0.006167998831928756, 0.006167998831928756, 0.006167998831928756, 0.006167998831928756, 0.006167998831928756, 0.006167998831928756],