{"p_array": [0.001, 0.053526315789473686, 0.10605263157894737, 0.15857894736842104, 0.21110526315789474, 0.26363157894736844, 0.3161578947368421, 0.3686842105263158, 0.4212105263157895, 0.4737368421052632, 0.5262631578947369, 0.5787894736842105, 0.6313157894736842, 0.6838421052631579, 0.7363684210526316, 0.7888947368421053, 0.841421052631579, 0.8939473684210526, 0.9464736842105264, 0.999], "mean_sharpness": [-1.5213109161749796, -0.691087227801679], "sharpness_error_true_minus_model": [], "posterior_variance": [1.2272117987376543, 0.2362232810060575], "bias_mse": [], "bias_nmse": [], "f_calibration": [], "f_calibration_mse": [], "f_calibration_nmse": [], "y_calibration": [[0.0, 0.0, 0.0, 0.0, 0.18080000579357147, 0.34139999747276306, 0.4196000099182129, 0.4697999954223633, 0.503600001335144, 0.5285999774932861, 0.5546000003814697, 0.5812000036239624, 0.6025999784469604, 0.6255999803543091, 0.6510000228881836, 0.6732000112533569, 0.7057999968528748, 0.7674000263214111, 1.0, 1.0], [0.0, 0.028999999165534973, 0.06880000233650208, 0.11800000071525574, 0.1762000024318695, 0.2443999946117401, 0.30820000171661377, 0.37220001220703125, 0.4390000104904175, 0.5073999762535095, 0.5752000212669373, 0.6326000094413757, 0.6941999793052673, 0.746999979019165, 0.796999990940094, 0.8434000015258789, 0.8776000142097473, 0.9146000146865845, 0.948199987411499, 0.9959999918937683]], "y_calibration_mse": [0.006996071889940782, 0.0014189355457895675], "y_calibration_nmse": [0.07626209528067004, 0.015467393630663434], "calibration_local_dist_to_nearest_train_sample": [[0.5052561895343232, 0.6689007158742097, 0.8325452422140962, 0.9961897685539828, 1.1598342948938694, 1.3234788212337558, 1.4871233475736425, 1.650767873913529, 1.8144124002534154, 1.9780569265933021, 2.1417014529331886, 2.305345979273075, 2.4689905056129615, 2.6326350319528484, 2.796279558292735, 2.9599240846326214, 3.123568610972508, 3.2872131373123943, 3.450857663652281, 3.6145021899921677], [0.43620223569039124, 0.5307928081863459, 0.6253833806823006, 0.7199739531782552, 0.8145645256742099, 0.9091550981701646, 1.0037456706661192, 1.0983362431620738, 1.1929268156580286, 1.2875173881539832, 1.3821079606499378, 1.4766985331458926, 1.5712891056418472, 1.6658796781378018, 1.7604702506337566, 1.8550608231297112, 1.9496513956256658, 2.0442419681216206, 2.1388325406175754, 2.23342311311353]], "calibration_local_y": [[0.027290649415889778, 0.05667771498380715, 0.06644556587729873, 0.04401161237841948, 0.029658353102400187, 0.028815339218096488, 0.029326384326023757, 0.019449865455558088, 0.010416387809188991, 0.008512949343249164, 0.0062540276281030415, 0.018239350945110613, 0.07055868984023553, 0.14495755804180435, 0.15997791746209017, 0.20027682950176282, 0.24718984210526312, 0.24718984210526312, 0.24718984210526312, 0.24718984210526312], [0.009548453939612121, 0.00690812837456074, 0.0018150139271541307, 0.001904753855268003, 0.0016685801277409242, 0.0014555732479185608, 0.0015972707958023114, 0.0012729689946274847, 0.004286359818720839, 0.0006638180098175664, 0.0009277405609539371, 0.0020530286370194586, 0.0037200358758223686, 0.0015348557516592879, 0.004795499729814598, 0.010174893528008117, 0.027908638641645684, 0.027524343323361882, 0.12044510526315791, 0.0994345789473684]], "elpd": [-1.4320372590085302, -0.6110741988646867], "expected_improvement": [null, null], "actual_improvement": [null, [[0.14411450233656664]]], "mse": [1.0080964279554003, 0.2033649051396353], "nmse": [1.0154530279024925, 0.2048489638158722], "y_regret_pool": [0.05820008748207517, 0.05820008748207517, 0.05820008748207517, 0.05820008748207517, 0.05820008748207517, 0.05820008748207517, 0.05820008748207517, 0.05820008748207517, 0.013065325761282054, 0.013065325761282054, 0.013065325761282054, 0.013065325761282054, 0.013065325761282054, 0.013065325761282054, 0.013065325761282054, 0.013065325761282054, 0.013065325761282054, 0.013065325761282054, 0.013065325761282054, 0.013065325761282054, 0.013065325761282054, 0.013065325761282054, 0.013065325761282054, 0.013065325761282054, 0.013065325761282054, 0.013065325761282054, 0.013065325761282054, 0.013065325761282054, 0.013065325761282054, 0.013065325761282054, 0.013065325761282054, 0.013065325761282054, 0.013065325761282054, 0.013065325761282054, 0.013065325761282054, 0.013065325761282054, 0.0075224602867987045, 0.0075224602867987045, 0.0075224602867987045, 0.0075224602867987045, 0.0075224602867987045, 0.0075224602867987045, 0.0075224602867987045, 0.0075224602867987045, 0.0075224602867987045, 0.0075224602867987045, 0.0075224602867987045, 0.0075224602867987045, 0.0075224602867987045, 0.0075224602867987045, 0.0075224602867987045, 0.0075224602867987045, 0.0075224602867987045, 0.0075224602867987045, 0.0075224602867987045, 0.0075224602867987045, 0.0075224602867987045, 0.0075224602867987045, 0.0075224602867987045, 0.0075224602867987045, 0.0075224602867987045, 0.0075224602867987045, 0.0075224602867987045, 0.0075224602867987045, 0.0075224602867987045, 0.0075224602867987045, 0.0075224602867987045, 0.0075224602867987045, 0.0075224602867987045, 0.0075224602867987045, 0.0075224602867987045, 0.0075224602867987045, 0.0075224602867987045, 0.0075224602867987045, 0.0075224602867987045, 0.0075224602867987045, 0.0075224602867987045, 0.0075224602867987045, 0.0075224602867987045, 0.0075224602867987045, 0.0075224602867987045, 0.0075224602867987045, 0.0075224602867987045, 0.0075224602867987045, 0.0075224602867987045, 0.0075224602867987045, 0.0075224602867987045, 0.0075224602867987045, 0.0075224602867987045, 0.0075224602867987045, 0.0075224602867987045, 0.0075224602867987045, 0.0075224602867987045, 0.0075224602867987045, 0.0075224602867987045, 0.0075224602867987045, 0.0075224602867987045, 0.0075224602867987045, 0.0075224602867987045, 0.0075224602867987045, 0.0075224602867987045], "y_regret_test": [0.055428654744833494, 0.055428654744833494, 0.055428654744833494, 0.055428654744833494, 0.055428654744833494, 0.055428654744833494, 0.055428654744833494, 0.055428654744833494, 0.01029389302404038, 0.01029389302404038, 0.01029389302404038, 0.01029389302404038, 0.01029389302404038, 0.01029389302404038, 0.01029389302404038, 0.01029389302404038, 0.01029389302404038, 0.01029389302404038, 0.01029389302404038, 0.01029389302404038, 0.01029389302404038, 0.01029389302404038, 0.01029389302404038, 0.01029389302404038, 0.01029389302404038, 0.01029389302404038, 0.01029389302404038, 0.01029389302404038, 0.01029389302404038, 0.01029389302404038, 0.01029389302404038, 0.01029389302404038, 0.01029389302404038, 0.01029389302404038, 0.01029389302404038, 0.01029389302404038, 0.00475102754955703, 0.00475102754955703, 0.00475102754955703, 0.00475102754955703, 0.00475102754955703, 0.00475102754955703, 0.00475102754955703, 0.00475102754955703, 0.00475102754955703, 0.00475102754955703, 0.00475102754955703, 0.00475102754955703, 0.00475102754955703, 0.00475102754955703, 0.00475102754955703, 0.00475102754955703, 0.00475102754955703, 0.00475102754955703, 0.00475102754955703, 0.00475102754955703, 0.00475102754955703, 0.00475102754955703, 0.00475102754955703, 0.00475102754955703, 0.00475102754955703, 0.00475102754955703, 0.00475102754955703, 0.00475102754955703, 0.00475102754955703, 0.00475102754955703, 0.00475102754955703, 0.00475102754955703, 0.00475102754955703, 0.00475102754955703, 0.00475102754955703, 0.00475102754955703, 0.00475102754955703, 0.00475102754955703, 0.00475102754955703, 0.00475102754955703, 0.00475102754955703, 0.00475102754955703, 0.00475102754955703, 0.00475102754955703, 0.00475102754955703, 0.00475102754955703, 0.00475102754955703, 0.00475102754955703, 0.00475102754955703, 0.00475102754955703, 0.00475102754955703, 0.00475102754955703, 0.00475102754955703, 0.00475102754955703, 0.00475102754955703, 0.00475102754955703, 0.00475102754955703, 0.00475102754955703, 0.00475102754955703, 0.00475102754955703, 0.00475102754955703, 0.00475102754955703, 0.00475102754955703, 0.00475102754955703, 0.00475102754955703], "f_regret_pool": [],