{"p_array": [0.001, 0.053526315789473686, 0.10605263157894737, 0.15857894736842104, 0.21110526315789474, 0.26363157894736844, 0.3161578947368421, 0.3686842105263158, 0.4212105263157895, 0.4737368421052632, 0.5262631578947369, 0.5787894736842105, 0.6313157894736842, 0.6838421052631579, 0.7363684210526316, 0.7888947368421053, 0.841421052631579, 0.8939473684210526, 0.9464736842105264, 0.999], "mean_sharpness": [1.106208636652102, 0.910115173107172], "sharpness_error_true_minus_model": [], "posterior_variance": [0.006683079068566656, 0.009859535908143667], "bias_mse": [], "bias_nmse": [], "f_calibration": [], "f_calibration_mse": [], "f_calibration_nmse": [], "y_calibration": [[0.5338000059127808, 0.5555999875068665, 0.5605999827384949, 0.5637999773025513, 0.5667999982833862, 0.5694000124931335, 0.5708000063896179, 0.5738000273704529, 0.5745999813079834, 0.5771999955177307, 0.5785999894142151, 0.579800009727478, 0.5812000036239624, 0.5827999711036682, 0.5843999981880188, 0.5867999792098999, 0.5889999866485596, 0.5920000076293945, 0.5971999764442444, 0.6128000020980835], [0.5266000032424927, 0.5532000064849854, 0.5604000091552734, 0.5641999840736389, 0.5681999921798706, 0.5712000131607056, 0.5741999745368958, 0.5759999752044678, 0.5785999894142151, 0.5799999833106995, 0.58160001039505, 0.5835999846458435, 0.5852000117301941, 0.5875999927520752, 0.590399980545044, 0.5929999947547913, 0.5965999960899353, 0.6014000177383423, 0.6061999797821045, 0.6251999735832214]], "y_calibration_mse": [0.08866807273715453, 0.08699114805332296], "y_calibration_nmse": [0.9665442433713324, 0.94826458701149], "calibration_local_dist_to_nearest_train_sample": [[0.5014892658615698, 0.6580701632790278, 0.8146510606964859, 0.9712319581139439, 1.127812855531402, 1.2843937529488598, 1.4409746503663179, 1.597555547783776, 1.754136445201234, 1.910717342618692, 2.06729824003615, 2.223879137453608, 2.3804600348710663, 2.5370409322885243, 2.6936218297059824, 2.8502027271234405, 3.0067836245408985, 3.1633645219583566, 3.3199454193758147, 3.4765263167932727], [0.4282367725823185, 0.5115651767205251, 0.5948935808587319, 0.6782219849969386, 0.7615503891351454, 0.8448787932733521, 0.9282071974115588, 1.0115356015497654, 1.0948640056879722, 1.178192409826179, 1.2615208139643856, 1.3448492181025924, 1.4281776222407991, 1.5115060263790059, 1.5948344305172126, 1.6781628346554194, 1.7614912387936261, 1.8448196429318329, 1.9281480470700396, 2.0114764512082464]], "calibration_local_y": [[0.17638984813192032, 0.111548177046855, 0.142291877880472, 0.13463306918018636, 0.12415790069848012, 0.1310348190479924, 0.12655780549737586, 0.11498801233922325, 0.08745054297965668, 0.08518228821887805, 0.08965714292287921, 0.08377624713519985, 0.08022563693535621, 0.09002361645572428, 0.11401457801825758, 0.09956533560397204, 0.22545554446854243, 0.28637388853365364, 0.3163096926784849, 0.3417372105263158], [0.1035463430108278, 0.0972326717382495, NaN, 0.09542752817608162, 0.08366671160541594, 0.08669785316398182, 0.09377614911578727, 0.08846302594194962, 0.09392557271520162, 0.08191405133391862, 0.08463547954110828, 0.08794595054070879, 0.08613972367718249, 0.08871454020893137, 0.08810235454646456, 0.08107357942947646, 0.09284832349179441, 0.09404027679554872, 0.07974159754476659, 0.08238721052631579]], "elpd": [-74.747671831625, -52.18270170540338], "expected_improvement": [null, null], "actual_improvement": [null, [[0.29444267319111717]]], "mse": [0.9789519692432676, 0.988716247316124], "nmse": [0.9979036398372458, 1.0078569459599338], "y_regret_pool": [0.10392094347921743, 0.10392094347921743, 0.10392094347921743, 0.10392094347921743, 0.10392094347921743, 0.10392094347921743, 0.10392094347921743, 0.10392094347921743, 0.10392094347921743, 0.10392094347921743, 0.10392094347921743, 0.10392094347921743, 0.10392094347921743, 0.10392094347921743, 0.10392094347921743, 0.10392094347921743, 0.10392094347921743, 0.10392094347921743, 0.10392094347921743, 0.10392094347921743, 0.10392094347921743, 0.10392094347921743, 0.10392094347921743, 0.10392094347921743, 0.10392094347921743, 0.10392094347921743, 0.10392094347921743, 0.10392094347921743, 0.10392094347921743, 0.10392094347921743, 0.10392094347921743, 0.10392094347921743, 0.10392094347921743, 0.10392094347921743, 0.10392094347921743, 0.10392094347921743, 0.10392094347921743, 0.10392094347921743, 0.10392094347921743, 0.10392094347921743, 0.10392094347921743, 0.10392094347921743, 0.10392094347921743, 0.10392094347921743, 0.10392094347921743, 0.10392094347921743, 0.10392094347921743, 0.10392094347921743, 0.10392094347921743, 0.10392094347921743, 0.10392094347921743, 0.10392094347921743, 0.10392094347921743, 0.10392094347921743, 0.10392094347921743, 0.10392094347921743, 0.10392094347921743, 0.10392094347921743, 0.10392094347921743, 0.10392094347921743, 0.10392094347921743, 0.10392094347921743, 0.037029301699491146, 0.037029301699491146, 0.037029301699491146, 0.037029301699491146, 0.037029301699491146, 0.037029301699491146, 0.037029301699491146, 0.037029301699491146, 0.037029301699491146, 0.037029301699491146, 0.037029301699491146, 0.037029301699491146, 0.037029301699491146, 0.037029301699491146, 0.037029301699491146, 0.037029301699491146, 0.037029301699491146, 0.037029301699491146, 0.037029301699491146, 0.037029301699491146, 0.037029301699491146, 0.037029301699491146, 0.037029301699491146, 0.037029301699491146, 0.037029301699491146, 0.037029301699491146, 0.037029301699491146, 0.037029301699491146, 0.037029301699491146, 0.037029301699491146, 0.037029301699491146, 0.037029301699491146, 0.037029301699491146, 0.037029301699491146, 0.037029301699491146, 0.037029301699491146, 0.037029301699491146, 0.037029301699491146, 0.037029301699491146], "y_regret_test": [0.10849983562485344, 0.10849983562485344, 0.10849983562485344, 0.10849983562485344, 0.10849983562485344, 0.10849983562485344, 0.10849983562485344, 0.10849983562485344, 0.10849983562485344, 0.10849983562485344, 0.10849983562485344, 0.10849983562485344, 0.10849983562485344, 0.10849983562485344, 0.10849983562485344, 0.10849983562485344, 0.10849983562485344, 0.10849983562485344, 0.10849983562485344, 0.10849983562485344, 0.10849983562485344, 0.10849983562485344, 0.10849983562485344, 0.10849983562485344, 0.10849983562485344, 0.10849983562485344, 0.10849983562485344, 0.10849983562485344, 0.10849983562485344, 0.10849983562485344, 0.10849983562485344, 0.10849983562485344, 0.10849983562485344, 0.10849983562485344, 0.10849983562485344, 0.10849983562485344, 0.10849983562485344, 0.10849983562485344, 0.10849983562485344, 0.10849983562485344, 0.10849983562485344, 0.10849983562485344, 0.10849983562485344, 0.10849983562485344, 0.10849983562485344, 0.10849983562485344, 0.10849983562485344, 0.10849983562485344, 0.10849983562485344, 0.10849983562485344, 0.10849983562485344, 0.10849983562485344, 0.10849983562485344, 0.10849983562485344, 0.10849983562485344, 0.10849983562485344, 0.10849983562485344, 0.10849983562485344, 0.10849983562485344, 0.10849983562485344, 0.10849983562485344, 0.10849983562485344, 0.04160819384512715, 0.04160819384512715, 0.04160819384512715, 0.04160819384512715, 0.04160819384512715, 0.04160819384512715, 0.04160819384512715, 0.04160819384512715, 0.04160819384512715, 0.04160819384512715, 0.04160819384512715, 0.04160819384512715, 0.04160819384512715, 0.04160819384512715, 0.04160819384512715, 0.04160819384512715, 0.04160819384512715, 0.04160819384512715, 0.04160819384512715, 0.04160819384512715, 0.04160819384512715, 0.04160819384512715, 0.04160819384512715, 0.04160819384512715, 0.04160819384512715, 0.04160819384512715, 0.04160819384512715, 0.04160819384512715, 0.04160819384512715, 0.04160819384512715, 0.04160819384512715, 0.04160819384512715, 0.04160819384512715, 0.04160819384512715, 0.04160819384512715, 0.04160819384512715, 0.04160819384512715, 0.04160819384512715, 0.04160819384512715], "f_regret_pool": [], "f_regret_test": [],