{"p_array": [0.001, 0.053526315789473686, 0.10605263157894737, 0.15857894736842104, 0.21110526315789474, 0.26363157894736844, 0.3161578947368421, 0.3686842105263158, 0.4212105263157895, 0.4737368421052632, 0.5262631578947369, 0.5787894736842105, 0.6313157894736842, 0.6838421052631579, 0.7363684210526316, 0.7888947368421053, 0.841421052631579, 0.8939473684210526, 0.9464736842105264, 0.999], "mean_sharpness": [4.112819492393377, 0.7982944703026914, 0.7982944703026914], "sharpness_error_true_minus_model": [], "posterior_variance": [0.08008907579248581, 0.05608374578496199, 0.05608374578496199], "bias_mse": [], "bias_nmse": [], "f_calibration": [], "f_calibration_mse": [], "f_calibration_nmse": [], "y_calibration": [[0.0803999975323677, 0.15000000596046448, 0.1842000037431717, 0.20960000157356262, 0.2305999994277954, 0.24979999661445618, 0.26499998569488525, 0.2831999957561493, 0.30300000309944153, 0.3174000084400177, 0.33160001039505005, 0.3476000130176544, 0.36399999260902405, 0.3806000053882599, 0.399399995803833, 0.42419999837875366, 0.5598000288009644, 0.616599977016449, 0.6381999850273132, 0.6934000253677368], [0.0681999996304512, 0.1436000019311905, 0.1964000016450882, 0.24500000476837158, 0.30160000920295715, 0.3441999852657318, 0.391400009393692, 0.43299999833106995, 0.46860000491142273, 0.5005999803543091, 0.5317999720573425, 0.557200014591217, 0.5875999927520752, 0.6223999857902527, 0.6854000091552734, 0.7271999716758728, 0.7653999924659729, 0.8023999929428101, 0.8360000252723694, 0.90420001745224], [0.0681999996304512, 0.1436000019311905, 0.1964000016450882, 0.24500000476837158, 0.30160000920295715, 0.3441999852657318, 0.391400009393692, 0.43299999833106995, 0.46860000491142273, 0.5005999803543091, 0.5317999720573425, 0.557200014591217, 0.5875999927520752, 0.6223999857902527, 0.6854000091552734, 0.7271999716758728, 0.7653999924659729, 0.8023999929428101, 0.8360000252723694, 0.90420001745224]], "y_calibration_mse": [0.04595972231633306, 0.005182239417026871, 0.005182239417026871], "y_calibration_nmse": [0.5009932398494832, 0.05649004790199382, 0.05649004790199382], "calibration_local_dist_to_nearest_train_sample": [[0.4987223717356208, 0.6563415065352174, 0.8139606413348139, 0.9715797761344106, 1.129198910934007, 1.2868180457336038, 1.4444371805332006, 1.602056315332797, 1.7596754501323937, 1.91729458493199, 2.074913719731587, 2.2325328545311836, 2.39015198933078, 2.5477711241303767, 2.705390258929973, 2.8630093937295698, 3.0206285285291665, 3.178247663328763, 3.3358667981283596, 3.4934859329279564], [0.4285680500936952, 0.5160328632513663, 0.6034976764090374, 0.6909624895667086, 0.7784273027243797, 0.8658921158820507, 0.9533569290397219, 1.040821742197393, 1.128286555355064, 1.2157513685127352, 1.3032161816704062, 1.3906809948280774, 1.4781458079857486, 1.5656106211434198, 1.6530754343010907, 1.740540247458762, 1.828005060616433, 1.915469873774104, 2.0029346869317752, 2.0903995000894464], [0.4285680500936952, 0.5160328632513663, 0.6034976764090374, 0.6909624895667086, 0.7784273027243797, 0.8658921158820507, 0.9533569290397219, 1.040821742197393, 1.128286555355064, 1.2157513685127352, 1.3032161816704062, 1.3906809948280774, 1.4781458079857486, 1.5656106211434198, 1.6530754343010907, 1.740540247458762, 1.828005060616433, 1.915469873774104, 2.0029346869317752, 2.0903995000894464]], "calibration_local_y": [[0.037679107024911326, 0.03559352682848362, 0.030083424656607682, 0.04491800669603561, 0.031652218778914554, 0.042412821783703654, 0.03905392995303581, 0.031124647772051105, 0.040864023844865933, 0.042812868179704464, 0.05516404124358811, 0.03963507227841067, 0.06236280425789035, 0.10687514610418287, 0.07342492079711753, 0.12842556464248073, 0.20868175712538867, 0.30992790123263025, 0.3417372105263158, 0.3417372105263158], [0.0040487875442262, 0.005453162188182971, 0.004162597307591385, 0.00430866727675243, 0.006455141063729022, 0.006596007277940791, 0.006011575071164569, 0.005199214719229146, 0.006426829844612905, 0.005186081503506508, 0.005384002644777974, 0.009780278278007008, 0.005972444211923261, 0.014798871893581126, 0.014343780732171973, 0.011077337044368375, 0.012104694082791337, 0.009254401723644957, 0.08163194736842104, 0.0635535833112532], [0.0040487875442262, 0.005453162188182971, 0.004162597307591385, 0.00430866727675243, 0.006455141063729022, 0.006596007277940791, 0.006011575071164569, 0.005199214719229146, 0.006426829844612905, 0.005186081503506508, 0.005384002644777974, 0.009780278278007008, 0.005972444211923261, 0.014798871893581126, 0.014343780732171973, 0.011077337044368375, 0.012104694082791337, 0.009254401723644957, 0.08163194736842104, 0.0635535833112532]], "elpd": [-820615831308210.0, -1585076204936.5642, -1585076204936.5642], "expected_improvement": [null, null, null], "actual_improvement": [null, null, null], "mse": [0.7437145241077405, 0.28529487603852305, 0.28529487603852305], "nmse": [0.7466514488463667, 0.28642150400137756, 0.28642150400137756], "y_regret_pool": [0.05367168130955924, 0.05367168130955924, 0.05367168130955924, 0.05367168130955924, 0.05367168130955924, 0.04969600121255513, 0.04969600121255513, 0.04969600121255513, 0.04969600121255513, 0.04969600121255513, 0.04969600121255513, 0.04969600121255513, 0.01172825628616292, 0.01172825628616292, 0.01172825628616292, 0.01172825628616292, 0.01172825628616292, 0.01172825628616292, 0.01172825628616292, 0.01172825628616292, 0.01172825628616292, 0.01172825628616292, 0.01172825628616292, 0.01172825628616292, 0.01172825628616292, 0.01172825628616292, 0.01172825628616292, 0.01172825628616292, 0.01172825628616292, 0.01172825628616292, 0.01172825628616292, 0.01172825628616292, 0.01172825628616292, 0.01172825628616292, 0.01172825628616292, 0.01172825628616292, 0.01172825628616292, 0.01172825628616292, 0.01172825628616292, 0.01172825628616292, 0.01172825628616292, 0.01172825628616292, 0.01172825628616292, 0.01172825628616292, 0.01172825628616292, 0.01172825628616292, 0.01172825628616292, 0.01172825628616292, 0.01172825628616292, 0.01172825628616292, 0.01172825628616292, 0.01172825628616292, 0.01172825628616292, 0.01172825628616292, 0.01172825628616292, 0.01172825628616292, 0.01172825628616292, 0.01172825628616292, 0.01172825628616292, 0.01172825628616292, 0.01172825628616292, 0.01172825628616292, 0.01172825628616292, 0.01172825628616292, 0.01172825628616292, 0.01172825628616292, 0.01172825628616292, 0.01172825628616292, 0.01172825628616292, 0.01172825628616292, 0.01172825628616292, 0.01172825628616292, 0.01172825628616292, 0.01172825628616292, 0.01172825628616292, 0.01172825628616292, 0.01172825628616292, 0.01172825628616292, 0.01172825628616292, 0.01172825628616292, 0.01172825628616292, 0.01172825628616292, 0.01172825628616292, 0.01172825628616292, 0.01172825628616292, 0.01172825628616292, 0.01172825628616292, 0.01172825628616292, 0.01172825628616292, 0.01172825628616292, 0.01172825628616292, 0.01172825628616292, 0.01172825628616292, 0.01172825628616292, 0.01172825628616292, 0.01172825628616292, 0.01172825628616292, 0.01172825628616292, 0.01172825628616292, 0.01172825628616292, 0.01172825628616292, 0.01172825628616292],