{"p_array": [0.001, 0.053526315789473686, 0.10605263157894737, 0.15857894736842104, 0.21110526315789474, 0.26363157894736844, 0.3161578947368421, 0.3686842105263158, 0.4212105263157895, 0.4737368421052632, 0.5262631578947369, 0.5787894736842105, 0.6313157894736842, 0.6838421052631579, 0.7363684210526316, 0.7888947368421053, 0.841421052631579, 0.8939473684210526, 0.9464736842105264, 0.999], "mean_sharpness": [0.1172005273479717, 5.096187958184762], "sharpness_error_true_minus_model": [], "posterior_variance": [0.12316478083785891, 0.011374537689874622], "bias_mse": [], "bias_nmse": [], "f_calibration": [], "f_calibration_mse": [], "f_calibration_nmse": [], "y_calibration": [[0.07320000231266022, 0.15000000596046448, 0.22699999809265137, 0.25459998846054077, 0.2840000092983246, 0.319599986076355, 0.3564000129699707, 0.3898000121116638, 0.42399999499320984, 0.4472000002861023, 0.4765999913215637, 0.5123999714851379, 0.5386000275611877, 0.567799985408783, 0.5866000056266785, 0.6060000061988831, 0.628000020980835, 0.6564000248908997, 0.7016000151634216, 0.8271999955177307], [0.23839999735355377, 0.3041999936103821, 0.3264000117778778, 0.3472000062465668, 0.36660000681877136, 0.38679999113082886, 0.4131999909877777, 0.4300000071525574, 0.4472000002861023, 0.462799996137619, 0.5095999836921692, 0.5221999883651733, 0.5400000214576721, 0.5533999800682068, 0.5741999745368958, 0.599399983882904, 0.6209999918937683, 0.6424000263214111, 0.6718000173568726, 0.7685999870300293]], "y_calibration_mse": [0.01629321956835037, 0.029403988642353173], "y_calibration_nmse": [0.1776075321548663, 0.32052411964192357], "calibration_local_dist_to_nearest_train_sample": [[0.5182002032062423, 0.6872734658020533, 0.8563467283978643, 1.0254199909936754, 1.1944932535894865, 1.3635665161852975, 1.5326397787811086, 1.7017130413769197, 1.8707863039727308, 2.039859566568542, 2.208932829164353, 2.378006091760164, 2.547079354355975, 2.716152616951786, 2.8852258795475976, 3.0542991421434085, 3.2233724047392194, 3.3924456673350303, 3.561518929930841, 3.7305921925266525], [0.4825110238826844, 0.6185465556029972, 0.75458208732331, 0.8906176190436228, 1.0266531507639356, 1.1626886824842484, 1.2987242142045612, 1.434759745924874, 1.5707952776451868, 1.7068308093654996, 1.8428663410858124, 1.9789018728061252, 2.114937404526438, 2.2509729362467508, 2.3870084679670636, 2.5230439996873764, 2.659079531407689, 2.795115063128002, 2.9311505948483147, 3.0671861265686275]], "calibration_local_y": [[0.006503536816400877, 0.022048702195611423, 0.0037049276565133083, 0.007044404796085686, 0.00821847967449925, 0.009977817884270572, 0.010006351216304282, 0.012674316768400112, 0.01276690772183751, 0.01625759895297909, 0.015344218239171804, 0.02608915989124578, 0.05011944662089547, 0.07268442290986876, 0.1197908389106229, 0.16804142638244818, 0.09165686934337924, 0.22981526325200705, 0.3042872105263158, 0.3417372105263158], [0.012451959112188974, 0.010438124823664758, 0.01681534211101999, 0.02101204262271547, 0.033195603645527934, 0.03988902047866691, 0.04393787568673308, 0.03931714317884167, 0.03861570797928184, 0.031193163051390315, 0.050352039506332914, 0.06010254310788489, 0.08787285661372017, 0.07376092743887772, 0.07289256450442967, 0.055347484852624154, 0.02706739358716882, 0.058703524840072616, NaN, 0.12112668421052634]], "elpd": [-75.69413320667029, -1060850712092004.5], "expected_improvement": [null, null], "actual_improvement": [null, [[0.06509663736584215]]], "mse": [0.9483549616389034, 0.5293173449370759], "nmse": [0.9483031931495781, 0.5292884507356118], "y_regret_pool": [0.06509663736584193, 0.04857363766747835, 0.04857363766747835, 0.01433320455761633, 0.01433320455761633, 0.01433320455761633, 0.00796289142089801, 0.00796289142089801, 0.00796289142089801, 0.00796289142089801, 0.00796289142089801, 0.00796289142089801, 0.00796289142089801, 0.00796289142089801, 0.00796289142089801, 0.00796289142089801, 0.00796289142089801, 0.00796289142089801, 0.00796289142089801, 0.00796289142089801, 0.00796289142089801, 0.00796289142089801, 0.00796289142089801, 0.00796289142089801, 0.00796289142089801, 0.00796289142089801, 0.00796289142089801, 0.00796289142089801, 0.00796289142089801, 0.00796289142089801, 0.00796289142089801, 0.00796289142089801, 0.00796289142089801, 0.00796289142089801, 0.00796289142089801, 0.00796289142089801, 0.00796289142089801, 0.00796289142089801, 0.00796289142089801, 0.00796289142089801, 0.00796289142089801, 0.00796289142089801, 0.00796289142089801, 0.00796289142089801, 0.00796289142089801, 0.00796289142089801, 0.00796289142089801, 0.00796289142089801, 0.00796289142089801, 0.00796289142089801, 0.00796289142089801, 0.00796289142089801, 0.00796289142089801, 0.005972168565673286, 0.005972168565673286, 0.005972168565673286, 0.005972168565673286, 0.005972168565673286, 0.005972168565673286, 0.005972168565673286, 0.005972168565673286, 0.005972168565673286, 0.005972168565673286, 0.005972168565673286, 0.005972168565673286, 0.005972168565673286, 0.005972168565673286, 0.005972168565673286, 0.005972168565673286, 0.005972168565673286, 0.005972168565673286, 0.005972168565673286, 0.005972168565673286, 0.005972168565673286, 0.005972168565673286, 0.005972168565673286, 0.005972168565673286, 0.005972168565673286, 0.005972168565673286, 0.005972168565673286, 0.005972168565673286, 0.005972168565673286, 0.005972168565673286, 0.005972168565673286, 0.005972168565673286, 0.005972168565673286, 0.005972168565673286, 0.005972168565673286, 0.005972168565673286, 0.005972168565673286, 0.005972168565673286, 0.005972168565673286, 0.005972168565673286, 0.005972168565673286, 0.005972168565673286, 0.005972168565673286, 0.005972168565673286, 0.005972168565673286, 0.005972168565673286, 0.005972168565673286, 0.005972168565673286], "y_regret_test": [0.06449942050927482, 0.04797642081091125, 0.04797642081091125, 0.013735987701049224, 0.013735987701049224, 0.013735987701049224, 0.007365674564330904, 0.007365674564330904, 0.007365674564330904, 0.007365674564330904, 0.007365674564330904, 0.007365674564330904, 0.007365674564330904, 0.007365674564330904, 0.007365674564330904, 0.007365674564330904, 0.007365674564330904, 0.007365674564330904, 0.007365674564330904, 0.007365674564330904, 0.007365674564330904, 0.007365674564330904, 0.007365674564330904, 0.007365674564330904, 0.007365674564330904, 0.007365674564330904, 0.007365674564330904, 0.007365674564330904, 0.007365674564330904, 0.007365674564330904, 0.007365674564330904, 0.007365674564330904, 0.007365674564330904, 0.007365674564330904, 0.007365674564330904, 0.007365674564330904, 0.007365674564330904, 0.007365674564330904, 0.007365674564330904, 0.007365674564330904, 0.007365674564330904, 0.007365674564330904, 0.007365674564330904, 0.007365674564330904, 0.007365674564330904, 0.007365674564330904, 0.007365674564330904, 0.007365674564330904, 0.007365674564330904, 0.007365674564330904, 0.007365674564330904, 0.007365674564330904, 0.007365674564330904, 0.005374951709106179, 0.005374951709106179, 0.005374951709106179, 0.005374951709106179, 0.005374951709106179, 0.005374951709106179, 0.005374951709106179, 0.005374951709106179, 0.005374951709106179, 0.005374951709106179, 0.005374951709106179, 0.005374951709106179, 0.005374951709106179, 0.005374951709106179, 0.005374951709106179, 0.005374951709106179, 0.005374951709106179, 0.005374951709106179, 0.005374951709106179, 0.005374951709106179, 0.005374951709106179, 0.005374951709106179, 0.005374951709106179, 0.005374951709106179, 0.005374951709106179, 0.005374951709106179, 0.005374951709106179, 0.005374951709106179, 0.005374951709106179, 0.005374951709106179, 0.005374951709106179, 0.005374951709106179, 0.005374951709106179, 0.005374951709106179, 0.005374951709106179, 0.005374951709106179, 0.005374951709106179, 0.005374951709106179, 0.005374951709106179, 0.005374951709106179, 0.005374951709106179, 0.005374951709106179, 0.005374951709106179, 0.005374951709106179, 0.005374951709106179, 0.005374951709106179, 0.005374951709106179, 0.005374951709106179],