{"p_array": [0.001, 0.053526315789473686, 0.10605263157894737, 0.15857894736842104, 0.21110526315789474, 0.26363157894736844, 0.3161578947368421, 0.3686842105263158, 0.4212105263157895, 0.4737368421052632, 0.5262631578947369, 0.5787894736842105, 0.6313157894736842, 0.6838421052631579, 0.7363684210526316, 0.7888947368421053, 0.841421052631579, 0.8939473684210526, 0.9464736842105264, 0.999], "mean_sharpness": [-0.7634661273074395, -0.5342416681734096], "sharpness_error_true_minus_model": [], "posterior_variance": [0.4239747204557842, 0.19101274934571916], "bias_mse": [], "bias_nmse": [], "f_calibration": [], "f_calibration_mse": [], "f_calibration_nmse": [], "y_calibration": [[0.0, 0.0, 0.009600000455975533, 0.06880000233650208, 0.1348000019788742, 0.23499999940395355, 0.30320000648498535, 0.35679998993873596, 0.3959999978542328, 0.43160000443458557, 0.4546000063419342, 0.4787999987602234, 0.504800021648407, 0.5296000242233276, 0.5609999895095825, 0.6061999797821045, 0.7427999973297119, 0.7572000026702881, 0.7897999882698059, 0.8270000219345093], [0.0, 0.019600000232458115, 0.07400000095367432, 0.1088000014424324, 0.14059999585151672, 0.24040000140666962, 0.3353999853134155, 0.3935999870300293, 0.43459999561309814, 0.4596000015735626, 0.4812000095844269, 0.49900001287460327, 0.5157999992370605, 0.534600019454956, 0.5577999949455261, 0.6197999715805054, 0.6779999732971191, 0.6937999725341797, 0.7135999798774719, 0.7986000180244446]], "y_calibration_mse": [0.011560516883769275, 0.013859390025242715], "y_calibration_nmse": [0.12601775023945183, 0.1510770814343325], "calibration_local_dist_to_nearest_train_sample": [[0.5126890179875845, 0.6811993323671673, 0.8497096467467502, 1.018219961126333, 1.1867302755059157, 1.3552405898854987, 1.5237509042650814, 1.6922612186446642, 1.860771533024247, 2.02928184740383, 2.1977921617834126, 2.3663024761629954, 2.5348127905425786, 2.703323104922161, 2.871833419301744, 3.0403437336813264, 3.2088540480609096, 3.377364362440492, 3.545874676820075, 3.7143849911996574], [0.49127806599544344, 0.6383774283828854, 0.7854767907703274, 0.9325761531577693, 1.0796755155452114, 1.2267748779326533, 1.3738742403200952, 1.5209736027075371, 1.668072965094979, 1.815172327482421, 1.962271689869863, 2.109371052257305, 2.256470414644747, 2.403569777032189, 2.5506691394196306, 2.6977685018070727, 2.844867864194515, 2.9919672265819566, 3.1390665889693987, 3.2861659513568404]], "calibration_local_y": [[0.019683527032182523, 0.026869611842105262, 0.018918029093606188, 0.026750818484605882, 0.008937028008980944, 0.006699455405618384, 0.005330461876694272, 0.010473267714819235, 0.01103964027560445, 0.028300107209922414, 0.039654284176459276, 0.050516723989294285, 0.07288333704255757, 0.08400270596785894, 0.0796136799627593, 0.13424736515537677, 0.15346602083753405, 0.1667851423739079, 0.18523662371600866, 0.173653], [0.06505308166762169, 0.041305520504732456, 0.027793602433243497, 0.00888322638816937, 0.0056987473616284465, 0.01062814462256118, 0.015187822959692777, 0.030801341269149456, 0.04954951626377999, 0.06560230910928085, 0.106369363652043, 0.14767253932641677, 0.1837048817961717, 0.22902985031710982, 0.19409224606082381, 0.16936311790761932, 0.1546129993172445, 0.15009721029451648, 0.14261089473684213, 0.173653]], "elpd": [-4.1885098322891885, -2.853155116626761], "expected_improvement": [null, null], "actual_improvement": [null, [[0.12962253645593824]]], "mse": [1.003822574231849, 0.651887274851785], "nmse": [1.0025317818674166, 0.6510490279957675], "y_regret_pool": [0.06281707535941616, 0.06281707535941616, 0.06281707535941616, 0.06281707535941616, 0.06281707535941616, 0.06281707535941616, 0.06281707535941616, 0.04307456596074255, 0.04307456596074255, 0.04307456596074255, 0.04307456596074255, 0.04307456596074255, 0.04307456596074255, 0.04307456596074255, 0.04307456596074255, 0.04307456596074255, 0.03449953662596483, 0.03449953662596483, 0.03449953662596483, 0.03449953662596483, 0.03449953662596483, 0.03449953662596483, 0.03449953662596483, 0.03449953662596483, 0.03449953662596483, 0.03449953662596483, 0.03449953662596483, 0.022733798701502828, 0.022733798701502828, 0.018346574390686543, 0.018346574390686543, 0.018346574390686543, 0.018346574390686543, 0.018346574390686543, 0.018346574390686543, 0.018346574390686543, 0.018346574390686543, 0.018346574390686543, 0.018346574390686543, 0.018346574390686543, 0.018346574390686543, 0.018346574390686543, 0.018346574390686543, 0.018346574390686543, 0.018346574390686543, 0.018346574390686543, 0.018346574390686543, 0.018346574390686543, 0.018346574390686543, 0.018346574390686543, 0.018346574390686543, 0.018346574390686543, 0.018346574390686543, 0.018346574390686543, 0.018346574390686543, 0.011366899350751414, 0.011366899350751414, 0.011366899350751414, 0.011366899350751414, 0.011366899350751414, 0.011366899350751414, 0.011366899350751414, 0.011366899350751414, 0.011366899350751414, 0.011366899350751414, 0.011366899350751414, 0.011366899350751414, 0.011366899350751414, 0.011366899350751414, 0.011366899350751414, 0.011366899350751414, 0.008774448621632791, 0.008774448621632791, 0.008774448621632791, 0.008774448621632791, 0.008774448621632791, 0.008774448621632791, 0.008774448621632791, 0.008774448621632791, 0.008774448621632791, 0.008774448621632791, 0.008774448621632791, 0.0, 0.0, 0.0, 0.0, 0.0, 0.0, 0.0, 0.0, 0.0, 0.0, 0.0, 0.0, 0.0, 0.0, 0.0, 0.0, 0.0, 0.0, 0.0], "y_regret_test": [0.0622188174988505, 0.0622188174988505, 0.0622188174988505, 0.0622188174988505, 0.0622188174988505, 0.0622188174988505, 0.0622188174988505, 0.042476308100176885, 0.042476308100176885, 0.042476308100176885, 0.042476308100176885, 0.042476308100176885, 0.042476308100176885, 0.042476308100176885, 0.042476308100176885, 0.042476308100176885, 0.03390127876539917, 0.03390127876539917, 0.03390127876539917, 0.03390127876539917, 0.03390127876539917, 0.03390127876539917, 0.03390127876539917, 0.03390127876539917, 0.03390127876539917, 0.03390127876539917, 0.03390127876539917, 0.022135540840937162, 0.022135540840937162, 0.017748316530120878, 0.017748316530120878, 0.017748316530120878, 0.017748316530120878, 0.017748316530120878, 0.017748316530120878, 0.017748316530120878, 0.017748316530120878, 0.017748316530120878, 0.017748316530120878, 0.017748316530120878, 0.017748316530120878, 0.017748316530120878, 0.017748316530120878, 0.017748316530120878, 0.017748316530120878, 0.017748316530120878, 0.017748316530120878, 0.017748316530120878, 0.017748316530120878, 0.017748316530120878, 0.017748316530120878, 0.017748316530120878, 0.017748316530120878, 0.017748316530120878, 0.017748316530120878, 0.010768641490185749, 0.010768641490185749, 0.010768641490185749, 0.010768641490185749, 0.010768641490185749, 0.010768641490185749, 0.010768641490185749, 0.010768641490185749, 0.010768641490185749, 0.010768641490185749, 0.010768641490185749, 0.010768641490185749, 0.010768641490185749, 0.010768641490185749, 0.010768641490185749, 0.010768641490185749, 0.008176190761067126, 0.008176190761067126, 0.008176190761067126, 0.008176190761067126, 0.008176190761067126, 0.008176190761067126, 0.008176190761067126, 0.008176190761067126, 0.008176190761067126, 0.008176190761067126, 0.008176190761067126, 0.0005982578605656652, 0.0005982578605656652, 0.0005982578605656652, 0.0005982578605656652, 0.0005982578605656652, 0.0005982578605656652, 0.0005982578605656652, 0.0005982578605656652, 0.0005982578605656652, 0.0005982578605656652, 0.0005982578605656652, 0.0005982578605656652, 0.0005982578605656652, 0.0005982578605656652, 0.0005982578605656652, 0.0005982578605656652, 0.0005982578605656652, 0.0005982578605656652, 0.0005982578605656652], "f_regret_pool": [], "f_regret_test": [],