{"p_array": [0.001, 0.053526315789473686, 0.10605263157894737, 0.15857894736842104, 0.21110526315789474, 0.26363157894736844, 0.3161578947368421, 0.3686842105263158, 0.4212105263157895, 0.4737368421052632, 0.5262631578947369, 0.5787894736842105, 0.6313157894736842, 0.6838421052631579, 0.7363684210526316, 0.7888947368421053, 0.841421052631579, 0.8939473684210526, 0.9464736842105264, 0.999], "mean_sharpness": [-1.1053729715698732, 3.3827923194009113], "sharpness_error_true_minus_model": [], "posterior_variance": [0.6854102622732025, 0.025444208333519548], "bias_mse": [], "bias_nmse": [], "f_calibration": [], "f_calibration_mse": [], "f_calibration_nmse": [], "y_calibration": [[0.02199999988079071, 0.049800001084804535, 0.05779999867081642, 0.07639999687671661, 0.12700000405311584, 0.25220000743865967, 0.39160001277923584, 0.48739999532699585, 0.5400000214576721, 0.5717999935150146, 0.5978000164031982, 0.6236000061035156, 0.6567999720573425, 0.701200008392334, 0.7631999850273132, 0.8027999997138977, 0.8450000286102295, 0.9075999855995178, 0.9833999872207642, 1.0], [0.14659999310970306, 0.19120000302791595, 0.22540000081062317, 0.25999999046325684, 0.2865999937057495, 0.3160000145435333, 0.3452000021934509, 0.3693999946117401, 0.3919999897480011, 0.41019999980926514, 0.42980000376701355, 0.45019999146461487, 0.4697999954223633, 0.4966000020503998, 0.5220000147819519, 0.5440000295639038, 0.578000009059906, 0.6079999804496765, 0.6611999869346619, 0.7817999720573425]], "y_calibration_mse": [0.0035403262119369423, 0.02757437734082733], "y_calibration_nmse": [0.03859204124068458, 0.30058007195365205], "calibration_local_dist_to_nearest_train_sample": [[0.5011007174539057, 0.6606144412342715, 0.8201281650146373, 0.9796418887950029, 1.1391556125753686, 1.2986693363557342, 1.4581830601361, 1.6176967839164658, 1.7772105076968314, 1.936724231477197, 2.096237955257563, 2.2557516790379286, 2.415265402818294, 2.57477912659866, 2.734292850379026, 2.8938065741593917, 3.0533202979397576, 3.2128340217201226, 3.3723477455004884, 3.531861469280854], [0.4481069061569326, 0.5546268186403251, 0.6611467311237178, 0.7676666436071103, 0.8741865560905029, 0.9807064685738955, 1.0872263810572882, 1.1937462935406806, 1.300266206024073, 1.4067861185074657, 1.5133060309908584, 1.619825943474251, 1.7263458559576434, 1.832865768441036, 1.9393856809244285, 2.045905593407821, 2.152425505891214, 2.2589454183746063, 2.365465330857999, 2.471985243341391]], "calibration_local_y": [[0.004456368576341662, 0.005081511348456144, 0.009306476321541633, 0.008405406258788804, 0.00901607035413812, 0.007577485878720149, 0.01826289776035759, 0.011996263771877815, 0.01222797740803783, 0.008391183440097469, 0.00826764497404036, 0.002343260992760501, 0.0038207007515374605, 0.009882473358968578, 0.03436636572660498, 0.03813427082965061, 0.04940312707943486, 0.04455766694078948, 0.18461802685171722, 0.05442931578947369], [0.005257502775702123, 0.013781842346605266, 0.013113924907255003, 0.013514469389616899, 0.01545353176833383, 0.02211965645894547, 0.022756555871990315, 0.023036993097041485, 0.030708024321684242, 0.06224537536050491, 0.05347077207637603, 0.07194328135863251, 0.0707248623719923, 0.10460066000880294, 0.11141581168288231, 0.14457681521596613, 0.11043493093016905, 0.0805365554338263, 0.20873819736842109, 0.19971510432966288]], "next_sample_train_distance": [[1.1495235252510354]], "elpd": [-2.4353956454306673, -490234329135860.3], "expected_improvement": [null, null], "actual_improvement": [null, [[0.24031167124484443]]], "mse": [0.6123723296536463, 0.5370205604216742], "nmse": [0.6287783069496881, 0.5514077995165051], "y_regret_pool": [0.012689725214249048, 0.0015862156517809645], "y_regret_test": [0.014870771735448374, 0.00376726217298029], "f_regret_pool": [], "f_regret_test": [], "x_y_opt_dist_pool": [2.0375985141651194, 0.6958804688714304], "x_f_opt_dist_pool": [], "x_y_opt_dist_test": [1.2513792127339995, 1.5267692204598762], "x_f_opt_dist_test": [], "uct_calibration": [0.06801758491183772, 0.2929531679169772], "uct_sharpness": [0.8753316838829256, 0.2607948608691252]}