{"p_array": [0.001, 0.053526315789473686, 0.10605263157894737, 0.15857894736842104, 0.21110526315789474, 0.26363157894736844, 0.3161578947368421, 0.3686842105263158, 0.4212105263157895, 0.4737368421052632, 0.5262631578947369, 0.5787894736842105, 0.6313157894736842, 0.6838421052631579, 0.7363684210526316, 0.7888947368421053, 0.841421052631579, 0.8939473684210526, 0.9464736842105264, 0.999], "mean_sharpness": [-0.4899604585405374, -0.5064657166148919, -0.5064657166148919], "sharpness_error_true_minus_model": [], "posterior_variance": [0.15599112734740544, 0.16327998218949477, 0.16327998218949477], "bias_mse": [], "bias_nmse": [], "f_calibration": [], "f_calibration_mse": [], "f_calibration_nmse": [], "y_calibration": [[0.0, 0.0, 0.0, 0.015599999576807022, 0.10140000283718109, 0.17020000517368317, 0.2280000001192093, 0.2791999876499176, 0.32019999623298645, 0.35600000619888306, 0.3864000141620636, 0.41040000319480896, 0.43059998750686646, 0.4535999894142151, 0.4733999967575073, 0.49219998717308044, 0.5112000107765198, 0.5314000248908997, 0.5562000274658203, 0.6345999836921692], [0.002400000113993883, 0.09399999678134918, 0.16359999775886536, 0.22020000219345093, 0.2782000005245209, 0.3312000036239624, 0.37860000133514404, 0.42100000381469727, 0.4634000062942505, 0.5027999877929688, 0.5425999760627747, 0.5929999947547913, 0.6394000053405762, 0.6848000288009644, 0.7360000014305115, 0.7851999998092651, 0.8361999988555908, 0.8848000168800354, 0.9290000200271606, 0.9968000054359436], [0.002400000113993883, 0.09399999678134918, 0.16359999775886536, 0.22020000219345093, 0.2782000005245209, 0.3312000036239624, 0.37860000133514404, 0.42100000381469727, 0.4634000062942505, 0.5027999877929688, 0.5425999760627747, 0.5929999947547913, 0.6394000053405762, 0.6848000288009644, 0.7360000014305115, 0.7851999998092651, 0.8361999988555908, 0.8848000168800354, 0.9290000200271606, 0.9968000054359436]], "y_calibration_mse": [0.045957389815733676, 0.001402334891854229, 0.001402334891854229], "y_calibration_nmse": [0.5009678139553885, 0.015286434848070232, 0.015286434848070232], "calibration_local_dist_to_nearest_train_sample": [[0.5126890179875845, 0.6811993323671673, 0.8497096467467502, 1.018219961126333, 1.1867302755059157, 1.3552405898854987, 1.5237509042650814, 1.6922612186446642, 1.860771533024247, 2.02928184740383, 2.1977921617834126, 2.3663024761629954, 2.5348127905425786, 2.703323104922161, 2.871833419301744, 3.0403437336813264, 3.2088540480609096, 3.377364362440492, 3.545874676820075, 3.7143849911996574], [0.42333907731481113, 0.5024994510216207, 0.5816598247284303, 0.6608201984352399, 0.7399805721420495, 0.819140945848859, 0.8983013195556686, 0.9774616932624782, 1.0566220669692878, 1.1357824406760975, 1.214942814382907, 1.2941031880897165, 1.373263561796526, 1.4524239355033357, 1.5315843092101453, 1.610744682916955, 1.6899050566237646, 1.7690654303305742, 1.8482258040373838, 1.9273861777441934], [0.42333907731481113, 0.5024994510216207, 0.5816598247284303, 0.6608201984352399, 0.7399805721420495, 0.819140945848859, 0.8983013195556686, 0.9774616932624782, 1.0566220669692878, 1.1357824406760975, 1.214942814382907, 1.2941031880897165, 1.373263561796526, 1.4524239355033357, 1.5315843092101453, 1.610744682916955, 1.6899050566237646, 1.7690654303305742, 1.8482258040373838, 1.9273861777441934]], "calibration_local_y": [[0.021435949157184803, 0.031012765625, 0.023047032742761434, 0.02039127807266292, 0.009590535212712536, 0.009240180606112541, 0.020754322022433536, 0.04346927200431248, 0.04934439492905054, 0.08870612750001933, 0.10909191827372797, 0.13026735763025715, 0.14873914662571958, 0.17484722911548786, 0.1465728160518755, 0.21535780660345666, 0.2387771001970757, 0.3417372105263158, 0.3417372105263158, 0.3417372105263158], [0.0014613455426501025, 0.010323733243319954, NaN, 0.0005555005055214689, 0.0003446366088996566, 0.0005079583124961656, 0.0025732355687228367, 0.0030445862923462234, 0.002467737043919407, 0.0024768980871262437, 0.0016857761549849437, 0.0012077571703546382, 0.0034724418773373366, 0.002564137452158902, 0.0034791032259572133, 0.003576550354680682, 0.005792246508347972, 0.006356047360944401, 0.03436909734109499, 0.06392931578947367], [0.0014613455426501025, 0.010323733243319954, NaN, 0.0005555005055214689, 0.0003446366088996566, 0.0005079583124961656, 0.0025732355687228367, 0.0030445862923462234, 0.002467737043919407, 0.0024768980871262437, 0.0016857761549849437, 0.0012077571703546382, 0.0034724418773373366, 0.002564137452158902, 0.0034791032259572133, 0.003576550354680682, 0.005792246508347972, 0.006356047360944401, 0.03436909734109499, 0.06392931578947367]], "elpd": [-5.048839763171668, -0.6757998789461682, -0.6757998789461682], "expected_improvement": [null, null, null], "actual_improvement": [null, null, null], "mse": [1.5782805716877366, 0.210373532153527, 0.210373532153527], "nmse": [1.5762510969945367, 0.21010301766625297, 0.21010301766625297], "y_regret_pool": [0.06281707535941616, 0.06281707535941616, 0.06281707535941616, 0.06281707535941616, 0.06281707535941616, 0.02592450729118756, 0.02592450729118756, 0.02592450729118756, 0.02592450729118756, 0.02592450729118756, 0.02592450729118756, 0.02592450729118756, 0.02592450729118756, 0.02592450729118756, 0.02592450729118756, 0.02592450729118756, 0.02592450729118756, 0.02592450729118756, 0.02592450729118756, 0.02592450729118756, 0.02592450729118756, 0.02592450729118756, 0.02592450729118756, 0.02592450729118756, 0.02592450729118756, 0.02592450729118756, 0.02592450729118756, 0.02592450729118756, 0.02592450729118756, 0.02592450729118756, 0.02592450729118756, 0.02592450729118756, 0.02592450729118756, 0.019941928685528687, 0.019941928685528687, 0.019941928685528687, 0.019941928685528687, 0.00638141717936902, 0.00638141717936902, 0.00638141717936902, 0.00638141717936902, 0.00638141717936902, 0.00638141717936902, 0.00638141717936902, 0.00638141717936902, 0.00638141717936902, 0.00638141717936902, 0.00638141717936902, 0.00638141717936902, 0.00638141717936902, 0.00638141717936902, 0.00638141717936902, 0.00638141717936902, 0.00638141717936902, 0.00638141717936902, 0.00638141717936902, 0.00638141717936902, 0.00638141717936902, 0.00638141717936902, 0.00638141717936902, 0.00638141717936902, 0.00638141717936902, 0.00638141717936902, 0.00638141717936902, 0.00638141717936902, 0.00638141717936902, 0.00638141717936902, 0.00638141717936902, 0.00638141717936902, 0.00638141717936902, 0.00638141717936902, 0.00638141717936902, 0.00638141717936902, 0.00638141717936902, 0.00638141717936902, 0.00638141717936902, 0.00638141717936902, 0.00638141717936902, 0.00638141717936902, 0.00638141717936902, 0.00638141717936902, 0.00638141717936902, 0.00638141717936902, 0.00638141717936902, 0.00638141717936902, 0.00638141717936902, 0.00638141717936902, 0.00638141717936902, 0.00638141717936902, 0.00638141717936902, 0.00638141717936902, 0.00638141717936902, 0.00638141717936902, 0.00638141717936902, 0.00638141717936902, 0.00638141717936902, 0.00638141717936902, 0.00638141717936902, 0.00638141717936902, 0.00638141717936902, 0.00638141717936902, 0.00638141717936902],