{"p_array": [0.001, 0.053526315789473686, 0.10605263157894737, 0.15857894736842104, 0.21110526315789474, 0.26363157894736844, 0.3161578947368421, 0.3686842105263158, 0.4212105263157895, 0.4737368421052632, 0.5262631578947369, 0.5787894736842105, 0.6313157894736842, 0.6838421052631579, 0.7363684210526316, 0.7888947368421053, 0.841421052631579, 0.8939473684210526, 0.9464736842105264, 0.999], "mean_sharpness": [0.11373875452622276, -0.13679849071503128, -0.13679849071503128], "sharpness_error_true_minus_model": [], "posterior_variance": [0.05688096153003757, 0.08179230644506458, 0.08179230644506458], "bias_mse": [], "bias_nmse": [], "f_calibration": [], "f_calibration_mse": [], "f_calibration_nmse": [], "y_calibration": [[0.09880000352859497, 0.22519999742507935, 0.26499998569488525, 0.29580000042915344, 0.32100000977516174, 0.3449999988079071, 0.36579999327659607, 0.3808000087738037, 0.4018000066280365, 0.4205999970436096, 0.43479999899864197, 0.4521999955177307, 0.47040000557899475, 0.49140000343322754, 0.5131999850273132, 0.5357999801635742, 0.5604000091552734, 0.5896000266075134, 0.6322000026702881, 0.7595999836921692], [0.017000000923871994, 0.10100000351667404, 0.1526000052690506, 0.19840000569820404, 0.2451999932527542, 0.29499998688697815, 0.3452000021934509, 0.39559999108314514, 0.45879998803138733, 0.5174000263214111, 0.5914000272750854, 0.6593999862670898, 0.722599983215332, 0.7875999808311462, 0.8335999846458435, 0.8686000108718872, 0.8970000147819519, 0.9211999773979187, 0.9491999745368958, 0.9922000169754028], [0.017000000923871994, 0.10100000351667404, 0.1526000052690506, 0.19840000569820404, 0.2451999932527542, 0.29499998688697815, 0.3452000021934509, 0.39559999108314514, 0.45879998803138733, 0.5174000263214111, 0.5914000272750854, 0.6593999862670898, 0.722599983215332, 0.7875999808311462, 0.8335999846458435, 0.8686000108718872, 0.8970000147819519, 0.9211999773979187, 0.9491999745368958, 0.9922000169754028]], "y_calibration_mse": [0.031824974042827824, 0.003141378549953977, 0.003141378549953977], "y_calibration_nmse": [0.3469145601903656, 0.03424323163884342, 0.03424323163884342], "calibration_local_dist_to_nearest_train_sample": [[0.4929206881397449, 0.6395164532955675, 0.7861122184513901, 0.9327079836072127, 1.0793037487630355, 1.225899513918858, 1.3724952790746805, 1.5190910442305032, 1.665686809386326, 1.8122825745421485, 1.958878339697971, 2.1054741048537937, 2.2520698700096164, 2.3986656351654387, 2.5452614003212615, 2.691857165477084, 2.838452930632907, 2.9850486957887297, 3.131644460944552, 3.2782402261003747], [0.4361209929365213, 0.5272976451639286, 0.6184742973913359, 0.7096509496187432, 0.8008276018461505, 0.8920042540735578, 0.9831809063009651, 1.0743575585283724, 1.1655342107557798, 1.2567108629831871, 1.3478875152105945, 1.4390641674380016, 1.530240819665409, 1.6214174718928163, 1.7125941241202236, 1.803770776347631, 1.8949474285750383, 1.9861240808024456, 2.077300733029853, 2.16847738525726], [0.4361209929365213, 0.5272976451639286, 0.6184742973913359, 0.7096509496187432, 0.8008276018461505, 0.8920042540735578, 0.9831809063009651, 1.0743575585283724, 1.1655342107557798, 1.2567108629831871, 1.3478875152105945, 1.4390641674380016, 1.530240819665409, 1.6214174718928163, 1.7125941241202236, 1.803770776347631, 1.8949474285750383, 1.9861240808024456, 2.077300733029853, 2.16847738525726]], "calibration_local_y": [[0.04028510322660854, 0.04522535966066035, 0.03372190289876144, 0.02425884387656868, 0.04362462408343364, 0.027341230709401587, 0.02628643219143892, 0.024422957616220223, 0.022666822941407865, 0.030830743333040745, 0.03737169671505479, 0.04849041201127335, 0.07259168433410836, 0.09128354771050382, 0.1096728272814188, 0.10035865870829078, 0.05952518289682408, 0.14315984112633925, 0.1036340501751147, 0.024292183623557406], [0.00552736427596098, 0.003239598002318032, 0.0032089414587006143, 0.003349776077921655, 0.004384303484174151, 0.004201388481550727, 0.002694142582366601, 0.006044558541723152, 0.004855145508028362, 0.0010944212678388817, 0.006860415700817847, 0.007603483909284546, 0.01305096542346286, 0.0034669311754334867, 0.005202224737369155, 0.024948840816265232, 0.095328, 0.026703000000000005, 0.08564861083507647, 0.07959627253083221], [0.00552736427596098, 0.003239598002318032, 0.0032089414587006143, 0.003349776077921655, 0.004384303484174151, 0.004201388481550727, 0.002694142582366601, 0.006044558541723152, 0.004855145508028362, 0.0010944212678388817, 0.006860415700817847, 0.007603483909284546, 0.01305096542346286, 0.0034669311754334867, 0.005202224737369155, 0.024948840816265232, 0.095328, 0.026703000000000005, 0.08564861083507647, 0.07959627253083221]], "elpd": [-7.784966211949752, -0.338016030455268, -0.338016030455268], "expected_improvement": [null, null, null], "actual_improvement": [null, null, null], "mse": [0.7164547757011018, 0.1362435336848861, 0.1362435336848861], "nmse": [0.7246120737092344, 0.13779475386464007, 0.13779475386464007], "y_regret_pool": [0.04133986743131279, 0.04133986743131279, 0.04133986743131279, 0.04133986743131279, 0.04133986743131279, 0.04133986743131279, 0.04133986743131279, 0.04133986743131279, 0.04133986743131279, 0.04133986743131279, 0.04133986743131279, 0.04133986743131279, 0.04133986743131279, 0.04133986743131279, 0.04133986743131279, 0.04133986743131279, 0.04133986743131279, 0.04133986743131279, 0.04133986743131279, 0.04133986743131279, 0.04133986743131279, 0.04133986743131279, 0.04133986743131279, 0.04133986743131279, 0.04133986743131279, 0.04133986743131279, 0.04133986743131279, 0.04133986743131279, 0.04133986743131279, 0.033389892925291154, 0.033389892925291154, 0.033389892925291154, 0.033389892925291154, 0.033389892925291154, 0.033389892925291154, 0.033389892925291154, 0.033389892925291154, 0.033389892925291154, 0.033389892925291154, 0.033389892925291154, 0.033389892925291154, 0.033389892925291154, 0.033389892925291154, 0.033389892925291154, 0.033389892925291154, 0.033389892925291154, 0.033389892925291154, 0.033389892925291154, 0.033389892925291154, 0.033389892925291154, 0.033389892925291154, 0.033389892925291154, 0.033389892925291154, 0.033389892925291154, 0.033389892925291154, 0.033389892925291154, 0.033389892925291154, 0.033389892925291154, 0.033389892925291154, 0.033389892925291154, 0.033389892925291154, 0.033389892925291154, 0.033389892925291154, 0.033389892925291154, 0.033389892925291154, 0.033389892925291154, 0.033389892925291154, 0.033389892925291154, 0.033389892925291154, 0.033389892925291154, 0.033389892925291154, 0.033389892925291154, 0.033389892925291154, 0.033389892925291154, 0.033389892925291154, 0.033389892925291154, 0.033389892925291154, 0.033389892925291154, 0.033389892925291154, 0.033389892925291154, 0.033389892925291154, 0.033389892925291154, 0.033389892925291154, 0.033389892925291154, 0.033389892925291154, 0.033389892925291154, 0.033389892925291154, 0.033389892925291154, 0.033389892925291154, 0.033389892925291154, 0.033389892925291154, 0.033389892925291154, 0.033389892925291154, 0.033389892925291154, 0.033389892925291154, 0.033389892925291154, 0.033389892925291154, 0.033389892925291154, 0.033389892925291154, 0.033389892925291154, 0.033389892925291154, 0.033389892925291154],