{"p_array": [0.001, 0.053526315789473686, 0.10605263157894737, 0.15857894736842104, 0.21110526315789474, 0.26363157894736844, 0.3161578947368421, 0.3686842105263158, 0.4212105263157895, 0.4737368421052632, 0.5262631578947369, 0.5787894736842105, 0.6313157894736842, 0.6838421052631579, 0.7363684210526316, 0.7888947368421053, 0.841421052631579, 0.8939473684210526, 0.9464736842105264, 0.999], "mean_sharpness": [1.7863961159922623, -0.30145186577146776], "sharpness_error_true_minus_model": [], "posterior_variance": [0.0017051861118125818, 0.12447074074619527], "bias_mse": [], "bias_nmse": [], "f_calibration": [], "f_calibration_mse": [], "f_calibration_nmse": [], "y_calibration": [[0.5450000166893005, 0.553600013256073, 0.5558000206947327, 0.557200014591217, 0.5582000017166138, 0.5591999888420105, 0.5598000288009644, 0.5604000091552734, 0.5618000030517578, 0.5626000165939331, 0.5630000233650208, 0.5633999705314636, 0.5644000172615051, 0.5651999711990356, 0.5659999847412109, 0.5672000050544739, 0.5685999989509583, 0.5703999996185303, 0.5726000070571899, 0.5820000171661377], [0.397599995136261, 0.5238000154495239, 0.5440000295639038, 0.5583999752998352, 0.5672000050544739, 0.5774000287055969, 0.5857999920845032, 0.5950000286102295, 0.6011999845504761, 0.6097999811172485, 0.6177999973297119, 0.625, 0.633400022983551, 0.6412000060081482, 0.6531999707221985, 0.6665999889373779, 0.6886000037193298, 0.730400025844574, 0.7879999876022339, 0.9562000036239624]], "y_calibration_mse": [0.09149469713134342, 0.06207253690816027], "y_calibration_nmse": [0.9973564337352202, 0.6766342311046628], "calibration_local_dist_to_nearest_train_sample": [[0.5186325294769967, 0.6914723781905316, 0.8643122269040667, 1.0371520756176018, 1.2099919243311366, 1.3828317730446718, 1.555671621758207, 1.7285114704717417, 1.901351319185277, 2.0741911678988116, 2.247031016612347, 2.419870865325882, 2.5927107140394168, 2.765550562752952, 2.9383904114664867, 3.111230260180022, 3.284070108893557, 3.456909957607092, 3.629749806320627, 3.8025896550341622], [0.3630145985459069, 0.47468240688761376, 0.5863502152293205, 0.6980180235710274, 0.8096858319127342, 0.9213536402544411, 1.0330214485961478, 1.1446892569378546, 1.2563570652795615, 1.3680248736212683, 1.4796926819629752, 1.591360490304682, 1.703028298646389, 1.8146961069880956, 1.9263639153298024, 2.038031723671509, 2.149699532013216, 2.261367340354923, 2.37303514869663, 2.4847029570383365]], "calibration_local_y": [[0.12871946610083032, 0.15726089590477954, 0.15799511218703471, 0.1493436005652406, 0.13490180948311825, 0.13714638299757945, 0.139940501769057, 0.11701561233383675, 0.09485242178990491, 0.088463800068023, 0.09032858987331055, 0.09786370356383307, 0.16105380812847403, 0.20518130278086208, 0.29855447313811434, 0.3417372105263158, 0.3417372105263158, 0.3417372105263158, 0.3417372105263158, 0.3417372105263158], [0.09434838401879247, NaN, 0.035638638461027404, 0.03808330429691095, 0.028277281978950373, 0.04791830612242805, 0.048402662583928995, 0.05427383386172576, 0.053273350051412025, 0.07909603530457593, 0.08586145912054434, 0.08578847770942817, 0.07836937680683739, 0.0726578589514606, 0.09882054634989014, 0.08187326491802291, 0.10019811133482717, 0.34173721052631584, 0.10288165166038461, 0.34173721052631584]], "elpd": [-302.74547886323643, -6.4831030065932485], "expected_improvement": [null, null], "actual_improvement": [null, [[2.5909449502607558]]], "mse": [0.9932484462229959, 0.9391749700239898], "nmse": [0.9999553145933988, 0.9455167095199646], "y_regret_pool": [0.03176880926061121, 0.03176880926061121, 0.03176880926061121, 0.03176880926061121, 0.03176880926061121, 0.03176880926061121, 0.03176880926061121, 0.03176880926061121, 0.03176880926061121, 0.03176880926061121, 0.03176880926061121, 0.03176880926061121, 0.03176880926061121, 0.03176880926061121, 0.03176880926061121, 0.03176880926061121, 0.03176880926061121, 0.03176880926061121, 0.03176880926061121, 0.03176880926061121, 0.03176880926061121, 0.03176880926061121, 0.03176880926061121, 0.03176880926061121, 0.03176880926061121, 0.03176880926061121, 0.03176880926061121, 0.03176880926061121, 0.03176880926061121, 0.03176880926061121, 0.03176880926061121, 0.03176880926061121, 0.03176880926061121, 0.03176880926061121, 0.03176880926061121, 0.03176880926061121, 0.03176880926061121, 0.03176880926061121, 0.03176880926061121, 0.03176880926061121, 0.03176880926061121, 0.03176880926061121, 0.03176880926061121, 0.03176880926061121, 0.03176880926061121, 0.03176880926061121, 0.03176880926061121, 0.03176880926061121, 0.03176880926061121, 0.03176880926061121, 0.03176880926061121, 0.03176880926061121, 0.03176880926061121, 0.03176880926061121, 0.03176880926061121, 0.03176880926061121, 0.03176880926061121, 0.03176880926061121, 0.03176880926061121, 0.03176880926061121, 0.03176880926061121, 0.03176880926061121, 0.03176880926061121, 0.03176880926061121, 0.03176880926061121, 0.03176880926061121, 0.03176880926061121, 0.03176880926061121, 0.03176880926061121, 0.03176880926061121, 0.03176880926061121, 0.03176880926061121, 0.03176880926061121, 0.03176880926061121, 0.03176880926061121, 0.03176880926061121, 0.03176880926061121, 0.03176880926061121, 0.03176880926061121, 0.03176880926061121, 0.03176880926061121, 0.03176880926061121, 0.03176880926061121, 0.03176880926061121, 0.03176880926061121, 0.03176880926061121, 0.03176880926061121, 0.03176880926061121, 0.03176880926061121, 0.03176880926061121, 0.03176880926061121, 0.03176880926061121, 0.03176880926061121, 0.03176880926061121, 0.03176880926061121, 0.03176880926061121, 0.03176880926061121, 0.03176880926061121, 0.03176880926061121, 0.03176880926061121, 0.03176880926061121], "y_regret_test": [0.03335724972364207, 0.03335724972364207, 0.03335724972364207, 0.03335724972364207, 0.03335724972364207, 0.03335724972364207, 0.03335724972364207, 0.03335724972364207, 0.03335724972364207, 0.03335724972364207, 0.03335724972364207, 0.03335724972364207, 0.03335724972364207, 0.03335724972364207, 0.03335724972364207, 0.03335724972364207, 0.03335724972364207, 0.03335724972364207, 0.03335724972364207, 0.03335724972364207, 0.03335724972364207, 0.03335724972364207, 0.03335724972364207, 0.03335724972364207, 0.03335724972364207, 0.03335724972364207, 0.03335724972364207, 0.03335724972364207, 0.03335724972364207, 0.03335724972364207, 0.03335724972364207, 0.03335724972364207, 0.03335724972364207, 0.03335724972364207, 0.03335724972364207, 0.03335724972364207, 0.03335724972364207, 0.03335724972364207, 0.03335724972364207, 0.03335724972364207, 0.03335724972364207, 0.03335724972364207, 0.03335724972364207, 0.03335724972364207, 0.03335724972364207, 0.03335724972364207, 0.03335724972364207, 0.03335724972364207, 0.03335724972364207, 0.03335724972364207, 0.03335724972364207, 0.03335724972364207, 0.03335724972364207, 0.03335724972364207, 0.03335724972364207, 0.03335724972364207, 0.03335724972364207, 0.03335724972364207, 0.03335724972364207, 0.03335724972364207, 0.03335724972364207, 0.03335724972364207, 0.03335724972364207, 0.03335724972364207, 0.03335724972364207, 0.03335724972364207, 0.03335724972364207, 0.03335724972364207, 0.03335724972364207, 0.03335724972364207, 0.03335724972364207, 0.03335724972364207, 0.03335724972364207, 0.03335724972364207, 0.03335724972364207, 0.03335724972364207, 0.03335724972364207, 0.03335724972364207, 0.03335724972364207, 0.03335724972364207, 0.03335724972364207, 0.03335724972364207, 0.03335724972364207, 0.03335724972364207, 0.03335724972364207, 0.03335724972364207, 0.03335724972364207, 0.03335724972364207, 0.03335724972364207, 0.03335724972364207, 0.03335724972364207, 0.03335724972364207, 0.03335724972364207, 0.03335724972364207, 0.03335724972364207, 0.03335724972364207, 0.03335724972364207, 0.03335724972364207, 0.03335724972364207, 0.03335724972364207, 0.03335724972364207], "f_regret_pool": [], "f_regret_test": [],