{"p_array": [0.001, 0.053526315789473686, 0.10605263157894737, 0.15857894736842104, 0.21110526315789474, 0.26363157894736844, 0.3161578947368421, 0.3686842105263158, 0.4212105263157895, 0.4737368421052632, 0.5262631578947369, 0.5787894736842105, 0.6313157894736842, 0.6838421052631579, 0.7363684210526316, 0.7888947368421053, 0.841421052631579, 0.8939473684210526, 0.9464736842105264, 0.999], "mean_sharpness": [0.9530914392241537, 0.7115653693900975], "sharpness_error_true_minus_model": [], "posterior_variance": [0.009089482373209046, 0.015119820979040547], "bias_mse": [], "bias_nmse": [], "f_calibration": [], "f_calibration_mse": [], "f_calibration_nmse": [], "y_calibration": [[0.5127999782562256, 0.5401999950408936, 0.5473999977111816, 0.5519999861717224, 0.5546000003814697, 0.5568000078201294, 0.5605999827384949, 0.5619999766349792, 0.5637999773025513, 0.5655999779701233, 0.567799985408783, 0.5694000124931335, 0.571399986743927, 0.5745999813079834, 0.5763999819755554, 0.579800009727478, 0.5807999968528748, 0.5838000178337097, 0.5878000259399414, 0.6083999872207642], [0.41100001335144043, 0.4970000088214874, 0.5126000046730042, 0.5217999815940857, 0.527400016784668, 0.5317999720573425, 0.5368000268936157, 0.5415999889373779, 0.5461999773979187, 0.5482000112533569, 0.5522000193595886, 0.555400013923645, 0.5586000084877014, 0.5613999962806702, 0.5651999711990356, 0.5673999786376953, 0.571399986743927, 0.5763999819755554, 0.5831999778747559, 0.6082000136375427]], "y_calibration_mse": [0.08550827834263627, 0.07459919787687433], "y_calibration_nmse": [0.9321002660976628, 0.8131836301636265], "calibration_local_dist_to_nearest_train_sample": [[0.48574772489633683, 0.6261761368284074, 0.766604548760478, 0.9070329606925487, 1.0474613726246194, 1.18788978455669, 1.3283181964887605, 1.4687466084208312, 1.6091750203529018, 1.7496034322849725, 1.890031844217043, 2.0304602561491136, 2.1708886680811843, 2.3113170800132545, 2.451745491945325, 2.592173903877396, 2.7326023158094666, 2.8730307277415372, 3.013459139673608, 3.1538875516056786], [0.4814120465491899, 0.6175047801341136, 0.7535975137190374, 0.8896902473039611, 1.0257829808888848, 1.1618757144738086, 1.2979684480587323, 1.434061181643656, 1.5701539152285797, 1.7062466488135033, 1.842339382398427, 1.978432115983351, 2.1145248495682747, 2.2506175831531983, 2.386710316738122, 2.522803050323046, 2.658895783907969, 2.794988517492893, 2.931081251077817, 3.0671739846627406]], "calibration_local_y": [[0.34173721052631584, 0.11382811713921512, 0.1645249116309738, 0.1341855098916162, 0.1270841236536801, 0.12150998108538916, 0.09804244125651299, 0.09103234717885784, 0.10349594342724092, 0.08736068510911701, 0.08620265073412613, 0.08437902665505859, 0.08732121163384546, 0.10096154400976798, 0.1052338495861583, 0.127214471082631, 0.11500802418239615, 0.132573537314094, 0.18173720873817648, 0.3417372105263158], [0.1562952684773097, 0.18064853003630849, 0.18594479788122456, 0.155955096977763, 0.13807976173069753, 0.11733662647596188, 0.09618062755482577, 0.0841157239922126, 0.08533447669545292, 0.0802165080875046, 0.07467559609005053, 0.10442173092148799, 0.10784618970785506, 0.17830023131194186, 0.21757085674565677, 0.19462797404635, 0.28104571966794867, 0.28679943943478053, 0.3417372105263158, 0.3417372105263158]], "elpd": [-59.94494607590386, -37.11984312350159], "expected_improvement": [null, null], "actual_improvement": [null, [[0.04024185216007092]]], "mse": [0.9973507057361752, 0.9317845340322108], "nmse": [0.9851362975112095, 0.9203731051226798], "y_regret_pool": [0.04980427247533581, 0.04980427247533581, 0.04980427247533581, 0.04980427247533581, 0.04980427247533581, 0.04980427247533581, 0.04980427247533581, 0.04980427247533581, 0.00478121015763211, 0.00478121015763211, 0.00478121015763211, 0.00478121015763211, 0.00478121015763211, 0.00478121015763211, 0.00478121015763211, 0.00478121015763211, 0.00478121015763211, 0.00478121015763211, 0.00478121015763211, 0.00478121015763211, 0.00478121015763211, 0.00478121015763211, 0.00478121015763211, 0.00478121015763211, 0.00478121015763211, 0.00478121015763211, 0.00478121015763211, 0.00478121015763211, 0.00478121015763211, 0.00478121015763211, 0.00478121015763211, 0.00478121015763211, 0.00478121015763211, 0.00478121015763211, 0.00478121015763211, 0.00478121015763211, 0.00478121015763211, 0.00478121015763211, 0.00478121015763211, 0.00478121015763211, 0.00478121015763211, 0.00398434179802698, 0.00398434179802698, 0.00398434179802698, 0.00398434179802698, 0.00398434179802698, 0.00398434179802698, 0.00398434179802698, 0.00398434179802698, 0.00398434179802698, 0.00398434179802698, 0.00398434179802698, 0.00398434179802698, 0.00398434179802698, 0.00398434179802698, 0.00398434179802698, 0.00398434179802698, 0.00398434179802698, 0.00398434179802698, 0.00398434179802698, 0.00398434179802698, 0.00398434179802698, 0.00398434179802698, 0.00398434179802698, 0.00398434179802698, 0.00398434179802698, 0.00398434179802698, 0.00398434179802698, 0.00398434179802698, 0.00398434179802698, 0.00398434179802698, 0.00398434179802698, 0.00398434179802698, 0.00398434179802698, 0.00398434179802698, 0.00398434179802698, 0.00398434179802698, 0.00398434179802698, 0.00398434179802698, 0.00398434179802698, 0.00398434179802698, 0.00398434179802698, 0.00398434179802698, 0.00398434179802698, 0.00398434179802698, 0.00398434179802698, 0.00398434179802698, 0.00398434179802698, 0.00398434179802698, 0.00398434179802698, 0.00398434179802698, 0.00398434179802698, 0.00398434179802698, 0.00398434179802698, 0.00398434179802698, 0.00398434179802698, 0.00398434179802698, 0.00398434179802698, 0.00398434179802698, 0.00398434179802698, 0.00398434179802698], "y_regret_test": [0.04840975284602633, 0.04840975284602633, 0.04840975284602633, 0.04840975284602633, 0.04840975284602633, 0.04840975284602633, 0.04840975284602633, 0.04840975284602633, 0.0033866905283226334, 0.0033866905283226334, 0.0033866905283226334, 0.0033866905283226334, 0.0033866905283226334, 0.0033866905283226334, 0.0033866905283226334, 0.0033866905283226334, 0.0033866905283226334, 0.0033866905283226334, 0.0033866905283226334, 0.0033866905283226334, 0.0033866905283226334, 0.0033866905283226334, 0.0033866905283226334, 0.0033866905283226334, 0.0033866905283226334, 0.0033866905283226334, 0.0033866905283226334, 0.0033866905283226334, 0.0033866905283226334, 0.0033866905283226334, 0.0033866905283226334, 0.0033866905283226334, 0.0033866905283226334, 0.0033866905283226334, 0.0033866905283226334, 0.0033866905283226334, 0.0033866905283226334, 0.0033866905283226334, 0.0033866905283226334, 0.0033866905283226334, 0.0033866905283226334, 0.002589822168717504, 0.002589822168717504, 0.002589822168717504, 0.002589822168717504, 0.002589822168717504, 0.002589822168717504, 0.002589822168717504, 0.002589822168717504, 0.002589822168717504, 0.002589822168717504, 0.002589822168717504, 0.002589822168717504, 0.002589822168717504, 0.002589822168717504, 0.002589822168717504, 0.002589822168717504, 0.002589822168717504, 0.002589822168717504, 0.002589822168717504, 0.002589822168717504, 0.002589822168717504, 0.002589822168717504, 0.002589822168717504, 0.002589822168717504, 0.002589822168717504, 0.002589822168717504, 0.002589822168717504, 0.002589822168717504, 0.002589822168717504, 0.002589822168717504, 0.002589822168717504, 0.002589822168717504, 0.002589822168717504, 0.002589822168717504, 0.002589822168717504, 0.002589822168717504, 0.002589822168717504, 0.002589822168717504, 0.002589822168717504, 0.002589822168717504, 0.002589822168717504, 0.002589822168717504, 0.002589822168717504, 0.002589822168717504, 0.002589822168717504, 0.002589822168717504, 0.002589822168717504, 0.002589822168717504, 0.002589822168717504, 0.002589822168717504, 0.002589822168717504, 0.002589822168717504, 0.002589822168717504, 0.002589822168717504, 0.002589822168717504, 0.002589822168717504, 0.002589822168717504, 0.002589822168717504, 0.002589822168717504, 0.002589822168717504], "f_regret_pool": [], "f_regret_test": [],