{"p_array": [0.001, 0.053526315789473686, 0.10605263157894737, 0.15857894736842104, 0.21110526315789474, 0.26363157894736844, 0.3161578947368421, 0.3686842105263158, 0.4212105263157895, 0.4737368421052632, 0.5262631578947369, 0.5787894736842105, 0.6313157894736842, 0.6838421052631579, 0.7363684210526316, 0.7888947368421053, 0.841421052631579, 0.8939473684210526, 0.9464736842105264, 0.999], "mean_sharpness": [-1.3687926827002546, 0.07969952719807545], "sharpness_error_true_minus_model": [], "posterior_variance": [0.9045735145406147, 0.07974889790720752], "bias_mse": [], "bias_nmse": [], "f_calibration": [], "f_calibration_mse": [], "f_calibration_nmse": [], "y_calibration": [[0.0, 0.0, 0.07819999754428864, 0.3068000078201294, 0.41260001063346863, 0.4666000008583069, 0.5058000087738037, 0.5343999862670898, 0.5582000017166138, 0.5794000029563904, 0.5996000170707703, 0.6182000041007996, 0.6362000107765198, 0.6570000052452087, 0.6765999794006348, 0.6941999793052673, 0.722599983215332, 0.7724000215530396, 1.0, 1.0], [0.08739999681711197, 0.30079999566078186, 0.37139999866485596, 0.42739999294281006, 0.47440001368522644, 0.5156000256538391, 0.5432000160217285, 0.5770000219345093, 0.605400025844574, 0.633400022983551, 0.6628000140190125, 0.6909999847412109, 0.7161999940872192, 0.7405999898910522, 0.7688000202178955, 0.7940000295639038, 0.8205999732017517, 0.8471999764442444, 0.8848000168800354, 0.95660001039505]], "y_calibration_mse": [0.01263688873708702, 0.027470777374120032], "y_calibration_nmse": [0.13775095912102095, 0.2994507595828821], "calibration_local_dist_to_nearest_train_sample": [[0.4869501588052503, 0.6286464202047508, 0.7703426816042513, 0.9120389430037519, 1.0537352044032524, 1.195431465802753, 1.3371277272022535, 1.478823988601754, 1.6205202500012545, 1.762216511400755, 1.9039127728002556, 2.045609034199756, 2.1873052955992565, 2.329001556998757, 2.4706978183982575, 2.6123940797977583, 2.754090341197259, 2.8957866025967594, 3.0374828639962597, 3.1791791253957604], [0.45049980232116904, 0.5557457072365883, 0.6609916121520077, 0.7662375170674272, 0.8714834219828466, 0.9767293268982659, 1.0819752318136853, 1.1872211367291046, 1.292467041644524, 1.3977129465599436, 1.5029588514753627, 1.6082047563907822, 1.7134506613062017, 1.8186965662216208, 1.9239424711370403, 2.02918837605246, 2.134434280967879, 2.2396801858832984, 2.344926090798718, 2.4501719957141375]], "calibration_local_y": [[0.00999130381957779, 0.013500635271147202, 0.008796629251619831, 0.014526166338674157, 0.020134389868759487, 0.019709790357741362, 0.0166759927950378, 0.021188508869276885, 0.01564866677072456, 0.022205195566140232, 0.012047132193609516, 0.013007507040521227, 0.015520501346339342, 0.015965936475597818, 0.018846230605630926, 0.02702737792232828, 0.015364563703262196, 0.06417668154878686, 0.1508809227087139, 0.08195256707894231], [0.01085814158066251, 0.01912642813811994, 0.035316488276348056, 0.036842455159491715, 0.04483576592050893, 0.047841918561760406, 0.04746912912544314, 0.03538373147593553, 0.037635070053149616, 0.033185296636801725, 0.025606734380474554, 0.012681268717718927, 0.004936901787109805, 0.002991295123612854, 0.0025595958233468343, 0.018173687593845307, 0.005445210789197534, 0.030298263335814635, 0.1447635263157895, 0.06392931578947367]], "elpd": [-1.4210797035985758, -1.6368749363131971], "expected_improvement": [null, null], "actual_improvement": [null, [[0.031056349899524438]]], "mse": [0.9991684230583207, 0.30733576996898554], "nmse": [1.0095363115279792, 0.3105248449159518], "y_regret_pool": [0.13975357454785997, 0.13975357454785997, 0.13975357454785997, 0.13975357454785997, 0.13975357454785997, 0.13975357454785997, 0.13975357454785997, 0.13975357454785997, 0.13975357454785997, 0.13975357454785997, 0.13975357454785997, 0.041607545698721715, 0.041607545698721715, 0.041607545698721715, 0.041607545698721715, 0.041607545698721715, 0.041607545698721715, 0.041607545698721715, 0.041607545698721715, 0.041607545698721715, 0.041607545698721715, 0.041607545698721715, 0.041607545698721715, 0.03384345822384094, 0.03384345822384094, 0.03384345822384094, 0.03384345822384094, 0.03284806239372795, 0.03284806239372795, 0.03284806239372795, 0.03284806239372795, 0.014930937451694382, 0.014930937451694382, 0.014930937451694382, 0.014930937451694382, 0.014930937451694382, 0.014930937451694382, 0.014930937451694382, 0.014930937451694382, 0.014930937451694382, 0.014930937451694382, 0.014930937451694382, 0.014930937451694382, 0.014930937451694382, 0.014930937451694382, 0.014930937451694382, 0.014930937451694382, 0.014930937451694382, 0.009754879135106975, 0.009754879135106975, 0.009754879135106975, 0.009754879135106975, 0.009754879135106975, 0.009754879135106975, 0.009754879135106975, 0.009754879135106975, 0.009754879135106975, 0.009754879135106975, 0.009754879135106975, 0.009754879135106975, 0.009754879135106975, 0.009754879135106975, 0.009754879135106975, 0.009754879135106975, 0.009754879135106975, 0.009754879135106975, 0.009754879135106975, 0.009754879135106975, 0.009754879135106975, 0.009754879135106975, 0.009754879135106975, 0.009754879135106975, 0.009754879135106975, 0.009754879135106975, 0.009754879135106975, 0.009754879135106975, 0.009754879135106975, 0.009754879135106975, 0.009754879135106975, 0.009754879135106975, 0.009754879135106975, 0.009754879135106975, 0.0007963166640905239, 0.0007963166640905239, 0.0007963166640905239, 0.0007963166640905239, 0.0007963166640905239, 0.0007963166640905239, 0.0007963166640905239, 0.0007963166640905239, 0.0007963166640905239, 0.0007963166640905239, 0.0007963166640905239, 0.0007963166640905239, 0.0007963166640905239, 0.0007963166640905239, 0.0007963166640905239, 0.0007963166640905239, 0.0007963166640905239, 0.0007963166640905239, 0.0007963166640905239], "y_regret_test": [0.14433239536637932, 0.14433239536637932, 0.14433239536637932, 0.14433239536637932, 0.14433239536637932, 0.14433239536637932, 0.14433239536637932, 0.14433239536637932, 0.14433239536637932, 0.14433239536637932, 0.14433239536637932, 0.04618636651724106, 0.04618636651724106, 0.04618636651724106, 0.04618636651724106, 0.04618636651724106, 0.04618636651724106, 0.04618636651724106, 0.04618636651724106, 0.04618636651724106, 0.04618636651724106, 0.04618636651724106, 0.04618636651724106, 0.038422279042360286, 0.038422279042360286, 0.038422279042360286, 0.038422279042360286, 0.0374268832122473, 0.0374268832122473, 0.0374268832122473, 0.0374268832122473, 0.01950975827021373, 0.01950975827021373, 0.01950975827021373, 0.01950975827021373, 0.01950975827021373, 0.01950975827021373, 0.01950975827021373, 0.01950975827021373, 0.01950975827021373, 0.01950975827021373, 0.01950975827021373, 0.01950975827021373, 0.01950975827021373, 0.01950975827021373, 0.01950975827021373, 0.01950975827021373, 0.01950975827021373, 0.014333699953626322, 0.014333699953626322, 0.014333699953626322, 0.014333699953626322, 0.014333699953626322, 0.014333699953626322, 0.014333699953626322, 0.014333699953626322, 0.014333699953626322, 0.014333699953626322, 0.014333699953626322, 0.014333699953626322, 0.014333699953626322, 0.014333699953626322, 0.014333699953626322, 0.014333699953626322, 0.014333699953626322, 0.014333699953626322, 0.014333699953626322, 0.014333699953626322, 0.014333699953626322, 0.014333699953626322, 0.014333699953626322, 0.014333699953626322, 0.014333699953626322, 0.014333699953626322, 0.014333699953626322, 0.014333699953626322, 0.014333699953626322, 0.014333699953626322, 0.014333699953626322, 0.014333699953626322, 0.014333699953626322, 0.014333699953626322, 0.005375137482609871, 0.005375137482609871, 0.005375137482609871, 0.005375137482609871, 0.005375137482609871, 0.005375137482609871, 0.005375137482609871, 0.005375137482609871, 0.005375137482609871, 0.005375137482609871, 0.005375137482609871, 0.005375137482609871, 0.005375137482609871, 0.005375137482609871, 0.005375137482609871, 0.005375137482609871, 0.005375137482609871, 0.005375137482609871, 0.005375137482609871], "f_regret_pool": [],