{"p_array": [0.001, 0.053526315789473686, 0.10605263157894737, 0.15857894736842104, 0.21110526315789474, 0.26363157894736844, 0.3161578947368421, 0.3686842105263158, 0.4212105263157895, 0.4737368421052632, 0.5262631578947369, 0.5787894736842105, 0.6313157894736842, 0.6838421052631579, 0.7363684210526316, 0.7888947368421053, 0.841421052631579, 0.8939473684210526, 0.9464736842105264, 0.999], "mean_sharpness": [1.2107871588953645, 1.2369328875704892, 1.2966357425940627], "sharpness_error_true_minus_model": [], "posterior_variance": [0.005383004270720834, 0.005086724722195003, 0.004528487943988573], "bias_mse": [], "bias_nmse": [], "f_calibration": [], "f_calibration_mse": [], "f_calibration_nmse": [], "y_calibration": [[0.5202000141143799, 0.5375999808311462, 0.5432000160217285, 0.5460000038146973, 0.5472000241279602, 0.5504000186920166, 0.5523999929428101, 0.5559999942779541, 0.557200014591217, 0.5582000017166138, 0.5600000023841858, 0.5604000091552734, 0.5619999766349792, 0.5640000104904175, 0.5659999847412109, 0.5687999725341797, 0.5712000131607056, 0.5756000280380249, 0.5799999833106995, 0.59579998254776], [0.5257999897003174, 0.5446000099182129, 0.5482000112533569, 0.5523999929428101, 0.5546000003814697, 0.5576000213623047, 0.5594000220298767, 0.5605999827384949, 0.5608000159263611, 0.5622000098228455, 0.5654000043869019, 0.5663999915122986, 0.5685999989509583, 0.5705999732017517, 0.5722000002861023, 0.574999988079071, 0.5777999758720398, 0.5799999833106995, 0.5853999853134155, 0.6003999710083008], [0.5271999835968018, 0.545199990272522, 0.5475999712944031, 0.5509999990463257, 0.5555999875068665, 0.5573999881744385, 0.5595999956130981, 0.5604000091552734, 0.5608000159263611, 0.5613999962806702, 0.5633999705314636, 0.5666000247001648, 0.5690000057220459, 0.5703999996185303, 0.5717999935150146, 0.5741999745368958, 0.5770000219345093, 0.5795999765396118, 0.5843999981880188, 0.599399983882904]], "y_calibration_mse": [0.08630786679278832, 0.08716664328130737, 0.08733601523661469], "y_calibration_nmse": [0.9408163415654544, 0.9501776082051534, 0.952023881427716], "calibration_local_dist_to_nearest_train_sample": [[0.5052561895343232, 0.6689007158742097, 0.8325452422140962, 0.9961897685539828, 1.1598342948938694, 1.3234788212337558, 1.4871233475736425, 1.650767873913529, 1.8144124002534154, 1.9780569265933021, 2.1417014529331886, 2.305345979273075, 2.4689905056129615, 2.6326350319528484, 2.796279558292735, 2.9599240846326214, 3.123568610972508, 3.2872131373123943, 3.450857663652281, 3.6145021899921677], [0.44172467491149614, 0.5418376866285557, 0.6419506983456152, 0.7420637100626748, 0.8421767217797343, 0.9422897334967939, 1.0424027452138533, 1.142515756930913, 1.2426287686479727, 1.3427417803650321, 1.4428547920820916, 1.5429678037991512, 1.6430808155162109, 1.7431938272332703, 1.8433068389503298, 1.9434198506673894, 2.043532862384449, 2.1436458741015088, 2.243758885818568, 2.3438718975356276], [0.44172467491149614, 0.5418376866285557, 0.6419506983456152, 0.7420637100626748, 0.8421767217797343, 0.9422897334967939, 1.0424027452138533, 1.142515756930913, 1.2426287686479727, 1.3427417803650321, 1.4428547920820916, 1.5429678037991512, 1.6430808155162109, 1.7431938272332703, 1.8433068389503298, 1.9434198506673894, 2.043532862384449, 2.1436458741015088, 2.243758885818568, 2.3438718975356276]], "calibration_local_y": [[0.13765558517178278, 0.21098201289837526, 0.2202633873815001, 0.16905067604918825, 0.1538336953834342, 0.14941811277060885, 0.1487102185649794, 0.13206121888080052, 0.10423456275884897, 0.10322572345762535, 0.07776573951727529, 0.08505568650284032, 0.1666560077005945, 0.24273351619902592, 0.28293177510463974, 0.30474267089474016, 0.3417372105263158, 0.3417372105263158, 0.3417372105263158, 0.3417372105263158], [0.09162925267771783, 0.1037518646489112, 0.09173678954346584, 0.0952956996936088, 0.09685083030721889, 0.08938189694941702, 0.09157903876824276, 0.0878275076750501, 0.08856743487070023, 0.08700123022973669, 0.08176135314948349, 0.07851206202122693, 0.09538171892154228, 0.06960645073415794, 0.06004405091840037, 0.08577720856144873, 0.07486762368506819, NaN, 0.3042872105263158, 0.24718984210526312], [0.09223829373318435, 0.1044919278506812, 0.09243619562162061, 0.09540076708443475, 0.09687299409506263, 0.08951621261303022, 0.09135382949659143, 0.08843934728881524, 0.08850812509588932, 0.08760606679002433, 0.0821066161616438, 0.0782937333634586, 0.09503764030231313, 0.07268306961823276, 0.06304405056077252, 0.08577720856144873, 0.0634869210948055, NaN, 0.3042872105263158, 0.2918372105263158]], "elpd": [-96.18419201364117, -100.67294139442737, -115.7206724903925], "expected_improvement": [null, null, null], "actual_improvement": [null, null, null], "mse": [0.9954534907958299, 0.9836004037638256, 0.9848848859409293], "nmse": [1.0027178287050258, 0.9907782435791741, 0.9920720992856883], "y_regret_pool": [0.05820008748207517, 0.05820008748207517, 0.05820008748207517, 0.05820008748207517, 0.05820008748207517, 0.05820008748207517, 0.05820008748207517, 0.04513476172079267, 0.04513476172079267, 0.04513476172079267, 0.04513476172079267, 0.04513476172079267, 0.04513476172079267, 0.04513476172079267, 0.04513476172079267, 0.04513476172079267, 0.04513476172079267, 0.04513476172079267, 0.04513476172079267, 0.04513476172079267, 0.04513476172079267, 0.04513476172079267, 0.04513476172079267, 0.04513476172079267, 0.04513476172079267, 0.04513476172079267, 0.04513476172079267, 0.04513476172079267, 0.04513476172079267, 0.04513476172079267, 0.04513476172079267, 0.04513476172079267, 0.04513476172079267, 0.04513476172079267, 0.04513476172079267, 0.04513476172079267, 0.04513476172079267, 0.04513476172079267, 0.04513476172079267, 0.04513476172079267, 0.04513476172079267, 0.04513476172079267, 0.04513476172079267, 0.04513476172079267, 0.04513476172079267, 0.04513476172079267, 0.04513476172079267, 0.04513476172079267, 0.04513476172079267, 0.04513476172079267, 0.04513476172079267, 0.04513476172079267, 0.04513476172079267, 0.04513476172079267, 0.04513476172079267, 0.04513476172079267, 0.04513476172079267, 0.04513476172079267, 0.04513476172079267, 0.04513476172079267, 0.04513476172079267, 0.04513476172079267, 0.04513476172079267, 0.04513476172079267, 0.04513476172079267, 0.04513476172079267, 0.04513476172079267, 0.04513476172079267, 0.04513476172079267, 0.04513476172079267, 0.033653111809363256, 0.033653111809363256, 0.033653111809363256, 0.033653111809363256, 0.033653111809363256, 0.033653111809363256, 0.033653111809363256, 0.033653111809363256, 0.033653111809363256, 0.033653111809363256, 0.033653111809363256, 0.033653111809363256, 0.033653111809363256, 0.033653111809363256, 0.033653111809363256, 0.033653111809363256, 0.033653111809363256, 0.033653111809363256, 0.033653111809363256, 0.033653111809363256, 0.033653111809363256, 0.033653111809363256, 0.033653111809363256, 0.033653111809363256, 0.033653111809363256, 0.033653111809363256, 0.033653111809363256, 0.033653111809363256, 0.033653111809363256, 0.033653111809363256, 0.033653111809363256, 0.033653111809363256],