{"p_array": [0.001, 0.053526315789473686, 0.10605263157894737, 0.15857894736842104, 0.21110526315789474, 0.26363157894736844, 0.3161578947368421, 0.3686842105263158, 0.4212105263157895, 0.4737368421052632, 0.5262631578947369, 0.5787894736842105, 0.6313157894736842, 0.6838421052631579, 0.7363684210526316, 0.7888947368421053, 0.841421052631579, 0.8939473684210526, 0.9464736842105264, 0.999], "mean_sharpness": [-1.4682884626200858, 0.26140280371466634], "sharpness_error_true_minus_model": [], "posterior_variance": [1.1037349735336666, 0.05408796428150939], "bias_mse": [], "bias_nmse": [], "f_calibration": [], "f_calibration_mse": [], "f_calibration_nmse": [], "y_calibration": [[0.0, 0.0, 0.0, 0.06159999966621399, 0.2797999978065491, 0.3880000114440918, 0.4465999901294708, 0.48739999532699585, 0.5144000053405762, 0.5429999828338623, 0.5667999982833862, 0.590399980545044, 0.6096000075340271, 0.6326000094413757, 0.6557999849319458, 0.6815999746322632, 0.7098000049591064, 0.7608000040054321, 1.0, 1.0], [0.08500000089406967, 0.20080000162124634, 0.2492000013589859, 0.2847999930381775, 0.3197999894618988, 0.35420000553131104, 0.3837999999523163, 0.40939998626708984, 0.43459999561309814, 0.4650000035762787, 0.49239999055862427, 0.5188000202178955, 0.5404000282287598, 0.5649999976158142, 0.590399980545044, 0.6209999918937683, 0.6539999842643738, 0.6863999962806702, 0.7307999730110168, 0.871399998664856]], "y_calibration_mse": [0.007454602478884196, 0.015465198170128754], "y_calibration_nmse": [0.0812604006173238, 0.16858151759140744], "calibration_local_dist_to_nearest_train_sample": [[0.5146757253619179, 0.6854085733101861, 0.8561414212584544, 1.0268742692067225, 1.197607117154991, 1.3683399651032593, 1.5390728130515274, 1.7098056609997956, 1.8805385089480637, 2.0512713568963323, 2.2220042048446005, 2.3927370527928686, 2.563469900741137, 2.7342027486894054, 2.9049355966376735, 3.0756684445859417, 3.24640129253421, 3.417134140482478, 3.5878669884307466, 3.7585998363790147], [0.4493550161497238, 0.554767154885798, 0.6601792936218721, 0.7655914323579462, 0.8710035710940205, 0.9764157098300946, 1.081827848566169, 1.187239987302243, 1.292652126038317, 1.3980642647743915, 1.5034764035104655, 1.6088885422465395, 1.714300680982614, 1.819712819718688, 1.925124958454762, 2.0305370971908365, 2.1359492359269105, 2.2413613746629846, 2.346773513399059, 2.452185652135133]], "calibration_local_y": [[0.017689256766066683, 0.041215820246073426, 0.04152641367149501, 0.011264957394590488, 0.01722169752114232, 0.01493005270434048, 0.009991736343211818, 0.006499972372336413, 0.00864661665490887, 0.008701070723062053, 0.011125749920707622, 0.0102192652276729, 0.010393800251096812, 0.009784193882836372, 0.010992793518222434, 0.038385641792048696, 0.08935270644607227, 0.09221189570904252, 0.14020036842105266, 0.24718984210526312], [0.0009979090293162568, 0.01663507683529621, 0.021676296445466293, 0.00860800753495614, 0.020426293959654864, 0.020268593864337124, 0.012311863405824417, 0.014609910176419083, 0.021806000045694822, 0.02317046383792622, 0.03944950356938222, 0.04097182007115728, 0.05450158650188101, 0.0594667732267106, 0.06668123928363259, 0.08598209642269736, 0.09160735059952949, 0.12814081405996164, 0.09011319736842105, 0.0507310691168026]], "next_sample_train_distance": [[0.8454213228606748]], "elpd": [-1.420400974924448, -2.7832177970045153], "expected_improvement": [null, null], "actual_improvement": [null, [[0.07819430777251779]]], "mse": [0.9980247836049874, 0.4228882684853181], "nmse": [1.0045450729338463, 0.4256510794992336], "y_regret_pool": [0.10187146457895446, 0.0], "y_regret_test": [0.10505494784704683, 0.0031834832680923686], "f_regret_pool": [], "f_regret_test": [], "x_y_opt_dist_pool": [3.564850908311786, 0.0], "x_f_opt_dist_pool": [], "x_y_opt_dist_test": [1.8909378041616043, 2.5992007727668347], "x_f_opt_dist_test": [], "uct_calibration": [0.12321334114874509, 0.24802993101938628], "uct_sharpness": [1.0505879180409727, 0.27183123003225323]}