{"p_array": [0.001, 0.053526315789473686, 0.10605263157894737, 0.15857894736842104, 0.21110526315789474, 0.26363157894736844, 0.3161578947368421, 0.3686842105263158, 0.4212105263157895, 0.4737368421052632, 0.5262631578947369, 0.5787894736842105, 0.6313157894736842, 0.6838421052631579, 0.7363684210526316, 0.7888947368421053, 0.841421052631579, 0.8939473684210526, 0.9464736842105264, 0.999], "mean_sharpness": [0.30992466468084967, -0.424122239908252], "sharpness_error_true_minus_model": [], "posterior_variance": [0.036642773304937516, 0.15393639483893864], "bias_mse": [], "bias_nmse": [], "f_calibration": [], "f_calibration_mse": [], "f_calibration_nmse": [], "y_calibration": [[0.0737999975681305, 0.17180000245571136, 0.2003999948501587, 0.21819999814033508, 0.23520000278949738, 0.24779999256134033, 0.2653999924659729, 0.28060001134872437, 0.2946000099182129, 0.30660000443458557, 0.3197999894618988, 0.3346000015735626, 0.35019999742507935, 0.3659999966621399, 0.3815999925136566, 0.40119999647140503, 0.4196000099182129, 0.44279998540878296, 0.4742000102996826, 0.5871999859809875], [0.0020000000949949026, 0.09619999676942825, 0.1509999930858612, 0.2125999927520752, 0.2678000032901764, 0.32179999351501465, 0.3662000000476837, 0.4115999937057495, 0.4480000138282776, 0.48179998993873596, 0.5112000107765198, 0.5365999937057495, 0.5580000281333923, 0.5785999894142151, 0.5979999899864197, 0.6194000244140625, 0.6449999809265137, 0.680400013923645, 0.7355999946594238, 0.8722000122070312]], "y_calibration_mse": [0.07097188206270694, 0.011477450100757687], "y_calibration_nmse": [0.773643341186485, 0.12511226398654512], "calibration_local_dist_to_nearest_train_sample": [[0.48574772489633683, 0.6261761368284074, 0.766604548760478, 0.9070329606925487, 1.0474613726246194, 1.18788978455669, 1.3283181964887605, 1.4687466084208312, 1.6091750203529018, 1.7496034322849725, 1.890031844217043, 2.0304602561491136, 2.1708886680811843, 2.3113170800132545, 2.451745491945325, 2.592173903877396, 2.7326023158094666, 2.8730307277415372, 3.013459139673608, 3.1538875516056786], [0.4814120465491899, 0.6175047801341136, 0.7535975137190374, 0.8896902473039611, 1.0257829808888848, 1.1618757144738086, 1.2979684480587323, 1.434061181643656, 1.5701539152285797, 1.7062466488135033, 1.842339382398427, 1.978432115983351, 2.1145248495682747, 2.2506175831531983, 2.386710316738122, 2.522803050323046, 2.658895783907969, 2.794988517492893, 2.931081251077817, 3.0671739846627406]], "calibration_local_y": [[0.056442478991769254, 0.03665244647360395, 0.035414556975254655, 0.038333665601555364, 0.036626433726226156, 0.04535173087520082, 0.04578960630697498, 0.056556662432419434, 0.052861091620736364, 0.06758293188329698, 0.06907665129008973, 0.11477335235816657, 0.12460560342908147, 0.1599182659962073, 0.15625379453472155, 0.17918994688903267, 0.1576207076997135, 0.20661129394148245, 0.19217562970048346, 0.3417372105263158], [0.036903852152331926, 0.01877426767191757, 0.020161252688967814, 0.019215566560607217, 0.018614979891432758, 0.01656509362191945, 0.01112358872344326, 0.01290309736358707, 0.015589414337834303, 0.03432717852113261, 0.05827753244515188, 0.09430156295108114, 0.09366737813349661, 0.10361157727513923, 0.12547086143162145, 0.10327730330522947, 0.12840724183103136, 0.10950360558574293, 0.10388750257577743, 0.12833311525318641]], "elpd": [-14.252106256050512, -1.9362840851280554], "expected_improvement": [null, null], "actual_improvement": [null, [[0.04761288448642098]]], "mse": [1.1082810300891743, 0.6422856810714683], "nmse": [1.0947080744060451, 0.6344197022733019], "y_regret_pool": [0.04980427247533581, 0.04980427247533581, 0.04980427247533581, 0.04980427247533581, 0.04980427247533581, 0.004980427247533337, 0.004980427247533337, 0.004980427247533337, 0.004980427247533337, 0.004980427247533337, 0.004980427247533337, 0.004980427247533337, 0.004980427247533337, 0.004980427247533337, 0.004980427247533337, 0.0, 0.0, 0.0, 0.0, 0.0, 0.0, 0.0, 0.0, 0.0, 0.0, 0.0, 0.0, 0.0, 0.0, 0.0, 0.0, 0.0, 0.0, 0.0, 0.0, 0.0, 0.0, 0.0, 0.0, 0.0, 0.0, 0.0, 0.0, 0.0, 0.0, 0.0, 0.0, 0.0, 0.0, 0.0, 0.0, 0.0, 0.0, 0.0, 0.0, 0.0, 0.0, 0.0, 0.0, 0.0, 0.0, 0.0, 0.0, 0.0, 0.0, 0.0, 0.0, 0.0, 0.0, 0.0, 0.0, 0.0, 0.0, 0.0, 0.0, 0.0, 0.0, 0.0, 0.0, 0.0, 0.0, 0.0, 0.0, 0.0, 0.0, 0.0, 0.0, 0.0, 0.0, 0.0, 0.0, 0.0, 0.0, 0.0, 0.0, 0.0, 0.0, 0.0, 0.0, 0.0, 0.0], "y_regret_test": [0.04840975284602633, 0.04840975284602633, 0.04840975284602633, 0.04840975284602633, 0.04840975284602633, 0.0035859076182238603, 0.0035859076182238603, 0.0035859076182238603, 0.0035859076182238603, 0.0035859076182238603, 0.0035859076182238603, 0.0035859076182238603, 0.0035859076182238603, 0.0035859076182238603, 0.0035859076182238603, 0.0013945196293094764, 0.0013945196293094764, 0.0013945196293094764, 0.0013945196293094764, 0.0013945196293094764, 0.0013945196293094764, 0.0013945196293094764, 0.0013945196293094764, 0.0013945196293094764, 0.0013945196293094764, 0.0013945196293094764, 0.0013945196293094764, 0.0013945196293094764, 0.0013945196293094764, 0.0013945196293094764, 0.0013945196293094764, 0.0013945196293094764, 0.0013945196293094764, 0.0013945196293094764, 0.0013945196293094764, 0.0013945196293094764, 0.0013945196293094764, 0.0013945196293094764, 0.0013945196293094764, 0.0013945196293094764, 0.0013945196293094764, 0.0013945196293094764, 0.0013945196293094764, 0.0013945196293094764, 0.0013945196293094764, 0.0013945196293094764, 0.0013945196293094764, 0.0013945196293094764, 0.0013945196293094764, 0.0013945196293094764, 0.0013945196293094764, 0.0013945196293094764, 0.0013945196293094764, 0.0013945196293094764, 0.0013945196293094764, 0.0013945196293094764, 0.0013945196293094764, 0.0013945196293094764, 0.0013945196293094764, 0.0013945196293094764, 0.0013945196293094764, 0.0013945196293094764, 0.0013945196293094764, 0.0013945196293094764, 0.0013945196293094764, 0.0013945196293094764, 0.0013945196293094764, 0.0013945196293094764, 0.0013945196293094764, 0.0013945196293094764, 0.0013945196293094764, 0.0013945196293094764, 0.0013945196293094764, 0.0013945196293094764, 0.0013945196293094764, 0.0013945196293094764, 0.0013945196293094764, 0.0013945196293094764, 0.0013945196293094764, 0.0013945196293094764, 0.0013945196293094764, 0.0013945196293094764, 0.0013945196293094764, 0.0013945196293094764, 0.0013945196293094764, 0.0013945196293094764, 0.0013945196293094764, 0.0013945196293094764, 0.0013945196293094764, 0.0013945196293094764, 0.0013945196293094764, 0.0013945196293094764, 0.0013945196293094764, 0.0013945196293094764, 0.0013945196293094764, 0.0013945196293094764, 0.0013945196293094764, 0.0013945196293094764, 0.0013945196293094764, 0.0013945196293094764, 0.0013945196293094764], "f_regret_pool": [], "f_regret_test": [], "x_y_opt_dist_pool": [1.8429966112805343, 1.8429966112805343, 1.8429966112805343, 1.8429966112805343, 1.8429966112805343, 1.8429966112805343, 0.6962678462224698, 0.6962678462224698, 0.6962678462224698, 0.6962678462224698, 0.6962678462224698, 0.6962678462224698, 0.6962678462224698, 0.6962678462224698, 0.6962678462224698, 0.6962678462224698, 0.0, 0.0, 0.0, 0.0, 0.0, 0.0, 0.0, 0.0, 0.0, 0.0, 0.0, 0.0, 0.0, 0.0, 0.0, 0.0, 0.0, 0.0, 0.0, 0.0, 0.0, 0.0, 0.0, 0.0, 0.0, 0.0, 0.0, 0.0, 0.0, 0.0, 0.0, 0.0, 0.0, 0.0, 0.0, 0.0, 0.0, 0.0, 0.0, 0.0, 0.0, 0.0, 0.0, 0.0, 0.0, 0.0, 0.0, 0.0, 0.0, 0.0, 0.0, 0.0, 0.0, 0.0, 0.0, 0.0, 0.0, 0.0, 0.0, 0.0, 0.0, 0.0, 0.0, 0.0, 0.0, 0.0, 0.0, 0.0, 0.0, 0.0, 0.0, 0.0, 0.0, 0.0, 0.0, 0.0, 0.0, 0.0, 0.0, 0.0, 0.0, 0.0, 0.0, 0.0, 0.0, 0.0, 0.0], "x_f_opt_dist_pool": [],