{"p_array": [0.001, 0.053526315789473686, 0.10605263157894737, 0.15857894736842104, 0.21110526315789474, 0.26363157894736844, 0.3161578947368421, 0.3686842105263158, 0.4212105263157895, 0.4737368421052632, 0.5262631578947369, 0.5787894736842105, 0.6313157894736842, 0.6838421052631579, 0.7363684210526316, 0.7888947368421053, 0.841421052631579, 0.8939473684210526, 0.9464736842105264, 0.999], "mean_sharpness": [-1.7526624907701225, -0.1878978078983085], "sharpness_error_true_minus_model": [], "posterior_variance": [1.9492562998732386, 0.1353572459931319], "bias_mse": [], "bias_nmse": [], "f_calibration": [], "f_calibration_mse": [], "f_calibration_nmse": [], "y_calibration": [[0.0, 0.0, 0.0, 0.0, 0.0, 0.0, 0.0, 0.0, 0.12860000133514404, 0.3046000003814697, 0.40400001406669617, 0.46720001101493835, 0.5109999775886536, 0.5468000173568726, 0.5802000164985657, 0.6176000237464905, 0.6607999801635742, 0.7038000226020813, 1.0, 1.0], [0.019600000232458115, 0.08240000158548355, 0.12720000743865967, 0.17520000040531158, 0.2231999933719635, 0.262800008058548, 0.30979999899864197, 0.35760000348091125, 0.39399999380111694, 0.4311999976634979, 0.46059998869895935, 0.487199991941452, 0.5170000195503235, 0.5460000038146973, 0.5753999948501587, 0.6032000184059143, 0.6381999850273132, 0.6970000267028809, 0.7799999713897705, 0.9146000146865845]], "y_calibration_mse": [0.03447365085019447, 0.011242463674798692], "y_calibration_nmse": [0.37578699692754813, 0.12255074696841443], "calibration_local_dist_to_nearest_train_sample": [[0.5186325294769967, 0.6914723781905316, 0.8643122269040667, 1.0371520756176018, 1.2099919243311366, 1.3828317730446718, 1.555671621758207, 1.7285114704717417, 1.901351319185277, 2.0741911678988116, 2.247031016612347, 2.419870865325882, 2.5927107140394168, 2.765550562752952, 2.9383904114664867, 3.111230260180022, 3.284070108893557, 3.456909957607092, 3.629749806320627, 3.8025896550341622], [0.5018398721897782, 0.657887063616095, 0.8139342550424118, 0.9699814464687285, 1.1260286378950453, 1.282075829321362, 1.4381230207476787, 1.5941702121739956, 1.7502174036003124, 1.906264595026629, 2.0623117864529457, 2.2183589778792627, 2.3744061693055794, 2.530453360731896, 2.686500552158213, 2.8425477435845297, 2.9985949350108463, 3.1546421264371634, 3.31068931786348, 3.4667365092897966]], "calibration_local_y": [[0.02363711648174492, 0.026311947535486685, 0.022465590847290214, 0.02267778445483095, 0.022498724438526026, 0.022701543085703945, 0.02299632588152066, 0.023799899030132687, 0.033521191409101994, 0.03647510028794717, 0.05380031710730658, 0.07175293142219133, 0.1273827406411777, 0.15839434525573165, 0.21513395135545563, 0.24265395410651358, 0.24444508470394735, 0.24718984210526312, 0.24718984210526312, 0.24718984210526312], [0.0019921534903496116, 0.0037304212097736553, 0.007197485510192071, 0.009953691782559636, 0.01163253338497484, 0.00810745449802828, 0.011405998541679683, 0.014438253331405563, 0.026181357937895534, 0.048686765615599314, 0.08833697690138961, 0.11369107588018268, 0.14109785081031398, 0.1564849050944743, 0.15398846115965142, 0.1963565873319936, 0.2026987103816898, 0.1945249295814895, 0.18988457894736843, 0.17281352631578947]], "next_sample_train_distance": [[0.8497800867817227]], "elpd": [-1.664340814738183, -1.947217491903818], "expected_improvement": [null, null], "actual_improvement": [null, [[0.0702884904891028]]], "mse": [1.6049333845629172, 0.5345873399416495], "nmse": [1.61577062976019, 0.5381971184770267], "y_regret_pool": [0.03176880926061121, 0.0], "y_regret_test": [0.03335724972364207, 0.0015884404630308602], "f_regret_pool": [], "f_regret_test": [], "x_y_opt_dist_pool": [1.62937110082692, 0.0], "x_f_opt_dist_pool": [], "x_y_opt_dist_test": [2.1962544581183128, 2.149238670989752], "x_f_opt_dist_test": [], "uct_calibration": [0.12915031961725473, 0.15917781290074737], "uct_sharpness": [1.3961576916343457, 0.42400019650318954]}