{"p_array": [0.001, 0.053526315789473686, 0.10605263157894737, 0.15857894736842104, 0.21110526315789474, 0.26363157894736844, 0.3161578947368421, 0.3686842105263158, 0.4212105263157895, 0.4737368421052632, 0.5262631578947369, 0.5787894736842105, 0.6313157894736842, 0.6838421052631579, 0.7363684210526316, 0.7888947368421053, 0.841421052631579, 0.8939473684210526, 0.9464736842105264, 0.999], "mean_sharpness": [0.9162206819250142, 0.12394430360774518], "sharpness_error_true_minus_model": [], "posterior_variance": [0.00970502698759959, 0.0636739290905194], "bias_mse": [], "bias_nmse": [], "f_calibration": [], "f_calibration_mse": [], "f_calibration_nmse": [], "y_calibration": [[0.5314000248908997, 0.5550000071525574, 0.5605999827384949, 0.5654000043869019, 0.5681999921798706, 0.5712000131607056, 0.5734000205993652, 0.5759999752044678, 0.5785999894142151, 0.5807999968528748, 0.5820000171661377, 0.5834000110626221, 0.5861999988555908, 0.5884000062942505, 0.5916000008583069, 0.5952000021934509, 0.5978000164031982, 0.6015999913215637, 0.6087999939918518, 0.628000020980835], [0.5054000020027161, 0.5648000240325928, 0.579800009727478, 0.5888000130653381, 0.5968000292778015, 0.6029999852180481, 0.6093999743461609, 0.6158000230789185, 0.621999979019165, 0.6291999816894531, 0.6344000101089478, 0.6406000256538391, 0.6460000276565552, 0.656000018119812, 0.6692000031471252, 0.6881999969482422, 0.7149999737739563, 0.7559999823570251, 0.805400013923645, 0.9404000043869019]], "y_calibration_mse": [0.08708248680968282, 0.07451620408121165], "y_calibration_nmse": [0.9492602435813359, 0.8122789395240646], "calibration_local_dist_to_nearest_train_sample": [[0.49433791044584213, 0.6416179168603461, 0.7888979232748501, 0.936177929689354, 1.0834579361038579, 1.230737942518362, 1.3780179489328659, 1.5252979553473698, 1.6725779617618737, 1.8198579681763776, 1.9671379745908817, 2.114417981005386, 2.2616979874198897, 2.4089779938343936, 2.5562580002488975, 2.7035380066634014, 2.8508180130779053, 2.998098019492409, 3.145378025906913, 3.2926580323214174], [0.488895234670538, 0.6355819651255094, 0.7822686955804807, 0.928955426035452, 1.0756421564904233, 1.2223288869453945, 1.369015617400366, 1.5157023478553373, 1.6623890783103086, 1.8090758087652798, 1.9557625392202513, 2.1024492696752226, 2.2491360001301937, 2.3958227305851656, 2.5425094610401366, 2.6891961914951077, 2.8358829219500796, 2.9825696524050507, 3.1292563828600217, 3.275943113314993]], "calibration_local_y": [[0.07893123598806664, 0.09161721106394984, 0.08070537099282672, 0.08263138861415999, 0.08809919828187943, 0.0809357288918729, 0.07583886372742663, 0.08006405882010156, 0.08056478798069171, 0.08357261238459034, 0.08721899548303672, 0.10585365409635991, 0.09419430475536877, 0.12561766986346193, 0.12360007515886555, 0.1007032961698419, 0.15005717588965545, 0.14681574993203544, 0.10737408801901357, 0.10505082528412502], [0.06695861615591388, 0.06241546100271905, 0.05318385289176457, 0.04494068295671137, 0.042442232116287976, 0.03904468976226194, 0.046754665825655475, 0.07227791573850559, 0.10938992357207913, 0.1056889411925183, 0.14270751957719227, 0.16549925508345692, 0.12999180424208948, 0.17713587950636736, 0.20393629796154028, 0.1375977252248963, 0.19175635957536163, 0.19435970492309607, 0.16700010585798952, 0.1929768764996008]], "elpd": [-53.05741840836222, -20.422530532481712], "expected_improvement": [null, null], "actual_improvement": [null, [[2.419819191051993]]], "mse": [0.9899827639026169, 0.829445518264366], "nmse": [0.9957140534821958, 0.8342474124275704], "y_regret_pool": [0.217520724863708, 0.217520724863708, 0.217520724863708, 0.217520724863708, 0.217520724863708, 0.217520724863708, 0.217520724863708, 0.217520724863708, 0.217520724863708, 0.217520724863708, 0.217520724863708, 0.217520724863708, 0.217520724863708, 0.217520724863708, 0.217520724863708, 0.217520724863708, 0.217520724863708, 0.217520724863708, 0.217520724863708, 0.217520724863708, 0.217520724863708, 0.217520724863708, 0.217520724863708, 0.217520724863708, 0.217520724863708, 0.217520724863708, 0.217520724863708, 0.217520724863708, 0.217520724863708, 0.217520724863708, 0.217520724863708, 0.217520724863708, 0.217520724863708, 0.217520724863708, 0.217520724863708, 0.217520724863708, 0.217520724863708, 0.217520724863708, 0.217520724863708, 0.217520724863708, 0.217520724863708, 0.217520724863708, 0.217520724863708, 0.217520724863708, 0.217520724863708, 0.217520724863708, 0.217520724863708, 0.217520724863708, 0.217520724863708, 0.217520724863708, 0.217520724863708, 0.217520724863708, 0.217520724863708, 0.217520724863708, 0.217520724863708, 0.217520724863708, 0.217520724863708, 0.217520724863708, 0.217520724863708, 0.217520724863708, 0.217520724863708, 0.217520724863708, 0.217520724863708, 0.217520724863708, 0.217520724863708, 0.217520724863708, 0.217520724863708, 0.217520724863708, 0.217520724863708, 0.217520724863708, 0.217520724863708, 0.217520724863708, 0.217520724863708, 0.217520724863708, 0.217520724863708, 0.217520724863708, 0.217520724863708, 0.217520724863708, 0.217520724863708, 0.217520724863708, 0.217520724863708, 0.217520724863708, 0.217520724863708, 0.217520724863708, 0.217520724863708, 0.217520724863708, 0.217520724863708, 0.217520724863708, 0.217520724863708, 0.217520724863708, 0.217520724863708, 0.217520724863708, 0.217520724863708, 0.217520724863708, 0.217520724863708, 0.217520724863708, 0.217520724863708, 0.217520724863708, 0.217520724863708, 0.217520724863708, 0.217520724863708], "y_regret_test": [0.22048691656639485, 0.22048691656639485, 0.22048691656639485, 0.22048691656639485, 0.22048691656639485, 0.22048691656639485, 0.22048691656639485, 0.22048691656639485, 0.22048691656639485, 0.22048691656639485, 0.22048691656639485, 0.22048691656639485, 0.22048691656639485, 0.22048691656639485, 0.22048691656639485, 0.22048691656639485, 0.22048691656639485, 0.22048691656639485, 0.22048691656639485, 0.22048691656639485, 0.22048691656639485, 0.22048691656639485, 0.22048691656639485, 0.22048691656639485, 0.22048691656639485, 0.22048691656639485, 0.22048691656639485, 0.22048691656639485, 0.22048691656639485, 0.22048691656639485, 0.22048691656639485, 0.22048691656639485, 0.22048691656639485, 0.22048691656639485, 0.22048691656639485, 0.22048691656639485, 0.22048691656639485, 0.22048691656639485, 0.22048691656639485, 0.22048691656639485, 0.22048691656639485, 0.22048691656639485, 0.22048691656639485, 0.22048691656639485, 0.22048691656639485, 0.22048691656639485, 0.22048691656639485, 0.22048691656639485, 0.22048691656639485, 0.22048691656639485, 0.22048691656639485, 0.22048691656639485, 0.22048691656639485, 0.22048691656639485, 0.22048691656639485, 0.22048691656639485, 0.22048691656639485, 0.22048691656639485, 0.22048691656639485, 0.22048691656639485, 0.22048691656639485, 0.22048691656639485, 0.22048691656639485, 0.22048691656639485, 0.22048691656639485, 0.22048691656639485, 0.22048691656639485, 0.22048691656639485, 0.22048691656639485, 0.22048691656639485, 0.22048691656639485, 0.22048691656639485, 0.22048691656639485, 0.22048691656639485, 0.22048691656639485, 0.22048691656639485, 0.22048691656639485, 0.22048691656639485, 0.22048691656639485, 0.22048691656639485, 0.22048691656639485, 0.22048691656639485, 0.22048691656639485, 0.22048691656639485, 0.22048691656639485, 0.22048691656639485, 0.22048691656639485, 0.22048691656639485, 0.22048691656639485, 0.22048691656639485, 0.22048691656639485, 0.22048691656639485, 0.22048691656639485, 0.22048691656639485, 0.22048691656639485, 0.22048691656639485, 0.22048691656639485, 0.22048691656639485, 0.22048691656639485, 0.22048691656639485, 0.22048691656639485], "f_regret_pool": [], "f_regret_test": [],