{"p_array": [0.001, 0.053526315789473686, 0.10605263157894737, 0.15857894736842104, 0.21110526315789474, 0.26363157894736844, 0.3161578947368421, 0.3686842105263158, 0.4212105263157895, 0.4737368421052632, 0.5262631578947369, 0.5787894736842105, 0.6313157894736842, 0.6838421052631579, 0.7363684210526316, 0.7888947368421053, 0.841421052631579, 0.8939473684210526, 0.9464736842105264, 0.999], "mean_sharpness": [-0.6677728153826854, -0.448212381945378, -0.448212381945378], "sharpness_error_true_minus_model": [], "posterior_variance": [0.23840607249388446, 0.1517655712667896, 0.1517655712667896], "bias_mse": [], "bias_nmse": [], "f_calibration": [], "f_calibration_mse": [], "f_calibration_nmse": [], "y_calibration": [[0.015799999237060547, 0.16940000653266907, 0.24660000205039978, 0.3075999915599823, 0.35359999537467957, 0.39879998564720154, 0.43799999356269836, 0.47540000081062317, 0.5099999904632568, 0.5447999835014343, 0.5838000178337097, 0.625, 0.6650000214576721, 0.7062000036239624, 0.7347999811172485, 0.7570000290870667, 0.7775999903678894, 0.800000011920929, 0.8384000062942505, 0.9574000239372253], [0.020400000736117363, 0.09179999679327011, 0.13179999589920044, 0.17100000381469727, 0.21400000154972076, 0.2680000066757202, 0.3346000015735626, 0.4083999991416931, 0.4896000027656555, 0.5645999908447266, 0.6385999917984009, 0.6940000057220459, 0.7418000102043152, 0.784600019454956, 0.819599986076355, 0.8465999960899353, 0.878600001335144, 0.9139999747276306, 0.9495999813079834, 0.991599977016449], [0.020400000736117363, 0.09179999679327011, 0.13179999589920044, 0.17100000381469727, 0.21400000154972076, 0.2680000066757202, 0.3346000015735626, 0.4083999991416931, 0.4896000027656555, 0.5645999908447266, 0.6385999917984009, 0.6940000057220459, 0.7418000102043152, 0.784600019454956, 0.819599986076355, 0.8465999960899353, 0.878600001335144, 0.9139999747276306, 0.9495999813079834, 0.991599977016449]], "y_calibration_mse": [0.00838794900526145, 0.0038947425577887627, 0.0038947425577887627], "y_calibration_nmse": [0.09143453302251082, 0.042455428232925335, 0.042455428232925335], "calibration_local_dist_to_nearest_train_sample": [[0.5069666794009249, 0.6694584842080392, 0.8319502890151536, 0.994442093822268, 1.1569338986293825, 1.319425703436497, 1.4819175082436111, 1.6444093130507256, 1.80690111785784, 1.9693929226649545, 2.1318847274720687, 2.294376532279183, 2.4568683370862976, 2.619360141893412, 2.7818519467005265, 2.944343751507641, 3.1068355563147554, 3.26932736112187, 3.4318191659289843, 3.5943109707360987], [0.427019083565654, 0.5111188476390807, 0.5952186117125075, 0.6793183757859341, 0.7634181398593608, 0.8475179039327876, 0.9316176680062143, 1.015717432079641, 1.0998171961530676, 1.1839169602264943, 1.2680167242999212, 1.3521164883733479, 1.4362162524467745, 1.5203160165202012, 1.6044157805936279, 1.6885155446670546, 1.7726153087404812, 1.856715072813908, 1.9408148368873346, 2.0249146009607615], [0.427019083565654, 0.5111188476390807, 0.5952186117125075, 0.6793183757859341, 0.7634181398593608, 0.8475179039327876, 0.9316176680062143, 1.015717432079641, 1.0998171961530676, 1.1839169602264943, 1.2680167242999212, 1.3521164883733479, 1.4362162524467745, 1.5203160165202012, 1.6044157805936279, 1.6885155446670546, 1.7726153087404812, 1.856715072813908, 1.9408148368873346, 2.0249146009607615]], "calibration_local_y": [[0.004213361842105264, 0.0016346973455284945, 0.002805237891523113, 0.008327960297426143, 0.005715636861059975, 0.010469184151099565, 0.013256693895168157, 0.010249110594828753, 0.015851335456976375, 0.019053434297908615, 0.015452124637295736, 0.015436139204442567, 0.009642517213894409, 0.009858527590549766, 0.01972095604163037, 0.04972137355492968, 0.10368927543296588, 0.1016935251987671, 0.13634206586038383, 0.14665065765079632], [0.0055766627862637265, 0.004840747378999782, NaN, 0.006596632588726349, 0.005445514219042613, 0.004323690557448177, 0.005093050738690106, 0.007669213153142611, 0.0064973965270169135, 0.003090374694910706, 0.00257785441510948, 0.007730258767239889, 0.00075161957060794, 0.0025937841741763834, 0.002861855469885903, 0.006504053025620763, 0.004113464638157895, 0.017611950573833544, 0.017570895603807413, 0.05963691869762663], [0.0055766627862637265, 0.004840747378999782, NaN, 0.006596632588726349, 0.005445514219042613, 0.004323690557448177, 0.005093050738690106, 0.007669213153142611, 0.0064973965270169135, 0.003090374694910706, 0.00257785441510948, 0.007730258767239889, 0.00075161957060794, 0.0025937841741763834, 0.002861855469885903, 0.006504053025620763, 0.004113464638157895, 0.017611950573833544, 0.017570895603807413, 0.05963691869762663]], "elpd": [-1.5195565329238776, -0.649843868251349, -0.649843868251349], "expected_improvement": [null, null, null], "actual_improvement": [null, null, null], "mse": [0.5825471741457526, 0.18121231343136465, 0.18121231343136465], "nmse": [0.5770197861308688, 0.17949291487642585, 0.17949291487642585], "y_regret_pool": [0.07383119172368935, 0.07383119172368935, 0.07383119172368935, 0.07383119172368935, 0.07383119172368935, 0.07383119172368935, 0.07383119172368935, 0.06807553430436952, 0.06807553430436952, 0.06807553430436952, 0.06807553430436952, 0.06807553430436952, 0.06807553430436952, 0.06807553430436952, 0.06807553430436952, 0.06807553430436952, 0.06807553430436952, 0.06807553430436952, 0.015083791857528173, 0.015083791857528173, 0.015083791857528173, 0.015083791857528173, 0.015083791857528173, 0.015083791857528173, 0.015083791857528173, 0.015083791857528173, 0.015083791857528173, 0.015083791857528173, 0.015083791857528173, 0.015083791857528173, 0.015083791857528173, 0.015083791857528173, 0.015083791857528173, 0.015083791857528173, 0.015083791857528173, 0.015083791857528173, 0.015083791857528173, 0.015083791857528173, 0.015083791857528173, 0.015083791857528173, 0.015083791857528173, 0.015083791857528173, 0.015083791857528173, 0.015083791857528173, 0.015083791857528173, 0.015083791857528173, 0.015083791857528173, 0.015083791857528173, 0.015083791857528173, 0.015083791857528173, 0.015083791857528173, 0.015083791857528173, 0.015083791857528173, 0.015083791857528173, 0.015083791857528173, 0.015083791857528173, 0.015083791857528173, 0.015083791857528173, 0.015083791857528173, 0.015083791857528173, 0.015083791857528173, 0.015083791857528173, 0.015083791857528173, 0.015083791857528173, 0.015083791857528173, 0.015083791857528173, 0.015083791857528173, 0.015083791857528173, 0.015083791857528173, 0.015083791857528173, 0.015083791857528173, 0.015083791857528173, 0.015083791857528173, 0.015083791857528173, 0.015083791857528173, 0.015083791857528173, 0.015083791857528173, 0.015083791857528173, 0.015083791857528173, 0.015083791857528173, 0.015083791857528173, 0.015083791857528173, 0.01032048916567696, 0.01032048916567696, 0.01032048916567696, 0.01032048916567696, 0.01032048916567696, 0.01032048916567696, 0.01032048916567696, 0.01032048916567696, 0.01032048916567696, 0.01032048916567696, 0.01032048916567696, 0.01032048916567696, 0.01032048916567696, 0.01032048916567696, 0.01032048916567696, 0.01032048916567696, 0.01032048916567696, 0.01032048916567696, 0.01032048916567696, 0.01032048916567696],