{"p_array": [0.001, 0.053526315789473686, 0.10605263157894737, 0.15857894736842104, 0.21110526315789474, 0.26363157894736844, 0.3161578947368421, 0.3686842105263158, 0.4212105263157895, 0.4737368421052632, 0.5262631578947369, 0.5787894736842105, 0.6313157894736842, 0.6838421052631579, 0.7363684210526316, 0.7888947368421053, 0.841421052631579, 0.8939473684210526, 0.9464736842105264, 0.999], "mean_sharpness": [-1.4180377651169473, 0.08844764418764198], "sharpness_error_true_minus_model": [], "posterior_variance": [0.998200085616793, 0.0830099268503202], "bias_mse": [], "bias_nmse": [], "f_calibration": [], "f_calibration_mse": [], "f_calibration_nmse": [], "y_calibration": [[0.0, 0.0, 0.0, 0.20839999616146088, 0.367000013589859, 0.43860000371932983, 0.4812000095844269, 0.5108000040054321, 0.5339999794960022, 0.5605999827384949, 0.5830000042915344, 0.6011999845504761, 0.6191999912261963, 0.6363999843597412, 0.6579999923706055, 0.6833999752998352, 0.7124000191688538, 0.7645999789237976, 1.0, 1.0], [0.10180000215768814, 0.26420000195503235, 0.3269999921321869, 0.3720000088214874, 0.40959998965263367, 0.44780001044273376, 0.4805999994277954, 0.5103999972343445, 0.5370000004768372, 0.5612000226974487, 0.5813999772071838, 0.6057999730110168, 0.6281999945640564, 0.6543999910354614, 0.6823999881744385, 0.7089999914169312, 0.7436000108718872, 0.7749999761581421, 0.8252000212669373, 0.9172000288963318]], "y_calibration_mse": [0.00994238977509095, 0.017473399759345126], "y_calibration_nmse": [0.10837902872835739, 0.19047232479706472], "calibration_local_dist_to_nearest_train_sample": [[0.48660499529629103, 0.6296100263009582, 0.7726150573056254, 0.9156200883102925, 1.0586251193149596, 1.2016301503196267, 1.344635181324294, 1.4876402123289612, 1.6306452433336283, 1.7736502743382954, 1.9166553053429627, 2.05966033634763, 2.2026653673522967, 2.3456703983569644, 2.4886754293616313, 2.631680460366298, 2.774685491370966, 2.917690522375633, 3.0606955533802997, 3.2037005843849666], [0.45556095942977254, 0.5675219545679212, 0.6794829497060698, 0.7914439448442185, 0.9034049399823672, 1.0153659351205158, 1.1273269302586644, 1.239287925396813, 1.3512489205349618, 1.4632099156731104, 1.575170910811259, 1.6871319059494077, 1.7990929010875563, 1.911053896225705, 2.0230148913638537, 2.1349758865020023, 2.246936881640151, 2.3588978767782995, 2.470858871916448, 2.582819867054597]], "calibration_local_y": [[0.02025365789473684, 0.009258939463600227, 0.010934825270456427, 0.024394460763650684, 0.015704816545220615, 0.019886808722057774, 0.016943074030744246, 0.01360764597459442, 0.009618188411460973, 0.015217745012005702, 0.010000801868553368, 0.009588797977509854, 0.008190874632212899, 0.013494375116333324, 0.016882237542801305, 0.029959108535250883, 0.03002077740248843, 0.0141783491615012, 0.03543494604473651, 0.014753643044996767], [0.009952352991186025, 0.01588225130150236, 0.02130570837162739, 0.044850997596879244, 0.0370210414629757, 0.040111880269315954, 0.0433059279153654, 0.03140564136557643, 0.028964075708406024, 0.02168208453054888, 0.02034942479292527, 0.020191041775981865, 0.034178462277739394, 0.014462086068652406, 0.016008579027053216, 0.001524557500518584, 0.005500498191813625, 0.0054226225470775085, 0.00918296870733728, 0.03143808817488168]], "elpd": [-1.421999636787915, -3.2756023625755093], "expected_improvement": [null, null], "actual_improvement": [null, [[0.05832005775098592]]], "mse": [1.0061095668991185, 0.4728293454888035], "nmse": [1.0003255319752264, 0.47011109139667995], "y_regret_pool": [0.009952228285151188, 0.009952228285151188, 0.009952228285151188, 0.009952228285151188, 0.009952228285151188, 0.009952228285151188, 0.009952228285151188, 0.009952228285151188, 0.009952228285151188, 0.009952228285151188, 0.009952228285151188, 0.009952228285151188, 0.009952228285151188, 0.009952228285151188, 0.009952228285151188, 0.009952228285151188, 0.009952228285151188, 0.009952228285151188, 0.009952228285151188, 0.009952228285151188, 0.009952228285151188, 0.009952228285151188, 0.005971336971090979, 0.005971336971090979, 0.005971336971090979, 0.005971336971090979, 0.005971336971090979, 0.005971336971090979, 0.0021894902227335145, 0.0021894902227335145, 0.0021894902227335145, 0.0021894902227335145, 0.0021894902227335145, 0.0021894902227335145, 0.0021894902227335145, 0.0021894902227335145, 0.0021894902227335145, 0.0021894902227335145, 0.0021894902227335145, 0.0021894902227335145, 0.0021894902227335145, 0.0021894902227335145, 0.0021894902227335145, 0.0021894902227335145, 0.0021894902227335145, 0.0021894902227335145, 0.0021894902227335145, 0.0021894902227335145, 0.0021894902227335145, 0.0021894902227335145, 0.0021894902227335145, 0.0021894902227335145, 0.0021894902227335145, 0.0021894902227335145, 0.0021894902227335145, 0.0021894902227335145, 0.0021894902227335145, 0.0021894902227335145, 0.0021894902227335145, 0.0021894902227335145, 0.0021894902227335145, 0.0021894902227335145, 0.0021894902227335145, 0.0021894902227335145, 0.0021894902227335145, 0.0021894902227335145, 0.0021894902227335145, 0.0021894902227335145, 0.0021894902227335145, 0.0021894902227335145, 0.0021894902227335145, 0.0021894902227335145, 0.0021894902227335145, 0.0021894902227335145, 0.0021894902227335145, 0.0021894902227335145, 0.0021894902227335145, 0.0021894902227335145, 0.0021894902227335145, 0.0021894902227335145, 0.0021894902227335145, 0.0021894902227335145, 0.0021894902227335145, 0.0021894902227335145, 0.0021894902227335145, 0.0021894902227335145, 0.0021894902227335145, 0.0021894902227335145, 0.0021894902227335145, 0.0021894902227335145, 0.0021894902227335145, 0.0021894902227335145, 0.0021894902227335145, 0.0021894902227335145, 0.0021894902227335145, 0.0021894902227335145, 0.0021894902227335145, 0.0021894902227335145, 0.0021894902227335145, 0.0021894902227335145, 0.0021894902227335145],