{"p_array": [0.001, 0.053526315789473686, 0.10605263157894737, 0.15857894736842104, 0.21110526315789474, 0.26363157894736844, 0.3161578947368421, 0.3686842105263158, 0.4212105263157895, 0.4737368421052632, 0.5262631578947369, 0.5787894736842105, 0.6313157894736842, 0.6838421052631579, 0.7363684210526316, 0.7888947368421053, 0.841421052631579, 0.8939473684210526, 0.9464736842105264, 0.999], "mean_sharpness": [0.9268681298252551, 0.49373018335401414], "sharpness_error_true_minus_model": [], "posterior_variance": [0.010573264968545259, 0.022931116881774516], "bias_mse": [], "bias_nmse": [], "f_calibration": [], "f_calibration_mse": [], "f_calibration_nmse": [], "y_calibration": [[0.5364000201225281, 0.5604000091552734, 0.5667999982833862, 0.5712000131607056, 0.5741999745368958, 0.5781999826431274, 0.58160001039505, 0.5842000246047974, 0.5863999724388123, 0.5881999731063843, 0.5902000069618225, 0.5920000076293945, 0.5942000150680542, 0.5971999764442444, 0.6000000238418579, 0.6021999716758728, 0.6055999994277954, 0.6104000210762024, 0.6151999831199646, 0.6431999802589417], [0.5436000227928162, 0.58160001039505, 0.5917999744415283, 0.597599983215332, 0.6019999980926514, 0.605400025844574, 0.6079999804496765, 0.6118000149726868, 0.6168000102043152, 0.6209999918937683, 0.6236000061035156, 0.6277999877929688, 0.6308000087738037, 0.6340000033378601, 0.6377999782562256, 0.6439999938011169, 0.6489999890327454, 0.6552000045776367, 0.6642000079154968, 0.7279999852180481]], "y_calibration_mse": [0.08765750681968634, 0.08840032652890509], "y_calibration_nmse": [0.9555283653904089, 0.9636256217268184], "calibration_local_dist_to_nearest_train_sample": [[0.5011007174539057, 0.6606144412342715, 0.8201281650146373, 0.9796418887950029, 1.1391556125753686, 1.2986693363557342, 1.4581830601361, 1.6176967839164658, 1.7772105076968314, 1.936724231477197, 2.096237955257563, 2.2557516790379286, 2.415265402818294, 2.57477912659866, 2.734292850379026, 2.8938065741593917, 3.0533202979397576, 3.2128340217201226, 3.3723477455004884, 3.531861469280854], [0.4444623815291434, 0.5473377693847468, 0.65021315724035, 0.7530885450959534, 0.8559639329515567, 0.95883932080716, 1.0617147086627634, 1.1645900965183666, 1.2674654843739699, 1.3703408722295733, 1.4732162600851766, 1.5760916479407798, 1.6789670357963833, 1.7818424236519865, 1.88471781150759, 1.9875931993631932, 2.0904685872187967, 2.1933439750744, 2.296219362930003, 2.399094750785607]], "calibration_local_y": [[0.08079636827199724, 0.0915191631006359, 0.10255910043657472, 0.0965977391226331, 0.11402753963151943, 0.09863148318247814, 0.129082443357512, 0.11108217617021901, 0.10981411675584199, 0.10717632993589385, 0.10246282336866293, 0.07578541179330148, 0.08120886263588094, 0.08919360662465763, 0.12761998931732693, 0.11121560317903043, 0.14988385061652915, 0.15223217351973684, 0.3417372105263158, 0.2300187894736842], [0.10563710795153762, 0.08054699789055961, 0.10275078828611506, 0.08120136891986596, 0.07147863641545586, 0.07179026856130817, 0.07195171519025828, 0.07678972715395703, 0.07954336039198141, 0.08714995179064047, 0.09309332269337228, 0.1089897756595665, 0.13979158469694739, 0.10965342169171235, 0.1492676432307162, 0.19086122126216826, 0.20543537947636126, 0.18312403329701285, 0.18689838282633614, 0.34173721052631584]], "elpd": [-63.94977897776377, -25.277658170214824], "expected_improvement": [null, null], "actual_improvement": [null, [[2.2080121872793637]]], "mse": [0.8821579363398574, 0.9390469355527608], "nmse": [0.9057917002679244, 0.9642048043175198], "y_regret_pool": [0.012689725214249048, 0.012689725214249048, 0.012689725214249048, 0.012689725214249048, 0.012689725214249048, 0.012689725214249048, 0.012689725214249048, 0.012689725214249048, 0.012689725214249048, 0.012689725214249048, 0.012689725214249048, 0.012689725214249048, 0.012689725214249048, 0.012689725214249048, 0.012689725214249048, 0.012689725214249048, 0.012689725214249048, 0.012689725214249048, 0.012689725214249048, 0.012689725214249048, 0.012689725214249048, 0.012689725214249048, 0.012689725214249048, 0.012689725214249048, 0.012689725214249048, 0.012689725214249048, 0.012689725214249048, 0.012689725214249048, 0.012689725214249048, 0.012689725214249048, 0.012689725214249048, 0.012689725214249048, 0.012689725214249048, 0.012689725214249048, 0.012689725214249048, 0.012689725214249048, 0.012689725214249048, 0.012689725214249048, 0.012689725214249048, 0.012689725214249048, 0.012689725214249048, 0.012689725214249048, 0.012689725214249048, 0.012689725214249048, 0.012689725214249048, 0.012689725214249048, 0.012689725214249048, 0.012689725214249048, 0.012689725214249048, 0.012689725214249048, 0.012689725214249048, 0.012689725214249048, 0.012689725214249048, 0.012689725214249048, 0.012689725214249048, 0.012689725214249048, 0.012689725214249048, 0.012689725214249048, 0.012689725214249048, 0.012689725214249048, 0.012689725214249048, 0.012689725214249048, 0.012689725214249048, 0.012689725214249048, 0.012689725214249048, 0.012689725214249048, 0.012689725214249048, 0.012689725214249048, 0.012689725214249048, 0.012689725214249048, 0.012689725214249048, 0.012689725214249048, 0.012689725214249048, 0.012689725214249048, 0.012689725214249048, 0.012689725214249048, 0.012689725214249048, 0.012689725214249048, 0.012689725214249048, 0.012689725214249048, 0.012689725214249048, 0.012689725214249048, 0.012689725214249048, 0.012689725214249048, 0.012689725214249048, 0.012689725214249048, 0.012689725214249048, 0.012689725214249048, 0.012689725214249048, 0.012689725214249048, 0.012689725214249048, 0.012689725214249048, 0.012689725214249048, 0.012689725214249048, 0.012689725214249048, 0.012689725214249048, 0.012689725214249048, 0.012689725214249048, 0.012689725214249048, 0.012689725214249048, 0.012689725214249048],