{"p_array": [0.001, 0.053526315789473686, 0.10605263157894737, 0.15857894736842104, 0.21110526315789474, 0.26363157894736844, 0.3161578947368421, 0.3686842105263158, 0.4212105263157895, 0.4737368421052632, 0.5262631578947369, 0.5787894736842105, 0.6313157894736842, 0.6838421052631579, 0.7363684210526316, 0.7888947368421053, 0.841421052631579, 0.8939473684210526, 0.9464736842105264, 0.999], "mean_sharpness": [-0.6422873726117633, 0.15339092265828075], "sharpness_error_true_minus_model": [], "posterior_variance": [0.4739002798214925, 0.08418764088673594], "bias_mse": [], "bias_nmse": [], "f_calibration": [], "f_calibration_mse": [], "f_calibration_nmse": [], "y_calibration": [[0.009999999776482582, 0.03819999843835831, 0.08479999750852585, 0.18479999899864197, 0.3027999997138977, 0.3824000060558319, 0.426800012588501, 0.45179998874664307, 0.47380000352859497, 0.49160000681877136, 0.5117999911308289, 0.5350000262260437, 0.5564000010490417, 0.5740000009536743, 0.6182000041007996, 0.6340000033378601, 0.7203999757766724, 0.7383999824523926, 0.7799999713897705, 0.895799994468689], [0.00039999998989515007, 0.02239999920129776, 0.05139999836683273, 0.08259999752044678, 0.12039999663829803, 0.15600000321865082, 0.19140000641345978, 0.22579999268054962, 0.2653999924659729, 0.30559998750686646, 0.34700000286102295, 0.3887999951839447, 0.47380000352859497, 0.5401999950408936, 0.5799999833106995, 0.6304000020027161, 0.6840000152587891, 0.7214000225067139, 0.7545999884605408, 0.8503999710083008]], "y_calibration_mse": [0.009058448924345663, 0.01973834784477692], "y_calibration_nmse": [0.09874345287343515, 0.21516184906357888], "calibration_local_dist_to_nearest_train_sample": [[0.4869501588052503, 0.6286464202047508, 0.7703426816042513, 0.9120389430037519, 1.0537352044032524, 1.195431465802753, 1.3371277272022535, 1.478823988601754, 1.6205202500012545, 1.762216511400755, 1.9039127728002556, 2.045609034199756, 2.1873052955992565, 2.329001556998757, 2.4706978183982575, 2.6123940797977583, 2.754090341197259, 2.8957866025967594, 3.0374828639962597, 3.1791791253957604], [0.46934250686021495, 0.5934311163146804, 0.7175197257691457, 0.8416083352236111, 0.9656969446780765, 1.0897855541325419, 1.2138741635870072, 1.3379627730414727, 1.462051382495938, 1.5861399919504036, 1.7102286014048689, 1.8343172108593342, 1.9584058203137997, 2.082494429768265, 2.2065830392227306, 2.330671648677196, 2.454760258131661, 2.5788488675861263, 2.7029374770405923, 2.8270260864950574]], "calibration_local_y": [[0.03607872986225641, 0.002625821725956147, 0.010669204407741198, 0.003981199041744476, 0.005743989187587489, 0.0066479687643763484, 0.005579985125173526, 0.007781367346293183, 0.007736653126692297, 0.0096747522484249, 0.010844924558646583, 0.016491358555414372, 0.012707330587127943, 0.02329570968653778, 0.025243801207201284, 0.034878545742555354, 0.02666538995727073, 0.008391420714967486, 0.13363572843473426, 0.03393366353810085], [0.003638232699393584, 0.0019014545190014398, 0.0010320999899819491, 0.000987808182147235, 0.002840147299513063, 0.009115072728176923, 0.0201629201451124, 0.03324978444771116, 0.041557246854434994, 0.06630252250708392, 0.09551616627565233, 0.11091395189599125, 0.11736925490137136, 0.1348858925282834, 0.14508466749737392, 0.0824876075713155, 0.08215122707274174, 0.07322981567326058, 0.11668282336026539, 0.07317142105263158]], "next_sample_train_distance": [[1.1542808295978468]], "elpd": [-42748413308358.39, -1.5609782682027311], "expected_improvement": [null, null], "actual_improvement": [null, [[2.6250578831739]]], "mse": [0.8715576215080655, 0.38706433959857967], "nmse": [0.8806013542823838, 0.39108071943097744], "y_regret_pool": [0.13975357454785997, 0.0], "y_regret_test": [0.14433239536637932, 0.004578820818519347], "f_regret_pool": [], "f_regret_test": [], "x_y_opt_dist_pool": [1.6690173987071435, 0.0], "x_f_opt_dist_pool": [], "x_y_opt_dist_test": [3.7985436273137836, 2.6990949084547657], "x_f_opt_dist_test": [], "uct_calibration": [0.16760469938286, 0.08632356878597024], "uct_sharpness": [0.7668398081154418, 0.3481646733735479]}