{"p_array": [0.001, 0.053526315789473686, 0.10605263157894737, 0.15857894736842104, 0.21110526315789474, 0.26363157894736844, 0.3161578947368421, 0.3686842105263158, 0.4212105263157895, 0.4737368421052632, 0.5262631578947369, 0.5787894736842105, 0.6313157894736842, 0.6838421052631579, 0.7363684210526316, 0.7888947368421053, 0.841421052631579, 0.8939473684210526, 0.9464736842105264, 0.999], "mean_sharpness": [-0.7540382289279992, -0.4025805324788671], "sharpness_error_true_minus_model": [], "posterior_variance": [0.3091762457463534, 0.1410703288485198], "bias_mse": [], "bias_nmse": [], "f_calibration": [], "f_calibration_mse": [], "f_calibration_nmse": [], "y_calibration": [[0.0, 0.02800000086426735, 0.10180000215768814, 0.1964000016450882, 0.2980000078678131, 0.3702000081539154, 0.4203999936580658, 0.4546000063419342, 0.4848000109195709, 0.5088000297546387, 0.5275999903678894, 0.5454000234603882, 0.5651999711990356, 0.5799999833106995, 0.6136000156402588, 0.6395999789237976, 0.7531999945640564, 0.777999997138977, 0.8199999928474426, 0.9580000042915344], [0.0006000000284984708, 0.00419999985024333, 0.007000000216066837, 0.014600000344216824, 0.036400001496076584, 0.06279999762773514, 0.12939999997615814, 0.2524000108242035, 0.35659998655319214, 0.4074000120162964, 0.44119998812675476, 0.4652000069618225, 0.4936000108718872, 0.5565999746322632, 0.5997999906539917, 0.6150000095367432, 0.6345999836921692, 0.650600016117096, 0.6812000274658203, 0.850600004196167]], "y_calibration_mse": [0.0068532551970367, 0.022968792997351516], "y_calibration_nmse": [0.07470529306175895, 0.25037596920131633], "calibration_local_dist_to_nearest_train_sample": [[0.4869501588052503, 0.6286464202047508, 0.7703426816042513, 0.9120389430037519, 1.0537352044032524, 1.195431465802753, 1.3371277272022535, 1.478823988601754, 1.6205202500012545, 1.762216511400755, 1.9039127728002556, 2.045609034199756, 2.1873052955992565, 2.329001556998757, 2.4706978183982575, 2.6123940797977583, 2.754090341197259, 2.8957866025967594, 3.0374828639962597, 3.1791791253957604], [0.4708359616582253, 0.596418025910701, 0.7220000901631767, 0.8475821544156523, 0.973164218668128, 1.0987462829206036, 1.2243283471730795, 1.349910411425555, 1.4754924756780308, 1.6010745399305062, 1.726656604182982, 1.852238668435458, 1.9778207326879333, 2.103402796940409, 2.2289848611928846, 2.3545669254453605, 2.4801489896978364, 2.605731053950312, 2.7313131182027877, 2.856895182455263]], "calibration_local_y": [[0.01873662486509738, 0.005111275619913104, 0.005267820275553878, 0.0051888546356580025, 0.005579396003702631, 0.008720949770196124, 0.00664741224040649, 0.007018396384061989, 0.005130721518151936, 0.008778393049863279, 0.0073056682506329575, 0.01207743127541472, 0.009996442129682951, 0.013524645630114736, 0.0260531822462725, 0.027861497205176593, 0.0405793064980544, 0.04272194335017407, 0.1677042367458163, 0.21039800147444385], [0.03860840983834808, 0.03450133400709376, 0.02649023850951185, 0.02003949129986342, 0.012546460123944215, 0.009166640699665472, 0.012312753389974892, 0.041870161693891295, 0.07903923551651097, 0.0891495486111531, 0.15542640633954857, 0.1728884663176114, 0.1963779539799604, 0.19470547019097756, 0.18304764909708163, 0.16797480207726795, 0.15583673355661784, 0.14129150187470219, 0.21944003599281156, 0.08367668421052629]], "elpd": [-1.3618082552397663, -2.397124901114387], "expected_improvement": [null, null], "actual_improvement": [null, [[0.05574216648632602]]], "mse": [0.5966500951154003, 0.650636043365938], "nmse": [0.6028412451745997, 0.657387379553395], "y_regret_pool": [0.13975357454785997, 0.02508397491884673, 0.02508397491884673, 0.0, 0.0, 0.0, 0.0, 0.0, 0.0, 0.0, 0.0, 0.0, 0.0, 0.0, 0.0, 0.0, 0.0, 0.0, 0.0, 0.0, 0.0, 0.0, 0.0, 0.0, 0.0, 0.0, 0.0, 0.0, 0.0, 0.0, 0.0, 0.0, 0.0, 0.0, 0.0, 0.0, 0.0, 0.0, 0.0, 0.0, 0.0, 0.0, 0.0, 0.0, 0.0, 0.0, 0.0, 0.0, 0.0, 0.0, 0.0, 0.0, 0.0, 0.0, 0.0, 0.0, 0.0, 0.0, 0.0, 0.0, 0.0, 0.0, 0.0, 0.0, 0.0, 0.0, 0.0, 0.0, 0.0, 0.0, 0.0, 0.0, 0.0, 0.0, 0.0, 0.0, 0.0, 0.0, 0.0, 0.0, 0.0, 0.0, 0.0, 0.0, 0.0, 0.0, 0.0, 0.0, 0.0, 0.0, 0.0, 0.0, 0.0, 0.0, 0.0, 0.0, 0.0, 0.0, 0.0, 0.0, 0.0], "y_regret_test": [0.14433239536637932, 0.029662795737366077, 0.029662795737366077, 0.004578820818519347, 0.004578820818519347, 0.004578820818519347, 0.004578820818519347, 0.004578820818519347, 0.004578820818519347, 0.004578820818519347, 0.004578820818519347, 0.004578820818519347, 0.004578820818519347, 0.004578820818519347, 0.004578820818519347, 0.004578820818519347, 0.004578820818519347, 0.004578820818519347, 0.004578820818519347, 0.004578820818519347, 0.004578820818519347, 0.004578820818519347, 0.004578820818519347, 0.004578820818519347, 0.004578820818519347, 0.004578820818519347, 0.004578820818519347, 0.004578820818519347, 0.004578820818519347, 0.004578820818519347, 0.004578820818519347, 0.004578820818519347, 0.004578820818519347, 0.004578820818519347, 0.004578820818519347, 0.004578820818519347, 0.004578820818519347, 0.004578820818519347, 0.004578820818519347, 0.004578820818519347, 0.004578820818519347, 0.004578820818519347, 0.004578820818519347, 0.004578820818519347, 0.004578820818519347, 0.004578820818519347, 0.004578820818519347, 0.004578820818519347, 0.004578820818519347, 0.004578820818519347, 0.004578820818519347, 0.004578820818519347, 0.004578820818519347, 0.004578820818519347, 0.004578820818519347, 0.004578820818519347, 0.004578820818519347, 0.004578820818519347, 0.004578820818519347, 0.004578820818519347, 0.004578820818519347, 0.004578820818519347, 0.004578820818519347, 0.004578820818519347, 0.004578820818519347, 0.004578820818519347, 0.004578820818519347, 0.004578820818519347, 0.004578820818519347, 0.004578820818519347, 0.004578820818519347, 0.004578820818519347, 0.004578820818519347, 0.004578820818519347, 0.004578820818519347, 0.004578820818519347, 0.004578820818519347, 0.004578820818519347, 0.004578820818519347, 0.004578820818519347, 0.004578820818519347, 0.004578820818519347, 0.004578820818519347, 0.004578820818519347, 0.004578820818519347, 0.004578820818519347, 0.004578820818519347, 0.004578820818519347, 0.004578820818519347, 0.004578820818519347, 0.004578820818519347, 0.004578820818519347, 0.004578820818519347, 0.004578820818519347, 0.004578820818519347, 0.004578820818519347, 0.004578820818519347, 0.004578820818519347, 0.004578820818519347, 0.004578820818519347, 0.004578820818519347], "f_regret_pool": [], "f_regret_test": [],