{"p_array": [0.001, 0.053526315789473686, 0.10605263157894737, 0.15857894736842104, 0.21110526315789474, 0.26363157894736844, 0.3161578947368421, 0.3686842105263158, 0.4212105263157895, 0.4737368421052632, 0.5262631578947369, 0.5787894736842105, 0.6313157894736842, 0.6838421052631579, 0.7363684210526316, 0.7888947368421053, 0.841421052631579, 0.8939473684210526, 0.9464736842105264, 0.999], "mean_sharpness": [-0.9902882442552116, -1.000207547531625], "sharpness_error_true_minus_model": [], "posterior_variance": [0.45930297094758127, 0.5208225337276937], "bias_mse": [], "bias_nmse": [], "f_calibration": [], "f_calibration_mse": [], "f_calibration_nmse": [], "y_calibration": [[0.0017999999690800905, 0.12380000203847885, 0.17000000178813934, 0.23399999737739563, 0.30000001192092896, 0.36820000410079956, 0.4230000078678131, 0.46239998936653137, 0.4959999918937683, 0.522599995136261, 0.5440000295639038, 0.5662000179290771, 0.5871999859809875, 0.6150000095367432, 0.6561999917030334, 0.7185999751091003, 0.7937999963760376, 0.8646000027656555, 0.8934000134468079, 0.9620000123977661], [0.0, 0.0, 0.0, 0.0006000000284984708, 0.004000000189989805, 0.00839999970048666, 0.0575999990105629, 0.16500000655651093, 0.27160000801086426, 0.3458000123500824, 0.4036000072956085, 0.4519999921321869, 0.4950000047683716, 0.5360000133514404, 0.5845999717712402, 0.6565999984741211, 0.7703999876976013, 0.8935999870300293, 0.9603999853134155, 0.9944000244140625]], "y_calibration_mse": [0.0043787063195560435, 0.02057763881743537], "y_calibration_nmse": [0.0477309730090383, 0.2243107099003458], "calibration_local_dist_to_nearest_train_sample": [[0.5071285340475428, 0.6677195702996999, 0.8283106065518568, 0.9889016428040138, 1.1494926790561708, 1.310083715308328, 1.470674751560485, 1.631265787812642, 1.791856824064799, 1.952447860316956, 2.113038896569113, 2.27362993282127, 2.4342209690734276, 2.5948120053255845, 2.7554030415777415, 2.9159940778298985, 3.0765851140820555, 3.2371761503342125, 3.3977671865863694, 3.5583582228385264], [0.47038905280009546, 0.5958227055302463, 0.721256358260397, 0.8466900109905479, 0.9721236637206987, 1.0975573164508494, 1.2229909691810001, 1.348424621911151, 1.4738582746413018, 1.5992919273714528, 1.7247255801016035, 1.8501592328317542, 1.9755928855619052, 2.101026538292056, 2.226460191022207, 2.3518938437523573, 2.4773274964825083, 2.602761149212659, 2.72819480194281, 2.8536284546729607]], "calibration_local_y": [[0.005999198660780228, 0.005651764921753866, 0.004679198154015974, 0.0024317780982805676, 0.0015005936632951013, 0.006951278171261665, 0.012322333454262221, 0.008944358466236601, 0.010652470649692823, 0.011149043271710055, 0.00584504306857107, 0.006179725852690957, 0.006582347199019144, 0.01980367516646635, 0.018751526889289834, 0.024586106297201517, 0.04681460460985451, 0.09812741697436131, 0.11644318788404326, 0.20928545681471994], [0.04381571514295807, 0.03798113783681854, 0.022903581638547676, 0.01578465605036486, 0.0141116627795087, 0.012068604729428913, 0.02132615541169681, 0.0324111822875465, 0.059672099933521, 0.08233706580263962, 0.10697171219765744, 0.13179912844811256, 0.14226154511473915, 0.16128461396866306, 0.2008606634134266, 0.1981033980231335, 0.17836814541533025, 0.20845847779009596, 0.24718984210526312, 0.23367960782589026]], "elpd": [-1.7244068335069787, -0.8604757200726264], "expected_improvement": [null, null], "actual_improvement": [null, [[0.4282366504670595]]], "mse": [0.9077566250712432, 0.43310881956726943], "nmse": [0.9007496168464166, 0.4297656359681251], "y_regret_pool": [0.12098434041167305, 0.09143700975007607, 0.09143700975007607, 0.08065622694111552, 0.04871316676641624, 0.04871316676641624, 0.04871316676641624, 0.03693416332699595, 0.029148042409413266, 0.029148042409413266, 0.029148042409413266, 0.029148042409413266, 0.029148042409413266, 0.029148042409413266, 0.026153380518034952, 0.026153380518034952, 0.026153380518034952, 0.026153380518034952, 0.026153380518034952, 0.026153380518034952, 0.026153380518034952, 0.026153380518034952, 0.018566903726544126, 0.018566903726544126, 0.006787900287123394, 0.006787900287123394, 0.006787900287123394, 0.006787900287123394, 0.006787900287123394, 0.006787900287123394, 0.006787900287123394, 0.006787900287123394, 0.006787900287123394, 0.006787900287123394, 0.006787900287123394, 0.006787900287123394, 0.006787900287123394, 0.006787900287123394, 0.006787900287123394, 0.006787900287123394, 0.006787900287123394, 0.006787900287123394, 0.006787900287123394, 0.006787900287123394, 0.006787900287123394, 0.006787900287123394, 0.006787900287123394, 0.006787900287123394, 0.006787900287123394, 0.006787900287123394, 0.006787900287123394, 0.006787900287123394, 0.006188967908848042, 0.006188967908848042, 0.006188967908848042, 0.006188967908848042, 0.001397508882643228, 0.001397508882643228, 0.001397508882643228, 0.001397508882643228, 0.001397508882643228, 0.001397508882643228, 0.001397508882643228, 0.001397508882643228, 0.001397508882643228, 0.001397508882643228, 0.001397508882643228, 0.001397508882643228, 0.001397508882643228, 0.001397508882643228, 0.001397508882643228, 0.001397508882643228, 0.001397508882643228, 0.001397508882643228, 0.001397508882643228, 0.001397508882643228, 0.001397508882643228, 0.001397508882643228, 0.001397508882643228, 0.001397508882643228, 0.001397508882643228, 0.001397508882643228, 0.001397508882643228, 0.001397508882643228, 0.001397508882643228, 0.001397508882643228, 0.001397508882643228, 0.0, 0.0, 0.0, 0.0, 0.0, 0.0, 0.0, 0.0, 0.0, 0.0, 0.0, 0.0, 0.0, 0.0], "y_regret_test": [0.1215832727899484, 0.09203594212835142, 0.09203594212835142, 0.08125515931939087, 0.04931209914469159, 0.04931209914469159, 0.04931209914469159, 0.0375330957052713, 0.029746974787688618, 0.029746974787688618, 0.029746974787688618, 0.029746974787688618, 0.029746974787688618, 0.029746974787688618, 0.026752312896310304, 0.026752312896310304, 0.026752312896310304, 0.026752312896310304, 0.026752312896310304, 0.026752312896310304, 0.026752312896310304, 0.026752312896310304, 0.019165836104819478, 0.019165836104819478, 0.007386832665398746, 0.007386832665398746, 0.007386832665398746, 0.007386832665398746, 0.007386832665398746, 0.007386832665398746, 0.007386832665398746, 0.007386832665398746, 0.007386832665398746, 0.007386832665398746, 0.007386832665398746, 0.007386832665398746, 0.007386832665398746, 0.007386832665398746, 0.007386832665398746, 0.007386832665398746, 0.007386832665398746, 0.007386832665398746, 0.007386832665398746, 0.007386832665398746, 0.007386832665398746, 0.007386832665398746, 0.007386832665398746, 0.007386832665398746, 0.007386832665398746, 0.007386832665398746, 0.007386832665398746, 0.007386832665398746, 0.006787900287123394, 0.006787900287123394, 0.006787900287123394, 0.006787900287123394, 0.00199644126091858, 0.00199644126091858, 0.00199644126091858, 0.00199644126091858, 0.00199644126091858, 0.00199644126091858, 0.00199644126091858, 0.00199644126091858, 0.00199644126091858, 0.00199644126091858, 0.00199644126091858, 0.00199644126091858, 0.00199644126091858, 0.00199644126091858, 0.00199644126091858, 0.00199644126091858, 0.00199644126091858, 0.00199644126091858, 0.00199644126091858, 0.00199644126091858, 0.00199644126091858, 0.00199644126091858, 0.00199644126091858, 0.00199644126091858, 0.00199644126091858, 0.00199644126091858, 0.00199644126091858, 0.00199644126091858, 0.00199644126091858, 0.00199644126091858, 0.00199644126091858, 0.000598932378275352, 0.000598932378275352, 0.000598932378275352, 0.000598932378275352, 0.000598932378275352, 0.000598932378275352, 0.000598932378275352, 0.000598932378275352, 0.000598932378275352, 0.000598932378275352, 0.000598932378275352, 0.000598932378275352, 0.000598932378275352, 0.000598932378275352], "f_regret_pool": [], "f_regret_test": [],