{"p_array": [0.001, 0.053526315789473686, 0.10605263157894737, 0.15857894736842104, 0.21110526315789474, 0.26363157894736844, 0.3161578947368421, 0.3686842105263158, 0.4212105263157895, 0.4737368421052632, 0.5262631578947369, 0.5787894736842105, 0.6313157894736842, 0.6838421052631579, 0.7363684210526316, 0.7888947368421053, 0.841421052631579, 0.8939473684210526, 0.9464736842105264, 0.999], "mean_sharpness": [-0.7634661273074395, -0.4349212111493114, -0.4349212111493114], "sharpness_error_true_minus_model": [], "posterior_variance": [0.4239747204557842, 0.16806340984814752, 0.16806340984814752], "bias_mse": [], "bias_nmse": [], "f_calibration": [], "f_calibration_mse": [], "f_calibration_nmse": [], "y_calibration": [[0.0, 0.0, 0.009600000455975533, 0.06880000233650208, 0.1348000019788742, 0.23499999940395355, 0.30320000648498535, 0.35679998993873596, 0.3959999978542328, 0.43160000443458557, 0.4546000063419342, 0.4787999987602234, 0.504800021648407, 0.5296000242233276, 0.5609999895095825, 0.6061999797821045, 0.7427999973297119, 0.7572000026702881, 0.7897999882698059, 0.8270000219345093], [0.0, 0.07320000231266022, 0.20579999685287476, 0.3163999915122986, 0.3977999985218048, 0.45159998536109924, 0.49380001425743103, 0.5242000222206116, 0.5478000044822693, 0.5726000070571899, 0.592199981212616, 0.6158000230789185, 0.6380000114440918, 0.670799970626831, 0.7128000259399414, 0.7675999999046326, 0.8381999731063843, 0.9079999923706055, 0.9638000130653381, 0.9976000189781189], [0.0, 0.07320000231266022, 0.20579999685287476, 0.3163999915122986, 0.3977999985218048, 0.45159998536109924, 0.49380001425743103, 0.5242000222206116, 0.5478000044822693, 0.5726000070571899, 0.592199981212616, 0.6158000230789185, 0.6380000114440918, 0.670799970626831, 0.7128000259399414, 0.7675999999046326, 0.8381999731063843, 0.9079999923706055, 0.9638000130653381, 0.9976000189781189]], "y_calibration_mse": [0.011560516883769275, 0.009721200015749, 0.009721200015749], "y_calibration_nmse": [0.12601775023945183, 0.10596790506247594, 0.10596790506247594], "calibration_local_dist_to_nearest_train_sample": [[0.5126890179875845, 0.6811993323671673, 0.8497096467467502, 1.018219961126333, 1.1867302755059157, 1.3552405898854987, 1.5237509042650814, 1.6922612186446642, 1.860771533024247, 2.02928184740383, 2.1977921617834126, 2.3663024761629954, 2.5348127905425786, 2.703323104922161, 2.871833419301744, 3.0403437336813264, 3.2088540480609096, 3.377364362440492, 3.545874676820075, 3.7143849911996574], [0.43438610923708404, 0.5245935148661666, 0.614800920495249, 0.7050083261243316, 0.7952157317534141, 0.8854231373824966, 0.9756305430115791, 1.0658379486406617, 1.156045354269744, 1.2462527598988267, 1.3364601655279091, 1.4266675711569916, 1.516874976786074, 1.6070823824151568, 1.6972897880442392, 1.7874971936733217, 1.8777045993024042, 1.9679120049314867, 2.058119410560569, 2.148326816189652], [0.43438610923708404, 0.5245935148661666, 0.614800920495249, 0.7050083261243316, 0.7952157317534141, 0.8854231373824966, 0.9756305430115791, 1.0658379486406617, 1.156045354269744, 1.2462527598988267, 1.3364601655279091, 1.4266675711569916, 1.516874976786074, 1.6070823824151568, 1.6972897880442392, 1.7874971936733217, 1.8777045993024042, 1.9679120049314867, 2.058119410560569, 2.148326816189652]], "calibration_local_y": [[0.019683527032182523, 0.026869611842105262, 0.018918029093606188, 0.026750818484605882, 0.008937028008980944, 0.006699455405618384, 0.005330461876694272, 0.010473267714819235, 0.01103964027560445, 0.028300107209922414, 0.039654284176459276, 0.050516723989294285, 0.07288333704255757, 0.08400270596785894, 0.0796136799627593, 0.13424736515537677, 0.15346602083753405, 0.1667851423739079, 0.18523662371600866, 0.173653], [0.007938169972071378, 0.011927795768694276, 0.01617158134797983, 0.009250739198049824, 0.011015201921986174, 0.017503997111679135, 0.015310724908190677, 0.012225710991277141, 0.0098741312249931, 0.007987662063536636, 0.010609920746593312, 0.00819372686806115, 0.005231162108932407, 0.009346436237864453, 0.011023109987886439, 0.010035630973642675, 0.08829961392622207, 0.026379314853210333, NaN, 0.17822405263157895], [0.007938169972071378, 0.011927795768694276, 0.01617158134797983, 0.009250739198049824, 0.011015201921986174, 0.017503997111679135, 0.015310724908190677, 0.012225710991277141, 0.0098741312249931, 0.007987662063536636, 0.010609920746593312, 0.00819372686806115, 0.005231162108932407, 0.009346436237864453, 0.011023109987886439, 0.010035630973642675, 0.08829961392622207, 0.026379314853210333, NaN, 0.17822405263157895]], "elpd": [-4.1885098322891885, -0.5638600778591186, -0.5638600778591186], "expected_improvement": [null, null, null], "actual_improvement": [null, null, null], "mse": [1.003822574231849, 0.20824380653133426, 0.20824380653133426], "nmse": [1.0025317818674166, 0.20797603060926292, 0.20797603060926292], "y_regret_pool": [0.06281707535941616, 0.06281707535941616, 0.06281707535941616, 0.06281707535941616, 0.06281707535941616, 0.06281707535941616, 0.06281707535941616, 0.06281707535941616, 0.06281707535941616, 0.06281707535941616, 0.06281707535941616, 0.06281707535941616, 0.06281707535941616, 0.06281707535941616, 0.06281707535941616, 0.043273985247597624, 0.043273985247597624, 0.043273985247597624, 0.043273985247597624, 0.043273985247597624, 0.043273985247597624, 0.043273985247597624, 0.043273985247597624, 0.043273985247597624, 0.043273985247597624, 0.043273985247597624, 0.043273985247597624, 0.043273985247597624, 0.043273985247597624, 0.043273985247597624, 0.043273985247597624, 0.043273985247597624, 0.043273985247597624, 0.043273985247597624, 0.043273985247597624, 0.043273985247597624, 0.043273985247597624, 0.043273985247597624, 0.043273985247597624, 0.043273985247597624, 0.043273985247597624, 0.043273985247597624, 0.043273985247597624, 0.043273985247597624, 0.043273985247597624, 0.043273985247597624, 0.043273985247597624, 0.043273985247597624, 0.043273985247597624, 0.043273985247597624, 0.043273985247597624, 0.043273985247597624, 0.043273985247597624, 0.043273985247597624, 0.043273985247597624, 0.043273985247597624, 0.043273985247597624, 0.043273985247597624, 0.043273985247597624, 0.043273985247597624, 0.011366899350751414, 0.011366899350751414, 0.011366899350751414, 0.011366899350751414, 0.011366899350751414, 0.011366899350751414, 0.011366899350751414, 0.011366899350751414, 0.011366899350751414, 0.011366899350751414, 0.011366899350751414, 0.011366899350751414, 0.011366899350751414, 0.011366899350751414, 0.011366899350751414, 0.011366899350751414, 0.011366899350751414, 0.011366899350751414, 0.011366899350751414, 0.011366899350751414, 0.011366899350751414, 0.011366899350751414, 0.011366899350751414, 0.011366899350751414, 0.011366899350751414, 0.011366899350751414, 0.011366899350751414, 0.011366899350751414, 0.011366899350751414, 0.011366899350751414, 0.011366899350751414, 0.011366899350751414, 0.011366899350751414, 0.011366899350751414, 0.011366899350751414, 0.011366899350751414, 0.011366899350751414, 0.011366899350751414, 0.011366899350751414, 0.011366899350751414, 0.011366899350751414, 0.011366899350751414],