{"p_array": [0.001, 0.053526315789473686, 0.10605263157894737, 0.15857894736842104, 0.21110526315789474, 0.26363157894736844, 0.3161578947368421, 0.3686842105263158, 0.4212105263157895, 0.4737368421052632, 0.5262631578947369, 0.5787894736842105, 0.6313157894736842, 0.6838421052631579, 0.7363684210526316, 0.7888947368421053, 0.841421052631579, 0.8939473684210526, 0.9464736842105264, 0.999], "mean_sharpness": [1.1974916492086658, 0.8442555584339984], "sharpness_error_true_minus_model": [], "posterior_variance": [0.005517646469608102, 0.011943610027818036], "bias_mse": [], "bias_nmse": [], "f_calibration": [], "f_calibration_mse": [], "f_calibration_nmse": [], "y_calibration": [[0.515999972820282, 0.5370000004768372, 0.5424000024795532, 0.545799970626831, 0.548799991607666, 0.550599992275238, 0.5529999732971191, 0.5540000200271606, 0.5551999807357788, 0.5559999942779541, 0.5580000281333923, 0.5591999888420105, 0.5623999834060669, 0.5636000037193298, 0.5663999915122986, 0.5681999921798706, 0.5708000063896179, 0.5730000138282776, 0.5766000151634216, 0.5965999960899353], [0.4016000032424927, 0.47839999198913574, 0.4887999892234802, 0.49900001287460327, 0.5041999816894531, 0.5095999836921692, 0.5134000182151794, 0.5162000060081482, 0.5199999809265137, 0.5231999754905701, 0.525600016117096, 0.5303999781608582, 0.5339999794960022, 0.5379999876022339, 0.5410000085830688, 0.5436000227928162, 0.5482000112533569, 0.5527999997138977, 0.5594000220298767, 0.5871999859809875]], "y_calibration_mse": [0.08620126294728195, 0.07379211512571951], "y_calibration_nmse": [0.9396542848068636, 0.8043858615534364], "calibration_local_dist_to_nearest_train_sample": [[0.49685635761900515, 0.6476408845226915, 0.7984254114263778, 0.9492099383300642, 1.0999944652337506, 1.2507789921374368, 1.4015635190411233, 1.5523480459448096, 1.7031325728484958, 1.8539170997521823, 2.0047016266558684, 2.155486153559555, 2.3062706804632414, 2.4570552073669276, 2.6078397342706143, 2.7586242611743, 2.909408788077987, 3.0601933149816727, 3.2109778418853594, 3.3617623687890457], [0.49685635761900515, 0.6476408845226915, 0.7984254114263778, 0.9492099383300642, 1.0999944652337506, 1.2507789921374368, 1.4015635190411233, 1.5523480459448096, 1.7031325728484958, 1.8539170997521823, 2.0047016266558684, 2.155486153559555, 2.3062706804632414, 2.4570552073669276, 2.6078397342706143, 2.7586242611743, 2.909408788077987, 3.0601933149816727, 3.2109778418853594, 3.3617623687890457]], "calibration_local_y": [[0.225775040695331, 0.17216387236217243, 0.11178600473542091, 0.11106505651863341, 0.09142688164880194, 0.10414370672681643, 0.09389984961208038, 0.08957785789834592, 0.08945972680078054, 0.08898457643637822, 0.08333016858333941, 0.08293863650715627, 0.0848797293477895, 0.08849459895569715, 0.08733677485629869, 0.08206409158378278, 0.08719326812645686, 0.17792655350601927, 0.15423721052631578, 0.3417372105263158], [0.15179778247834952, 0.13456588177488493, 0.10569688022112893, 0.09887244876861573, 0.09606431375366029, 0.09790389115814646, 0.08480138279869077, 0.07629755281044703, 0.07837049027898411, 0.08239025950287426, 0.10122704423928604, 0.11803549178889117, 0.1362982077273057, 0.1525617199069952, 0.16889770343365154, 0.20919979429022467, 0.2555694086367481, 0.2581798403384442, 0.3417372105263158, 0.3417372105263158]], "elpd": [-93.32734783458486, -59.146706126026544], "expected_improvement": [null, null], "actual_improvement": [null, [[0.46192533755977483]]], "mse": [1.0180397236640477, 0.9712402186419049], "nmse": [0.9965435320008537, 0.9507322115321366], "y_regret_pool": [0.10695317329251108, 0.10695317329251108, 0.10695317329251108, 0.06641932525294791, 0.06641932525294791, 0.06641932525294791, 0.06641932525294791, 0.06641932525294791, 0.06641932525294791, 0.06641932525294791, 0.06641932525294791, 0.06641932525294791, 0.06641932525294791, 0.06641932525294791, 0.017858972651094707, 0.017858972651094707, 0.017858972651094707, 0.017858972651094707, 0.017858972651094707, 0.017858972651094707, 0.017858972651094707, 0.017858972651094707, 0.017858972651094707, 0.017858972651094707, 0.017858972651094707, 0.017858972651094707, 0.017858972651094707, 0.017858972651094707, 0.017858972651094707, 0.017858972651094707, 0.017858972651094707, 0.017858972651094707, 0.017858972651094707, 0.017858972651094707, 0.017858972651094707, 0.017858972651094707, 0.017858972651094707, 0.017858972651094707, 0.017858972651094707, 0.017858972651094707, 0.017858972651094707, 0.017858972651094707, 0.017858972651094707, 0.017858972651094707, 0.017858972651094707, 0.017858972651094707, 0.017858972651094707, 0.017858972651094707, 0.017858972651094707, 0.017858972651094707, 0.017858972651094707, 0.017858972651094707, 0.017858972651094707, 0.017858972651094707, 0.017858972651094707, 0.017858972651094707, 0.017858972651094707, 0.017858972651094707, 0.017858972651094707, 0.017858972651094707, 0.017858972651094707, 0.0014046382984009842, 0.0014046382984009842, 0.0014046382984009842, 0.0014046382984009842, 0.0014046382984009842, 0.0014046382984009842, 0.0014046382984009842, 0.0014046382984009842, 0.0014046382984009842, 0.0014046382984009842, 0.0014046382984009842, 0.0014046382984009842, 0.0014046382984009842, 0.0014046382984009842, 0.0014046382984009842, 0.0014046382984009842, 0.0014046382984009842, 0.0014046382984009842, 0.0014046382984009842, 0.0014046382984009842, 0.0014046382984009842, 0.0014046382984009842, 0.0014046382984009842, 0.0014046382984009842, 0.0014046382984009842, 0.0014046382984009842, 0.0014046382984009842, 0.0014046382984009842, 0.0014046382984009842, 0.0012039756843436056, 0.0012039756843436056, 0.0012039756843436056, 0.0012039756843436056, 0.0012039756843436056, 0.0012039756843436056, 0.0012039756843436056, 0.0012039756843436056, 0.0012039756843436056, 0.0012039756843436056, 0.0012039756843436056],