{"p_array": [0.001, 0.053526315789473686, 0.10605263157894737, 0.15857894736842104, 0.21110526315789474, 0.26363157894736844, 0.3161578947368421, 0.3686842105263158, 0.4212105263157895, 0.4737368421052632, 0.5262631578947369, 0.5787894736842105, 0.6313157894736842, 0.6838421052631579, 0.7363684210526316, 0.7888947368421053, 0.841421052631579, 0.8939473684210526, 0.9464736842105264, 0.999], "mean_sharpness": [-0.01893458445464211, 0.2886381432063557], "sharpness_error_true_minus_model": [], "posterior_variance": [0.49272559666272614, 0.10823757362018827], "bias_mse": [], "bias_nmse": [], "f_calibration": [], "f_calibration_mse": [], "f_calibration_nmse": [], "y_calibration": [[0.04699999839067459, 0.10520000010728836, 0.15539999306201935, 0.22519999742507935, 0.29679998755455017, 0.36399999260902405, 0.4081999957561493, 0.4438000023365021, 0.4706000089645386, 0.49079999327659607, 0.5131999850273132, 0.5343999862670898, 0.5583999752998352, 0.5834000110626221, 0.6129999756813049, 0.6376000046730042, 0.6931999921798706, 0.7440000176429749, 0.7851999998092651, 0.9085999727249146], [0.029200000688433647, 0.08959999680519104, 0.11620000004768372, 0.1387999951839447, 0.16519999504089355, 0.1876000016927719, 0.21359999477863312, 0.23759999871253967, 0.25760000944137573, 0.2791999876499176, 0.30000001192092896, 0.32199999690055847, 0.3400000035762787, 0.3668000102043152, 0.428600013256073, 0.47040000557899475, 0.5357999801635742, 0.6128000020980835, 0.6696000099182129, 0.7753999829292297]], "y_calibration_mse": [0.009010651620465129, 0.04502868972220012], "y_calibration_nmse": [0.09822242870443862, 0.49084433093028446], "calibration_local_dist_to_nearest_train_sample": [[0.5014892658615698, 0.6580701632790278, 0.8146510606964859, 0.9712319581139439, 1.127812855531402, 1.2843937529488598, 1.4409746503663179, 1.597555547783776, 1.754136445201234, 1.910717342618692, 2.06729824003615, 2.223879137453608, 2.3804600348710663, 2.5370409322885243, 2.6936218297059824, 2.8502027271234405, 3.0067836245408985, 3.1633645219583566, 3.3199454193758147, 3.4765263167932727], [0.46598703183794515, 0.5870656952317785, 0.7081443586256119, 0.8292230220194452, 0.9503016854132786, 1.071380348807112, 1.1924590122009455, 1.3135376755947787, 1.434616338988612, 1.5556950023824454, 1.6767736657762788, 1.7978523291701123, 1.9189309925639457, 2.040009655957779, 2.161088319351612, 2.2821669827454456, 2.403245646139279, 2.5243243095331125, 2.645402972926946, 2.7664816363207794]], "calibration_local_y": [[0.03522142032470998, 0.040641749720465956, 0.015717195498878227, 0.016584864266224828, 0.01409945959036418, 0.01452912302621521, 0.019345161370936968, 0.012893066611961112, 0.0083829483567599, 0.010316701177190985, 0.006415313459146539, 0.0070987755741015015, 0.015342908018751465, 0.02002370334194302, 0.03647505312313816, 0.03037803990825979, 0.10847589933821522, 0.1870351780641952, 0.16200378998338846, 0.1847425381158212], [0.016413111640407367, 0.015479673105493908, 0.014929927557455407, 0.014538977048165161, 0.02207763728860198, 0.03559926047468579, 0.05619346816244584, 0.09705013269096903, 0.10373435370051569, 0.10499615119562795, 0.10532912491732056, 0.12507697626463396, 0.12453421551281052, 0.14181194071882017, 0.1452281832187002, 0.1515047596852578, 0.19665066115792842, 0.1531816541709949, 0.20779510526315786, 0.20779510526315786]], "next_sample_train_distance": [[0.6023009020507432]], "elpd": [-114088753956434.33, -11.518244966863046], "expected_improvement": [null, null], "actual_improvement": [null, [[0.11049065829686966]]], "mse": [0.967267548136483, 0.5111931470570602], "nmse": [0.985993018358171, 0.5210894079945741], "y_regret_pool": [0.10392094347921743, 0.0013935758704104462], "y_regret_test": [0.10849983562485344, 0.0059724680160464505], "f_regret_pool": [], "f_regret_test": [], "x_y_opt_dist_pool": [2.4197892767415907, 2.0320604955847377], "x_f_opt_dist_pool": [], "x_y_opt_dist_test": [2.9701914607264723, 1.8116230590940583], "x_f_opt_dist_test": [], "uct_calibration": [0.17867679286847615, 0.2327226235886111], "uct_sharpness": [0.8112102048785279, 0.4623384904259967]}