{"p_array": [0.001, 0.053526315789473686, 0.10605263157894737, 0.15857894736842104, 0.21110526315789474, 0.26363157894736844, 0.3161578947368421, 0.3686842105263158, 0.4212105263157895, 0.4737368421052632, 0.5262631578947369, 0.5787894736842105, 0.6313157894736842, 0.6838421052631579, 0.7363684210526316, 0.7888947368421053, 0.841421052631579, 0.8939473684210526, 0.9464736842105264, 0.999], "mean_sharpness": [-1.5728886786153173, -0.71276436359484, -0.71276436359484], "sharpness_error_true_minus_model": [], "posterior_variance": [1.3605653213228375, 0.24713717896937262, 0.24713717896937262], "bias_mse": [], "bias_nmse": [], "f_calibration": [], "f_calibration_mse": [], "f_calibration_nmse": [], "y_calibration": [[0.0, 0.0, 0.0, 0.21819999814033508, 0.37959998846054077, 0.45739999413490295, 0.5052000284194946, 0.5333999991416931, 0.5583999752998352, 0.5831999778747559, 0.6068000197410583, 0.626800000667572, 0.6488000154495239, 0.6693999767303467, 0.692799985408783, 0.7268000245094299, 0.7946000099182129, 1.0, 1.0, 1.0], [0.0031999999191612005, 0.07000000029802322, 0.12460000067949295, 0.1868000030517578, 0.2476000040769577, 0.31540000438690186, 0.3686000108718872, 0.4359999895095825, 0.5012000203132629, 0.5648000240325928, 0.6291999816894531, 0.6894000172615051, 0.7437999844551086, 0.7978000044822693, 0.847000002861023, 0.8845999836921692, 0.9229999780654907, 0.9602000117301941, 0.9882000088691711, 1.0], [0.0031999999191612005, 0.07000000029802322, 0.12460000067949295, 0.1868000030517578, 0.2476000040769577, 0.31540000438690186, 0.3686000108718872, 0.4359999895095825, 0.5012000203132629, 0.5648000240325928, 0.6291999816894531, 0.6894000172615051, 0.7437999844551086, 0.7978000044822693, 0.847000002861023, 0.8845999836921692, 0.9229999780654907, 0.9602000117301941, 0.9882000088691711, 1.0]], "y_calibration_mse": [0.010432038973804682, 0.0055028071583294634, 0.0055028071583294634], "y_calibration_nmse": [0.11371654875871924, 0.05998446134080919, 0.05998446134080919], "calibration_local_dist_to_nearest_train_sample": [[0.5069666794009249, 0.6694584842080392, 0.8319502890151536, 0.994442093822268, 1.1569338986293825, 1.319425703436497, 1.4819175082436111, 1.6444093130507256, 1.80690111785784, 1.9693929226649545, 2.1318847274720687, 2.294376532279183, 2.4568683370862976, 2.619360141893412, 2.7818519467005265, 2.944343751507641, 3.1068355563147554, 3.26932736112187, 3.4318191659289843, 3.5943109707360987], [0.4355254907807391, 0.5281316620692509, 0.6207378333577627, 0.7133440046462745, 0.8059501759347862, 0.8985563472232981, 0.9911625185118099, 1.0837686898003218, 1.1763748610888336, 1.2689810323773454, 1.3615872036658572, 1.454193374954369, 1.5467995462428807, 1.6394057175313925, 1.7320118888199043, 1.824618060108416, 1.9172242313969279, 2.0098304026854397, 2.1024365739739515, 2.1950427452624632], [0.4355254907807391, 0.5281316620692509, 0.6207378333577627, 0.7133440046462745, 0.8059501759347862, 0.8985563472232981, 0.9911625185118099, 1.0837686898003218, 1.1763748610888336, 1.2689810323773454, 1.3615872036658572, 1.454193374954369, 1.5467995462428807, 1.6394057175313925, 1.7320118888199043, 1.824618060108416, 1.9172242313969279, 2.0098304026854397, 2.1024365739739515, 2.1950427452624632]], "calibration_local_y": [[0.02279485855263158, 0.013359536385571824, 0.014131532623370649, 0.014909552560983747, 0.021770210797123185, 0.022621458073026318, 0.03797253554396272, 0.025436364395692086, 0.030019851631991373, 0.01859983405988828, 0.009232869769797241, 0.005815833141801636, 0.004901201252285618, 0.011299224872229261, 0.03123000374781377, 0.06921849535440991, 0.13360029311639832, 0.15418984197450553, 0.14289709679566145, 0.20779510526315786], [0.0025093221241996094, 0.003835899780055773, 0.0031250817797357855, 0.0068286146604023224, 0.002559916483994128, 0.00564819438121629, 0.005217375028476352, 0.008640956062412357, 0.005826517367282491, 0.004119391037944356, 0.006624361957001083, 0.017444281675525773, 0.00977636543258618, 0.025748307872930587, 0.03737033336620348, 0.007316651754264515, 0.012156783148488452, 0.02135530263157895, 0.02597635526315789, 0.08163194736842104], [0.0025093221241996094, 0.003835899780055773, 0.0031250817797357855, 0.0068286146604023224, 0.002559916483994128, 0.00564819438121629, 0.005217375028476352, 0.008640956062412357, 0.005826517367282491, 0.004119391037944356, 0.006624361957001083, 0.017444281675525773, 0.00977636543258618, 0.025748307872930587, 0.03737033336620348, 0.007316651754264515, 0.012156783148488452, 0.02135530263157895, 0.02597635526315789, 0.08163194736842104]], "elpd": [-1.456094956326958, -0.6424274889288805, -0.6424274889288805], "expected_improvement": [null, null, null], "actual_improvement": [null, null, null], "mse": [1.0427543447353347, 0.2100711408182775, 0.2100711408182775], "nmse": [1.0328603685504703, 0.20807792077093176, 0.20807792077093176], "y_regret_pool": [0.07383119172368935, 0.07383119172368935, 0.07383119172368935, 0.07383119172368935, 0.07383119172368935, 0.07383119172368935, 0.07383119172368935, 0.07383119172368935, 0.07383119172368935, 0.07383119172368935, 0.07383119172368935, 0.07383119172368935, 0.07383119172368935, 0.018854739821910105, 0.018854739821910105, 0.018854739821910105, 0.018854739821910105, 0.018854739821910105, 0.018854739821910105, 0.018854739821910105, 0.018854739821910105, 0.018854739821910105, 0.018854739821910105, 0.018854739821910105, 0.018854739821910105, 0.018854739821910105, 0.018854739821910105, 0.018854739821910105, 0.018854739821910105, 0.018854739821910105, 0.018854739821910105, 0.018854739821910105, 0.018854739821910105, 0.018854739821910105, 0.018854739821910105, 0.018854739821910105, 0.018854739821910105, 0.018854739821910105, 0.018854739821910105, 0.018854739821910105, 0.018854739821910105, 0.018854739821910105, 0.018854739821910105, 0.018854739821910105, 0.018854739821910105, 0.018854739821910105, 0.018854739821910105, 0.018854739821910105, 0.018854739821910105, 0.018854739821910105, 0.018854739821910105, 0.018854739821910105, 0.018854739821910105, 0.018854739821910105, 0.018854739821910105, 0.018854739821910105, 0.018854739821910105, 0.018854739821910105, 0.018854739821910105, 0.018854739821910105, 0.018854739821910105, 0.018854739821910105, 0.018854739821910105, 0.018854739821910105, 0.018854739821910105, 0.018854739821910105, 0.018854739821910105, 0.018854739821910105, 0.018854739821910105, 0.018854739821910105, 0.018854739821910105, 0.018854739821910105, 0.018854739821910105, 0.018854739821910105, 0.018854739821910105, 0.018854739821910105, 0.018854739821910105, 0.018854739821910105, 0.018854739821910105, 0.018854739821910105, 0.018854739821910105, 0.018854739821910105, 0.018854739821910105, 0.018854739821910105, 0.018854739821910105, 0.018854739821910105, 0.018854739821910105, 0.018854739821910105, 0.018854739821910105, 0.018854739821910105, 0.018854739821910105, 0.018854739821910105, 0.018854739821910105, 0.018854739821910105, 0.018854739821910105, 0.018854739821910105, 0.018854739821910105, 0.018854739821910105, 0.018854739821910105, 0.018854739821910105, 0.018854739821910105, 0.018854739821910105],