{"p_array": [0.001, 0.053526315789473686, 0.10605263157894737, 0.15857894736842104, 0.21110526315789474, 0.26363157894736844, 0.3161578947368421, 0.3686842105263158, 0.4212105263157895, 0.4737368421052632, 0.5262631578947369, 0.5787894736842105, 0.6313157894736842, 0.6838421052631579, 0.7363684210526316, 0.7888947368421053, 0.841421052631579, 0.8939473684210526, 0.9464736842105264, 0.999], "mean_sharpness": [-1.3803821225467305, 0.1431161288344471], "sharpness_error_true_minus_model": [], "posterior_variance": [0.9257853993872892, 0.06123185478159774], "bias_mse": [], "bias_nmse": [], "f_calibration": [], "f_calibration_mse": [], "f_calibration_nmse": [], "y_calibration": [[0.0, 0.0, 0.0, 0.18799999356269836, 0.3490000069141388, 0.42800000309944153, 0.47780001163482666, 0.5109999775886536, 0.5401999950408936, 0.5626000165939331, 0.579800009727478, 0.6021999716758728, 0.6204000115394592, 0.6381999850273132, 0.6621999740600586, 0.6827999949455261, 0.7044000029563904, 0.7427999973297119, 1.0, 1.0], [0.07739999890327454, 0.2556000053882599, 0.33219999074935913, 0.3991999924182892, 0.45019999146461487, 0.49399998784065247, 0.5314000248908997, 0.5649999976158142, 0.5965999960899353, 0.6237999796867371, 0.6521999835968018, 0.6769999861717224, 0.7031999826431274, 0.7265999913215637, 0.7527999877929688, 0.7752000093460083, 0.8019999861717224, 0.8258000016212463, 0.8596000075340271, 0.9404000043869019]], "y_calibration_mse": [0.00981539458282586, 0.022711740123836706], "y_calibration_nmse": [0.10699469197409496, 0.24757391241280005], "calibration_local_dist_to_nearest_train_sample": [[0.49935063497275534, 0.6550331511386791, 0.810715667304603, 0.9663981834705268, 1.1220806996364505, 1.2777632158023744, 1.433445731968298, 1.589128248134222, 1.7448107643001458, 1.9004932804660695, 2.0561757966319933, 2.2118583127979172, 2.367540828963841, 2.5232233451297645, 2.6789058612956884, 2.8345883774616123, 2.990270893627536, 3.14595340979346, 3.3016359259593835, 3.4573184421253074], [0.4634642988865395, 0.5832604789662474, 0.7030566590459553, 0.8228528391256632, 0.9426490192053711, 1.062445199285079, 1.182241379364787, 1.3020375594444948, 1.4218337395242027, 1.5416299196039107, 1.6614260996836185, 1.7812222797633264, 1.9010184598430344, 2.020814639922742, 2.1406108200024505, 2.260407000082158, 2.380203180161866, 2.4999993602415738, 2.619795540321282, 2.73959172040099]], "calibration_local_y": [[0.010759959646149649, 0.045653405923093346, 0.008942607492626738, 0.020959165241989024, 0.012645097399991664, 0.011852510595797174, 0.009005177537841875, 0.00979871147891474, 0.00871099374788131, 0.00964590816782028, 0.012709616960451222, 0.017297543109388552, 0.01462684470667117, 0.0162815068883237, 0.025278104140249058, 0.05256062735979221, 0.03839520985959859, 0.014876578308460056, 0.033047502691279734, 0.020142578168043122], [0.002862855139738257, 0.005218254728032459, 0.02063614345354808, 0.038450759010619215, 0.038838429715183045, 0.03899106120987112, 0.041755790437533954, 0.03314349486535575, 0.023088596719096327, 0.02216887906920966, 0.014967006045708964, 0.009516615818831653, 0.011766326589399701, 0.002848357044856124, 0.013445084879987374, 0.007608365953947369, 0.03098165801013107, 0.08545069736842104, 0.038432533453172484, 0.08394247368421051]], "next_sample_train_distance": [[0.6000075680560152]], "elpd": [-1.42612102442245, -1.6257895061739305], "expected_improvement": [null, null], "actual_improvement": [null, [[0.027082898290341717]]], "mse": [1.0104742144683874, 0.3277462425061698], "nmse": [1.0007934647479382, 0.3246063015753771], "y_regret_pool": [0.19900914891866106, 0.0], "y_regret_test": [0.20221897390122023, 0.003209824982559173], "f_regret_pool": [], "f_regret_test": [], "x_y_opt_dist_pool": [2.6240729891790138, 0.0], "x_f_opt_dist_pool": [], "x_y_opt_dist_test": [3.7080045672226705, 2.6049345001293807], "x_f_opt_dist_test": [], "uct_calibration": [0.1546739575432385, 0.2123035685114445], "uct_sharpness": [0.96217742614722, 0.2897701285512278]}