{"p_array": [0.001, 0.053526315789473686, 0.10605263157894737, 0.15857894736842104, 0.21110526315789474, 0.26363157894736844, 0.3161578947368421, 0.3686842105263158, 0.4212105263157895, 0.4737368421052632, 0.5262631578947369, 0.5787894736842105, 0.6313157894736842, 0.6838421052631579, 0.7363684210526316, 0.7888947368421053, 0.841421052631579, 0.8939473684210526, 0.9464736842105264, 0.999], "mean_sharpness": [-0.9699008670810583, -0.21166064961561373, -0.21166064961561373], "sharpness_error_true_minus_model": [], "posterior_variance": [0.45817631705315937, 0.19910558518387997, 0.19910558518387997], "bias_mse": [], "bias_nmse": [], "f_calibration": [], "f_calibration_mse": [], "f_calibration_nmse": [], "y_calibration": [[0.00039999998989515007, 0.004800000227987766, 0.017999999225139618, 0.04960000142455101, 0.11800000071525574, 0.21400000154972076, 0.3089999854564667, 0.3837999999523163, 0.430400013923645, 0.46320000290870667, 0.4909999966621399, 0.5153999924659729, 0.5339999794960022, 0.5532000064849854, 0.5766000151634216, 0.5997999906539917, 0.6340000033378601, 0.6692000031471252, 0.7770000100135803, 0.9229999780654907], [0.03720000013709068, 0.13279999792575836, 0.16359999775886536, 0.20440000295639038, 0.25519999861717224, 0.31439998745918274, 0.38499999046325684, 0.4474000036716461, 0.4986000061035156, 0.5393999814987183, 0.5843999981880188, 0.6259999871253967, 0.6797999739646912, 0.75, 0.8203999996185303, 0.8831999897956848, 0.9277999997138977, 0.9617999792098999, 0.9815999865531921, 0.9973999857902527], [0.03720000013709068, 0.13279999792575836, 0.16359999775886536, 0.20440000295639038, 0.25519999861717224, 0.31439998745918274, 0.38499999046325684, 0.4474000036716461, 0.4986000061035156, 0.5393999814987183, 0.5843999981880188, 0.6259999871253967, 0.6797999739646912, 0.75, 0.8203999996185303, 0.8831999897956848, 0.9277999997138977, 0.9617999792098999, 0.9815999865531921, 0.9973999857902527]], "y_calibration_mse": [0.012736288803851751, 0.004017840160559204, 0.004017840160559204], "y_calibration_nmse": [0.13883448963382433, 0.043797278525344346, 0.043797278525344346], "calibration_local_dist_to_nearest_train_sample": [[0.5186325294769967, 0.6914723781905316, 0.8643122269040667, 1.0371520756176018, 1.2099919243311366, 1.3828317730446718, 1.555671621758207, 1.7285114704717417, 1.901351319185277, 2.0741911678988116, 2.247031016612347, 2.419870865325882, 2.5927107140394168, 2.765550562752952, 2.9383904114664867, 3.111230260180022, 3.284070108893557, 3.456909957607092, 3.629749806320627, 3.8025896550341622], [0.4424854481357583, 0.539178215508055, 0.6358709828803517, 0.7325637502526484, 0.8292565176249451, 0.9259492849972418, 1.0226420523695385, 1.1193348197418351, 1.216027587114132, 1.3127203544864288, 1.4094131218587251, 1.506105889231022, 1.6027986566033188, 1.6994914239756156, 1.796184191347912, 1.8928769587202088, 1.9895697260925056, 2.0862624934648024, 2.182955260837099, 2.2796480282093956], [0.4424854481357583, 0.539178215508055, 0.6358709828803517, 0.7325637502526484, 0.8292565176249451, 0.9259492849972418, 1.0226420523695385, 1.1193348197418351, 1.216027587114132, 1.3127203544864288, 1.4094131218587251, 1.506105889231022, 1.6027986566033188, 1.6994914239756156, 1.796184191347912, 1.8928769587202088, 1.9895697260925056, 2.0862624934648024, 2.182955260837099, 2.2796480282093956]], "calibration_local_y": [[0.009926123876578888, 0.012149315797673404, 0.010201535592002044, 0.0037539989125873786, 0.0063234949054996725, 0.007549574399745844, 0.007289882452399708, 0.006571608273543713, 0.013151778733841093, 0.015059341121826067, 0.02620454071746219, 0.0403287447504701, 0.10112536185768958, 0.12354393550121165, 0.1956921069005934, 0.23432471433950894, 0.2422488264802632, 0.2470626133647429, 0.24768662595578386, 0.24718984210526312], [0.0053633073417576945, 0.001711941060279852, 0.0039816026713930764, 0.006680423781996054, 0.005592399121315627, 0.006271612084243841, 0.008010997096046715, 0.003955002217536138, 0.003962990465682557, 0.0034298931289984355, 0.005331812412723605, 0.0024081578583883346, 0.0043470060968718955, 0.013854400227774427, 0.007963817374441668, 0.008410930974980406, 0.010353967377982982, 0.17365300000000003, 0.050116157894736835, 0.10274247368421055], [0.0053633073417576945, 0.001711941060279852, 0.0039816026713930764, 0.006680423781996054, 0.005592399121315627, 0.006271612084243841, 0.008010997096046715, 0.003955002217536138, 0.003962990465682557, 0.0034298931289984355, 0.005331812412723605, 0.0024081578583883346, 0.0043470060968718955, 0.013854400227774427, 0.007963817374441668, 0.008410930974980406, 0.010353967377982982, 0.17365300000000003, 0.050116157894736835, 0.10274247368421055]], "elpd": [-1.633176765400154, -0.4653215085933023, -0.4653215085933023], "expected_improvement": [null, null, null], "actual_improvement": [null, null, null], "mse": [0.9594955397425574, 0.16304801752415615, 0.16304801752415615], "nmse": [0.965974493031146, 0.1641489924068736, 0.1641489924068736], "y_regret_pool": [0.03176880926061121, 0.03176880926061121, 0.03176880926061121, 0.03176880926061121, 0.03176880926061121, 0.03176880926061121, 0.03176880926061121, 0.03176880926061121, 0.03176880926061121, 0.03176880926061121, 0.03176880926061121, 0.03176880926061121, 0.03176880926061121, 0.03176880926061121, 0.03176880926061121, 0.03176880926061121, 0.03176880926061121, 0.03176880926061121, 0.03176880926061121, 0.03176880926061121, 0.03176880926061121, 0.03176880926061121, 0.03176880926061121, 0.03176880926061121, 0.03176880926061121, 0.03176880926061121, 0.03176880926061121, 0.03176880926061121, 0.03176880926061121, 0.03176880926061121, 0.03176880926061121, 0.03176880926061121, 0.03176880926061121, 0.03176880926061121, 0.03176880926061121, 0.03176880926061121, 0.03176880926061121, 0.03176880926061121, 0.03176880926061121, 0.03176880926061121, 0.03176880926061121, 0.03176880926061121, 0.03176880926061121, 0.007942202315152525, 0.007942202315152525, 0.007942202315152525, 0.007942202315152525, 0.007942202315152525, 0.007942202315152525, 0.007942202315152525, 0.007942202315152525, 0.007942202315152525, 0.007942202315152525, 0.007942202315152525, 0.007942202315152525, 0.007942202315152525, 0.007942202315152525, 0.007942202315152525, 0.007942202315152525, 0.007942202315152525, 0.007942202315152525, 0.007942202315152525, 0.007942202315152525, 0.007942202315152525, 0.007942202315152525, 0.007942202315152525, 0.007942202315152525, 0.007942202315152525, 0.007942202315152525, 0.007942202315152525, 0.007942202315152525, 0.007942202315152525, 0.007942202315152525, 0.007942202315152525, 0.007942202315152525, 0.007942202315152525, 0.007942202315152525, 0.007942202315152525, 0.007942202315152525, 0.007942202315152525, 0.007942202315152525, 0.007942202315152525, 0.007942202315152525, 0.007942202315152525, 0.007942202315152525, 0.007942202315152525, 0.007942202315152525, 0.007942202315152525, 0.007942202315152525, 0.007942202315152525, 0.007942202315152525, 0.007942202315152525, 0.007942202315152525, 0.007942202315152525, 0.007942202315152525, 0.007942202315152525, 0.007942202315152525, 0.007942202315152525, 0.007942202315152525, 0.007942202315152525, 0.007942202315152525, 0.007942202315152525],