{"p_array": [0.001, 0.053526315789473686, 0.10605263157894737, 0.15857894736842104, 0.21110526315789474, 0.26363157894736844, 0.3161578947368421, 0.3686842105263158, 0.4212105263157895, 0.4737368421052632, 0.5262631578947369, 0.5787894736842105, 0.6313157894736842, 0.6838421052631579, 0.7363684210526316, 0.7888947368421053, 0.841421052631579, 0.8939473684210526, 0.9464736842105264, 0.999], "mean_sharpness": [-0.6308004636855756, -0.41701705908675557], "sharpness_error_true_minus_model": [], "posterior_variance": [0.23488017920290175, 0.16807011497879384], "bias_mse": [], "bias_nmse": [], "f_calibration": [], "f_calibration_mse": [], "f_calibration_nmse": [], "y_calibration": [[0.0, 0.018400000408291817, 0.04659999907016754, 0.10119999945163727, 0.17759999632835388, 0.23659999668598175, 0.29440000653266907, 0.33880001306533813, 0.3885999917984009, 0.42480000853538513, 0.459199994802475, 0.487199991941452, 0.5108000040054321, 0.5338000059127808, 0.5533999800682068, 0.5726000070571899, 0.5924000144004822, 0.6140000224113464, 0.6471999883651733, 0.8396000266075134], [0.00279999990016222, 0.010599999688565731, 0.014999999664723873, 0.029400000348687172, 0.061400000005960464, 0.1428000032901764, 0.2354000061750412, 0.3310000002384186, 0.4052000045776367, 0.46299999952316284, 0.5095999836921692, 0.5618000030517578, 0.6233999729156494, 0.6832000017166138, 0.7386000156402588, 0.7842000126838684, 0.8479999899864197, 0.8953999876976013, 0.9351999759674072, 0.9847999811172485]], "y_calibration_mse": [0.020013929818855938, 0.00365898525198262], "y_calibration_nmse": [0.21816588605683326, 0.03988550808325485], "calibration_local_dist_to_nearest_train_sample": [[0.5186325294769967, 0.6914723781905316, 0.8643122269040667, 1.0371520756176018, 1.2099919243311366, 1.3828317730446718, 1.555671621758207, 1.7285114704717417, 1.901351319185277, 2.0741911678988116, 2.247031016612347, 2.419870865325882, 2.5927107140394168, 2.765550562752952, 2.9383904114664867, 3.111230260180022, 3.284070108893557, 3.456909957607092, 3.629749806320627, 3.8025896550341622], [0.4328611757388572, 0.5199296707142529, 0.6069981656896487, 0.6940666606650444, 0.7811351556404401, 0.8682036506158359, 0.9552721455912316, 1.0423406405666273, 1.129409135542023, 1.2164776305174188, 1.3035461254928147, 1.3906146204682104, 1.477683115443606, 1.5647516104190018, 1.6518201053943975, 1.7388886003697932, 1.825957095345189, 1.9130255903205846, 2.0000940852959803, 2.087162580271376]], "calibration_local_y": [[0.027352496918901466, 0.01573194722552694, 0.005497454753986266, 0.002559444111125544, 0.0037136423251435562, 0.005869898286556917, 0.006138544050410193, 0.006799989987377697, 0.01554754821043309, 0.023820813381539938, 0.05005932274199752, 0.0739671635619364, 0.16022789344045396, 0.18138653112456288, 0.2739478690600647, 0.29659935250559655, 0.3029865115131579, 0.3009780257606217, 0.2918372105263158, 0.2918372105263158], [0.01961354312912728, 0.009007715441045543, 0.006310165178099329, 0.024246437471109113, 0.004819115249944437, 0.003573015648412249, 0.0035908476737337757, 0.0032430696681806986, 0.003957390856494132, 0.005001739201323468, 0.005885758374038852, 0.007875944665705101, 0.013568304266768524, 0.02786217154066012, 0.03864175931910572, 0.06450710768973053, 0.08821413264861444, 0.09703280532965422, 0.04007720927968469, 0.15745194494955486]], "elpd": [-3.4823654269872235, -0.41974607951254184], "expected_improvement": [null, null], "actual_improvement": [null, [[1.7824287545781898]]], "mse": [1.0933169063783188, 0.18089578789177274], "nmse": [1.1006994828183823, 0.1821172790934595], "y_regret_pool": [0.03176880926061121, 0.03176880926061121, 0.03176880926061121, 0.03176880926061121, 0.03176880926061121, 0.03176880926061121, 0.03176880926061121, 0.03176880926061121, 0.03176880926061121, 0.03176880926061121, 0.03176880926061121, 0.03176880926061121, 0.03176880926061121, 0.03176880926061121, 0.03176880926061121, 0.03176880926061121, 0.03176880926061121, 0.03176880926061121, 0.03176880926061121, 0.03176880926061121, 0.03176880926061121, 0.03176880926061121, 0.03176880926061121, 0.03176880926061121, 0.03176880926061121, 0.02918759350818667, 0.02918759350818667, 0.02918759350818667, 0.02918759350818667, 0.02918759350818667, 0.02918759350818667, 0.02918759350818667, 0.02918759350818667, 0.02918759350818667, 0.02918759350818667, 0.02918759350818667, 0.02918759350818667, 0.02918759350818667, 0.02918759350818667, 0.02918759350818667, 0.02918759350818667, 0.02918759350818667, 0.02918759350818667, 0.02918759350818667, 0.02918759350818667, 0.02918759350818667, 0.02918759350818667, 0.02918759350818667, 0.02918759350818667, 0.02918759350818667, 0.02918759350818667, 0.02918759350818667, 0.02918759350818667, 0.02918759350818667, 0.02918759350818667, 0.02918759350818667, 0.02918759350818667, 0.02918759350818667, 0.02918759350818667, 0.02918759350818667, 0.02918759350818667, 0.02918759350818667, 0.02918759350818667, 0.02918759350818667, 0.02918759350818667, 0.02918759350818667, 0.02918759350818667, 0.02918759350818667, 0.02918759350818667, 0.02918759350818667, 0.02918759350818667, 0.02918759350818667, 0.02918759350818667, 0.02918759350818667, 0.02918759350818667, 0.02918759350818667, 0.02918759350818667, 0.02918759350818667, 0.02918759350818667, 0.02918759350818667, 0.02918759350818667, 0.02918759350818667, 0.02918759350818667, 0.02918759350818667, 0.02918759350818667, 0.02918759350818667, 0.02918759350818667, 0.02918759350818667, 0.02918759350818667, 0.02918759350818667, 0.02918759350818667, 0.02918759350818667, 0.02918759350818667, 0.02918759350818667, 0.02918759350818667, 0.02918759350818667, 0.02918759350818667, 0.02918759350818667, 0.02918759350818667, 0.02918759350818667, 0.02918759350818667], "y_regret_test": [0.03335724972364207, 0.03335724972364207, 0.03335724972364207, 0.03335724972364207, 0.03335724972364207, 0.03335724972364207, 0.03335724972364207, 0.03335724972364207, 0.03335724972364207, 0.03335724972364207, 0.03335724972364207, 0.03335724972364207, 0.03335724972364207, 0.03335724972364207, 0.03335724972364207, 0.03335724972364207, 0.03335724972364207, 0.03335724972364207, 0.03335724972364207, 0.03335724972364207, 0.03335724972364207, 0.03335724972364207, 0.03335724972364207, 0.03335724972364207, 0.03335724972364207, 0.03077603397121753, 0.03077603397121753, 0.03077603397121753, 0.03077603397121753, 0.03077603397121753, 0.03077603397121753, 0.03077603397121753, 0.03077603397121753, 0.03077603397121753, 0.03077603397121753, 0.03077603397121753, 0.03077603397121753, 0.03077603397121753, 0.03077603397121753, 0.03077603397121753, 0.03077603397121753, 0.03077603397121753, 0.03077603397121753, 0.03077603397121753, 0.03077603397121753, 0.03077603397121753, 0.03077603397121753, 0.03077603397121753, 0.03077603397121753, 0.03077603397121753, 0.03077603397121753, 0.03077603397121753, 0.03077603397121753, 0.03077603397121753, 0.03077603397121753, 0.03077603397121753, 0.03077603397121753, 0.03077603397121753, 0.03077603397121753, 0.03077603397121753, 0.03077603397121753, 0.03077603397121753, 0.03077603397121753, 0.03077603397121753, 0.03077603397121753, 0.03077603397121753, 0.03077603397121753, 0.03077603397121753, 0.03077603397121753, 0.03077603397121753, 0.03077603397121753, 0.03077603397121753, 0.03077603397121753, 0.03077603397121753, 0.03077603397121753, 0.03077603397121753, 0.03077603397121753, 0.03077603397121753, 0.03077603397121753, 0.03077603397121753, 0.03077603397121753, 0.03077603397121753, 0.03077603397121753, 0.03077603397121753, 0.03077603397121753, 0.03077603397121753, 0.03077603397121753, 0.03077603397121753, 0.03077603397121753, 0.03077603397121753, 0.03077603397121753, 0.03077603397121753, 0.03077603397121753, 0.03077603397121753, 0.03077603397121753, 0.03077603397121753, 0.03077603397121753, 0.03077603397121753, 0.03077603397121753, 0.03077603397121753, 0.03077603397121753], "f_regret_pool": [], "f_regret_test": [],