{"p_array": [0.001, 0.053526315789473686, 0.10605263157894737, 0.15857894736842104, 0.21110526315789474, 0.26363157894736844, 0.3161578947368421, 0.3686842105263158, 0.4212105263157895, 0.4737368421052632, 0.5262631578947369, 0.5787894736842105, 0.6313157894736842, 0.6838421052631579, 0.7363684210526316, 0.7888947368421053, 0.841421052631579, 0.8939473684210526, 0.9464736842105264, 0.999], "mean_sharpness": [-1.366670086622763, -0.44238437205298525, -0.44238437205298525], "sharpness_error_true_minus_model": [], "posterior_variance": [0.9007415655877344, 0.14887796875165535, 0.14887796875165535], "bias_mse": [], "bias_nmse": [], "f_calibration": [], "f_calibration_mse": [], "f_calibration_nmse": [], "y_calibration": [[0.0, 0.0, 0.0, 0.0, 0.0843999981880188, 0.2526000142097473, 0.3596000075340271, 0.41620001196861267, 0.45820000767707825, 0.4903999865055084, 0.515999972820282, 0.5429999828338623, 0.5609999895095825, 0.5857999920845032, 0.6046000123023987, 0.6294000148773193, 0.65420001745224, 0.6854000091552734, 0.7419999837875366, 1.0], [0.009399999864399433, 0.08079999685287476, 0.1273999959230423, 0.16760000586509705, 0.22200000286102295, 0.27959999442100525, 0.3375999927520752, 0.38920000195503235, 0.4521999955177307, 0.5091999769210815, 0.5604000091552734, 0.6137999892234802, 0.6687999963760376, 0.7179999947547913, 0.7608000040054321, 0.8015999794006348, 0.8378000259399414, 0.8740000128746033, 0.9053999781608582, 0.9760000109672546], [0.009399999864399433, 0.08079999685287476, 0.1273999959230423, 0.16760000586509705, 0.22200000286102295, 0.27959999442100525, 0.3375999927520752, 0.38920000195503235, 0.4521999955177307, 0.5091999769210815, 0.5604000091552734, 0.6137999892234802, 0.6687999963760376, 0.7179999947547913, 0.7608000040054321, 0.8015999794006348, 0.8378000259399414, 0.8740000128746033, 0.9053999781608582, 0.9760000109672546]], "y_calibration_mse": [0.012016287968457467, 0.0006586051130306094, 0.0006586051130306094], "y_calibration_nmse": [0.130985975042379, 0.007179258114041756, 0.007179258114041756], "calibration_local_dist_to_nearest_train_sample": [[0.4987223717356208, 0.6563415065352174, 0.8139606413348139, 0.9715797761344106, 1.129198910934007, 1.2868180457336038, 1.4444371805332006, 1.602056315332797, 1.7596754501323937, 1.91729458493199, 2.074913719731587, 2.2325328545311836, 2.39015198933078, 2.5477711241303767, 2.705390258929973, 2.8630093937295698, 3.0206285285291665, 3.178247663328763, 3.3358667981283596, 3.4934859329279564], [0.432058359067815, 0.5230134811996059, 0.6139686033313969, 0.7049237254631878, 0.7958788475949787, 0.8868339697267698, 0.9777890918585607, 1.0687442139903516, 1.1596993361221424, 1.2506544582539334, 1.3416095803857244, 1.4325647025175154, 1.5235198246493062, 1.6144749467810973, 1.705430068912888, 1.796385191044679, 1.88734031317647, 1.978295435308261, 2.0692505574400517, 2.1602056795718427], [0.432058359067815, 0.5230134811996059, 0.6139686033313969, 0.7049237254631878, 0.7958788475949787, 0.8868339697267698, 0.9777890918585607, 1.0687442139903516, 1.1596993361221424, 1.2506544582539334, 1.3416095803857244, 1.4325647025175154, 1.5235198246493062, 1.6144749467810973, 1.705430068912888, 1.796385191044679, 1.88734031317647, 1.978295435308261, 2.0692505574400517, 2.1602056795718427]], "calibration_local_y": [[0.021487527703633606, 0.013567210714439299, 0.018399875423698878, 0.013169013578689529, 0.008843081476504347, 0.01076574544610601, 0.007782477165049357, 0.010800904098349658, 0.009871968540134723, 0.01320250805024108, 0.013729690846383525, 0.011168740827355835, 0.022041845355599242, 0.04222023708177433, 0.04784607354412952, 0.1192373289199807, 0.17372988902555908, 0.28364612721491766, 0.2918372105263158, 0.2918372105263158], [0.005672368507830846, 0.0026600050469727976, 0.0004162810375511417, 0.00147379020801415, 0.00016575693568827963, 0.001966513998767948, 0.000387524123770688, 0.0005127479175762153, 0.0008175740428174085, 0.0004942334965096281, 0.0013494532488978694, 0.0014880312727295565, 0.010830359915941692, 0.016236304301102716, 0.04231487330056258, 0.014369841860547017, 0.07881949324675916, 0.1834857518444139, 0.10069773684210528, 0.1447635263157895], [0.005672368507830846, 0.0026600050469727976, 0.0004162810375511417, 0.00147379020801415, 0.00016575693568827963, 0.001966513998767948, 0.000387524123770688, 0.0005127479175762153, 0.0008175740428174085, 0.0004942334965096281, 0.0013494532488978694, 0.0014880312727295565, 0.010830359915941692, 0.016236304301102716, 0.04231487330056258, 0.014369841860547017, 0.07881949324675916, 0.1834857518444139, 0.10069773684210528, 0.1447635263157895]], "elpd": [-1.483592153595358, -0.741350651976168, -0.741350651976168], "expected_improvement": [null, null, null], "actual_improvement": [null, null, null], "mse": [1.1113746969010339, 0.2709080914353959, 0.2709080914353959], "nmse": [1.115763509725589, 0.27197790606162653, 0.27197790606162653], "y_regret_pool": [0.05367168130955924, 0.05367168130955924, 0.05367168130955924, 0.05367168130955924, 0.05367168130955924, 0.05367168130955924, 0.05367168130955924, 0.05367168130955924, 0.05367168130955924, 0.05367168130955924, 0.05367168130955924, 0.05367168130955924, 0.05367168130955924, 0.05367168130955924, 0.05367168130955924, 0.05367168130955924, 0.05367168130955924, 0.05367168130955924, 0.05367168130955924, 0.05367168130955924, 0.05367168130955924, 0.05367168130955924, 0.04452761708644948, 0.04452761708644948, 0.04452761708644948, 0.04452761708644948, 0.04452761708644948, 0.04452761708644948, 0.04452761708644948, 0.04452761708644948, 0.04452761708644948, 0.04452761708644948, 0.04452761708644948, 0.04452761708644948, 0.04452761708644948, 0.04452761708644948, 0.04452761708644948, 0.04452761708644948, 0.04452761708644948, 0.04452761708644948, 0.04452761708644948, 0.04452761708644948, 0.04452761708644948, 0.04452761708644948, 0.04452761708644948, 0.04452761708644948, 0.04452761708644948, 0.04452761708644948, 0.04452761708644948, 0.04452761708644948, 0.04452761708644948, 0.04452761708644948, 0.04452761708644948, 0.04452761708644948, 0.04452761708644948, 0.04452761708644948, 0.04452761708644948, 0.04452761708644948, 0.04452761708644948, 0.04452761708644948, 0.04452761708644948, 0.04452761708644948, 0.04452761708644948, 0.04452761708644948, 0.04452761708644948, 0.04452761708644948, 0.04452761708644948, 0.04452761708644948, 0.04452761708644948, 0.04452761708644948, 0.04452761708644948, 0.04452761708644948, 0.04452761708644948, 0.04452761708644948, 0.04452761708644948, 0.04452761708644948, 0.04452761708644948, 0.04452761708644948, 0.04015436897974478, 0.04015436897974478, 0.04015436897974478, 0.04015436897974478, 0.04015436897974478, 0.04015436897974478, 0.04015436897974478, 0.04015436897974478, 0.04015436897974478, 0.04015436897974478, 0.012324608300713802, 0.012324608300713802, 0.012324608300713802, 0.012324608300713802, 0.012324608300713802, 0.012324608300713802, 0.012324608300713802, 0.012324608300713802, 0.012324608300713802, 0.012324608300713802, 0.012324608300713802, 0.012324608300713802, 0.012324608300713802, 0.012324608300713802],