{"p_array": [0.001, 0.053526315789473686, 0.10605263157894737, 0.15857894736842104, 0.21110526315789474, 0.26363157894736844, 0.3161578947368421, 0.3686842105263158, 0.4212105263157895, 0.4737368421052632, 0.5262631578947369, 0.5787894736842105, 0.6313157894736842, 0.6838421052631579, 0.7363684210526316, 0.7888947368421053, 0.841421052631579, 0.8939473684210526, 0.9464736842105264, 0.999], "mean_sharpness": [1.106208636652102, 0.7146249546762238], "sharpness_error_true_minus_model": [], "posterior_variance": [0.006683079068566656, 0.014802224204959037], "bias_mse": [], "bias_nmse": [], "f_calibration": [], "f_calibration_mse": [], "f_calibration_nmse": [], "y_calibration": [[0.5338000059127808, 0.5555999875068665, 0.5605999827384949, 0.5637999773025513, 0.5667999982833862, 0.5694000124931335, 0.5708000063896179, 0.5738000273704529, 0.5745999813079834, 0.5771999955177307, 0.5785999894142151, 0.579800009727478, 0.5812000036239624, 0.5827999711036682, 0.5843999981880188, 0.5867999792098999, 0.5889999866485596, 0.5920000076293945, 0.5971999764442444, 0.6128000020980835], [0.5271999835968018, 0.5630000233650208, 0.5708000063896179, 0.5758000016212463, 0.5803999900817871, 0.5835999846458435, 0.5863999724388123, 0.5893999934196472, 0.592199981212616, 0.593999981880188, 0.5965999960899353, 0.6001999974250793, 0.6029999852180481, 0.6057999730110168, 0.6086000204086304, 0.6105999946594238, 0.6151999831199646, 0.6195999979972839, 0.6281999945640564, 0.6538000106811523]], "y_calibration_mse": [0.08866807273715453, 0.08690170438431721], "y_calibration_nmse": [0.9665442433713324, 0.9472895882242739], "calibration_local_dist_to_nearest_train_sample": [[0.5014892658615698, 0.6580701632790278, 0.8146510606964859, 0.9712319581139439, 1.127812855531402, 1.2843937529488598, 1.4409746503663179, 1.597555547783776, 1.754136445201234, 1.910717342618692, 2.06729824003615, 2.223879137453608, 2.3804600348710663, 2.5370409322885243, 2.6936218297059824, 2.8502027271234405, 3.0067836245408985, 3.1633645219583566, 3.3199454193758147, 3.4765263167932727], [0.4414773638086983, 0.5380463591732849, 0.6346153545378714, 0.731184349902458, 0.8277533452670445, 0.9243223406316311, 1.0208913359962177, 1.117460331360804, 1.2140293267253908, 1.310598322089977, 1.4071673174545638, 1.5037363128191505, 1.6003053081837368, 1.6968743035483236, 1.7934432989129099, 1.8900122942774966, 1.986581289642083, 2.0831502850066697, 2.179719280371256, 2.2762882757358427]], "calibration_local_y": [[0.17638984813192032, 0.111548177046855, 0.142291877880472, 0.13463306918018636, 0.12415790069848012, 0.1310348190479924, 0.12655780549737586, 0.11498801233922325, 0.08745054297965668, 0.08518228821887805, 0.08965714292287921, 0.08377624713519985, 0.08022563693535621, 0.09002361645572428, 0.11401457801825758, 0.09956533560397204, 0.22545554446854243, 0.28637388853365364, 0.3163096926784849, 0.3417372105263158], [0.10636194885095918, 0.12046350333981748, 0.11165584204584052, 0.08248720514299764, 0.08657935199192622, 0.08065605042868171, 0.09822098037126986, 0.08401801861292896, 0.07901277422810875, 0.09140993696681268, 0.08878736976711543, 0.08738477340814903, 0.10354656453534414, 0.09299624379112092, 0.10049254115359778, 0.1255259413045126, 0.1432037966460315, 0.12417349814925001, 0.17397551282489537, 0.2028483083919507]], "elpd": [-74.747671831625, -36.30792590179657], "expected_improvement": [null, null], "actual_improvement": [null, [[2.5032604277924992]]], "mse": [0.9789519692432676, 0.9446230219131597], "nmse": [0.9979036398372458, 0.9629101135266788], "y_regret_pool": [0.10392094347921743, 0.10392094347921743, 0.10392094347921743, 0.10392094347921743, 0.10392094347921743, 0.10392094347921743, 0.10392094347921743, 0.10392094347921743, 0.10392094347921743, 0.10392094347921743, 0.10392094347921743, 0.10392094347921743, 0.10392094347921743, 0.10392094347921743, 0.10392094347921743, 0.10392094347921743, 0.10392094347921743, 0.10392094347921743, 0.10392094347921743, 0.10392094347921743, 0.10392094347921743, 0.10392094347921743, 0.10392094347921743, 0.10392094347921743, 0.10392094347921743, 0.10392094347921743, 0.10392094347921743, 0.10392094347921743, 0.10392094347921743, 0.10392094347921743, 0.10392094347921743, 0.10392094347921743, 0.10392094347921743, 0.10392094347921743, 0.10392094347921743, 0.10392094347921743, 0.10392094347921743, 0.10392094347921743, 0.10392094347921743, 0.10392094347921743, 0.10392094347921743, 0.10392094347921743, 0.10392094347921743, 0.10392094347921743, 0.10392094347921743, 0.10392094347921743, 0.10392094347921743, 0.10392094347921743, 0.10392094347921743, 0.10392094347921743, 0.10392094347921743, 0.10392094347921743, 0.10392094347921743, 0.10392094347921743, 0.10392094347921743, 0.10392094347921743, 0.10392094347921743, 0.10392094347921743, 0.10392094347921743, 0.10392094347921743, 0.10392094347921743, 0.10392094347921743, 0.10392094347921743, 0.10392094347921743, 0.10392094347921743, 0.10392094347921743, 0.10392094347921743, 0.10392094347921743, 0.10392094347921743, 0.10392094347921743, 0.10392094347921743, 0.10392094347921743, 0.10392094347921743, 0.10392094347921743, 0.10392094347921743, 0.10392094347921743, 0.10392094347921743, 0.10392094347921743, 0.10392094347921743, 0.10392094347921743, 0.10392094347921743, 0.10392094347921743, 0.10392094347921743, 0.10392094347921743, 0.10392094347921743, 0.10392094347921743, 0.10392094347921743, 0.10392094347921743, 0.10392094347921743, 0.10392094347921743, 0.10392094347921743, 0.10392094347921743, 0.10392094347921743, 0.10392094347921743, 0.10392094347921743, 0.10392094347921743, 0.10392094347921743, 0.10392094347921743, 0.10392094347921743, 0.10392094347921743, 0.10392094347921743], "y_regret_test": [0.10849983562485344, 0.10849983562485344, 0.10849983562485344, 0.10849983562485344, 0.10849983562485344, 0.10849983562485344, 0.10849983562485344, 0.10849983562485344, 0.10849983562485344, 0.10849983562485344, 0.10849983562485344, 0.10849983562485344, 0.10849983562485344, 0.10849983562485344, 0.10849983562485344, 0.10849983562485344, 0.10849983562485344, 0.10849983562485344, 0.10849983562485344, 0.10849983562485344, 0.10849983562485344, 0.10849983562485344, 0.10849983562485344, 0.10849983562485344, 0.10849983562485344, 0.10849983562485344, 0.10849983562485344, 0.10849983562485344, 0.10849983562485344, 0.10849983562485344, 0.10849983562485344, 0.10849983562485344, 0.10849983562485344, 0.10849983562485344, 0.10849983562485344, 0.10849983562485344, 0.10849983562485344, 0.10849983562485344, 0.10849983562485344, 0.10849983562485344, 0.10849983562485344, 0.10849983562485344, 0.10849983562485344, 0.10849983562485344, 0.10849983562485344, 0.10849983562485344, 0.10849983562485344, 0.10849983562485344, 0.10849983562485344, 0.10849983562485344, 0.10849983562485344, 0.10849983562485344, 0.10849983562485344, 0.10849983562485344, 0.10849983562485344, 0.10849983562485344, 0.10849983562485344, 0.10849983562485344, 0.10849983562485344, 0.10849983562485344, 0.10849983562485344, 0.10849983562485344, 0.10849983562485344, 0.10849983562485344, 0.10849983562485344, 0.10849983562485344, 0.10849983562485344, 0.10849983562485344, 0.10849983562485344, 0.10849983562485344, 0.10849983562485344, 0.10849983562485344, 0.10849983562485344, 0.10849983562485344, 0.10849983562485344, 0.10849983562485344, 0.10849983562485344, 0.10849983562485344, 0.10849983562485344, 0.10849983562485344, 0.10849983562485344, 0.10849983562485344, 0.10849983562485344, 0.10849983562485344, 0.10849983562485344, 0.10849983562485344, 0.10849983562485344, 0.10849983562485344, 0.10849983562485344, 0.10849983562485344, 0.10849983562485344, 0.10849983562485344, 0.10849983562485344, 0.10849983562485344, 0.10849983562485344, 0.10849983562485344, 0.10849983562485344, 0.10849983562485344, 0.10849983562485344, 0.10849983562485344, 0.10849983562485344], "f_regret_pool": [], "f_regret_test": [],