{"p_array": [0.001, 0.053526315789473686, 0.10605263157894737, 0.15857894736842104, 0.21110526315789474, 0.26363157894736844, 0.3161578947368421, 0.3686842105263158, 0.4212105263157895, 0.4737368421052632, 0.5262631578947369, 0.5787894736842105, 0.6313157894736842, 0.6838421052631579, 0.7363684210526316, 0.7888947368421053, 0.841421052631579, 0.8939473684210526, 0.9464736842105264, 0.999], "mean_sharpness": [-0.5513633155338471, -0.5234278727903273, -0.5234278727903273], "sharpness_error_true_minus_model": [], "posterior_variance": [0.2121179337596447, 0.17271205563494282, 0.17271205563494282], "bias_mse": [], "bias_nmse": [], "f_calibration": [], "f_calibration_mse": [], "f_calibration_nmse": [], "y_calibration": [[0.026799999177455902, 0.09080000221729279, 0.12700000405311584, 0.15960000455379486, 0.19339999556541443, 0.22679999470710754, 0.26899999380111694, 0.30660000443458557, 0.34360000491142273, 0.3831999897956848, 0.41780000925064087, 0.451200008392334, 0.48420000076293945, 0.510200023651123, 0.5325999855995178, 0.553600013256073, 0.5776000022888184, 0.6043999791145325, 0.6380000114440918, 0.7811999917030334], [0.004000000189989805, 0.03480000048875809, 0.06499999761581421, 0.10000000149011612, 0.14319999516010284, 0.19140000641345978, 0.24580000340938568, 0.31360000371932983, 0.38679999113082886, 0.4699999988079071, 0.5594000220298767, 0.6492000222206116, 0.7062000036239624, 0.7440000176429749, 0.7833999991416931, 0.8220000267028809, 0.8579999804496765, 0.8920000195503235, 0.9300000071525574, 0.995199978351593], [0.004000000189989805, 0.03480000048875809, 0.06499999761581421, 0.10000000149011612, 0.14319999516010284, 0.19140000641345978, 0.24580000340938568, 0.31360000371932983, 0.38679999113082886, 0.4699999988079071, 0.5594000220298767, 0.6492000222206116, 0.7062000036239624, 0.7440000176429749, 0.7833999991416931, 0.8220000267028809, 0.8579999804496765, 0.8920000195503235, 0.9300000071525574, 0.995199978351593]], "y_calibration_mse": [0.02486093498055359, 0.0021821142752854452, 0.0021821142752854452], "y_calibration_nmse": [0.2710016452203108, 0.02378657758140011, 0.02378657758140011], "calibration_local_dist_to_nearest_train_sample": [[0.48706660928289025, 0.6299368491290879, 0.7728070889752855, 0.9156773288214831, 1.0585475686676808, 1.2014178085138782, 1.344288048360076, 1.4871582882062735, 1.6300285280524713, 1.7728987678986687, 1.9157690077448666, 2.058639247591064, 2.201509487437262, 2.3443797272834592, 2.487249967129657, 2.6301202069758545, 2.772990446822052, 2.9158606866682497, 3.0587309265144476, 3.201601166360645], [0.4375360860448192, 0.5308758026529458, 0.6242155192610723, 0.7175552358691989, 0.8108949524773255, 0.904234669085452, 0.9975743856935786, 1.090914102301705, 1.1842538189098317, 1.2775935355179584, 1.3709332521260849, 1.4642729687342113, 1.5576126853423378, 1.6509524019504647, 1.7442921185585911, 1.8376318351667176, 1.930971551774844, 2.024311268382971, 2.1176509849910974, 2.210990701599224], [0.4375360860448192, 0.5308758026529458, 0.6242155192610723, 0.7175552358691989, 0.8108949524773255, 0.904234669085452, 0.9975743856935786, 1.090914102301705, 1.1842538189098317, 1.2775935355179584, 1.3709332521260849, 1.4642729687342113, 1.5576126853423378, 1.6509524019504647, 1.7442921185585911, 1.8376318351667176, 1.930971551774844, 2.024311268382971, 2.1176509849910974, 2.210990701599224]], "calibration_local_y": [[0.06876352858139344, 0.015651144308167296, 0.010228128065854497, 0.01247641198537931, 0.014769058700779509, 0.009591875224280788, 0.009128141762221625, 0.01929067062047948, 0.020964256955359476, 0.030690902499983325, 0.037035593869481395, 0.03605701300214077, 0.055276231433167525, 0.05009505758537634, 0.061589417577320484, 0.11145322625601355, 0.19277901703507977, 0.20606249415636096, 0.2174855657894737, 0.28990153762436155], [0.012082673927911234, 0.007526898806832288, 0.005148692725861276, 0.0061974745050416115, 0.0019127112335902152, 0.004136566115015036, 0.004092149272751712, 0.002060469049796359, 0.002428390588520517, 0.0015351838843598625, 0.0022567016269277153, 0.0012368790888044943, 0.00856146022050776, 0.0039964955376808, 0.007128365512902322, 0.005431363181343692, 0.010126595673727524, 0.024763525614336968, 0.10274247368421055, 0.06791878947368421], [0.012082673927911234, 0.007526898806832288, 0.005148692725861276, 0.0061974745050416115, 0.0019127112335902152, 0.004136566115015036, 0.004092149272751712, 0.002060469049796359, 0.002428390588520517, 0.0015351838843598625, 0.0022567016269277153, 0.0012368790888044943, 0.00856146022050776, 0.0039964955376808, 0.007128365512902322, 0.005431363181343692, 0.010126595673727524, 0.024763525614336968, 0.10274247368421055, 0.06791878947368421]], "elpd": [-3.554553817457863, -0.49076293816753014, -0.49076293816753014], "expected_improvement": [null, null, null], "actual_improvement": [null, null, null], "mse": [0.7945330210039312, 0.17448548502596564, 0.17448548502596564], "nmse": [0.8035462946978766, 0.17646486837515948, 0.17646486837515948], "y_regret_pool": [0.02432039677103437, 0.02432039677103437, 0.02432039677103437, 0.02432039677103437, 0.02432039677103437, 0.02432039677103437, 0.02432039677103437, 0.02432039677103437, 0.02432039677103437, 0.0077113453176451685, 0.0077113453176451685, 0.0077113453176451685, 0.0077113453176451685, 0.0077113453176451685, 0.0077113453176451685, 0.0077113453176451685, 0.0077113453176451685, 0.0077113453176451685, 0.0077113453176451685, 0.0077113453176451685, 0.0077113453176451685, 0.0077113453176451685, 0.0077113453176451685, 0.0077113453176451685, 0.0077113453176451685, 0.0077113453176451685, 0.0077113453176451685, 0.0077113453176451685, 0.0077113453176451685, 0.0077113453176451685, 0.0077113453176451685, 0.0077113453176451685, 0.0077113453176451685, 0.0077113453176451685, 0.0077113453176451685, 0.0077113453176451685, 0.0077113453176451685, 0.0077113453176451685, 0.0077113453176451685, 0.0077113453176451685, 0.0077113453176451685, 0.0077113453176451685, 0.0077113453176451685, 0.0077113453176451685, 0.0077113453176451685, 0.0077113453176451685, 0.0077113453176451685, 0.0077113453176451685, 0.0077113453176451685, 0.0077113453176451685, 0.0077113453176451685, 0.0077113453176451685, 0.0077113453176451685, 0.0077113453176451685, 0.0077113453176451685, 0.0077113453176451685, 0.0077113453176451685, 0.0077113453176451685, 0.0077113453176451685, 0.0077113453176451685, 0.0077113453176451685, 0.0077113453176451685, 0.0077113453176451685, 0.0077113453176451685, 0.0077113453176451685, 0.0077113453176451685, 0.0077113453176451685, 0.0077113453176451685, 0.0077113453176451685, 0.0077113453176451685, 0.0077113453176451685, 0.0077113453176451685, 0.0077113453176451685, 0.0077113453176451685, 0.0077113453176451685, 0.0077113453176451685, 0.0077113453176451685, 0.0077113453176451685, 0.007513618514628728, 0.007513618514628728, 0.007513618514628728, 0.007513618514628728, 0.007513618514628728, 0.007513618514628728, 0.007513618514628728, 0.007513618514628728, 0.007513618514628728, 0.007513618514628728, 0.007513618514628728, 0.007513618514628728, 0.007513618514628728, 0.007513618514628728, 0.007513618514628728, 0.007513618514628728, 0.007513618514628728, 0.007513618514628728, 0.007513618514628728, 0.007513618514628728, 0.007513618514628728, 0.007513618514628728, 0.007513618514628728, 0.007513618514628728],