{"p_array": [0.001, 0.053526315789473686, 0.10605263157894737, 0.15857894736842104, 0.21110526315789474, 0.26363157894736844, 0.3161578947368421, 0.3686842105263158, 0.4212105263157895, 0.4737368421052632, 0.5262631578947369, 0.5787894736842105, 0.6313157894736842, 0.6838421052631579, 0.7363684210526316, 0.7888947368421053, 0.841421052631579, 0.8939473684210526, 0.9464736842105264, 0.999], "mean_sharpness": [2.219406683637344, 2.1863326659668716, 2.1490315126296964], "sharpness_error_true_minus_model": [], "posterior_variance": [0.0007218899865277018, 0.0007676569238805634, 0.000825494767261006], "bias_mse": [], "bias_nmse": [], "f_calibration": [], "f_calibration_mse": [], "f_calibration_nmse": [], "y_calibration": [[0.5649999976158142, 0.5720000267028809, 0.573199987411499, 0.5745999813079834, 0.5759999752044678, 0.5771999955177307, 0.5776000022888184, 0.578000009059906, 0.5784000158309937, 0.5785999894142151, 0.579200029373169, 0.579800009727478, 0.5803999900817871, 0.5806000232696533, 0.5807999968528748, 0.58160001039505, 0.5824000239372253, 0.5830000042915344, 0.5845999717712402, 0.5916000008583069], [0.5649999976158142, 0.571399986743927, 0.573199987411499, 0.5745999813079834, 0.5752000212669373, 0.5767999887466431, 0.578000009059906, 0.5781999826431274, 0.5784000158309937, 0.5788000226020813, 0.5794000029563904, 0.5799999833106995, 0.5803999900817871, 0.5806000232696533, 0.5809999704360962, 0.5820000171661377, 0.5825999975204468, 0.5839999914169312, 0.5852000117301941, 0.5925999879837036], [0.5640000104904175, 0.5712000131607056, 0.5727999806404114, 0.5741999745368958, 0.5748000144958496, 0.5763999819755554, 0.5777999758720398, 0.5781999826431274, 0.5781999826431274, 0.5788000226020813, 0.5794000029563904, 0.5799999833106995, 0.5803999900817871, 0.5806000232696533, 0.5812000036239624, 0.5817999839782715, 0.5825999975204468, 0.5838000178337097, 0.5853999853134155, 0.5929999947547913]], "y_calibration_mse": [0.09507445768065328, 0.09490950807590239, 0.09475580438680575], "y_calibration_nmse": [1.0363783369386423, 1.0345802704419118, 1.0329047923211492], "calibration_local_dist_to_nearest_train_sample": [[0.5014892658615698, 0.6580701632790278, 0.8146510606964859, 0.9712319581139439, 1.127812855531402, 1.2843937529488598, 1.4409746503663179, 1.597555547783776, 1.754136445201234, 1.910717342618692, 2.06729824003615, 2.223879137453608, 2.3804600348710663, 2.5370409322885243, 2.6936218297059824, 2.8502027271234405, 3.0067836245408985, 3.1633645219583566, 3.3199454193758147, 3.4765263167932727], [0.42650299259795815, 0.5080976167518045, 0.5896922409056509, 0.6712868650594972, 0.7528814892133436, 0.83447611336719, 0.9160707375210364, 0.9976653616748827, 1.079259985828729, 1.1608546099825756, 1.242449234136422, 1.3240438582902683, 1.4056384824441146, 1.487233106597961, 1.5688277307518073, 1.6504223549056536, 1.7320169790595, 1.8136116032133462, 1.895206227367193, 1.9768008515210391], [0.42650299259795815, 0.5080976167518045, 0.5896922409056509, 0.6712868650594972, 0.7528814892133436, 0.83447611336719, 0.9160707375210364, 0.9976653616748827, 1.079259985828729, 1.1608546099825756, 1.242449234136422, 1.3240438582902683, 1.4056384824441146, 1.487233106597961, 1.5688277307518073, 1.6504223549056536, 1.7320169790595, 1.8136116032133462, 1.895206227367193, 1.9768008515210391]], "calibration_local_y": [[0.18173721767887333, 0.11581568661510847, 0.14610114292697424, 0.14115479555757177, 0.12883941220537978, 0.1371630522889104, 0.12891573475512141, 0.12224158557496981, 0.0960965432189934, 0.09230678261208058, 0.09826059072708118, 0.09107495589897786, 0.08847258672530918, 0.0945682467141635, 0.11724561399107554, 0.1031990660291636, 0.22690156523179641, 0.28637388853365364, 0.3360337502981008, 0.3417372105263158], [0.09292627244413254, 0.09383468694450403, 0.11951499492683226, 0.11368016672843569, 0.09857557852893042, 0.10138466139607827, 0.11017775977777693, 0.09726294934252844, 0.10136353375361443, 0.09497212156654385, 0.09192652979215372, 0.08846344934618142, 0.08920611382279185, 0.0888855674837384, 0.09471668472228477, 0.10387452928136134, 0.12302649982503921, 0.0917372105263158, 0.1542372105263158, 0.34173721052631584], [0.09202133579458409, 0.09316092153146403, 0.11951499492683226, 0.11351090197004221, 0.0984806975589566, 0.10131611783865065, 0.11017775977777693, 0.09707080572228013, 0.10136353375361443, 0.09477536304258467, 0.09169952792213794, 0.08837299991674176, 0.08878080016646897, 0.0888855674837384, 0.09471668472228477, 0.10387452928136134, 0.1212603805618357, 0.0917372105263158, 0.1542372105263158, 0.34173721052631584]], "elpd": [-719.7659014254639, -684.3184027588956, -630.5206978015441], "expected_improvement": [null, null, null], "actual_improvement": [null, null, null], "mse": [0.9785799379983376, 0.9806163749030655, 0.9806703932071399], "nmse": [0.997524406386461, 0.9996002669632549, 0.999655331015371], "y_regret_pool": [0.10392094347921743, 0.10392094347921743, 0.10392094347921743, 0.10392094347921743, 0.10392094347921743, 0.10392094347921743, 0.10392094347921743, 0.10392094347921743, 0.04917331999878671, 0.04917331999878671, 0.018315568582544017, 0.018315568582544017, 0.018315568582544017, 0.018315568582544017, 0.018315568582544017, 0.018315568582544017, 0.018315568582544017, 0.018315568582544017, 0.018315568582544017, 0.018315568582544017, 0.018315568582544017, 0.018315568582544017, 0.018315568582544017, 0.018315568582544017, 0.018315568582544017, 0.018315568582544017, 0.018315568582544017, 0.018315568582544017, 0.018315568582544017, 0.018315568582544017, 0.018315568582544017, 0.018315568582544017, 0.018315568582544017, 0.018315568582544017, 0.018315568582544017, 0.018315568582544017, 0.018315568582544017, 0.018315568582544017, 0.018315568582544017, 0.018315568582544017, 0.018315568582544017, 0.018315568582544017, 0.018315568582544017, 0.018315568582544017, 0.018315568582544017, 0.018315568582544017, 0.018315568582544017, 0.018315568582544017, 0.018315568582544017, 0.018315568582544017, 0.018315568582544017, 0.018315568582544017, 0.018315568582544017, 0.018315568582544017, 0.018315568582544017, 0.018315568582544017, 0.018315568582544017, 0.018315568582544017, 0.018315568582544017, 0.018315568582544017, 0.018315568582544017, 0.018315568582544017, 0.018315568582544017, 0.018315568582544017, 0.018315568582544017, 0.018315568582544017, 0.018315568582544017, 0.018315568582544017, 0.018315568582544017, 0.018315568582544017, 0.018315568582544017, 0.018315568582544017, 0.018315568582544017, 0.018315568582544017, 0.018315568582544017, 0.018315568582544017, 0.018315568582544017, 0.018315568582544017, 0.018315568582544017, 0.018315568582544017, 0.018315568582544017, 0.018315568582544017, 0.018315568582544017, 0.018315568582544017, 0.018315568582544017, 0.018315568582544017, 0.018315568582544017, 0.018315568582544017, 0.018315568582544017, 0.018315568582544017, 0.018315568582544017, 0.018315568582544017, 0.018315568582544017, 0.018315568582544017, 0.018315568582544017, 0.018315568582544017, 0.018315568582544017, 0.018315568582544017, 0.018315568582544017, 0.018315568582544017, 0.018315568582544017, 0.018315568582544017],