{"p_array": [0.001, 0.053526315789473686, 0.10605263157894737, 0.15857894736842104, 0.21110526315789474, 0.26363157894736844, 0.3161578947368421, 0.3686842105263158, 0.4212105263157895, 0.4737368421052632, 0.5262631578947369, 0.5787894736842105, 0.6313157894736842, 0.6838421052631579, 0.7363684210526316, 0.7888947368421053, 0.841421052631579, 0.8939473684210526, 0.9464736842105264, 0.999], "mean_sharpness": [-1.441434561243276, -0.47596376166847515], "sharpness_error_true_minus_model": [], "posterior_variance": [1.0460195503771639, 0.15888018288876668], "bias_mse": [], "bias_nmse": [], "f_calibration": [], "f_calibration_mse": [], "f_calibration_nmse": [], "y_calibration": [[0.0, 0.0, 0.0, 0.0017999999690800905, 0.20479999482631683, 0.34380000829696655, 0.41679999232292175, 0.4611999988555908, 0.49480000138282776, 0.5235999822616577, 0.5465999841690063, 0.5691999793052673, 0.5892000198364258, 0.6119999885559082, 0.6340000033378601, 0.6628000140190125, 0.6872000098228455, 0.7268000245094299, 0.9998000264167786, 1.0], [0.01080000028014183, 0.07660000026226044, 0.10199999809265137, 0.1316000074148178, 0.16339999437332153, 0.20000000298023224, 0.243599995970726, 0.287200003862381, 0.337799996137619, 0.3903999924659729, 0.4514000117778778, 0.5217999815940857, 0.5896000266075134, 0.6574000120162964, 0.7167999744415283, 0.7599999904632568, 0.8011999726295471, 0.8389999866485596, 0.8863999843597412, 0.9729999899864197]], "y_calibration_mse": [0.008006807680286838, 0.0027467738109410774], "y_calibration_nmse": [0.08727982499522373, 0.029941762946379714], "calibration_local_dist_to_nearest_train_sample": [[0.5182002032062423, 0.6872734658020533, 0.8563467283978643, 1.0254199909936754, 1.1944932535894865, 1.3635665161852975, 1.5326397787811086, 1.7017130413769197, 1.8707863039727308, 2.039859566568542, 2.208932829164353, 2.378006091760164, 2.547079354355975, 2.716152616951786, 2.8852258795475976, 3.0542991421434085, 3.2233724047392194, 3.3924456673350303, 3.561518929930841, 3.7305921925266525], [0.4515993543968795, 0.5567232166313871, 0.6618470788658948, 0.7669709411004025, 0.8720948033349103, 0.9772186655694179, 1.0823425278039256, 1.1874663900384332, 1.2925902522729409, 1.3977141145074488, 1.5028379767419564, 1.607961838976464, 1.7130857012109717, 1.8182095634454796, 1.9233334256799872, 2.028457287914495, 2.1335811501490025, 2.23870501238351, 2.343828874618018, 2.4489527368525255]], "calibration_local_y": [[0.00815133532643348, 0.008075556071879934, 0.010133001948764509, 0.01523783193285386, 0.016958658471814693, 0.010701701391310397, 0.010898747615884795, 0.008621920567064368, 0.008918285890379643, 0.007116181614062722, 0.008079559015690392, 0.00959450648974267, 0.017416187318494977, 0.021443135260713002, 0.05823055607707556, 0.08965625876525923, 0.046909617217939334, 0.12888322852630113, 0.0769608947368421, 0.24718984210526312], [0.011352477274315565, 0.006107019340605871, 0.0049526156094726725, 0.002171667551931809, 0.0013350455518824375, 0.0008404332737143632, 0.0005791027280187516, 0.00229159952311525, 0.004983937205735274, 0.016034187776361983, 0.045735015569872875, 0.05434830183339902, 0.06470995381863062, 0.11991190181082312, 0.09582188378272555, 0.16617924965455141, 0.09373404967686702, 0.2918372105263158, NaN, 0.10274247368421055]], "elpd": [-1.433834788180234, -0.8306987850692652], "expected_improvement": [null, null], "actual_improvement": [null, [[2.523440291282613]]], "mse": [1.03012052797242, 0.2700988360348216], "nmse": [1.0300642960912012, 0.27008409196822664], "y_regret_pool": [0.06509663736584193, 0.06509663736584193, 0.06509663736584193, 0.06509663736584193, 0.06509663736584193, 0.06509663736584193, 0.06509663736584193, 0.06509663736584193, 0.04917085452404568, 0.04917085452404568, 0.04917085452404568, 0.04917085452404568, 0.04917085452404568, 0.04917085452404568, 0.04917085452404568, 0.04917085452404568, 0.04917085452404568, 0.04917085452404568, 0.04917085452404568, 0.04917085452404568, 0.04917085452404568, 0.04917085452404568, 0.04917085452404568, 0.04917085452404568, 0.04917085452404568, 0.04917085452404568, 0.04917085452404568, 0.04917085452404568, 0.04917085452404568, 0.04917085452404568, 0.04917085452404568, 0.04917085452404568, 0.04917085452404568, 0.04917085452404568, 0.04917085452404568, 0.04917085452404568, 0.04917085452404568, 0.04917085452404568, 0.03165249339806997, 0.03165249339806997, 0.03165249339806997, 0.03165249339806997, 0.03165249339806997, 0.03165249339806997, 0.03165249339806997, 0.03165249339806997, 0.03165249339806997, 0.03165249339806997, 0.03165249339806997, 0.03165249339806997, 0.03165249339806997, 0.03165249339806997, 0.03165249339806997, 0.011148047989257392, 0.011148047989257392, 0.011148047989257392, 0.011148047989257392, 0.011148047989257392, 0.011148047989257392, 0.011148047989257392, 0.011148047989257392, 0.011148047989257392, 0.011148047989257392, 0.011148047989257392, 0.011148047989257392, 0.011148047989257392, 0.011148047989257392, 0.011148047989257392, 0.011148047989257392, 0.011148047989257392, 0.011148047989257392, 0.011148047989257392, 0.011148047989257392, 0.011148047989257392, 0.011148047989257392, 0.011148047989257392, 0.011148047989257392, 0.011148047989257392, 0.011148047989257392, 0.011148047989257392, 0.011148047989257392, 0.011148047989257392, 0.011148047989257392, 0.011148047989257392, 0.011148047989257392, 0.011148047989257392, 0.011148047989257392, 0.011148047989257392, 0.011148047989257392, 0.011148047989257392, 0.011148047989257392, 0.011148047989257392, 0.011148047989257392, 0.011148047989257392, 0.011148047989257392, 0.011148047989257392, 0.011148047989257392, 0.011148047989257392, 0.011148047989257392, 0.011148047989257392, 0.011148047989257392], "y_regret_test": [0.06449942050927482, 0.06449942050927482, 0.06449942050927482, 0.06449942050927482, 0.06449942050927482, 0.06449942050927482, 0.06449942050927482, 0.06449942050927482, 0.048573637667478575, 0.048573637667478575, 0.048573637667478575, 0.048573637667478575, 0.048573637667478575, 0.048573637667478575, 0.048573637667478575, 0.048573637667478575, 0.048573637667478575, 0.048573637667478575, 0.048573637667478575, 0.048573637667478575, 0.048573637667478575, 0.048573637667478575, 0.048573637667478575, 0.048573637667478575, 0.048573637667478575, 0.048573637667478575, 0.048573637667478575, 0.048573637667478575, 0.048573637667478575, 0.048573637667478575, 0.048573637667478575, 0.048573637667478575, 0.048573637667478575, 0.048573637667478575, 0.048573637667478575, 0.048573637667478575, 0.048573637667478575, 0.048573637667478575, 0.031055276541502863, 0.031055276541502863, 0.031055276541502863, 0.031055276541502863, 0.031055276541502863, 0.031055276541502863, 0.031055276541502863, 0.031055276541502863, 0.031055276541502863, 0.031055276541502863, 0.031055276541502863, 0.031055276541502863, 0.031055276541502863, 0.031055276541502863, 0.031055276541502863, 0.010550831132690286, 0.010550831132690286, 0.010550831132690286, 0.010550831132690286, 0.010550831132690286, 0.010550831132690286, 0.010550831132690286, 0.010550831132690286, 0.010550831132690286, 0.010550831132690286, 0.010550831132690286, 0.010550831132690286, 0.010550831132690286, 0.010550831132690286, 0.010550831132690286, 0.010550831132690286, 0.010550831132690286, 0.010550831132690286, 0.010550831132690286, 0.010550831132690286, 0.010550831132690286, 0.010550831132690286, 0.010550831132690286, 0.010550831132690286, 0.010550831132690286, 0.010550831132690286, 0.010550831132690286, 0.010550831132690286, 0.010550831132690286, 0.010550831132690286, 0.010550831132690286, 0.010550831132690286, 0.010550831132690286, 0.010550831132690286, 0.010550831132690286, 0.010550831132690286, 0.010550831132690286, 0.010550831132690286, 0.010550831132690286, 0.010550831132690286, 0.010550831132690286, 0.010550831132690286, 0.010550831132690286, 0.010550831132690286, 0.010550831132690286, 0.010550831132690286, 0.010550831132690286, 0.010550831132690286], "f_regret_pool": [], "f_regret_test": [],