{"p_array": [0.001, 0.053526315789473686, 0.10605263157894737, 0.15857894736842104, 0.21110526315789474, 0.26363157894736844, 0.3161578947368421, 0.3686842105263158, 0.4212105263157895, 0.4737368421052632, 0.5262631578947369, 0.5787894736842105, 0.6313157894736842, 0.6838421052631579, 0.7363684210526316, 0.7888947368421053, 0.841421052631579, 0.8939473684210526, 0.9464736842105264, 0.999], "mean_sharpness": [0.28495188327865617, 0.11400379350708649], "sharpness_error_true_minus_model": [], "posterior_variance": [0.21627186726766157, 0.16795198654697088], "bias_mse": [], "bias_nmse": [], "f_calibration": [], "f_calibration_mse": [], "f_calibration_nmse": [], "y_calibration": [[0.024399999529123306, 0.0689999982714653, 0.10700000077486038, 0.15299999713897705, 0.20059999823570251, 0.23980000615119934, 0.27379998564720154, 0.30320000648498535, 0.32739999890327454, 0.34860000014305115, 0.3725999891757965, 0.3928000032901764, 0.41659998893737793, 0.4413999915122986, 0.4934000074863434, 0.534600019454956, 0.6151999831199646, 0.6850000023841858, 0.753600001335144, 0.819599986076355], [0.01759999990463257, 0.050999999046325684, 0.09300000220537186, 0.14480000734329224, 0.20739999413490295, 0.2750000059604645, 0.3325999975204468, 0.3752000033855438, 0.4138000011444092, 0.44679999351501465, 0.4787999987602234, 0.5156000256538391, 0.5533999800682068, 0.6015999913215637, 0.6886000037193298, 0.7581999897956848, 0.8212000131607056, 0.8582000136375427, 0.896399974822998, 0.9491999745368958]], "y_calibration_mse": [0.024152194755607977, 0.0015428459565167718], "y_calibration_nmse": [0.26327587918840917, 0.01681810410045322], "calibration_local_dist_to_nearest_train_sample": [[0.48706660928289025, 0.6299368491290879, 0.7728070889752855, 0.9156773288214831, 1.0585475686676808, 1.2014178085138782, 1.344288048360076, 1.4871582882062735, 1.6300285280524713, 1.7728987678986687, 1.9157690077448666, 2.058639247591064, 2.201509487437262, 2.3443797272834592, 2.487249967129657, 2.6301202069758545, 2.772990446822052, 2.9158606866682497, 3.0587309265144476, 3.201601166360645], [0.43849853467023364, 0.5328006999037747, 0.6271028651373157, 0.7214050303708568, 0.8157071956043978, 0.9100093608379388, 1.0043115260714797, 1.0986136913050208, 1.192915856538562, 1.287218021772103, 1.381520187005644, 1.475822352239185, 1.5701245174727259, 1.6644266827062668, 1.7587288479398082, 1.8530310131733492, 1.9473331784068901, 2.041635343640431, 2.135937508873972, 2.230239674107513]], "calibration_local_y": [[0.023026687799745708, 0.006865669739677069, 0.016262055703058925, 0.004013493225103429, 0.006199539277256234, 0.013453208302872605, 0.016142030687005857, 0.020085914784544728, 0.024428231366125264, 0.028403269273340127, 0.03007797266142604, 0.023995111785452113, 0.03757058156593709, 0.032654525006871805, 0.03810768531329881, 0.08040315290077264, 0.1370667768896634, 0.14276598035722143, 0.15001155263157895, 0.23258604004359834], [0.005111953993352078, 0.0011787096714886264, 0.00190314359323602, 0.0007237277963794671, 0.0008115495166563203, 0.0007571116734565526, 0.00047777452289292496, 0.0009291763208186251, 0.001811802275065907, 0.006021041062109491, 0.006035210947959258, 0.007392140640848819, 0.026221861735158402, 0.031015765810947827, 0.05527599357968856, 0.06915012171052631, 0.051483265436806855, 0.04817142105263157, 0.1455056287110229, 0.09875299999999998]], "elpd": [-87702305215012.14, -1441992699945.392], "expected_improvement": [null, null], "actual_improvement": [null, [[0.6714802230441572]]], "mse": [0.7551059335390339, 0.20142015740163707], "nmse": [0.7636719418319426, 0.2037050907626755], "y_regret_pool": [0.02432039677103437, 0.02432039677103437, 0.02432039677103437, 0.02432039677103437, 0.02432039677103437, 0.02432039677103437, 0.02432039677103437, 0.02432039677103437, 0.02432039677103437, 0.02432039677103437, 0.02432039677103437, 0.02432039677103437, 0.02432039677103437, 0.02432039677103437, 0.02432039677103437, 0.02432039677103437, 0.02432039677103437, 0.02432039677103437, 0.02432039677103437, 0.02432039677103437, 0.02432039677103437, 0.02432039677103437, 0.02432039677103437, 0.02432039677103437, 0.02432039677103437, 0.02432039677103437, 0.02432039677103437, 0.02432039677103437, 0.02432039677103437, 0.02432039677103437, 0.02432039677103437, 0.02432039677103437, 0.02432039677103437, 0.02432039677103437, 0.02432039677103437, 0.02432039677103437, 0.02432039677103437, 0.005734077287479877, 0.005734077287479877, 0.005734077287479877, 0.005734077287479877, 0.005734077287479877, 0.005734077287479877, 0.005734077287479877, 0.005734077287479877, 0.005734077287479877, 0.005734077287479877, 0.005734077287479877, 0.005734077287479877, 0.005734077287479877, 0.005734077287479877, 0.005734077287479877, 0.005734077287479877, 0.005734077287479877, 0.005734077287479877, 0.005734077287479877, 0.005734077287479877, 0.005734077287479877, 0.005734077287479877, 0.005734077287479877, 0.005734077287479877, 0.005734077287479877, 0.005734077287479877, 0.005734077287479877, 0.005734077287479877, 0.005734077287479877, 0.005734077287479877, 0.005734077287479877, 0.005734077287479877, 0.005734077287479877, 0.005734077287479877, 0.005734077287479877, 0.005734077287479877, 0.0013840876211161923, 0.0013840876211161923, 0.0013840876211161923, 0.0013840876211161923, 0.0013840876211161923, 0.0013840876211161923, 0.0013840876211161923, 0.0013840876211161923, 0.0013840876211161923, 0.0013840876211161923, 0.0013840876211161923, 0.0013840876211161923, 0.0013840876211161923, 0.0013840876211161923, 0.0013840876211161923, 0.0013840876211161923, 0.0013840876211161923, 0.0013840876211161923, 0.0013840876211161923, 0.0013840876211161923, 0.0013840876211161923, 0.0013840876211161923, 0.0013840876211161923, 0.0013840876211161923, 0.0013840876211161923, 0.0013840876211161923, 0.0013840876211161923, 0.0013840876211161923],