{"p_array": [0.001, 0.053526315789473686, 0.10605263157894737, 0.15857894736842104, 0.21110526315789474, 0.26363157894736844, 0.3161578947368421, 0.3686842105263158, 0.4212105263157895, 0.4737368421052632, 0.5262631578947369, 0.5787894736842105, 0.6313157894736842, 0.6838421052631579, 0.7363684210526316, 0.7888947368421053, 0.841421052631579, 0.8939473684210526, 0.9464736842105264, 0.999], "mean_sharpness": [-1.3724420326677114, -0.5338197248716553], "sharpness_error_true_minus_model": [], "posterior_variance": [0.9111998776944091, 0.20856299594410915], "bias_mse": [], "bias_nmse": [], "f_calibration": [], "f_calibration_mse": [], "f_calibration_nmse": [], "y_calibration": [[0.0, 0.0, 0.27000001072883606, 0.4153999984264374, 0.47940000891685486, 0.5181999802589417, 0.5414000153541565, 0.5637999773025513, 0.5809999704360962, 0.5974000096321106, 0.6144000291824341, 0.6309999823570251, 0.6480000019073486, 0.6646000146865845, 0.6841999888420105, 0.7131999731063843, 0.7491999864578247, 0.9968000054359436, 1.0, 1.0], [0.010200000368058681, 0.07519999891519547, 0.12319999933242798, 0.16120000183582306, 0.20499999821186066, 0.25, 0.3034000098705292, 0.35899999737739563, 0.41499999165534973, 0.4722000062465668, 0.5266000032424927, 0.5727999806404114, 0.6136000156402588, 0.6448000073432922, 0.6764000058174133, 0.7077999711036682, 0.7408000230789185, 0.775600016117096, 0.8309999704360962, 0.9470000267028809]], "y_calibration_mse": [0.020183089478138357, 0.002679571084821128], "y_calibration_nmse": [0.2200098451036793, 0.02920920605115265], "calibration_local_dist_to_nearest_train_sample": [[0.500644532059779, 0.6588144097790954, 0.8169842874984119, 0.9751541652177285, 1.133324042937045, 1.2914939206563614, 1.449663798375678, 1.6078336760949945, 1.766003553814311, 1.9241734315336276, 2.082343309252944, 2.2405131869722608, 2.398683064691577, 2.5568529424108934, 2.7150228201302102, 2.8731926978495266, 3.031362575568843, 3.1895324532881597, 3.347702331007476, 3.505872208726793], [0.45944272884035325, 0.5764108033402441, 0.693378877840135, 0.8103469523400257, 0.9273150268399166, 1.0442831013398075, 1.1612511758396984, 1.278219250339589, 1.39518732483948, 1.5121553993393708, 1.6291234738392617, 1.7460915483391526, 1.8630596228390435, 1.9800276973389341, 2.096995771838825, 2.213963846338716, 2.330931920838607, 2.4478999953384974, 2.5648680698383886, 2.681836144338279]], "calibration_local_y": [[0.018317035210585586, 0.019466570180113087, 0.014618943443428196, 0.007890184381285944, 0.01617810083794441, 0.024670803854384145, 0.028385572338501468, 0.024462049388278558, 0.026754736394684443, 0.026622970997719143, 0.018731013694672012, 0.02731804412716638, 0.01438421933241718, 0.017139539226690072, 0.020581891760784312, 0.026670285598648973, 0.02125531630692363, 0.012579804663799968, 0.03275270575499612, 0.017450892689469737], [0.02323886865529296, 0.018305786127170005, 0.011967150265346619, 0.007510362397104143, 0.003283302084505296, 0.006646283542686373, 0.007732484740432298, 0.005011128584906892, 0.006623804658173138, 0.009092341904497018, 0.016086846436807148, 0.03699907531017278, 0.048563205281739234, 0.08838599402745649, 0.11812403262768471, 0.12323974135770628, 0.14657018976542235, 0.209815572647849, 0.2124336651267214, 0.2149924736842105]], "elpd": [-1.4748235842915665, -1.281547690981573], "expected_improvement": [null, null], "actual_improvement": [null, [[0.0050019160109884275]]], "mse": [1.0977799923300502, 0.579857301264774], "nmse": [1.0714887046280754, 0.5659700057773742], "y_regret_pool": [0.10303946982635881, 0.10303946982635881, 0.10303946982635881, 0.10303946982635881, 0.10303946982635881, 0.05582138268262948, 0.05582138268262948, 0.05582138268262948, 0.05582138268262948, 0.05582138268262948, 0.05582138268262948, 0.05201992651427845, 0.03901494488570867, 0.03901494488570867, 0.03901494488570867, 0.03901494488570867, 0.03421310551515999, 0.03421310551515999, 0.03421310551515999, 0.03421310551515999, 0.03421310551515999, 0.03421310551515999, 0.03421310551515999, 0.009403602100657826, 0.009403602100657826, 0.009403602100657826, 0.009403602100657826, 0.009403602100657826, 0.009403602100657826, 0.009403602100657826, 0.009403602100657826, 0.009403602100657826, 0.009403602100657826, 0.009403602100657826, 0.009403602100657826, 0.009403602100657826, 0.009403602100657826, 0.009403602100657826, 0.0060022992131856245, 0.0060022992131856245, 0.0060022992131856245, 0.0060022992131856245, 0.0060022992131856245, 0.0060022992131856245, 0.0060022992131856245, 0.0060022992131856245, 0.0060022992131856245, 0.0060022992131856245, 0.0060022992131856245, 0.0060022992131856245, 0.0060022992131856245, 0.0060022992131856245, 0.0060022992131856245, 0.0060022992131856245, 0.0060022992131856245, 0.0060022992131856245, 0.0060022992131856245, 0.0060022992131856245, 0.0060022992131856245, 0.0060022992131856245, 0.0060022992131856245, 0.0060022992131856245, 0.0060022992131856245, 0.0060022992131856245, 0.0060022992131856245, 0.0060022992131856245, 0.0060022992131856245, 0.0060022992131856245, 0.0060022992131856245, 0.0060022992131856245, 0.0060022992131856245, 0.0060022992131856245, 0.0060022992131856245, 0.0060022992131856245, 0.0060022992131856245, 0.0060022992131856245, 0.0060022992131856245, 0.0060022992131856245, 0.0060022992131856245, 0.0060022992131856245, 0.0060022992131856245, 0.0060022992131856245, 0.0060022992131856245, 0.0060022992131856245, 0.0060022992131856245, 0.0060022992131856245, 0.0060022992131856245, 0.0060022992131856245, 0.0060022992131856245, 0.0060022992131856245, 0.0060022992131856245, 0.0060022992131856245, 0.0060022992131856245, 0.0060022992131856245, 0.0060022992131856245, 0.0060022992131856245, 0.0060022992131856245, 0.0060022992131856245, 0.0060022992131856245, 0.0060022992131856245, 0.0060022992131856245],