{"p_array": [0.001, 0.053526315789473686, 0.10605263157894737, 0.15857894736842104, 0.21110526315789474, 0.26363157894736844, 0.3161578947368421, 0.3686842105263158, 0.4212105263157895, 0.4737368421052632, 0.5262631578947369, 0.5787894736842105, 0.6313157894736842, 0.6838421052631579, 0.7363684210526316, 0.7888947368421053, 0.841421052631579, 0.8939473684210526, 0.9464736842105264, 0.999], "mean_sharpness": [-0.9879900107802094, -0.6458877906535395, -0.6458877906535395], "sharpness_error_true_minus_model": [], "posterior_variance": [0.42236008582140544, 0.21493564185975458, 0.21493564185975458], "bias_mse": [], "bias_nmse": [], "f_calibration": [], "f_calibration_mse": [], "f_calibration_nmse": [], "y_calibration": [[0.0, 0.0, 0.052799999713897705, 0.23119999468326569, 0.3253999948501587, 0.38519999384880066, 0.42239999771118164, 0.45500001311302185, 0.4796000123023987, 0.49959999322891235, 0.5149999856948853, 0.5325999855995178, 0.550599992275238, 0.5666000247001648, 0.5831999778747559, 0.599399983882904, 0.6144000291824341, 0.6353999972343445, 0.6700000166893005, 1.0], [0.0007999999797903001, 0.04960000142455101, 0.08799999952316284, 0.1348000019788742, 0.1860000044107437, 0.24699999392032623, 0.3041999936103821, 0.36579999327659607, 0.42579999566078186, 0.48579999804496765, 0.545199990272522, 0.5983999967575073, 0.6539999842643738, 0.7003999948501587, 0.7429999709129333, 0.7915999889373779, 0.8295999765396118, 0.8668000102043152, 0.9178000092506409, 0.9980000257492065], [0.0007999999797903001, 0.04960000142455101, 0.08799999952316284, 0.1348000019788742, 0.1860000044107437, 0.24699999392032623, 0.3041999936103821, 0.36579999327659607, 0.42579999566078186, 0.48579999804496765, 0.545199990272522, 0.5983999967575073, 0.6539999842643738, 0.7003999948501587, 0.7429999709129333, 0.7915999889373779, 0.8295999765396118, 0.8668000102043152, 0.9178000092506409, 0.9980000257492065]], "y_calibration_mse": [0.016917390577633702, 0.0002707336689853964, 0.0002707336689853964], "y_calibration_nmse": [0.18441143436316682, 0.0029511870639203, 0.0029511870639203], "calibration_local_dist_to_nearest_train_sample": [[0.49685635761900515, 0.6476408845226915, 0.7984254114263778, 0.9492099383300642, 1.0999944652337506, 1.2507789921374368, 1.4015635190411233, 1.5523480459448096, 1.7031325728484958, 1.8539170997521823, 2.0047016266558684, 2.155486153559555, 2.3062706804632414, 2.4570552073669276, 2.6078397342706143, 2.7586242611743, 2.909408788077987, 3.0601933149816727, 3.2109778418853594, 3.3617623687890457], [0.43720701619373775, 0.5283422016721568, 0.6194773871505759, 0.7106125726289949, 0.801747758107414, 0.8928829435858331, 0.9840181290642522, 1.0751533145426713, 1.1662885000210903, 1.2574236854995093, 1.3485588709779286, 1.4396940564563474, 1.5308292419347667, 1.621964427413186, 1.7130996128916047, 1.804234798370024, 1.8953699838484428, 1.986505169326862, 2.0776403548052813, 2.1687755402837], [0.43720701619373775, 0.5283422016721568, 0.6194773871505759, 0.7106125726289949, 0.801747758107414, 0.8928829435858331, 0.9840181290642522, 1.0751533145426713, 1.1662885000210903, 1.2574236854995093, 1.3485588709779286, 1.4396940564563474, 1.5308292419347667, 1.621964427413186, 1.7130996128916047, 1.804234798370024, 1.8953699838484428, 1.986505169326862, 2.0776403548052813, 2.1687755402837]], "calibration_local_y": [[0.04710097902747195, 0.029373615671084652, 0.008323688263508591, 0.0032473999960272366, 0.007439811578897222, 0.0112169201809508, 0.012599393822715129, 0.01295555228524728, 0.014873922109585946, 0.022345562739965803, 0.024491612830511777, 0.02258464215662651, 0.026780031420732965, 0.035186955835760356, 0.03138843109518821, 0.028132834334795485, 0.045917932952766013, 0.15062676727270394, 0.11119042573456459, 0.2918372105263158], [0.007587949446187006, 0.003902064372050614, 0.003819128794091833, 0.00191546601407724, 0.0019589808350388804, 0.004067437335320267, 0.001098267723043187, 0.0007065393931384792, 0.0002133529181130341, 0.001407931305228057, 0.01228236041912877, 0.008355928538149853, 0.004780301504186573, 0.05092813744846947, 0.018259219645754783, 0.03171110800921722, 0.022483701440311345, 0.038702122129668344, NaN, 0.08367668421052629], [0.007587949446187006, 0.003902064372050614, 0.003819128794091833, 0.00191546601407724, 0.0019589808350388804, 0.004067437335320267, 0.001098267723043187, 0.0007065393931384792, 0.0002133529181130341, 0.001407931305228057, 0.01228236041912877, 0.008355928538149853, 0.004780301504186573, 0.05092813744846947, 0.018259219645754783, 0.03171110800921722, 0.022483701440311345, 0.038702122129668344, NaN, 0.08367668421052629]], "elpd": [-1.8266156979148385, -0.6856911410550602, -0.6856911410550602], "expected_improvement": [null, null, null], "actual_improvement": [null, null, null], "mse": [1.1307641202018393, 0.23962881122809118, 0.23962881122809118], "nmse": [1.1068877215813242, 0.23456898228974393, 0.23456898228974393], "y_regret_pool": [0.10695317329251108, 0.10695317329251108, 0.10695317329251108, 0.10695317329251108, 0.10695317329251108, 0.10695317329251108, 0.10695317329251108, 0.10695317329251108, 0.10695317329251108, 0.036520595758418484, 0.036520595758418484, 0.036520595758418484, 0.036520595758418484, 0.036520595758418484, 0.036520595758418484, 0.036520595758418484, 0.036520595758418484, 0.036520595758418484, 0.036520595758418484, 0.036520595758418484, 0.036520595758418484, 0.036520595758418484, 0.036520595758418484, 0.036520595758418484, 0.036520595758418484, 0.036520595758418484, 0.036520595758418484, 0.036520595758418484, 0.036520595758418484, 0.036520595758418484, 0.036520595758418484, 0.036520595758418484, 0.036520595758418484, 0.036520595758418484, 0.036520595758418484, 0.036520595758418484, 0.036520595758418484, 0.036520595758418484, 0.036520595758418484, 0.036520595758418484, 0.036520595758418484, 0.036520595758418484, 0.036520595758418484, 0.036520595758418484, 0.036520595758418484, 0.036520595758418484, 0.036520595758418484, 0.036520595758418484, 0.036520595758418484, 0.036520595758418484, 0.036520595758418484, 0.036520595758418484, 0.036520595758418484, 0.036520595758418484, 0.036520595758418484, 0.036520595758418484, 0.036520595758418484, 0.036520595758418484, 0.036520595758418484, 0.036520595758418484, 0.036520595758418484, 0.036520595758418484, 0.036520595758418484, 0.036520595758418484, 0.036520595758418484, 0.036520595758418484, 0.036520595758418484, 0.036520595758418484, 0.028293428582071734, 0.028293428582071734, 0.028293428582071734, 0.028293428582071734, 0.028293428582071734, 0.028293428582071734, 0.028293428582071734, 0.028293428582071734, 0.028293428582071734, 0.028293428582071734, 0.028293428582071734, 0.028293428582071734, 0.028293428582071734, 0.028293428582071734, 0.028293428582071734, 0.028293428582071734, 0.028293428582071734, 0.028293428582071734, 0.028293428582071734, 0.028293428582071734, 0.028293428582071734, 0.028293428582071734, 0.028293428582071734, 0.028293428582071734, 0.028293428582071734, 0.028293428582071734, 0.028293428582071734, 0.028293428582071734, 0.028293428582071734, 0.028293428582071734, 0.028293428582071734, 0.028293428582071734, 0.028293428582071734, 0.028293428582071734],