{"p_array": [0.001, 0.053526315789473686, 0.10605263157894737, 0.15857894736842104, 0.21110526315789474, 0.26363157894736844, 0.3161578947368421, 0.3686842105263158, 0.4212105263157895, 0.4737368421052632, 0.5262631578947369, 0.5787894736842105, 0.6313157894736842, 0.6838421052631579, 0.7363684210526316, 0.7888947368421053, 0.841421052631579, 0.8939473684210526, 0.9464736842105264, 0.999], "mean_sharpness": [-1.366670086622763, -0.5302906147388569], "sharpness_error_true_minus_model": [], "posterior_variance": [0.9007415655877344, 0.170920185294078], "bias_mse": [], "bias_nmse": [], "f_calibration": [], "f_calibration_mse": [], "f_calibration_nmse": [], "y_calibration": [[0.0, 0.0, 0.0, 0.0, 0.0843999981880188, 0.2526000142097473, 0.3596000075340271, 0.41620001196861267, 0.45820000767707825, 0.4903999865055084, 0.515999972820282, 0.5429999828338623, 0.5609999895095825, 0.5857999920845032, 0.6046000123023987, 0.6294000148773193, 0.65420001745224, 0.6854000091552734, 0.7419999837875366, 1.0], [0.0006000000284984708, 0.0560000017285347, 0.10520000010728836, 0.16459999978542328, 0.2223999947309494, 0.2831999957561493, 0.34139999747276306, 0.39640000462532043, 0.45239999890327454, 0.5040000081062317, 0.5590000152587891, 0.6118000149726868, 0.6646000146865845, 0.7103999853134155, 0.7555999755859375, 0.7996000051498413, 0.8428000211715698, 0.8826000094413757, 0.9269999861717224, 0.9887999892234802]], "y_calibration_mse": [0.012016287968457467, 0.00044603337468633033], "y_calibration_nmse": [0.130985975042379, 0.004862076927425005], "calibration_local_dist_to_nearest_train_sample": [[0.4987223717356208, 0.6563415065352174, 0.8139606413348139, 0.9715797761344106, 1.129198910934007, 1.2868180457336038, 1.4444371805332006, 1.602056315332797, 1.7596754501323937, 1.91729458493199, 2.074913719731587, 2.2325328545311836, 2.39015198933078, 2.5477711241303767, 2.705390258929973, 2.8630093937295698, 3.0206285285291665, 3.178247663328763, 3.3358667981283596, 3.4934859329279564], [0.4487455857780991, 0.5563879346201741, 0.6640302834622492, 0.7716726323043243, 0.8793149811463993, 0.9869573299884744, 1.0945996788305494, 1.2022420276726244, 1.3098843765146995, 1.4175267253567745, 1.5251690741988495, 1.6328114230409247, 1.7404537718829998, 1.8480961207250748, 1.9557384695671498, 2.063380818409225, 2.1710231672513, 2.278665516093375, 2.38630786493545, 2.493950213777525]], "calibration_local_y": [[0.021487527703633606, 0.013567210714439299, 0.018399875423698878, 0.013169013578689529, 0.008843081476504347, 0.01076574544610601, 0.007782477165049357, 0.010800904098349658, 0.009871968540134723, 0.01320250805024108, 0.013729690846383525, 0.011168740827355835, 0.022041845355599242, 0.04222023708177433, 0.04784607354412952, 0.1192373289199807, 0.17372988902555908, 0.28364612721491766, 0.2918372105263158, 0.2918372105263158], [0.0051910118610028425, 0.0012515178884908201, 0.0009316351915459311, 0.0009850560762125807, 0.0004337932304196504, 0.00014646902000186327, 0.0008286024461130352, 0.0022076904800300513, 0.0010516519964311787, 0.0016860982070585385, 0.0008435487357577123, 0.010301531597226804, 0.0238286526455807, 0.010345797092598263, 0.025929999408249256, 0.016760735952901635, 0.11897288584259806, 0.2918372105263158, 0.2918372105263158, 0.2918372105263158]], "elpd": [-1.483592153595358, -0.6038558853658456], "expected_improvement": [null, null], "actual_improvement": [null, [[0.28048423084365937]]], "mse": [1.1113746969010339, 0.2022116257869902], "nmse": [1.115763509725589, 0.2030101584321932], "y_regret_pool": [0.05367168130955924, 0.05367168130955924, 0.05367168130955924, 0.05367168130955924, 0.05367168130955924, 0.05367168130955924, 0.05367168130955924, 0.05367168130955924, 0.05367168130955924, 0.05367168130955924, 0.05367168130955924, 0.04929843320285454, 0.04929843320285454, 0.04929843320285454, 0.04929843320285454, 0.04929843320285454, 0.04929843320285454, 0.04929843320285454, 0.04929843320285454, 0.04929843320285454, 0.04929843320285454, 0.04929843320285454, 0.04929843320285454, 0.04929843320285454, 0.022661376552925327, 0.022661376552925327, 0.022661376552925327, 0.022661376552925327, 0.022661376552925327, 0.022661376552925327, 0.01948083247532173, 0.01948083247532173, 0.01948083247532173, 0.01948083247532173, 0.01948083247532173, 0.01948083247532173, 0.01948083247532173, 0.01948083247532173, 0.01948083247532173, 0.01948083247532173, 0.01948083247532173, 0.01948083247532173, 0.01948083247532173, 0.01948083247532173, 0.01948083247532173, 0.01948083247532173, 0.01948083247532173, 0.01948083247532173, 0.01948083247532173, 0.01948083247532173, 0.01948083247532173, 0.01948083247532173, 0.01948083247532173, 0.01948083247532173, 0.01948083247532173, 0.01948083247532173, 0.01948083247532173, 0.01948083247532173, 0.01948083247532173, 0.01948083247532173, 0.01948083247532173, 0.01948083247532173, 0.01948083247532173, 0.01948083247532173, 0.01948083247532173, 0.01948083247532173, 0.01948083247532173, 0.01948083247532173, 0.01948083247532173, 0.01948083247532173, 0.01948083247532173, 0.01948083247532173, 0.01948083247532173, 0.009740416237660865, 0.009740416237660865, 0.009740416237660865, 0.009740416237660865, 0.009740416237660865, 0.009740416237660865, 0.009740416237660865, 0.009740416237660865, 0.009740416237660865, 0.009740416237660865, 0.009740416237660865, 0.009740416237660865, 0.009740416237660865, 0.009740416237660865, 0.009740416237660865, 0.009740416237660865, 0.009740416237660865, 0.009740416237660865, 0.009740416237660865, 0.009740416237660865, 0.009740416237660865, 0.009740416237660865, 0.009740416237660865, 0.009740416237660865, 0.009740416237660865, 0.009740416237660865, 0.009740416237660865, 0.009740416237660865], "y_regret_test": [0.05565952135806129, 0.05565952135806129, 0.05565952135806129, 0.05565952135806129, 0.05565952135806129, 0.05565952135806129, 0.05565952135806129, 0.05565952135806129, 0.05565952135806129, 0.05565952135806129, 0.05565952135806129, 0.051286273251356596, 0.051286273251356596, 0.051286273251356596, 0.051286273251356596, 0.051286273251356596, 0.051286273251356596, 0.051286273251356596, 0.051286273251356596, 0.051286273251356596, 0.051286273251356596, 0.051286273251356596, 0.051286273251356596, 0.051286273251356596, 0.02464921660142738, 0.02464921660142738, 0.02464921660142738, 0.02464921660142738, 0.02464921660142738, 0.02464921660142738, 0.021468672523823784, 0.021468672523823784, 0.021468672523823784, 0.021468672523823784, 0.021468672523823784, 0.021468672523823784, 0.021468672523823784, 0.021468672523823784, 0.021468672523823784, 0.021468672523823784, 0.021468672523823784, 0.021468672523823784, 0.021468672523823784, 0.021468672523823784, 0.021468672523823784, 0.021468672523823784, 0.021468672523823784, 0.021468672523823784, 0.021468672523823784, 0.021468672523823784, 0.021468672523823784, 0.021468672523823784, 0.021468672523823784, 0.021468672523823784, 0.021468672523823784, 0.021468672523823784, 0.021468672523823784, 0.021468672523823784, 0.021468672523823784, 0.021468672523823784, 0.021468672523823784, 0.021468672523823784, 0.021468672523823784, 0.021468672523823784, 0.021468672523823784, 0.021468672523823784, 0.021468672523823784, 0.021468672523823784, 0.021468672523823784, 0.021468672523823784, 0.021468672523823784, 0.021468672523823784, 0.021468672523823784, 0.01172825628616292, 0.01172825628616292, 0.01172825628616292, 0.01172825628616292, 0.01172825628616292, 0.01172825628616292, 0.01172825628616292, 0.01172825628616292, 0.01172825628616292, 0.01172825628616292, 0.01172825628616292, 0.01172825628616292, 0.01172825628616292, 0.01172825628616292, 0.01172825628616292, 0.01172825628616292, 0.01172825628616292, 0.01172825628616292, 0.01172825628616292, 0.01172825628616292, 0.01172825628616292, 0.01172825628616292, 0.01172825628616292, 0.01172825628616292, 0.01172825628616292, 0.01172825628616292, 0.01172825628616292, 0.01172825628616292], "f_regret_pool": [], "f_regret_test": [],