{"p_array": [0.001, 0.053526315789473686, 0.10605263157894737, 0.15857894736842104, 0.21110526315789474, 0.26363157894736844, 0.3161578947368421, 0.3686842105263158, 0.4212105263157895, 0.4737368421052632, 0.5262631578947369, 0.5787894736842105, 0.6313157894736842, 0.6838421052631579, 0.7363684210526316, 0.7888947368421053, 0.841421052631579, 0.8939473684210526, 0.9464736842105264, 0.999], "mean_sharpness": [-0.8401872281822376, -0.3381574933869694, -0.3381574933869694], "sharpness_error_true_minus_model": [], "posterior_variance": [0.42759219742330495, 0.20853493616441152, 0.20853493616441152], "bias_mse": [], "bias_nmse": [], "f_calibration": [], "f_calibration_mse": [], "f_calibration_nmse": [], "y_calibration": [[0.006200000178068876, 0.05660000070929527, 0.10119999945163727, 0.17900000512599945, 0.26440000534057617, 0.34040001034736633, 0.3946000039577484, 0.43380001187324524, 0.46959999203681946, 0.49399998784065247, 0.5189999938011169, 0.5437999963760376, 0.5667999982833862, 0.5934000015258789, 0.6299999952316284, 0.6886000037193298, 0.7742000222206116, 0.8342000246047974, 0.879800021648407, 0.9508000016212463], [0.008999999612569809, 0.03240000084042549, 0.07360000163316727, 0.13420000672340393, 0.21660000085830688, 0.3131999969482422, 0.39559999108314514, 0.4544000029563904, 0.49959999322891235, 0.5350000262260437, 0.5659999847412109, 0.5953999757766724, 0.6376000046730042, 0.6944000124931335, 0.767799973487854, 0.8398000001907349, 0.8998000025749207, 0.930400013923645, 0.9557999968528748, 0.9832000136375427], [0.008999999612569809, 0.03240000084042549, 0.07360000163316727, 0.13420000672340393, 0.21660000085830688, 0.3131999969482422, 0.39559999108314514, 0.4544000029563904, 0.49959999322891235, 0.5350000262260437, 0.5659999847412109, 0.5953999757766724, 0.6376000046730042, 0.6944000124931335, 0.767799973487854, 0.8398000001907349, 0.8998000025749207, 0.930400013923645, 0.9557999968528748, 0.9832000136375427]], "y_calibration_mse": [0.003610276375053655, 0.001943003371547841, 0.001943003371547841], "y_calibration_nmse": [0.03935454712804908, 0.021180100859841053, 0.021180100859841053], "calibration_local_dist_to_nearest_train_sample": [[0.49935063497275534, 0.6550331511386791, 0.810715667304603, 0.9663981834705268, 1.1220806996364505, 1.2777632158023744, 1.433445731968298, 1.589128248134222, 1.7448107643001458, 1.9004932804660695, 2.0561757966319933, 2.2118583127979172, 2.367540828963841, 2.5232233451297645, 2.6789058612956884, 2.8345883774616123, 2.990270893627536, 3.14595340979346, 3.3016359259593835, 3.4573184421253074], [0.43705578176432475, 0.5304434447218179, 0.623831107679311, 0.7172187706368043, 0.8106064335942974, 0.9039940965517905, 0.9973817595092838, 1.090769422466777, 1.18415708542427, 1.2775447483817632, 1.3709324113392565, 1.4643200742967495, 1.5577077372542427, 1.651095400211736, 1.744483063169229, 1.8378707261267222, 1.9312583890842154, 2.0246460520417084, 2.1180337149992017, 2.211421377956695], [0.43705578176432475, 0.5304434447218179, 0.623831107679311, 0.7172187706368043, 0.8106064335942974, 0.9039940965517905, 0.9973817595092838, 1.090769422466777, 1.18415708542427, 1.2775447483817632, 1.3709324113392565, 1.4643200742967495, 1.5577077372542427, 1.651095400211736, 1.744483063169229, 1.8378707261267222, 1.9312583890842154, 2.0246460520417084, 2.1180337149992017, 2.211421377956695]], "calibration_local_y": [[0.0030026084088727867, 0.035310426466462035, 0.003942464608135837, 0.004950929404514722, 0.0018428507609597078, 0.0019593025130501393, 0.0021936284713901548, 0.0026794877794868487, 0.0025751022942894835, 0.005386050289663562, 0.006265286153982121, 0.007373553496665112, 0.009910312814695505, 0.008813851681964198, 0.021377206777299464, 0.042678056826207025, 0.05196934574760396, 0.03970962925641016, 0.07055673981254322, 0.09595911894584949], [0.00653379151845261, 0.0009125466863622473, 0.003763802353774223, 0.001746500797419659, 0.0018442964564384348, 0.004205419087764844, 0.0015356640922487728, 0.002820509850219209, 0.0033462522546417947, 0.0019553357428953233, 0.004239642244823524, 0.002909628639611064, 0.0011955481186392268, 0.004210135334299542, 0.0038785247036466535, 0.025832939635185202, 0.0205014207859165, 0.01893048418200269, 0.17365300000000003, 0.12044510526315792], [0.00653379151845261, 0.0009125466863622473, 0.003763802353774223, 0.001746500797419659, 0.0018442964564384348, 0.004205419087764844, 0.0015356640922487728, 0.002820509850219209, 0.0033462522546417947, 0.0019553357428953233, 0.004239642244823524, 0.002909628639611064, 0.0011955481186392268, 0.004210135334299542, 0.0038785247036466535, 0.025832939635185202, 0.0205014207859165, 0.01893048418200269, 0.17365300000000003, 0.12044510526315792]], "elpd": [-3.3590201360712677, -1.3387230925900457, -1.3387230925900457], "expected_improvement": [null, null, null], "actual_improvement": [null, null, null], "mse": [0.660949932078567, 0.17214553882109015, 0.17214553882109015], "nmse": [0.6546177656773029, 0.17049631526549888, 0.17049631526549888], "y_regret_pool": [0.19900914891866106, 0.19900914891866106, 0.19900914891866106, 0.19900914891866106, 0.08867141514319399, 0.08867141514319399, 0.08867141514319399, 0.08867141514319399, 0.08867141514319399, 0.08867141514319399, 0.08867141514319399, 0.08867141514319399, 0.08867141514319399, 0.08867141514319399, 0.08867141514319399, 0.08867141514319399, 0.08867141514319399, 0.08867141514319399, 0.08867141514319399, 0.08867141514319399, 0.08867141514319399, 0.08867141514319399, 0.08867141514319399, 0.08867141514319399, 0.08867141514319399, 0.08867141514319399, 0.08867141514319399, 0.08867141514319399, 0.08867141514319399, 0.08867141514319399, 0.08867141514319399, 0.08867141514319399, 0.08867141514319399, 0.08867141514319399, 0.08867141514319399, 0.08867141514319399, 0.08867141514319399, 0.08867141514319399, 0.08867141514319399, 0.08867141514319399, 0.08867141514319399, 0.08867141514319399, 0.08867141514319399, 0.03992219822057819, 0.03992219822057819, 0.03992219822057819, 0.03992219822057819, 0.03992219822057819, 0.03992219822057819, 0.03992219822057819, 0.03992219822057819, 0.03992219822057819, 0.03992219822057819, 0.03992219822057819, 0.03992219822057819, 0.01624973897420534, 0.01624973897420534, 0.01624973897420534, 0.01624973897420534, 0.01624973897420534, 0.01624973897420534, 0.01624973897420534, 0.01624973897420534, 0.01624973897420534, 0.01624973897420534, 0.01624973897420534, 0.01624973897420534, 0.01624973897420534, 0.01624973897420534, 0.01624973897420534, 0.01624973897420534, 0.01624973897420534, 0.01624973897420534, 0.01624973897420534, 0.01624973897420534, 0.01624973897420534, 0.01624973897420534, 0.01624973897420534, 0.01624973897420534, 0.01624973897420534, 0.01624973897420534, 0.01624973897420534, 0.01624973897420534, 0.01624973897420534, 0.01624973897420534, 0.01624973897420534, 0.01624973897420534, 0.01624973897420534, 0.01624973897420534, 0.01624973897420534, 0.01624973897420534, 0.01624973897420534, 0.01624973897420534, 0.01624973897420534, 0.01624973897420534, 0.01624973897420534, 0.01624973897420534, 0.01624973897420534, 0.01624973897420534, 0.01624973897420534, 0.01624973897420534, 0.01624973897420534],