{"p_array": [0.001, 0.053526315789473686, 0.10605263157894737, 0.15857894736842104, 0.21110526315789474, 0.26363157894736844, 0.3161578947368421, 0.3686842105263158, 0.4212105263157895, 0.4737368421052632, 0.5262631578947369, 0.5787894736842105, 0.6313157894736842, 0.6838421052631579, 0.7363684210526316, 0.7888947368421053, 0.841421052631579, 0.8939473684210526, 0.9464736842105264, 0.999], "mean_sharpness": [-0.7086534167286168, 0.13162805965757726], "sharpness_error_true_minus_model": [], "posterior_variance": [0.2721819333251039, 0.05294373950178017], "bias_mse": [], "bias_nmse": [], "f_calibration": [], "f_calibration_mse": [], "f_calibration_nmse": [], "y_calibration": [[0.05460000038146973, 0.24300000071525574, 0.3043999969959259, 0.34880000352859497, 0.3898000121116638, 0.4275999963283539, 0.4641999900341034, 0.501800000667572, 0.5296000242233276, 0.5559999942779541, 0.5838000178337097, 0.6046000123023987, 0.6323999762535095, 0.6650000214576721, 0.6998000144958496, 0.734000027179718, 0.770799994468689, 0.8109999895095825, 0.8465999960899353, 0.951200008392334], [0.2768000066280365, 0.4275999963283539, 0.46299999952316284, 0.5005999803543091, 0.5379999876022339, 0.5705999732017517, 0.5978000164031982, 0.6254000067710876, 0.6521999835968018, 0.6783999800682068, 0.6988000273704529, 0.7143999934196472, 0.728600025177002, 0.7411999702453613, 0.7554000020027161, 0.7689999938011169, 0.7807999849319458, 0.7947999835014343, 0.8112000226974487, 0.8691999912261963]], "y_calibration_mse": [0.013203947533509886, 0.05061340998646223], "y_calibration_nmse": [0.14393229811279462, 0.5517217026338863], "calibration_local_dist_to_nearest_train_sample": [[0.5011007174539057, 0.6606144412342715, 0.8201281650146373, 0.9796418887950029, 1.1391556125753686, 1.2986693363557342, 1.4581830601361, 1.6176967839164658, 1.7772105076968314, 1.936724231477197, 2.096237955257563, 2.2557516790379286, 2.415265402818294, 2.57477912659866, 2.734292850379026, 2.8938065741593917, 3.0533202979397576, 3.2128340217201226, 3.3723477455004884, 3.531861469280854], [0.4944332812533011, 0.6472795688330621, 0.8001258564128231, 0.9529721439925841, 1.1058184315723452, 1.258664719152106, 1.4115110067318672, 1.5643572943116282, 1.717203581891389, 1.8700498694711503, 2.022896157050911, 2.1757424446306723, 2.3285887322104335, 2.4814350197901947, 2.634281307369955, 2.787127594949716, 2.9399738825294772, 3.0928201701092384, 3.2456664576889995, 3.3985127452687607]], "calibration_local_y": [[0.00876731632898364, 0.012934297640553944, 0.00740184827106293, 0.012969263212813126, 0.02591160016316544, 0.013616092094696547, 0.028481251203364567, 0.020018045330600524, 0.02989157750543988, 0.0223460204074556, 0.02550265524300362, 0.012039628037709273, 0.008359737475899, 0.015447758672212885, 0.034152450505846914, 0.028734577588040676, 0.070300518392627, 0.08605497368421053, 0.22524334185534775, 0.07297142105263157], [0.042502595959413594, 0.029513655916487164, 0.04675641385681971, 0.0658370267749473, 0.06435330907677889, 0.06835333301830611, 0.08218591787775208, 0.09862028200414981, 0.07532659281951107, 0.07600587007806715, 0.06270997804682235, 0.05272945350991627, 0.038478497717213116, 0.022934419681025296, 0.023012541238423785, 0.010627211576185198, 0.01545449357672347, 0.041624439705408585, 0.05280936609425803, 0.29493721052631583]], "elpd": [-2.0097931748804063, -8.479191196498746], "expected_improvement": [null, null], "actual_improvement": [null, [[0.023198403907299436]]], "mse": [0.593763564387866, 0.5382547384017283], "nmse": [0.6096709969821404, 0.5526750421778642], "y_regret_pool": [0.012689725214249048, 0.012689725214249048, 0.012689725214249048, 0.012689725214249048, 0.012689725214249048, 0.012689725214249048, 0.012689725214249048, 0.012689725214249048, 0.012689725214249048, 0.008129355215378054, 0.008129355215378054, 0.008129355215378054, 0.008129355215378054, 0.008129355215378054, 0.008129355215378054, 0.008129355215378054, 0.008129355215378054, 0.008129355215378054, 0.008129355215378054, 0.008129355215378054, 0.0005948308694176951, 0.0005948308694176951, 0.0005948308694176951, 0.0005948308694176951, 0.0005948308694176951, 0.0005948308694176951, 0.0005948308694176951, 0.0005948308694176951, 0.0005948308694176951, 0.0005948308694176951, 0.0005948308694176951, 0.0005948308694176951, 0.0005948308694176951, 0.0005948308694176951, 0.0005948308694176951, 0.0005948308694176951, 0.0005948308694176951, 0.0005948308694176951, 0.0005948308694176951, 0.0005948308694176951, 0.0005948308694176951, 0.0005948308694176951, 0.0005948308694176951, 0.0005948308694176951, 0.0005948308694176951, 0.0005948308694176951, 0.0005948308694176951, 0.0005948308694176951, 0.0005948308694176951, 0.0005948308694176951, 0.0005948308694176951, 0.0005948308694176951, 0.0005948308694176951, 0.0005948308694176951, 0.0005948308694176951, 0.0005948308694176951, 0.0005948308694176951, 0.0005948308694176951, 0.0005948308694176951, 0.0005948308694176951, 0.0005948308694176951, 0.0005948308694176951, 0.0005948308694176951, 0.0005948308694176951, 0.0005948308694176951, 0.0005948308694176951, 0.0005948308694176951, 0.0005948308694176951, 0.0005948308694176951, 0.0005948308694176951, 0.0005948308694176951, 0.0005948308694176951, 0.0005948308694176951, 0.0005948308694176951, 0.0005948308694176951, 0.0005948308694176951, 0.0005948308694176951, 0.0005948308694176951, 0.0005948308694176951, 0.0005948308694176951, 0.0005948308694176951, 0.0005948308694176951, 0.0005948308694176951, 0.0005948308694176951, 0.0005948308694176951, 0.0005948308694176951, 0.0005948308694176951, 0.0005948308694176951, 0.0005948308694176951, 0.0005948308694176951, 0.0005948308694176951, 0.0005948308694176951, 0.0005948308694176951, 0.0005948308694176951, 0.0005948308694176951, 0.0005948308694176951, 0.0005948308694176951, 0.0005948308694176951, 0.0005948308694176951, 0.0005948308694176951, 0.0005948308694176951],