{"p_array": [0.001, 0.053526315789473686, 0.10605263157894737, 0.15857894736842104, 0.21110526315789474, 0.26363157894736844, 0.3161578947368421, 0.3686842105263158, 0.4212105263157895, 0.4737368421052632, 0.5262631578947369, 0.5787894736842105, 0.6313157894736842, 0.6838421052631579, 0.7363684210526316, 0.7888947368421053, 0.841421052631579, 0.8939473684210526, 0.9464736842105264, 0.999], "mean_sharpness": [0.9268681298252551, 1.0104799179448527], "sharpness_error_true_minus_model": [], "posterior_variance": [0.010573264968545259, 0.008212342783026075], "bias_mse": [], "bias_nmse": [], "f_calibration": [], "f_calibration_mse": [], "f_calibration_nmse": [], "y_calibration": [[0.5364000201225281, 0.5604000091552734, 0.5667999982833862, 0.5712000131607056, 0.5741999745368958, 0.5781999826431274, 0.58160001039505, 0.5842000246047974, 0.5863999724388123, 0.5881999731063843, 0.5902000069618225, 0.5920000076293945, 0.5942000150680542, 0.5971999764442444, 0.6000000238418579, 0.6021999716758728, 0.6055999994277954, 0.6104000210762024, 0.6151999831199646, 0.6431999802589417], [0.5407999753952026, 0.5630000233650208, 0.5673999786376953, 0.5716000199317932, 0.5766000151634216, 0.579200029373169, 0.58160001039505, 0.5852000117301941, 0.5870000123977661, 0.5885999798774719, 0.590399980545044, 0.5911999940872192, 0.5934000015258789, 0.5953999757766724, 0.5979999899864197, 0.6003999710083008, 0.602400004863739, 0.6050000190734863, 0.6101999878883362, 0.6327999830245972]], "y_calibration_mse": [0.08765750681968634, 0.08907853849247925], "y_calibration_nmse": [0.9555283653904089, 0.971018608277021], "calibration_local_dist_to_nearest_train_sample": [[0.5011007174539057, 0.6606144412342715, 0.8201281650146373, 0.9796418887950029, 1.1391556125753686, 1.2986693363557342, 1.4581830601361, 1.6176967839164658, 1.7772105076968314, 1.936724231477197, 2.096237955257563, 2.2557516790379286, 2.415265402818294, 2.57477912659866, 2.734292850379026, 2.8938065741593917, 3.0533202979397576, 3.2128340217201226, 3.3723477455004884, 3.531861469280854], [0.43787450435970976, 0.5341620150458795, 0.6304495257320493, 0.7267370364182189, 0.8230245471043887, 0.9193120577905584, 1.015599568476728, 1.1118870791628979, 1.2081745898490674, 1.304462100535237, 1.4007496112214068, 1.4970371219075767, 1.5933246325937462, 1.689612143279916, 1.7858996539660856, 1.8821871646522554, 1.9784746753384252, 2.0747621860245946, 2.1710496967107646, 2.2673372073969342]], "calibration_local_y": [[0.08079636827199724, 0.0915191631006359, 0.10255910043657472, 0.0965977391226331, 0.11402753963151943, 0.09863148318247814, 0.129082443357512, 0.11108217617021901, 0.10981411675584199, 0.10717632993589385, 0.10246282336866293, 0.07578541179330148, 0.08120886263588094, 0.08919360662465763, 0.12761998931732693, 0.11121560317903043, 0.14988385061652915, 0.15223217351973684, 0.3417372105263158, 0.2300187894736842], [0.06878944675923297, 0.0775631083456358, 0.07684633248463156, 0.08538556208771166, 0.08488069266542243, 0.08858846078096899, 0.08171857381414031, 0.08792210428371988, 0.08585955053036605, 0.08918160427463481, 0.09817875344698364, 0.10017651719005279, 0.09226389745465197, 0.10050958701739054, 0.10090340841783166, 0.08625467712971031, 0.10678975254960854, 0.0716065490876849, 0.06860205055563715, 0.10645007150910253]], "next_sample_train_distance": [[1.1076705652658836]], "elpd": [-63.94977897776377, -65.89253573253981], "expected_improvement": [null, null], "actual_improvement": [null, [[2.5968332989222187]]], "mse": [0.8821579363398574, 0.926953641673747], "nmse": [0.9057917002679244, 0.9517875207753452], "y_regret_pool": [0.012689725214249048, 0.012689725214249048], "y_regret_test": [0.014870771735448374, 0.014870771735448374], "f_regret_pool": [], "f_regret_test": [], "x_y_opt_dist_pool": [2.0375985141651194, 2.0375985141651194], "x_f_opt_dist_pool": [], "x_y_opt_dist_test": [1.2513792127339995, 1.2513792127339995], "x_f_opt_dist_test": [], "uct_calibration": [0.5377352041671379, 0.5421874054950384], "uct_sharpness": [0.10965592714165456, 0.0931763889356571]}