{"p_array": [0.001, 0.053526315789473686, 0.10605263157894737, 0.15857894736842104, 0.21110526315789474, 0.26363157894736844, 0.3161578947368421, 0.3686842105263158, 0.4212105263157895, 0.4737368421052632, 0.5262631578947369, 0.5787894736842105, 0.6313157894736842, 0.6838421052631579, 0.7363684210526316, 0.7888947368421053, 0.841421052631579, 0.8939473684210526, 0.9464736842105264, 0.999], "mean_sharpness": [0.24342228405410946, -0.03171483920860572, -0.03171483920860572], "sharpness_error_true_minus_model": [], "posterior_variance": [0.04140878448786636, 0.06531745879402127, 0.06531745879402127], "bias_mse": [], "bias_nmse": [], "f_calibration": [], "f_calibration_mse": [], "f_calibration_nmse": [], "y_calibration": [[0.20280000567436218, 0.30979999899864197, 0.3458000123500824, 0.3675999939441681, 0.38679999113082886, 0.4018000066280365, 0.4163999855518341, 0.4291999936103821, 0.44200000166893005, 0.4564000070095062, 0.4715999960899353, 0.48980000615119934, 0.5034000277519226, 0.5180000066757202, 0.5361999869346619, 0.551800012588501, 0.5680000185966492, 0.5950000286102295, 0.6222000122070312, 0.723800003528595], [0.015200000256299973, 0.09780000150203705, 0.14659999310970306, 0.19200000166893005, 0.23980000615119934, 0.2897999882698059, 0.3402000069618225, 0.39079999923706055, 0.444599986076355, 0.5062000155448914, 0.5776000022888184, 0.6402000188827515, 0.6962000131607056, 0.7473999857902527, 0.7851999998092651, 0.8087999820709229, 0.8306000232696533, 0.8529999852180481, 0.8885999917984009, 0.9405999779701233], [0.015200000256299973, 0.09780000150203705, 0.14659999310970306, 0.19200000166893005, 0.23980000615119934, 0.2897999882698059, 0.3402000069618225, 0.39079999923706055, 0.444599986076355, 0.5062000155448914, 0.5776000022888184, 0.6402000188827515, 0.6962000131607056, 0.7473999857902527, 0.7851999998092651, 0.8087999820709229, 0.8306000232696533, 0.8529999852180481, 0.8885999917984009, 0.9405999779701233]], "y_calibration_mse": [0.038402108556572265, 0.0017544914600868197, 0.0017544914600868197], "y_calibration_nmse": [0.41860994395023826, 0.019125188677756068, 0.019125188677756068], "calibration_local_dist_to_nearest_train_sample": [[0.4869501588052503, 0.6286464202047508, 0.7703426816042513, 0.9120389430037519, 1.0537352044032524, 1.195431465802753, 1.3371277272022535, 1.478823988601754, 1.6205202500012545, 1.762216511400755, 1.9039127728002556, 2.045609034199756, 2.1873052955992565, 2.329001556998757, 2.4706978183982575, 2.6123940797977583, 2.754090341197259, 2.8957866025967594, 3.0374828639962597, 3.1791791253957604], [0.4442930040112267, 0.5433321106167038, 0.6423712172221809, 0.7414103238276581, 0.8404494304331354, 0.9394885370386125, 1.0385276436440896, 1.1375667502495668, 1.236605856855044, 1.335644963460521, 1.4346840700659982, 1.5337231766714754, 1.6327622832769526, 1.7318013898824296, 1.8308404964879068, 1.929879603093384, 2.0289187096988615, 2.1279578163043382, 2.2269969229098154, 2.3260360295152926], [0.4442930040112267, 0.5433321106167038, 0.6423712172221809, 0.7414103238276581, 0.8404494304331354, 0.9394885370386125, 1.0385276436440896, 1.1375667502495668, 1.236605856855044, 1.335644963460521, 1.4346840700659982, 1.5337231766714754, 1.6327622832769526, 1.7318013898824296, 1.8308404964879068, 1.929879603093384, 2.0289187096988615, 2.1279578163043382, 2.2269969229098154, 2.3260360295152926]], "calibration_local_y": [[0.09873165141252863, 0.03489762420564352, 0.03952585691013081, 0.045964604581924924, 0.04039596283306451, 0.03994455859193659, 0.038987556876531375, 0.044665737754948316, 0.04114749917531377, 0.03365690999427583, 0.03691716061331648, 0.046955078562305116, 0.03826832843632907, 0.0478281017015985, 0.06343559375555312, 0.06793317229552054, 0.0977489057195539, 0.11468299639479743, 0.2968883184415082, 0.3159855445898814], [0.004302372128127668, 0.0018699254406918209, 0.001038195116376557, 0.002604410801140944, 0.0011142665969427294, 0.0013118890487473214, 0.0017070735213089432, 0.0036601065152763817, 0.0017149269942330493, 0.004896650891759534, 0.004312190309536798, 0.0050450302487413615, 0.008135775928266292, 0.030789424109864582, 0.05091931484157185, 0.19294107566976346, 0.12728457894736844, 0.20779510526315786, 0.2918372105263158, 0.2973594330786815], [0.004302372128127668, 0.0018699254406918209, 0.001038195116376557, 0.002604410801140944, 0.0011142665969427294, 0.0013118890487473214, 0.0017070735213089432, 0.0036601065152763817, 0.0017149269942330493, 0.004896650891759534, 0.004312190309536798, 0.0050450302487413615, 0.008135775928266292, 0.030789424109864582, 0.05091931484157185, 0.19294107566976346, 0.12728457894736844, 0.20779510526315786, 0.2918372105263158, 0.2973594330786815]], "elpd": [-13.939720759106546, -1.3874894775186002, -1.3874894775186002], "expected_improvement": [null, null, null], "actual_improvement": [null, null, null], "mse": [0.9389035186871897, 0.2658603630892754, 0.2658603630892754], "nmse": [0.9486460673315142, 0.2686190677574789, 0.2686190677574789], "y_regret_pool": [0.13975357454785997, 0.13975357454785997, 0.13975357454785997, 0.13975357454785997, 0.13975357454785997, 0.13975357454785997, 0.13975357454785997, 0.13975357454785997, 0.13975357454785997, 0.13975357454785997, 0.13975357454785997, 0.13975357454785997, 0.13975357454785997, 0.13975357454785997, 0.033445299891795566, 0.033445299891795566, 0.033445299891795566, 0.033445299891795566, 0.033445299891795566, 0.033445299891795566, 0.033445299891795566, 0.033445299891795566, 0.033445299891795566, 0.033445299891795566, 0.033445299891795566, 0.033445299891795566, 0.033445299891795566, 0.033445299891795566, 0.033445299891795566, 0.033445299891795566, 0.033445299891795566, 0.033445299891795566, 0.033445299891795566, 0.033445299891795566, 0.033445299891795566, 0.033445299891795566, 0.033445299891795566, 0.033445299891795566, 0.033445299891795566, 0.033445299891795566, 0.033445299891795566, 0.033445299891795566, 0.033445299891795566, 0.033445299891795566, 0.033445299891795566, 0.033445299891795566, 0.033445299891795566, 0.033445299891795566, 0.033445299891795566, 0.033445299891795566, 0.033445299891795566, 0.033445299891795566, 0.033445299891795566, 0.033445299891795566, 0.033445299891795566, 0.033445299891795566, 0.033445299891795566, 0.033445299891795566, 0.028866479073275997, 0.028866479073275997, 0.028866479073275997, 0.028866479073275997, 0.028866479073275997, 0.028866479073275997, 0.028866479073275997, 0.028866479073275997, 0.028866479073275997, 0.028866479073275997, 0.028866479073275997, 0.028866479073275997, 0.028866479073275997, 0.028866479073275997, 0.028866479073275997, 0.028866479073275997, 0.028866479073275997, 0.028866479073275997, 0.028866479073275997, 0.028866479073275997, 0.028866479073275997, 0.028866479073275997, 0.028866479073275997, 0.028866479073275997, 0.028866479073275997, 0.028866479073275997, 0.028866479073275997, 0.028866479073275997, 0.028866479073275997, 0.028866479073275997, 0.028866479073275997, 0.028866479073275997, 0.028866479073275997, 0.028866479073275997, 0.028866479073275997, 0.028866479073275997, 0.028866479073275997, 0.028866479073275997, 0.028866479073275997, 0.028866479073275997, 0.028866479073275997, 0.028866479073275997, 0.028866479073275997, 0.028866479073275997],