{"p_array": [0.001, 0.053526315789473686, 0.10605263157894737, 0.15857894736842104, 0.21110526315789474, 0.26363157894736844, 0.3161578947368421, 0.3686842105263158, 0.4212105263157895, 0.4737368421052632, 0.5262631578947369, 0.5787894736842105, 0.6313157894736842, 0.6838421052631579, 0.7363684210526316, 0.7888947368421053, 0.841421052631579, 0.8939473684210526, 0.9464736842105264, 0.999], "mean_sharpness": [0.7755962207029268, 1.2510187949607599, 1.2063280265194982], "sharpness_error_true_minus_model": [], "posterior_variance": [0.01324076638365902, 0.005008514143067955, 0.005430302428847157], "bias_mse": [], "bias_nmse": [], "f_calibration": [], "f_calibration_mse": [], "f_calibration_nmse": [], "y_calibration": [[0.42500001192092896, 0.49959999322891235, 0.5091999769210815, 0.5188000202178955, 0.5249999761581421, 0.5297999978065491, 0.5333999991416931, 0.5364000201225281, 0.5400000214576721, 0.5429999828338623, 0.545799970626831, 0.5472000241279602, 0.5501999855041504, 0.5526000261306763, 0.5555999875068665, 0.5583999752998352, 0.5616000294685364, 0.5658000111579895, 0.5717999935150146, 0.5947999954223633], [0.545799970626831, 0.5623999834060669, 0.5669999718666077, 0.5687999725341797, 0.5702000260353088, 0.5716000199317932, 0.5723999738693237, 0.5735999941825867, 0.5753999948501587, 0.5770000219345093, 0.5777999758720398, 0.579200029373169, 0.5812000036239624, 0.5825999975204468, 0.5834000110626221, 0.5857999920845032, 0.5879999995231628, 0.5906000137329102, 0.5953999757766724, 0.6096000075340271], [0.5450000166893005, 0.5631999969482422, 0.5662000179290771, 0.5694000124931335, 0.5699999928474426, 0.5716000199317932, 0.5727999806404114, 0.5735999941825867, 0.5752000212669373, 0.5766000151634216, 0.578000009059906, 0.5794000029563904, 0.5812000036239624, 0.5824000239372253, 0.5842000246047974, 0.5861999988555908, 0.5884000062942505, 0.590399980545044, 0.5952000021934509, 0.6110000014305115]], "y_calibration_mse": [0.07676893595439013, 0.09067932269834074, 0.09059147362768896], "y_calibration_nmse": [0.8368352985004721, 0.9884682799716088, 0.9875106634259588], "calibration_local_dist_to_nearest_train_sample": [[0.5126890179875845, 0.6811993323671673, 0.8497096467467502, 1.018219961126333, 1.1867302755059157, 1.3552405898854987, 1.5237509042650814, 1.6922612186446642, 1.860771533024247, 2.02928184740383, 2.1977921617834126, 2.3663024761629954, 2.5348127905425786, 2.703323104922161, 2.871833419301744, 3.0403437336813264, 3.2088540480609096, 3.377364362440492, 3.545874676820075, 3.7143849911996574], [0.42333907731481113, 0.5024994510216207, 0.5816598247284303, 0.6608201984352399, 0.7399805721420495, 0.819140945848859, 0.8983013195556686, 0.9774616932624782, 1.0566220669692878, 1.1357824406760975, 1.214942814382907, 1.2941031880897165, 1.373263561796526, 1.4524239355033357, 1.5315843092101453, 1.610744682916955, 1.6899050566237646, 1.7690654303305742, 1.8482258040373838, 1.9273861777441934], [0.42333907731481113, 0.5024994510216207, 0.5816598247284303, 0.6608201984352399, 0.7399805721420495, 0.819140945848859, 0.8983013195556686, 0.9774616932624782, 1.0566220669692878, 1.1357824406760975, 1.214942814382907, 1.2941031880897165, 1.373263561796526, 1.4524239355033357, 1.5315843092101453, 1.610744682916955, 1.6899050566237646, 1.7690654303305742, 1.8482258040373838, 1.9273861777441934]], "calibration_local_y": [[0.21469531000203843, 0.25717113322368423, 0.21666549154802278, 0.17701586281137674, 0.13919533542035978, 0.12068355845300387, 0.09424442443916245, 0.07432194637296453, 0.07640167550082483, 0.08214622698029699, 0.08867741002038024, 0.09533206379589336, 0.11929715186831827, 0.12454982750482979, 0.10379549568934499, 0.14245974080741106, 0.16618097821928798, 0.3417372105263158, 0.3417372105263158, 0.3417372105263158], [0.0967624565374132, 0.11385707496534936, NaN, 0.10035980036720074, 0.09195929396309942, 0.09530591638828238, 0.11083960514645394, 0.09642546729979388, 0.0884649641954264, 0.09265175995827622, 0.08735132399426751, 0.088317845199361, 0.08533554835465741, 0.08238621777668645, 0.09414714058204277, 0.1217132467778034, 0.12695803847112402, 0.14783138889383554, 0.14339009939379654, 0.3417372105263158], [0.0967624565374132, 0.11411909394387884, NaN, 0.10063772431995106, 0.09268245304086353, 0.09568831524133711, 0.11066596239874829, 0.09636192421744942, 0.08806094391863103, 0.09319201362142569, 0.08687315475238715, 0.0878269602729437, 0.0846969932395466, 0.0826577231994036, 0.09411591974339484, 0.1212826817154909, 0.12717197595164226, 0.14783138889383554, 0.14339009939379654, 0.3417372105263158]], "elpd": [-41.57870298047849, -107.85148590044106, -96.1210469213305], "expected_improvement": [null, null, null], "actual_improvement": [null, null, null], "mse": [0.9679857122588841, 0.9932946817275695, 0.9924024462831167], "nmse": [0.9667410016911631, 0.9920174269380104, 0.9911263387985979], "y_regret_pool": [0.06281707535941616, 0.06281707535941616, 0.06281707535941616, 0.06281707535941616, 0.06281707535941616, 0.02592450729118756, 0.02592450729118756, 0.02592450729118756, 0.02592450729118756, 0.02592450729118756, 0.02592450729118756, 0.02592450729118756, 0.02592450729118756, 0.02592450729118756, 0.02592450729118756, 0.02592450729118756, 0.02592450729118756, 0.02592450729118756, 0.02592450729118756, 0.02592450729118756, 0.02592450729118756, 0.02592450729118756, 0.02592450729118756, 0.02592450729118756, 0.02592450729118756, 0.02592450729118756, 0.02592450729118756, 0.02592450729118756, 0.02592450729118756, 0.02592450729118756, 0.02592450729118756, 0.02592450729118756, 0.02592450729118756, 0.019941928685528687, 0.019941928685528687, 0.019941928685528687, 0.019941928685528687, 0.00638141717936902, 0.00638141717936902, 0.00638141717936902, 0.00638141717936902, 0.00638141717936902, 0.00638141717936902, 0.00638141717936902, 0.00638141717936902, 0.00638141717936902, 0.00638141717936902, 0.00638141717936902, 0.00638141717936902, 0.00638141717936902, 0.00638141717936902, 0.00638141717936902, 0.00638141717936902, 0.00638141717936902, 0.00638141717936902, 0.00638141717936902, 0.00638141717936902, 0.00638141717936902, 0.00638141717936902, 0.00638141717936902, 0.00638141717936902, 0.00638141717936902, 0.00638141717936902, 0.00638141717936902, 0.00638141717936902, 0.00638141717936902, 0.00638141717936902, 0.00638141717936902, 0.00638141717936902, 0.00638141717936902, 0.00638141717936902, 0.00638141717936902, 0.00638141717936902, 0.00638141717936902, 0.00638141717936902, 0.00638141717936902, 0.00638141717936902, 0.00638141717936902, 0.00638141717936902, 0.00638141717936902, 0.00638141717936902, 0.00638141717936902, 0.00638141717936902, 0.00638141717936902, 0.00638141717936902, 0.00638141717936902, 0.00638141717936902, 0.00638141717936902, 0.00638141717936902, 0.00638141717936902, 0.00638141717936902, 0.00638141717936902, 0.00638141717936902, 0.00638141717936902, 0.00638141717936902, 0.00638141717936902, 0.00638141717936902, 0.00638141717936902, 0.00638141717936902, 0.00638141717936902, 0.00638141717936902, 0.00638141717936902],