{"p_array": [0.001, 0.053526315789473686, 0.10605263157894737, 0.15857894736842104, 0.21110526315789474, 0.26363157894736844, 0.3161578947368421, 0.3686842105263158, 0.4212105263157895, 0.4737368421052632, 0.5262631578947369, 0.5787894736842105, 0.6313157894736842, 0.6838421052631579, 0.7363684210526316, 0.7888947368421053, 0.841421052631579, 0.8939473684210526, 0.9464736842105264, 0.999], "mean_sharpness": [0.44733396550531324, -0.7846555976589435], "sharpness_error_true_minus_model": [], "posterior_variance": [0.2404236882426712, 0.32656001851603833], "bias_mse": [], "bias_nmse": [], "f_calibration": [], "f_calibration_mse": [], "f_calibration_nmse": [], "y_calibration": [[0.0706000030040741, 0.07079999893903732, 0.08919999748468399, 0.11599999666213989, 0.13099999725818634, 0.1526000052690506, 0.20980000495910645, 0.26420000195503235, 0.313400000333786, 0.3617999851703644, 0.4059999883174896, 0.4410000145435333, 0.4715999960899353, 0.5, 0.5281999707221985, 0.5626000165939331, 0.7296000123023987, 0.7423999905586243, 0.7572000026702881, 0.7900000214576721], [0.0, 0.007000000216066837, 0.017999999225139618, 0.027799999341368675, 0.041999999433755875, 0.09179999679327011, 0.19920000433921814, 0.2964000105857849, 0.3723999857902527, 0.4300000071525574, 0.4715999960899353, 0.5034000277519226, 0.5361999869346619, 0.5651999711990356, 0.6245999932289124, 0.7422000169754028, 0.7770000100135803, 0.8370000123977661, 0.8838000297546387, 0.9521999955177307]], "y_calibration_mse": [0.018732099833236242, 0.008416139648047858], "y_calibration_nmse": [0.20419303928870544, 0.09174183082047822], "calibration_local_dist_to_nearest_train_sample": [[0.4987223717356208, 0.6563415065352174, 0.8139606413348139, 0.9715797761344106, 1.129198910934007, 1.2868180457336038, 1.4444371805332006, 1.602056315332797, 1.7596754501323937, 1.91729458493199, 2.074913719731587, 2.2325328545311836, 2.39015198933078, 2.5477711241303767, 2.705390258929973, 2.8630093937295698, 3.0206285285291665, 3.178247663328763, 3.3358667981283596, 3.4934859329279564], [0.46219666499422934, 0.5832900930524346, 0.7043835211106398, 0.8254769491688452, 0.9465703772270504, 1.0676638052852556, 1.1887572333434608, 1.3098506614016663, 1.4309440894598715, 1.5520375175180767, 1.673130945576282, 1.7942243736344872, 1.9153178016926924, 2.0364112297508976, 2.157504657809103, 2.2785980858673085, 2.3996915139255135, 2.520784941983719, 2.641878370041924, 2.7629717981001294]], "calibration_local_y": [[0.011461210950376256, 0.00791457927285703, 0.0047242603777871055, 0.004951395581548167, 0.0051886288167850405, 0.012780649914064782, 0.010852967604570931, 0.009389288773367624, 0.01206300036705279, 0.019083580055107498, 0.02631837343828431, 0.021728389899085924, 0.04249693543476278, 0.08071532091752934, 0.06528957731408264, 0.12310445138176829, 0.2007039783316181, 0.30992790123263025, 0.3417372105263158, 0.3417372105263158], [0.04998027440957094, 0.050741108383862046, 0.041286697830442476, 0.03574830316672274, 0.01967869132983694, 0.006008919144870112, 0.005311546113610345, 0.016660393349352348, 0.031486247677936605, 0.05359098804779723, 0.0729993816743082, 0.09300751073231647, 0.14161490654318784, 0.1523960750589443, 0.16690354380461242, 0.1775092097944633, 0.20558089575944266, 0.16530300134869236, 0.17277853438533672, 0.17371089473684212]], "elpd": [-24471.975329088305, -1.2959287229482124], "expected_improvement": [null, null], "actual_improvement": [null, [[0.17552627628274364]]], "mse": [0.7332478020547293, 0.366585118919282], "nmse": [0.7361433937630953, 0.36803276162312454], "y_regret_pool": [0.05367168130955924, 0.05367168130955924, 0.05367168130955924, 0.05367168130955924, 0.05367168130955924, 0.04591910512040087, 0.04591910512040087, 0.04591910512040087, 0.015505152378317177, 0.015505152378317177, 0.015505152378317177, 0.015505152378317177, 0.005963520145506829, 0.005963520145506829, 0.005963520145506829, 0.005963520145506829, 0.005963520145506829, 0.00556595213580624, 0.00556595213580624, 0.00556595213580624, 0.00556595213580624, 0.00556595213580624, 0.00556595213580624, 0.00556595213580624, 0.00556595213580624, 0.00556595213580624, 0.00556595213580624, 0.00556595213580624, 0.00556595213580624, 0.00556595213580624, 0.00556595213580624, 0.00556595213580624, 0.00556595213580624, 0.00556595213580624, 0.00556595213580624, 0.00556595213580624, 0.00556595213580624, 0.00556595213580624, 0.00556595213580624, 0.00556595213580624, 0.00556595213580624, 0.00556595213580624, 0.00556595213580624, 0.00556595213580624, 0.00556595213580624, 0.00556595213580624, 0.00556595213580624, 0.00556595213580624, 0.00556595213580624, 0.00556595213580624, 0.00556595213580624, 0.00556595213580624, 0.00556595213580624, 0.00556595213580624, 0.00556595213580624, 0.00556595213580624, 0.00556595213580624, 0.00556595213580624, 0.00556595213580624, 0.00556595213580624, 0.00556595213580624, 0.00556595213580624, 0.00556595213580624, 0.00556595213580624, 0.00556595213580624, 0.00556595213580624, 0.00556595213580624, 0.00556595213580624, 0.00556595213580624, 0.00556595213580624, 0.00556595213580624, 0.00556595213580624, 0.00556595213580624, 0.00556595213580624, 0.00556595213580624, 0.00556595213580624, 0.00556595213580624, 0.00556595213580624, 0.00556595213580624, 0.00556595213580624, 0.00556595213580624, 0.00556595213580624, 0.00556595213580624, 0.00556595213580624, 0.00556595213580624, 0.00556595213580624, 0.00556595213580624, 0.00556595213580624, 0.00556595213580624, 0.00556595213580624, 0.00556595213580624, 0.00556595213580624, 0.00556595213580624, 0.00556595213580624, 0.00556595213580624, 0.00556595213580624, 0.00556595213580624, 0.00556595213580624, 0.00556595213580624, 0.001789056043652204, 0.001789056043652204],