{"p_array": [0.001, 0.053526315789473686, 0.10605263157894737, 0.15857894736842104, 0.21110526315789474, 0.26363157894736844, 0.3161578947368421, 0.3686842105263158, 0.4212105263157895, 0.4737368421052632, 0.5262631578947369, 0.5787894736842105, 0.6313157894736842, 0.6838421052631579, 0.7363684210526316, 0.7888947368421053, 0.841421052631579, 0.8939473684210526, 0.9464736842105264, 0.999], "mean_sharpness": [-0.11641394633664802, -0.13112428365549694], "sharpness_error_true_minus_model": [], "posterior_variance": [0.08295287477364374, 0.08929552581399723], "bias_mse": [], "bias_nmse": [], "f_calibration": [], "f_calibration_mse": [], "f_calibration_nmse": [], "y_calibration": [[0.07559999823570251, 0.22220000624656677, 0.27239999175071716, 0.30559998750686646, 0.3352000117301941, 0.3547999858856201, 0.3758000135421753, 0.3921999931335449, 0.412200003862381, 0.4336000084877014, 0.4514000117778778, 0.4713999927043915, 0.4909999966621399, 0.5127999782562256, 0.5406000018119812, 0.5658000111579895, 0.600600004196167, 0.6417999863624573, 0.7016000151634216, 0.847000002861023], [0.10620000213384628, 0.33739998936653137, 0.42800000309944153, 0.4837999939918518, 0.5311999917030334, 0.5659999847412109, 0.5960000157356262, 0.6254000067710876, 0.651199996471405, 0.6758000254631042, 0.696399986743927, 0.7152000069618225, 0.7394000291824341, 0.7621999979019165, 0.7861999869346619, 0.807200014591217, 0.8330000042915344, 0.8611999750137329, 0.8966000080108643, 0.967199981212616]], "y_calibration_mse": [0.0235816881888481, 0.04028667322619882], "y_calibration_nmse": [0.25705695707941156, 0.4391530219315112], "calibration_local_dist_to_nearest_train_sample": [[0.49433791044584213, 0.6416179168603461, 0.7888979232748501, 0.936177929689354, 1.0834579361038579, 1.230737942518362, 1.3780179489328659, 1.5252979553473698, 1.6725779617618737, 1.8198579681763776, 1.9671379745908817, 2.114417981005386, 2.2616979874198897, 2.4089779938343936, 2.5562580002488975, 2.7035380066634014, 2.8508180130779053, 2.998098019492409, 3.145378025906913, 3.2926580323214174], [0.4678198218296798, 0.593431139443793, 0.7190424570579061, 0.8446537746720193, 0.9702650922861324, 1.0958764099002456, 1.2214877275143587, 1.347099045128472, 1.472710362742585, 1.5983216803566982, 1.7239329979708113, 1.8495443155849245, 1.9751556331990376, 2.1007669508131506, 2.226378268427264, 2.351989586041377, 2.47760090365549, 2.603212221269603, 2.7288235388837165, 2.8544348564978295]], "calibration_local_y": [[0.025238920376669177, 0.027577208550586728, 0.029000096457159546, 0.02629409025442688, 0.024743274680584872, 0.030195506420449957, 0.03188430914020439, 0.030608626464852174, 0.023253031785065867, 0.025287665556690965, 0.019689681864414516, 0.020171240317402146, 0.027570600483855512, 0.030508000095512355, 0.04472799489765291, 0.11064653334808712, 0.1368957457250432, 0.13727025027918144, 0.18957219375038323, 0.18905707691269572], [0.007826113198433224, 0.026856860867020042, 0.044875747022931164, 0.07394499449999326, 0.07748656898774928, 0.09194486855388265, 0.05737816438583444, 0.04870886346983844, 0.04040870992753255, 0.03057945355299449, 0.03871997051578003, 0.02176653480944055, 0.023494050931840586, 0.04088453924446291, 0.016884424253320752, 0.015650618616608155, 0.022470515912130663, 0.036658686523422246, 0.012298094946560657, 0.023806618421052632]], "elpd": [-3.7537173215801727, -2.332693016998576], "expected_improvement": [null, null], "actual_improvement": [null, [[0.07593450758878517]]], "mse": [0.5857988196527889, 0.41898626270740613], "nmse": [0.5891901743240263, 0.42141189241430665], "y_regret_pool": [0.217520724863708, 0.09590686505354373, 0.09590686505354373, 0.09590686505354373, 0.09590686505354373, 0.09590686505354373, 0.046074844448403374, 0.046074844448403374, 0.006921113972936155, 0.006921113972936155, 0.006921113972936155, 0.006921113972936155, 0.006921113972936155, 0.006921113972936155, 0.006921113972936155, 0.006921113972936155, 0.006921113972936155, 0.006921113972936155, 0.006921113972936155, 0.006921113972936155, 0.006921113972936155, 0.006921113972936155, 0.006921113972936155, 0.006921113972936155, 0.006921113972936155, 0.006921113972936155, 0.006921113972936155, 0.006921113972936155, 0.006921113972936155, 0.006921113972936155, 0.006921113972936155, 0.006921113972936155, 0.006921113972936155, 0.006921113972936155, 0.006921113972936155, 0.006921113972936155, 0.006921113972936155, 0.006921113972936155, 0.006921113972936155, 0.006921113972936155, 0.006921113972936155, 0.006921113972936155, 0.006921113972936155, 0.006921113972936155, 0.006921113972936155, 0.006921113972936155, 0.006921113972936155, 0.006921113972936155, 0.006921113972936155, 0.006921113972936155, 0.0031639378161993914, 0.0031639378161993914, 0.0031639378161993914, 0.0031639378161993914, 0.0031639378161993914, 0.0031639378161993914, 0.0031639378161993914, 0.0031639378161993914, 0.0031639378161993914, 0.0031639378161993914, 0.0031639378161993914, 0.0031639378161993914, 0.0031639378161993914, 0.0031639378161993914, 0.0031639378161993914, 0.0031639378161993914, 0.0031639378161993914, 0.0031639378161993914, 0.0031639378161993914, 0.0031639378161993914, 0.0031639378161993914, 0.0031639378161993914, 0.0031639378161993914, 0.0031639378161993914, 0.0031639378161993914, 0.0031639378161993914, 0.0031639378161993914, 0.0031639378161993914, 0.0031639378161993914, 0.0031639378161993914, 0.0031639378161993914, 0.0031639378161993914, 0.0031639378161993914, 0.0031639378161993914, 0.0, 0.0, 0.0, 0.0, 0.0, 0.0, 0.0, 0.0, 0.0, 0.0, 0.0, 0.0, 0.0, 0.0, 0.0, 0.0, 0.0], "y_regret_test": [0.22048691656639485, 0.09887305675623059, 0.09887305675623059, 0.09887305675623059, 0.09887305675623059, 0.09887305675623059, 0.049041036151090234, 0.049041036151090234, 0.009887305675623015, 0.009887305675623015, 0.009887305675623015, 0.009887305675623015, 0.009887305675623015, 0.009887305675623015, 0.009887305675623015, 0.009887305675623015, 0.009887305675623015, 0.009887305675623015, 0.009887305675623015, 0.009887305675623015, 0.009887305675623015, 0.009887305675623015, 0.009887305675623015, 0.009887305675623015, 0.009887305675623015, 0.009887305675623015, 0.009887305675623015, 0.009887305675623015, 0.009887305675623015, 0.009887305675623015, 0.009887305675623015, 0.009887305675623015, 0.009887305675623015, 0.009887305675623015, 0.009887305675623015, 0.009887305675623015, 0.009887305675623015, 0.009887305675623015, 0.009887305675623015, 0.009887305675623015, 0.009887305675623015, 0.009887305675623015, 0.009887305675623015, 0.009887305675623015, 0.009887305675623015, 0.009887305675623015, 0.009887305675623015, 0.009887305675623015, 0.009887305675623015, 0.009887305675623015, 0.0061301295188862515, 0.0061301295188862515, 0.0061301295188862515, 0.0061301295188862515, 0.0061301295188862515, 0.0061301295188862515, 0.0061301295188862515, 0.0061301295188862515, 0.0061301295188862515, 0.0061301295188862515, 0.0061301295188862515, 0.0061301295188862515, 0.0061301295188862515, 0.0061301295188862515, 0.0061301295188862515, 0.0061301295188862515, 0.0061301295188862515, 0.0061301295188862515, 0.0061301295188862515, 0.0061301295188862515, 0.0061301295188862515, 0.0061301295188862515, 0.0061301295188862515, 0.0061301295188862515, 0.0061301295188862515, 0.0061301295188862515, 0.0061301295188862515, 0.0061301295188862515, 0.0061301295188862515, 0.0061301295188862515, 0.0061301295188862515, 0.0061301295188862515, 0.0061301295188862515, 0.0061301295188862515, 0.00296619170268686, 0.00296619170268686, 0.00296619170268686, 0.00296619170268686, 0.00296619170268686, 0.00296619170268686, 0.00296619170268686, 0.00296619170268686, 0.00296619170268686, 0.00296619170268686, 0.00296619170268686, 0.00296619170268686, 0.00296619170268686, 0.00296619170268686, 0.00296619170268686, 0.00296619170268686, 0.00296619170268686], "f_regret_pool": [], "f_regret_test": [],