{"p_array": [0.001, 0.053526315789473686, 0.10605263157894737, 0.15857894736842104, 0.21110526315789474, 0.26363157894736844, 0.3161578947368421, 0.3686842105263158, 0.4212105263157895, 0.4737368421052632, 0.5262631578947369, 0.5787894736842105, 0.6313157894736842, 0.6838421052631579, 0.7363684210526316, 0.7888947368421053, 0.841421052631579, 0.8939473684210526, 0.9464736842105264, 0.999], "mean_sharpness": [-0.04649878718615639, 1.8762694744350779], "sharpness_error_true_minus_model": [], "posterior_variance": [0.07550755450902182, 0.0014305709957648748], "bias_mse": [], "bias_nmse": [], "f_calibration": [], "f_calibration_mse": [], "f_calibration_nmse": [], "y_calibration": [[0.11999999731779099, 0.3837999999523163, 0.44679999351501465, 0.4790000021457672, 0.5008000135421753, 0.5152000188827515, 0.5249999761581421, 0.5324000120162964, 0.5392000079154968, 0.5460000038146973, 0.5511999726295471, 0.5565999746322632, 0.5626000165939331, 0.5667999982833862, 0.5712000131607056, 0.5758000016212463, 0.5824000239372253, 0.5899999737739563, 0.6029999852180481, 0.6499999761581421], [0.5587999820709229, 0.5672000050544739, 0.5681999921798706, 0.5698000192642212, 0.5702000260353088, 0.5712000131607056, 0.5720000267028809, 0.5727999806404114, 0.5730000138282776, 0.5735999941825867, 0.5740000009536743, 0.574400007724762, 0.5753999948501587, 0.5759999752044678, 0.5767999887466431, 0.5777999758720398, 0.579200029373169, 0.5806000232696533, 0.5830000042915344, 0.5911999940872192]], "y_calibration_mse": [0.05351336113417169, 0.09369005030501866], "y_calibration_nmse": [0.5833332060911184, 1.0212873246036043], "calibration_local_dist_to_nearest_train_sample": [[0.5126890179875845, 0.6811993323671673, 0.8497096467467502, 1.018219961126333, 1.1867302755059157, 1.3552405898854987, 1.5237509042650814, 1.6922612186446642, 1.860771533024247, 2.02928184740383, 2.1977921617834126, 2.3663024761629954, 2.5348127905425786, 2.703323104922161, 2.871833419301744, 3.0403437336813264, 3.2088540480609096, 3.377364362440492, 3.545874676820075, 3.7143849911996574], [0.43579103970911026, 0.527403375810219, 0.6190157119113278, 0.7106280480124365, 0.8022403841135453, 0.893852720214654, 0.9854650563157628, 1.0770773924168715, 1.1686897285179803, 1.260302064619089, 1.3519144007201978, 1.4435267368213065, 1.5351390729224152, 1.626751409023524, 1.7183637451246327, 1.8099760812257415, 1.9015884173268502, 1.993200753427959, 2.0848130895290677, 2.1764254256301765]], "calibration_local_y": [[0.15757594637867495, 0.18695865378289475, 0.16471703147478212, 0.14184933173672667, 0.10310921982263821, 0.08452709593804078, 0.0634852379264965, 0.0493983218362465, 0.053276404569887394, 0.06271152212904686, 0.07130720060743412, 0.08097608276650432, 0.1080879962736431, 0.1139789397190494, 0.08804813687942756, 0.13162603107538634, 0.14504164168186479, 0.3417372105263158, 0.3417372105263158, 0.3417372105263158], [0.1602542348733082, 0.11620703371244326, 0.10601228113151495, 0.09604434736765123, 0.11107166483525129, 0.10439078814649565, 0.0964212130441291, 0.09500649132994395, 0.09140533392038001, 0.08921046858572428, 0.08575032867921337, 0.0887316950588007, 0.09111362062384035, 0.0867477573822121, 0.11601197800854797, 0.119591956119724, 0.14339009939379654, 0.10173720933422292, 0.3417372105263158, 0.3417372105263158]], "elpd": [-10.662211310862459, -369.977497646508], "expected_improvement": [null, null], "actual_improvement": [null, [[2.293720637409546]]], "mse": [0.9914626885508891, 1.000827415161915], "nmse": [0.9901877894792277, 0.9995404742036544], "y_regret_pool": [0.06281707535941616, 0.06281707535941616, 0.06281707535941616, 0.06281707535941616, 0.06281707535941616, 0.06281707535941616, 0.06281707535941616, 0.06281707535941616, 0.06281707535941616, 0.06281707535941616, 0.06281707535941616, 0.06281707535941616, 0.06281707535941616, 0.06281707535941616, 0.06281707535941616, 0.06281707535941616, 0.06281707535941616, 0.06281707535941616, 0.06281707535941616, 0.06281707535941616, 0.06281707535941616, 0.06281707535941616, 0.06281707535941616, 0.06281707535941616, 0.06281707535941616, 0.06281707535941616, 0.06281707535941616, 0.06281707535941616, 0.06281707535941616, 0.06281707535941616, 0.06281707535941616, 0.06281707535941616, 0.06281707535941616, 0.06281707535941616, 0.06281707535941616, 0.06281707535941616, 0.06281707535941616, 0.06281707535941616, 0.06281707535941616, 0.06281707535941616, 0.06281707535941616, 0.06281707535941616, 0.06281707535941616, 0.06281707535941616, 0.06281707535941616, 0.06281707535941616, 0.06281707535941616, 0.06281707535941616, 0.06281707535941616, 0.06281707535941616, 0.06281707535941616, 0.06281707535941616, 0.06281707535941616, 0.06281707535941616, 0.06281707535941616, 0.06281707535941616, 0.06281707535941616, 0.06281707535941616, 0.06281707535941616, 0.06281707535941616, 0.06281707535941616, 0.06281707535941616, 0.06281707535941616, 0.06281707535941616, 0.06281707535941616, 0.06281707535941616, 0.06281707535941616, 0.06281707535941616, 0.06281707535941616, 0.06281707535941616, 0.06281707535941616, 0.06281707535941616, 0.06281707535941616, 0.06281707535941616, 0.06281707535941616, 0.06281707535941616, 0.06281707535941616, 0.06281707535941616, 0.06281707535941616, 0.06281707535941616, 0.06281707535941616, 0.06281707535941616, 0.06281707535941616, 0.06281707535941616, 0.06281707535941616, 0.06281707535941616, 0.06281707535941616, 0.06281707535941616, 0.06281707535941616, 0.06281707535941616, 0.06281707535941616, 0.06281707535941616, 0.06281707535941616, 0.06281707535941616, 0.06281707535941616, 0.06281707535941616, 0.06281707535941616, 0.06281707535941616, 0.06281707535941616, 0.06281707535941616, 0.06281707535941616], "y_regret_test": [0.0622188174988505, 0.0622188174988505, 0.0622188174988505, 0.0622188174988505, 0.0622188174988505, 0.0622188174988505, 0.0622188174988505, 0.0622188174988505, 0.0622188174988505, 0.0622188174988505, 0.0622188174988505, 0.0622188174988505, 0.0622188174988505, 0.0622188174988505, 0.0622188174988505, 0.0622188174988505, 0.0622188174988505, 0.0622188174988505, 0.0622188174988505, 0.0622188174988505, 0.0622188174988505, 0.0622188174988505, 0.0622188174988505, 0.0622188174988505, 0.0622188174988505, 0.0622188174988505, 0.0622188174988505, 0.0622188174988505, 0.0622188174988505, 0.0622188174988505, 0.0622188174988505, 0.0622188174988505, 0.0622188174988505, 0.0622188174988505, 0.0622188174988505, 0.0622188174988505, 0.0622188174988505, 0.0622188174988505, 0.0622188174988505, 0.0622188174988505, 0.0622188174988505, 0.0622188174988505, 0.0622188174988505, 0.0622188174988505, 0.0622188174988505, 0.0622188174988505, 0.0622188174988505, 0.0622188174988505, 0.0622188174988505, 0.0622188174988505, 0.0622188174988505, 0.0622188174988505, 0.0622188174988505, 0.0622188174988505, 0.0622188174988505, 0.0622188174988505, 0.0622188174988505, 0.0622188174988505, 0.0622188174988505, 0.0622188174988505, 0.0622188174988505, 0.0622188174988505, 0.0622188174988505, 0.0622188174988505, 0.0622188174988505, 0.0622188174988505, 0.0622188174988505, 0.0622188174988505, 0.0622188174988505, 0.0622188174988505, 0.0622188174988505, 0.0622188174988505, 0.0622188174988505, 0.0622188174988505, 0.0622188174988505, 0.0622188174988505, 0.0622188174988505, 0.0622188174988505, 0.0622188174988505, 0.0622188174988505, 0.0622188174988505, 0.0622188174988505, 0.0622188174988505, 0.0622188174988505, 0.0622188174988505, 0.0622188174988505, 0.0622188174988505, 0.0622188174988505, 0.0622188174988505, 0.0622188174988505, 0.0622188174988505, 0.0622188174988505, 0.0622188174988505, 0.0622188174988505, 0.0622188174988505, 0.0622188174988505, 0.0622188174988505, 0.0622188174988505, 0.0622188174988505, 0.0622188174988505, 0.0622188174988505], "f_regret_pool": [], "f_regret_test": [],