{"p_array": [0.001, 0.053526315789473686, 0.10605263157894737, 0.15857894736842104, 0.21110526315789474, 0.26363157894736844, 0.3161578947368421, 0.3686842105263158, 0.4212105263157895, 0.4737368421052632, 0.5262631578947369, 0.5787894736842105, 0.6313157894736842, 0.6838421052631579, 0.7363684210526316, 0.7888947368421053, 0.841421052631579, 0.8939473684210526, 0.9464736842105264, 0.999], "mean_sharpness": [-1.2303624941738396, -0.15247800154566657], "sharpness_error_true_minus_model": [], "posterior_variance": [0.705204793633512, 0.11157491859246213], "bias_mse": [], "bias_nmse": [], "f_calibration": [], "f_calibration_mse": [], "f_calibration_nmse": [], "y_calibration": [[0.0, 0.0, 0.012400000356137753, 0.12139999866485596, 0.29280000925064087, 0.39419999718666077, 0.4514000117778778, 0.49140000343322754, 0.521399974822998, 0.548799991607666, 0.5705999732017517, 0.5896000266075134, 0.6092000007629395, 0.626800000667572, 0.6466000080108643, 0.6661999821662903, 0.6913999915122986, 0.7343999743461609, 0.8745999932289124, 0.9950000047683716], [0.0, 0.005799999926239252, 0.02879999950528145, 0.06960000097751617, 0.12720000743865967, 0.2101999968290329, 0.29440000653266907, 0.3758000135421753, 0.4368000030517578, 0.48980000615119934, 0.5357999801635742, 0.5752000212669373, 0.6299999952316284, 0.6973999738693237, 0.7871999740600586, 0.8668000102043152, 0.9154000282287598, 0.9527999758720398, 0.9746000170707703, 0.9922000169754028]], "y_calibration_mse": [0.008392235824545714, 0.0022900227917641465], "y_calibration_nmse": [0.09148126236232475, 0.024962856169549966], "calibration_local_dist_to_nearest_train_sample": [[0.5014892658615698, 0.6580701632790278, 0.8146510606964859, 0.9712319581139439, 1.127812855531402, 1.2843937529488598, 1.4409746503663179, 1.597555547783776, 1.754136445201234, 1.910717342618692, 2.06729824003615, 2.223879137453608, 2.3804600348710663, 2.5370409322885243, 2.6936218297059824, 2.8502027271234405, 3.0067836245408985, 3.1633645219583566, 3.3199454193758147, 3.4765263167932727], [0.44447937272098237, 0.5440503769978531, 0.6436213812747237, 0.7431923855515943, 0.8427633898284649, 0.9423343941053356, 1.0419053983822062, 1.1414764026590767, 1.2410474069359474, 1.340618411212818, 1.4401894154896886, 1.5397604197665595, 1.63933142404343, 1.7389024283203005, 1.838473432597171, 1.938044436874042, 2.0376154411509124, 2.137186445427783, 2.236757449704654, 2.3363284539815243]], "calibration_local_y": [[0.01853615780380462, 0.016077606336381868, 0.022337379034654554, 0.018898996812353536, 0.017620621939138194, 0.021848280620051716, 0.023235115354487752, 0.015078619739116861, 0.00663505813494233, 0.007180457761036816, 0.006842622412010499, 0.0070370753242159035, 0.01580541985603955, 0.028315265978482572, 0.04608264277055708, 0.038311449058145035, 0.14653143544420832, 0.20781603829762915, 0.24360129629894475, 0.25468743691113926], [0.0071694423228502125, 0.006569030531655211, 0.006544323499272986, 0.003498537233179435, 0.005448634094468527, 0.00549991893320736, 0.003416556380900523, 0.0024440989558362977, 0.0015225698454729708, 0.0022050686009038303, 0.007728205100798047, 0.022080207266011304, 0.02850967974038469, 0.018216683559530007, 0.09764907058556885, 0.10715156270166684, 0.173653, 0.17822405263157895, NaN, 0.173653]], "elpd": [-1.3649590989983351, 0.002452977824558401], "expected_improvement": [null, null], "actual_improvement": [null, [[0.23631065116825978]]], "mse": [0.8837356865643398, 0.08083359725892765], "nmse": [0.9008440515813252, 0.0823984663805064], "y_regret_pool": [0.10392094347921743, 0.10392094347921743, 0.10392094347921743, 0.08361455222465786, 0.08361455222465786, 0.08361455222465786, 0.08361455222465786, 0.08361455222465786, 0.08361455222465786, 0.08361455222465786, 0.0658962304437185, 0.0658962304437185, 0.0658962304437185, 0.0658962304437185, 0.0658962304437185, 0.0658962304437185, 0.0658962304437185, 0.0658962304437185, 0.0658962304437185, 0.0658962304437185, 0.0658962304437185, 0.0658962304437185, 0.0658962304437185, 0.0658962304437185, 0.0658962304437185, 0.0658962304437185, 0.0658962304437185, 0.0658962304437185, 0.0658962304437185, 0.0658962304437185, 0.0658962304437185, 0.0658962304437185, 0.0658962304437185, 0.0658962304437185, 0.0658962304437185, 0.0658962304437185, 0.0658962304437185, 0.0658962304437185, 0.0658962304437185, 0.0658962304437185, 0.0658962304437185, 0.0658962304437185, 0.0658962304437185, 0.0658962304437185, 0.0658962304437185, 0.0658962304437185, 0.0658962304437185, 0.0658962304437185, 0.0658962304437185, 0.0658962304437185, 0.0658962304437185, 0.05872926882446183, 0.05872926882446183, 0.05872926882446183, 0.05872926882446183, 0.05872926882446183, 0.05872926882446183, 0.05872926882446183, 0.05872926882446183, 0.05872926882446183, 0.05872926882446183, 0.05872926882446183, 0.05872926882446183, 0.05872926882446183, 0.05872926882446183, 0.05872926882446183, 0.05872926882446183, 0.05872926882446183, 0.05872926882446183, 0.05872926882446183, 0.05872926882446183, 0.05872926882446183, 0.05872926882446183, 0.05872926882446183, 0.05872926882446183, 0.05872926882446183, 0.05872926882446183, 0.05872926882446183, 0.05872926882446183, 0.05872926882446183, 0.05872926882446183, 0.05872926882446183, 0.05872926882446183, 0.05872926882446183, 0.05872926882446183, 0.05872926882446183, 0.05872926882446183, 0.05872926882446183, 0.05872926882446183, 0.05872926882446183, 0.05872926882446183, 0.05872926882446183, 0.05872926882446183, 0.05872926882446183, 0.05872926882446183, 0.05872926882446183, 0.05872926882446183, 0.05872926882446183, 0.05872926882446183, 0.05872926882446183, 0.05872926882446183], "y_regret_test": [0.10849983562485344, 0.10849983562485344, 0.10849983562485344, 0.08819344437029386, 0.08819344437029386, 0.08819344437029386, 0.08819344437029386, 0.08819344437029386, 0.08819344437029386, 0.08819344437029386, 0.07047512258935451, 0.07047512258935451, 0.07047512258935451, 0.07047512258935451, 0.07047512258935451, 0.07047512258935451, 0.07047512258935451, 0.07047512258935451, 0.07047512258935451, 0.07047512258935451, 0.07047512258935451, 0.07047512258935451, 0.07047512258935451, 0.07047512258935451, 0.07047512258935451, 0.07047512258935451, 0.07047512258935451, 0.07047512258935451, 0.07047512258935451, 0.07047512258935451, 0.07047512258935451, 0.07047512258935451, 0.07047512258935451, 0.07047512258935451, 0.07047512258935451, 0.07047512258935451, 0.07047512258935451, 0.07047512258935451, 0.07047512258935451, 0.07047512258935451, 0.07047512258935451, 0.07047512258935451, 0.07047512258935451, 0.07047512258935451, 0.07047512258935451, 0.07047512258935451, 0.07047512258935451, 0.07047512258935451, 0.07047512258935451, 0.07047512258935451, 0.07047512258935451, 0.06330816097009784, 0.06330816097009784, 0.06330816097009784, 0.06330816097009784, 0.06330816097009784, 0.06330816097009784, 0.06330816097009784, 0.06330816097009784, 0.06330816097009784, 0.06330816097009784, 0.06330816097009784, 0.06330816097009784, 0.06330816097009784, 0.06330816097009784, 0.06330816097009784, 0.06330816097009784, 0.06330816097009784, 0.06330816097009784, 0.06330816097009784, 0.06330816097009784, 0.06330816097009784, 0.06330816097009784, 0.06330816097009784, 0.06330816097009784, 0.06330816097009784, 0.06330816097009784, 0.06330816097009784, 0.06330816097009784, 0.06330816097009784, 0.06330816097009784, 0.06330816097009784, 0.06330816097009784, 0.06330816097009784, 0.06330816097009784, 0.06330816097009784, 0.06330816097009784, 0.06330816097009784, 0.06330816097009784, 0.06330816097009784, 0.06330816097009784, 0.06330816097009784, 0.06330816097009784, 0.06330816097009784, 0.06330816097009784, 0.06330816097009784, 0.06330816097009784, 0.06330816097009784, 0.06330816097009784, 0.06330816097009784, 0.06330816097009784], "f_regret_pool": [], "f_regret_test": [],