{"p_array": [0.001, 0.053526315789473686, 0.10605263157894737, 0.15857894736842104, 0.21110526315789474, 0.26363157894736844, 0.3161578947368421, 0.3686842105263158, 0.4212105263157895, 0.4737368421052632, 0.5262631578947369, 0.5787894736842105, 0.6313157894736842, 0.6838421052631579, 0.7363684210526316, 0.7888947368421053, 0.841421052631579, 0.8939473684210526, 0.9464736842105264, 0.999], "mean_sharpness": [-0.04649878718615639, 0.7611987114292771], "sharpness_error_true_minus_model": [], "posterior_variance": [0.07550755450902182, 0.013578320755463608], "bias_mse": [], "bias_nmse": [], "f_calibration": [], "f_calibration_mse": [], "f_calibration_nmse": [], "y_calibration": [[0.11999999731779099, 0.3837999999523163, 0.44679999351501465, 0.4790000021457672, 0.5008000135421753, 0.5152000188827515, 0.5249999761581421, 0.5324000120162964, 0.5392000079154968, 0.5460000038146973, 0.5511999726295471, 0.5565999746322632, 0.5626000165939331, 0.5667999982833862, 0.5712000131607056, 0.5758000016212463, 0.5824000239372253, 0.5899999737739563, 0.6029999852180481, 0.6499999761581421], [0.4997999966144562, 0.5400000214576721, 0.5460000038146973, 0.5511999726295471, 0.5558000206947327, 0.5576000213623047, 0.5594000220298767, 0.5623999834060669, 0.5644000172615051, 0.5673999786376953, 0.5691999793052673, 0.5705999732017517, 0.5723999738693237, 0.5740000009536743, 0.5766000151634216, 0.5794000029563904, 0.5827999711036682, 0.5863999724388123, 0.592199981212616, 0.6159999966621399]], "y_calibration_mse": [0.05351336113417169, 0.08424468204754476], "y_calibration_nmse": [0.5833332060911184, 0.9183261793574842], "calibration_local_dist_to_nearest_train_sample": [[0.5126890179875845, 0.6811993323671673, 0.8497096467467502, 1.018219961126333, 1.1867302755059157, 1.3552405898854987, 1.5237509042650814, 1.6922612186446642, 1.860771533024247, 2.02928184740383, 2.1977921617834126, 2.3663024761629954, 2.5348127905425786, 2.703323104922161, 2.871833419301744, 3.0403437336813264, 3.2088540480609096, 3.377364362440492, 3.545874676820075, 3.7143849911996574], [0.49983763900936734, 0.6554965744107332, 0.811155509812099, 0.9668144452134648, 1.1224733806148306, 1.2781323160161966, 1.4337912514175624, 1.5894501868189281, 1.745109122220294, 1.9007680576216597, 2.0564269930230257, 2.2120859284243917, 2.367744863825757, 2.523403799227123, 2.6790627346284888, 2.8347216700298548, 2.9903806054312208, 3.1460395408325863, 3.3016984762339523, 3.4573574116353183]], "calibration_local_y": [[0.15757594637867495, 0.18695865378289475, 0.16471703147478212, 0.14184933173672667, 0.10310921982263821, 0.08452709593804078, 0.0634852379264965, 0.0493983218362465, 0.053276404569887394, 0.06271152212904686, 0.07130720060743412, 0.08097608276650432, 0.1080879962736431, 0.1139789397190494, 0.08804813687942756, 0.13162603107538634, 0.14504164168186479, 0.3417372105263158, 0.3417372105263158, 0.3417372105263158], [0.20510160272620662, 0.19482651034072782, 0.2382548327486441, 0.18912327458686656, 0.18184065454905712, 0.13089992740477, 0.12035120573887423, 0.08678902166286352, 0.08040142428364007, 0.08155981421833682, 0.09588095740394979, 0.10241778475395287, 0.1506430805788913, 0.19372440352507325, 0.2632193158882429, 0.29483837822650927, 0.2814185098704904, 0.3417372105263158, 0.3417372105263158, 0.3417372105263158]], "elpd": [-10.662211310862459, -42.51739306785615], "expected_improvement": [null, null], "actual_improvement": [null, [[0.1495644651414676]]], "mse": [0.9914626885508891, 0.9850289144029412], "nmse": [0.9901877894792277, 0.9837622883735063], "y_regret_pool": [0.06281707535941616, 0.06281707535941616, 0.06281707535941616, 0.06281707535941616, 0.06281707535941616, 0.06281707535941616, 0.06281707535941616, 0.06281707535941616, 0.06281707535941616, 0.06281707535941616, 0.06281707535941616, 0.06281707535941616, 0.06281707535941616, 0.06281707535941616, 0.06281707535941616, 0.06281707535941616, 0.06281707535941616, 0.06281707535941616, 0.06281707535941616, 0.06281707535941616, 0.06281707535941616, 0.06281707535941616, 0.06281707535941616, 0.06281707535941616, 0.06281707535941616, 0.06281707535941616, 0.048060048132124944, 0.048060048132124944, 0.048060048132124944, 0.048060048132124944, 0.048060048132124944, 0.048060048132124944, 0.048060048132124944, 0.048060048132124944, 0.048060048132124944, 0.048060048132124944, 0.048060048132124944, 0.048060048132124944, 0.048060048132124944, 0.048060048132124944, 0.048060048132124944, 0.048060048132124944, 0.048060048132124944, 0.048060048132124944, 0.048060048132124944, 0.048060048132124944, 0.048060048132124944, 0.048060048132124944, 0.048060048132124944, 0.048060048132124944, 0.048060048132124944, 0.048060048132124944, 0.048060048132124944, 0.048060048132124944, 0.048060048132124944, 0.048060048132124944, 0.048060048132124944, 0.048060048132124944, 0.048060048132124944, 0.048060048132124944, 0.048060048132124944, 0.048060048132124944, 0.048060048132124944, 0.03449953662596483, 0.03449953662596483, 0.03449953662596483, 0.03449953662596483, 0.03449953662596483, 0.03449953662596483, 0.03449953662596483, 0.03449953662596483, 0.03449953662596483, 0.03449953662596483, 0.03449953662596483, 0.03449953662596483, 0.03449953662596483, 0.03449953662596483, 0.03449953662596483, 0.03449953662596483, 0.03449953662596483, 0.03449953662596483, 0.03449953662596483, 0.03449953662596483, 0.03449953662596483, 0.03449953662596483, 0.018346574390686543, 0.018346574390686543, 0.018346574390686543, 0.018346574390686543, 0.018346574390686543, 0.018346574390686543, 0.018346574390686543, 0.018346574390686543, 0.018346574390686543, 0.018346574390686543, 0.018346574390686543, 0.018346574390686543, 0.018346574390686543, 0.018346574390686543, 0.018346574390686543, 0.018346574390686543], "y_regret_test": [0.0622188174988505, 0.0622188174988505, 0.0622188174988505, 0.0622188174988505, 0.0622188174988505, 0.0622188174988505, 0.0622188174988505, 0.0622188174988505, 0.0622188174988505, 0.0622188174988505, 0.0622188174988505, 0.0622188174988505, 0.0622188174988505, 0.0622188174988505, 0.0622188174988505, 0.0622188174988505, 0.0622188174988505, 0.0622188174988505, 0.0622188174988505, 0.0622188174988505, 0.0622188174988505, 0.0622188174988505, 0.0622188174988505, 0.0622188174988505, 0.0622188174988505, 0.0622188174988505, 0.04746179027155928, 0.04746179027155928, 0.04746179027155928, 0.04746179027155928, 0.04746179027155928, 0.04746179027155928, 0.04746179027155928, 0.04746179027155928, 0.04746179027155928, 0.04746179027155928, 0.04746179027155928, 0.04746179027155928, 0.04746179027155928, 0.04746179027155928, 0.04746179027155928, 0.04746179027155928, 0.04746179027155928, 0.04746179027155928, 0.04746179027155928, 0.04746179027155928, 0.04746179027155928, 0.04746179027155928, 0.04746179027155928, 0.04746179027155928, 0.04746179027155928, 0.04746179027155928, 0.04746179027155928, 0.04746179027155928, 0.04746179027155928, 0.04746179027155928, 0.04746179027155928, 0.04746179027155928, 0.04746179027155928, 0.04746179027155928, 0.04746179027155928, 0.04746179027155928, 0.04746179027155928, 0.03390127876539917, 0.03390127876539917, 0.03390127876539917, 0.03390127876539917, 0.03390127876539917, 0.03390127876539917, 0.03390127876539917, 0.03390127876539917, 0.03390127876539917, 0.03390127876539917, 0.03390127876539917, 0.03390127876539917, 0.03390127876539917, 0.03390127876539917, 0.03390127876539917, 0.03390127876539917, 0.03390127876539917, 0.03390127876539917, 0.03390127876539917, 0.03390127876539917, 0.03390127876539917, 0.03390127876539917, 0.017748316530120878, 0.017748316530120878, 0.017748316530120878, 0.017748316530120878, 0.017748316530120878, 0.017748316530120878, 0.017748316530120878, 0.017748316530120878, 0.017748316530120878, 0.017748316530120878, 0.017748316530120878, 0.017748316530120878, 0.017748316530120878, 0.017748316530120878, 0.017748316530120878, 0.017748316530120878], "f_regret_pool": [], "f_regret_test": [],