{"p_array": [0.001, 0.053526315789473686, 0.10605263157894737, 0.15857894736842104, 0.21110526315789474, 0.26363157894736844, 0.3161578947368421, 0.3686842105263158, 0.4212105263157895, 0.4737368421052632, 0.5262631578947369, 0.5787894736842105, 0.6313157894736842, 0.6838421052631579, 0.7363684210526316, 0.7888947368421053, 0.841421052631579, 0.8939473684210526, 0.9464736842105264, 0.999], "mean_sharpness": [1.1319468565496473, 0.772779857535525], "sharpness_error_true_minus_model": [], "posterior_variance": [0.006318972841951345, 0.013356588425197696], "bias_mse": [], "bias_nmse": [], "f_calibration": [], "f_calibration_mse": [], "f_calibration_nmse": [], "y_calibration": [[0.5368000268936157, 0.5576000213623047, 0.5637999773025513, 0.5662000179290771, 0.5687999725341797, 0.571399986743927, 0.5727999806404114, 0.5748000144958496, 0.5766000151634216, 0.5785999894142151, 0.5803999900817871, 0.5827999711036682, 0.5839999914169312, 0.5863999724388123, 0.5875999927520752, 0.5899999737739563, 0.5928000211715698, 0.5960000157356262, 0.6001999974250793, 0.6164000034332275], [0.5311999917030334, 0.5623999834060669, 0.5699999928474426, 0.5738000273704529, 0.5777999758720398, 0.5820000171661377, 0.5856000185012817, 0.5866000056266785, 0.5885999798774719, 0.5910000205039978, 0.5935999751091003, 0.5960000157356262, 0.6000000238418579, 0.6018000245094299, 0.6047999858856201, 0.6074000000953674, 0.6104000210762024, 0.6137999892234802, 0.6208000183105469, 0.6489999890327454]], "y_calibration_mse": [0.08881312837117994, 0.08743045434017366], "y_calibration_nmse": [0.9681254516203427, 0.9530533339586699], "calibration_local_dist_to_nearest_train_sample": [[0.5146757253619179, 0.6854085733101861, 0.8561414212584544, 1.0268742692067225, 1.197607117154991, 1.3683399651032593, 1.5390728130515274, 1.7098056609997956, 1.8805385089480637, 2.0512713568963323, 2.2220042048446005, 2.3927370527928686, 2.563469900741137, 2.7342027486894054, 2.9049355966376735, 3.0756684445859417, 3.24640129253421, 3.417134140482478, 3.5878669884307466, 3.7585998363790147], [0.43348519735702024, 0.523027517300391, 0.6125698372437617, 0.7021121571871325, 0.7916544771305032, 0.8811967970738739, 0.9707391170172447, 1.0602814369606155, 1.1498237569039862, 1.239366076847357, 1.3289083967907276, 1.4184507167340983, 1.507993036677469, 1.59753535662084, 1.6870776765642106, 1.7766199965075813, 1.866162316450952, 1.9557046363943227, 2.0452469563376936, 2.1347892762810643]], "calibration_local_y": [[0.10736221052631581, 0.16609840198394, 0.1809617267315788, 0.11551468785298975, 0.12188471163737395, 0.12011195049144055, 0.10372710972291337, 0.08874844616668859, 0.08482985326174755, 0.08369913592583536, 0.08314668587135511, 0.08148827275021257, 0.07810144957465218, 0.08049069962624711, 0.07915624790960765, 0.09784626554486056, 0.17499789761624412, 0.1354648296286739, 0.1518687894736842, 0.3417372105263158], [0.086416136761147, 0.08083862002865262, 0.08782295124264683, 0.0888942232748671, 0.08667143080563244, 0.09872800964396296, 0.07649399008905641, 0.09568692042727187, 0.09188013292759781, 0.08850244705796366, 0.08621462030399257, 0.1018718516001901, 0.0862046054099978, 0.08968136511698674, 0.08364238677226138, 0.08059278952065504, 0.08541507952612386, 0.08566393016660034, 0.09290128609206016, 0.10173721529468796]], "next_sample_train_distance": [[0.6936383800666559]], "elpd": [-83.35764327607772, -43.254602323185246], "expected_improvement": [null, null], "actual_improvement": [null, [[2.501421977903551]]], "mse": [0.979114060765964, 0.9448561386706861], "nmse": [0.9855108026776107, 0.9510290669380865], "y_regret_pool": [0.10187146457895446, 0.10187146457895446], "y_regret_test": [0.10505494784704683, 0.10505494784704683], "f_regret_pool": [], "f_regret_test": [], "x_y_opt_dist_pool": [3.564850908311786, 3.564850908311786], "x_f_opt_dist_pool": [], "x_y_opt_dist_test": [1.8909378041616043, 1.8909378041616043], "x_f_opt_dist_test": [], "uct_calibration": [0.5451159767237256, 0.5355619306846345], "uct_sharpness": [0.08090075344794291, 0.11950793112470558]}