{"p_array": [0.001, 0.053526315789473686, 0.10605263157894737, 0.15857894736842104, 0.21110526315789474, 0.26363157894736844, 0.3161578947368421, 0.3686842105263158, 0.4212105263157895, 0.4737368421052632, 0.5262631578947369, 0.5787894736842105, 0.6313157894736842, 0.6838421052631579, 0.7363684210526316, 0.7888947368421053, 0.841421052631579, 0.8939473684210526, 0.9464736842105264, 0.999], "mean_sharpness": [-1.005693953893098, -0.48158343305705187], "sharpness_error_true_minus_model": [], "posterior_variance": [0.4653002868955797, 0.19512794693281593], "bias_mse": [], "bias_nmse": [], "f_calibration": [], "f_calibration_mse": [], "f_calibration_nmse": [], "y_calibration": [[0.0012000000569969416, 0.186599999666214, 0.3294000029563904, 0.42640000581741333, 0.4846000075340271, 0.5185999870300293, 0.5432000160217285, 0.5622000098228455, 0.578000009059906, 0.5952000021934509, 0.6100000143051147, 0.6226000189781189, 0.6358000040054321, 0.647599995136261, 0.6661999821662903, 0.7021999955177307, 0.753000020980835, 0.8335999846458435, 0.9121999740600586, 0.9909999966621399], [0.0, 0.020400000736117363, 0.06560000032186508, 0.1111999973654747, 0.16899999976158142, 0.24300000071525574, 0.3248000144958496, 0.3977999985218048, 0.4652000069618225, 0.5289999842643738, 0.5835999846458435, 0.6320000290870667, 0.6818000078201294, 0.7414000034332275, 0.8144000172615051, 0.8873999714851379, 0.9413999915122986, 0.9753999710083008, 0.9932000041007996, 1.0]], "y_calibration_mse": [0.02214324962141246, 0.002983843532838413], "y_calibration_nmse": [0.2413769668204641, 0.03252598935284244], "calibration_local_dist_to_nearest_train_sample": [[0.5034046110189745, 0.6631495549223997, 0.8228944988258249, 0.98263944272925, 1.142384386632675, 1.3021293305361001, 1.4618742744395254, 1.6216192183429505, 1.7813641622463756, 1.9411091061498007, 2.100854050053226, 2.260598993956651, 2.4203439378600766, 2.5800888817635013, 2.739833825666927, 2.8995787695703514, 3.059323713473777, 3.2190686573772016, 3.378813601280627, 3.538558545184052], [0.4261779916650761, 0.508696316214603, 0.5912146407641298, 0.6737329653136566, 0.7562512898631834, 0.8387696144127101, 0.921287938962237, 1.003806263511764, 1.0863245880612906, 1.1688429126108173, 1.2513612371603444, 1.333879561709871, 1.4163978862593978, 1.498916210808925, 1.5814345353584516, 1.6639528599079783, 1.7464711844575054, 1.828989509007032, 1.9115078335565587, 1.9940261581060854]], "calibration_local_y": [[0.027176156832707667, 0.003414374961670808, 0.012390447529377732, 0.025262422251013505, 0.029553182902635956, 0.022254494617882783, 0.03383864446848116, 0.028010518573188294, 0.03260430407154717, 0.024134373307543207, 0.022450119148348446, 0.020933979274897496, 0.020587680906292826, 0.01514691753053482, 0.015414333572400194, 0.01015630212630157, 0.010477937792545326, 0.021910506578167614, 0.03052207894736842, 0.10732258930464522], [0.011085740562524904, 0.004723681155142961, NaN, 0.005772285901265193, 0.00477867793562341, 0.0032776984401837123, 0.004805408612790229, 0.0026962608797072097, 0.006907815141084908, 0.0038457445398436185, 0.0028863930554509118, 0.0009787561338257043, 0.0013065243250671944, 0.0010364527161835972, 0.003996413163276121, 0.007823720958618666, 0.006189341324854467, 0.06097438157894737, 0.014975663646537896, 0.023483408815874046]], "elpd": [-1.5578251839466137, -0.2632999354908048], "expected_improvement": [null, null], "actual_improvement": [null, [[0.054045035724199275]]], "mse": [0.8505239550888393, 0.149433213308302], "nmse": [0.8599439523414231, 0.1510882642335425], "y_regret_pool": [0.010208506747904522, 0.010208506747904522, 0.010208506747904522, 0.010208506747904522, 0.010208506747904522, 0.010208506747904522, 0.010208506747904522, 0.010208506747904522, 0.010208506747904522, 0.010208506747904522, 0.010208506747904522, 0.010208506747904522, 0.010208506747904522, 0.010208506747904522, 0.010208506747904522, 0.010208506747904522, 0.010208506747904522, 0.010208506747904522, 0.010208506747904522, 0.010208506747904522, 0.010208506747904522, 0.010208506747904522, 0.010208506747904522, 0.010208506747904522, 0.010208506747904522, 0.010208506747904522, 0.010208506747904522, 0.010208506747904522, 0.010208506747904522, 0.010208506747904522, 0.010208506747904522, 0.010208506747904522, 0.010208506747904522, 0.010208506747904522, 0.010208506747904522, 0.010208506747904522, 0.010208506747904522, 0.010208506747904522, 0.010208506747904522, 0.010208506747904522, 0.010208506747904522, 0.010208506747904522, 0.010208506747904522, 0.010208506747904522, 0.010208506747904522, 0.010208506747904522, 0.010208506747904522, 0.010208506747904522, 0.010208506747904522, 0.010208506747904522, 0.010208506747904522, 0.010208506747904522, 0.010208506747904522, 0.010208506747904522, 0.010208506747904522, 0.010208506747904522, 0.010208506747904522, 0.010208506747904522, 0.010208506747904522, 0.010208506747904522, 0.010208506747904522, 0.010208506747904522, 0.010208506747904522, 0.010208506747904522, 0.010208506747904522, 0.010208506747904522, 0.010208506747904522, 0.010208506747904522, 0.010208506747904522, 0.010208506747904522, 0.010208506747904522, 0.010208506747904522, 0.010208506747904522, 0.010208506747904522, 0.010208506747904522, 0.010208506747904522, 0.010208506747904522, 0.010208506747904522, 0.010208506747904522, 0.010208506747904522, 0.010208506747904522, 0.010208506747904522, 0.010208506747904522, 0.010208506747904522, 0.010208506747904522, 0.010208506747904522, 0.010208506747904522, 0.010208506747904522, 0.010208506747904522, 0.010208506747904522, 0.010208506747904522, 0.010208506747904522, 0.010208506747904522, 0.010208506747904522, 0.010208506747904522, 0.010208506747904522, 0.010208506747904522, 0.010208506747904522, 0.010208506747904522, 0.010208506747904522, 0.010208506747904522],