{"p_array": [0.001, 0.053526315789473686, 0.10605263157894737, 0.15857894736842104, 0.21110526315789474, 0.26363157894736844, 0.3161578947368421, 0.3686842105263158, 0.4212105263157895, 0.4737368421052632, 0.5262631578947369, 0.5787894736842105, 0.6313157894736842, 0.6838421052631579, 0.7363684210526316, 0.7888947368421053, 0.841421052631579, 0.8939473684210526, 0.9464736842105264, 0.999], "mean_sharpness": [-0.6806917243277916, -0.012014067149816765], "sharpness_error_true_minus_model": [], "posterior_variance": [0.25604734542282487, 0.068381916307308], "bias_mse": [], "bias_nmse": [], "f_calibration": [], "f_calibration_mse": [], "f_calibration_nmse": [], "y_calibration": [[0.02239999920129776, 0.15000000596046448, 0.21899999678134918, 0.27639999985694885, 0.32839998602867126, 0.37119999527931213, 0.41260001063346863, 0.44780001044273376, 0.47859999537467957, 0.5094000101089478, 0.5329999923706055, 0.5529999732971191, 0.5709999799728394, 0.5929999947547913, 0.620199978351593, 0.6517999768257141, 0.6912000179290771, 0.7300000190734863, 0.7766000032424927, 0.9215999841690063], [0.1395999938249588, 0.2996000051498413, 0.36660000681877136, 0.42160001397132874, 0.4745999872684479, 0.519599974155426, 0.5622000098228455, 0.5929999947547913, 0.6355999708175659, 0.6607999801635742, 0.6827999949455261, 0.699999988079071, 0.7178000211715698, 0.7337999939918518, 0.7486000061035156, 0.76419997215271, 0.7815999984741211, 0.8004000186920166, 0.8256000280380249, 0.8942000269889832]], "y_calibration_mse": [0.010552131652972774, 0.031571996776911096], "y_calibration_nmse": [0.1150256432742282, 0.34415693038600004], "calibration_local_dist_to_nearest_train_sample": [[0.5146757253619179, 0.6854085733101861, 0.8561414212584544, 1.0268742692067225, 1.197607117154991, 1.3683399651032593, 1.5390728130515274, 1.7098056609997956, 1.8805385089480637, 2.0512713568963323, 2.2220042048446005, 2.3927370527928686, 2.563469900741137, 2.7342027486894054, 2.9049355966376735, 3.0756684445859417, 3.24640129253421, 3.417134140482478, 3.5878669884307466, 3.7585998363790147], [0.4929205854970967, 0.641898293580544, 0.7908760016639913, 0.9398537097474385, 1.0888314178308858, 1.2378091259143331, 1.3867868339977802, 1.5357645420812276, 1.684742250164675, 1.833719958248122, 1.9826976663315694, 2.1316753744150168, 2.280653082498464, 2.429630790581911, 2.5786084986653584, 2.7275862067488057, 2.876563914832253, 3.0255416229157004, 3.1745193309991473, 3.3234970390825946]], "calibration_local_y": [[0.008141120960583916, 0.04526703383423324, 0.045277747658145504, 0.011363383547270393, 0.019692920412982803, 0.01644269572937995, 0.015033265590473566, 0.01162699854433014, 0.013197145846122003, 0.012812183258957291, 0.01373706596528389, 0.015234147600051332, 0.01950456732175012, 0.026282703585085464, 0.027452821018839814, 0.06792712830005439, 0.1827821089486648, 0.1335926002647163, 0.23726615789473687, 0.2918372105263158], [0.04300276752955299, 0.04851362786524918, 0.049501370892803515, 0.06220085971213731, 0.051865408798817604, 0.055221598819033976, 0.041990232910074525, 0.04252960205522176, 0.0339453663563373, 0.03018600363539322, 0.02420568158379449, 0.016998396134212675, 0.030730341689811334, 0.013369548485452016, 0.05283469474107679, 0.01312593765333534, 0.037665340230937185, 0.03964113686104947, 0.11668282492567157, 0.08565194853704858]], "elpd": [-1.9908686531270932, -3.9905703009773563], "expected_improvement": [null, null], "actual_improvement": [null, [[0.06943972878526372]]], "mse": [0.5949900674407609, 0.4033552518482612], "nmse": [0.5988772528606439, 0.4059904498789811], "y_regret_pool": [0.10187146457895446, 0.10187146457895446, 0.10187146457895446, 0.10187146457895446, 0.10187146457895446, 0.010346320621300142, 0.010346320621300142, 0.010346320621300142, 0.010346320621300142, 0.010346320621300142, 0.010346320621300142, 0.010346320621300142, 0.010346320621300142, 0.010346320621300142, 0.010346320621300142, 0.010346320621300142, 0.0, 0.0, 0.0, 0.0, 0.0, 0.0, 0.0, 0.0, 0.0, 0.0, 0.0, 0.0, 0.0, 0.0, 0.0, 0.0, 0.0, 0.0, 0.0, 0.0, 0.0, 0.0, 0.0, 0.0, 0.0, 0.0, 0.0, 0.0, 0.0, 0.0, 0.0, 0.0, 0.0, 0.0, 0.0, 0.0, 0.0, 0.0, 0.0, 0.0, 0.0, 0.0, 0.0, 0.0, 0.0, 0.0, 0.0, 0.0, 0.0, 0.0, 0.0, 0.0, 0.0, 0.0, 0.0, 0.0, 0.0, 0.0, 0.0, 0.0, 0.0, 0.0, 0.0, 0.0, 0.0, 0.0, 0.0, 0.0, 0.0, 0.0, 0.0, 0.0, 0.0, 0.0, 0.0, 0.0, 0.0, 0.0, 0.0, 0.0, 0.0, 0.0, 0.0, 0.0, 0.0], "y_regret_test": [0.10505494784704683, 0.10505494784704683, 0.10505494784704683, 0.10505494784704683, 0.10505494784704683, 0.013529803889392511, 0.013529803889392511, 0.013529803889392511, 0.013529803889392511, 0.013529803889392511, 0.013529803889392511, 0.013529803889392511, 0.013529803889392511, 0.013529803889392511, 0.013529803889392511, 0.013529803889392511, 0.0031834832680923686, 0.0031834832680923686, 0.0031834832680923686, 0.0031834832680923686, 0.0031834832680923686, 0.0031834832680923686, 0.0031834832680923686, 0.0031834832680923686, 0.0031834832680923686, 0.0031834832680923686, 0.0031834832680923686, 0.0031834832680923686, 0.0031834832680923686, 0.0031834832680923686, 0.0031834832680923686, 0.0031834832680923686, 0.0031834832680923686, 0.0031834832680923686, 0.0031834832680923686, 0.0031834832680923686, 0.0031834832680923686, 0.0031834832680923686, 0.0031834832680923686, 0.0031834832680923686, 0.0031834832680923686, 0.0031834832680923686, 0.0031834832680923686, 0.0031834832680923686, 0.0031834832680923686, 0.0031834832680923686, 0.0031834832680923686, 0.0031834832680923686, 0.0031834832680923686, 0.0031834832680923686, 0.0031834832680923686, 0.0031834832680923686, 0.0031834832680923686, 0.0031834832680923686, 0.0031834832680923686, 0.0031834832680923686, 0.0031834832680923686, 0.0031834832680923686, 0.0031834832680923686, 0.0031834832680923686, 0.0031834832680923686, 0.0031834832680923686, 0.0031834832680923686, 0.0031834832680923686, 0.0031834832680923686, 0.0031834832680923686, 0.0031834832680923686, 0.0031834832680923686, 0.0031834832680923686, 0.0031834832680923686, 0.0031834832680923686, 0.0031834832680923686, 0.0031834832680923686, 0.0031834832680923686, 0.0031834832680923686, 0.0031834832680923686, 0.0031834832680923686, 0.0031834832680923686, 0.0031834832680923686, 0.0031834832680923686, 0.0031834832680923686, 0.0031834832680923686, 0.0031834832680923686, 0.0031834832680923686, 0.0031834832680923686, 0.0031834832680923686, 0.0031834832680923686, 0.0031834832680923686, 0.0031834832680923686, 0.0031834832680923686, 0.0031834832680923686, 0.0031834832680923686, 0.0031834832680923686, 0.0031834832680923686, 0.0031834832680923686, 0.0031834832680923686, 0.0031834832680923686, 0.0031834832680923686, 0.0031834832680923686, 0.0031834832680923686, 0.0031834832680923686], "f_regret_pool": [], "f_regret_test": [], "x_y_opt_dist_pool": [3.564850908311786, 3.564850908311786, 3.564850908311786, 3.564850908311786, 3.564850908311786, 3.564850908311786, 0.7742292329956775, 0.7742292329956775, 0.7742292329956775, 0.7742292329956775, 0.7742292329956775, 0.7742292329956775, 0.7742292329956775, 0.7742292329956775, 0.7742292329956775, 0.7742292329956775, 0.7742292329956775, 0.0, 0.0, 0.0, 0.0, 0.0, 0.0, 0.0, 0.0, 0.0, 0.0, 0.0, 0.0, 0.0, 0.0, 0.0, 0.0, 0.0, 0.0, 0.0, 0.0, 0.0, 0.0, 0.0, 0.0, 0.0, 0.0, 0.0, 0.0, 0.0, 0.0, 0.0, 0.0, 0.0, 0.0, 0.0, 0.0, 0.0, 0.0, 0.0, 0.0, 0.0, 0.0, 0.0, 0.0, 0.0, 0.0, 0.0, 0.0, 0.0, 0.0, 0.0, 0.0, 0.0, 0.0, 0.0, 0.0, 0.0, 0.0, 0.0, 0.0, 0.0, 0.0, 0.0, 0.0, 0.0, 0.0, 0.0, 0.0, 0.0, 0.0, 0.0, 0.0, 0.0, 0.0, 0.0, 0.0, 0.0, 0.0, 0.0, 0.0, 0.0, 0.0, 0.0, 0.0, 0.0, 0.0], "x_f_opt_dist_pool": [],