{"p_array": [0.001, 0.053526315789473686, 0.10605263157894737, 0.15857894736842104, 0.21110526315789474, 0.26363157894736844, 0.3161578947368421, 0.3686842105263158, 0.4212105263157895, 0.4737368421052632, 0.5262631578947369, 0.5787894736842105, 0.6313157894736842, 0.6838421052631579, 0.7363684210526316, 0.7888947368421053, 0.841421052631579, 0.8939473684210526, 0.9464736842105264, 0.999], "mean_sharpness": [1.0359632613269456, 1.370461636555675, 1.334453669133333], "sharpness_error_true_minus_model": [], "posterior_variance": [0.007684035136735956, 0.0039047651972165527, 0.004193602645076204], "bias_mse": [], "bias_nmse": [], "f_calibration": [], "f_calibration_mse": [], "f_calibration_nmse": [], "y_calibration": [[0.4878000020980835, 0.5134000182151794, 0.5194000005722046, 0.5228000283241272, 0.5266000032424927, 0.5303999781608582, 0.532800018787384, 0.5357999801635742, 0.5382000207901001, 0.5407999753952026, 0.5424000024795532, 0.5443999767303467, 0.5465999841690063, 0.5491999983787537, 0.5511999726295471, 0.553600013256073, 0.5565999746322632, 0.5612000226974487, 0.5669999718666077, 0.5889999866485596], [0.5257999897003174, 0.5443999767303467, 0.5478000044822693, 0.5501999855041504, 0.5526000261306763, 0.5537999868392944, 0.555400013923645, 0.5569999814033508, 0.5587999820709229, 0.5595999956130981, 0.5608000159263611, 0.5616000294685364, 0.5640000104904175, 0.5659999847412109, 0.5667999982833862, 0.5681999921798706, 0.5705999732017517, 0.5727999806404114, 0.5781999826431274, 0.5906000137329102], [0.5210000276565552, 0.5419999957084656, 0.545799970626831, 0.5490000247955322, 0.5504000186920166, 0.5519999861717224, 0.5540000200271606, 0.555400013923645, 0.5568000078201294, 0.5580000281333923, 0.5598000288009644, 0.5608000159263611, 0.5622000098228455, 0.5641999840736389, 0.5659999847412109, 0.5681999921798706, 0.569599986076355, 0.5734000205993652, 0.5774000287055969, 0.5910000205039978]], "y_calibration_mse": [0.08180311631723342, 0.0880480469502726, 0.08737972098083656], "y_calibration_nmse": [0.8917113987651425, 0.9597855269974127, 0.9525003047239021], "calibration_local_dist_to_nearest_train_sample": [[0.48706660928289025, 0.6299368491290879, 0.7728070889752855, 0.9156773288214831, 1.0585475686676808, 1.2014178085138782, 1.344288048360076, 1.4871582882062735, 1.6300285280524713, 1.7728987678986687, 1.9157690077448666, 2.058639247591064, 2.201509487437262, 2.3443797272834592, 2.487249967129657, 2.6301202069758545, 2.772990446822052, 2.9158606866682497, 3.0587309265144476, 3.201601166360645], [0.4329944620248256, 0.5217925546129585, 0.6105906472010915, 0.6993887397892244, 0.7881868323773574, 0.8769849249654903, 0.9657830175536233, 1.0545811101417564, 1.1433792027298892, 1.2321772953180221, 1.320975387906155, 1.4097734804942879, 1.4985715730824212, 1.587369665670554, 1.676167758258687, 1.7649658508468198, 1.8537639434349527, 1.942562036023086, 2.031360128611219, 2.1201582211993517], [0.4329944620248256, 0.5217925546129585, 0.6105906472010915, 0.6993887397892244, 0.7881868323773574, 0.8769849249654903, 0.9657830175536233, 1.0545811101417564, 1.1433792027298892, 1.2321772953180221, 1.320975387906155, 1.4097734804942879, 1.4985715730824212, 1.587369665670554, 1.676167758258687, 1.7649658508468198, 1.8537639434349527, 1.942562036023086, 2.031360128611219, 2.1201582211993517]], "calibration_local_y": [[0.18173721767887333, 0.1311644962755784, 0.10459663300451798, 0.12208619779776302, 0.12015491471946183, 0.10805238865468307, 0.10294611768674329, 0.08216393705095731, 0.0814337619127338, 0.08144525704904089, 0.07970419235981688, 0.08215453035430223, 0.08687321108393593, 0.08447545663660273, 0.08410103734275126, 0.10793093988381944, 0.19416235651643024, 0.22486358454747743, 0.2831434605263158, 0.3417372105263158], [0.0911489407347928, 0.09316388670741953, 0.09406745740701886, 0.0927118532080887, 0.0968586748725944, 0.08601042447219691, 0.0975893571896134, 0.09471881216949571, 0.08434387912018078, 0.08415486405443424, 0.08705823250838354, 0.08608319579946716, 0.08375456711401556, 0.09041990514870138, 0.0919529987483027, 0.09344772971914808, 0.2028483083919507, 0.10736221052631581, 0.34173721052631584, 0.34173721052631584], [0.09071435224158395, 0.09302698103749303, 0.09254513135326148, 0.09238791794711292, 0.09639927790778954, 0.08495125048506832, 0.09660915061431627, 0.09367191457123787, 0.08337639788126418, 0.08382197376687264, 0.08681249552645971, 0.08572676839954693, 0.08339838962770318, 0.09038041712053715, 0.0914466855664381, 0.09344772971914808, 0.2028483083919507, 0.10736221052631581, 0.34173721052631584, 0.34173721052631584]], "elpd": [-70.41729303012313, -128.9765334803134, -122.59514887002753], "expected_improvement": [null, null, null], "actual_improvement": [null, null, null], "mse": [0.9985491038675184, 0.9839359646760675, 0.9834278348776785], "nmse": [1.0098767593985998, 0.995097847080572, 0.9945839529994864], "y_regret_pool": [0.02432039677103437, 0.02432039677103437, 0.02432039677103437, 0.02432039677103437, 0.02432039677103437, 0.02432039677103437, 0.02432039677103437, 0.02432039677103437, 0.02432039677103437, 0.02432039677103437, 0.02432039677103437, 0.02432039677103437, 0.02432039677103437, 0.02432039677103437, 0.02432039677103437, 0.02432039677103437, 0.02432039677103437, 0.02432039677103437, 0.02432039677103437, 0.02432039677103437, 0.02432039677103437, 0.02432039677103437, 0.02432039677103437, 0.02432039677103437, 0.02432039677103437, 0.02432039677103437, 0.02432039677103437, 0.02432039677103437, 0.02432039677103437, 0.02432039677103437, 0.02432039677103437, 0.02432039677103437, 0.02432039677103437, 0.02432039677103437, 0.022145401937852194, 0.022145401937852194, 0.022145401937852194, 0.022145401937852194, 0.022145401937852194, 0.022145401937852194, 0.022145401937852194, 0.022145401937852194, 0.022145401937852194, 0.022145401937852194, 0.021947675134835976, 0.021947675134835976, 0.021947675134835976, 0.021947675134835976, 0.021947675134835976, 0.021947675134835976, 0.021947675134835976, 0.021947675134835976, 0.021947675134835976, 0.021947675134835976, 0.021947675134835976, 0.021947675134835976, 0.021947675134835976, 0.021947675134835976, 0.021947675134835976, 0.021947675134835976, 0.021947675134835976, 0.021947675134835976, 0.021947675134835976, 0.021947675134835976, 0.021947675134835976, 0.021947675134835976, 0.021947675134835976, 0.021947675134835976, 0.021947675134835976, 0.021947675134835976, 0.021947675134835976, 0.021947675134835976, 0.021947675134835976, 0.021947675134835976, 0.021947675134835976, 0.021947675134835976, 0.021947675134835976, 0.021947675134835976, 0.021947675134835976, 0.021947675134835976, 0.021947675134835976, 0.021947675134835976, 0.021947675134835976, 0.021947675134835976, 0.021947675134835976, 0.021947675134835976, 0.021947675134835976, 0.021947675134835976, 0.021947675134835976, 0.021947675134835976, 0.021947675134835976, 0.021947675134835976, 0.021947675134835976, 0.021947675134835976, 0.021947675134835976, 0.021947675134835976, 0.021947675134835976, 0.021947675134835976, 0.021947675134835976, 0.021947675134835976, 0.021947675134835976, 0.021947675134835976],