{"p_array": [0.001, 0.053526315789473686, 0.10605263157894737, 0.15857894736842104, 0.21110526315789474, 0.26363157894736844, 0.3161578947368421, 0.3686842105263158, 0.4212105263157895, 0.4737368421052632, 0.5262631578947369, 0.5787894736842105, 0.6313157894736842, 0.6838421052631579, 0.7363684210526316, 0.7888947368421053, 0.841421052631579, 0.8939473684210526, 0.9464736842105264, 0.999], "mean_sharpness": [0.870007097340466, -0.30787687523658624], "sharpness_error_true_minus_model": [], "posterior_variance": [0.012934690704926165, 0.1397374607601877], "bias_mse": [], "bias_nmse": [], "f_calibration": [], "f_calibration_mse": [], "f_calibration_nmse": [], "y_calibration": [[0.5284000039100647, 0.5537999868392944, 0.5582000017166138, 0.5630000233650208, 0.5667999982833862, 0.5691999793052673, 0.571399986743927, 0.5738000273704529, 0.5763999819755554, 0.5777999758720398, 0.5799999833106995, 0.5817999839782715, 0.5843999981880188, 0.5861999988555908, 0.5889999866485596, 0.5910000205039978, 0.5964000225067139, 0.5996000170707703, 0.6051999926567078, 0.6266000270843506], [0.39259999990463257, 0.5224000215530396, 0.54339998960495, 0.5568000078201294, 0.5684000253677368, 0.579200029373169, 0.5888000130653381, 0.597599983215332, 0.6051999926567078, 0.6146000027656555, 0.6237999796867371, 0.6326000094413757, 0.642799973487854, 0.6520000100135803, 0.6624000072479248, 0.676800012588501, 0.7059999704360962, 0.7567999958992004, 0.8327999711036682, 0.9753999710083008]], "y_calibration_mse": [0.08678897884183581, 0.060646892495557714], "y_calibration_nmse": [0.9460608006708409, 0.6610937061156934], "calibration_local_dist_to_nearest_train_sample": [[0.5071285340475428, 0.6677195702996999, 0.8283106065518568, 0.9889016428040138, 1.1494926790561708, 1.310083715308328, 1.470674751560485, 1.631265787812642, 1.791856824064799, 1.952447860316956, 2.113038896569113, 2.27362993282127, 2.4342209690734276, 2.5948120053255845, 2.7554030415777415, 2.9159940778298985, 3.0765851140820555, 3.2371761503342125, 3.3977671865863694, 3.5583582228385264], [0.4620489688313134, 0.5791425375926822, 0.696236106354051, 0.8133296751154198, 0.9304232438767885, 1.0475168126381573, 1.164610381399526, 1.281703950160895, 1.3987975189222637, 1.5158910876836325, 1.6329846564450012, 1.75007822520637, 1.8671717939677388, 1.9842653627291076, 2.101358931490476, 2.2184525002518454, 2.3355460690132137, 2.452639637774583, 2.5697332065359513, 2.68682677529732]], "calibration_local_y": [[0.1542372105263158, 0.1110626672856336, 0.08786235275227043, 0.0860976286434017, 0.08407818598341579, 0.09488721607295066, 0.09829382197911156, 0.09811778756717722, 0.09623702466535408, 0.10230894649065665, 0.09057966513757931, 0.08995992568942801, 0.07957383406122465, 0.09062765569972268, 0.08441516909816399, 0.0918577170257179, 0.11036368409752359, 0.20740466705390032, 0.21155969176565156, 0.3417372105263158], [0.05115172970390765, 0.03889385954726992, 0.05111793147246393, 0.04051725796175624, 0.04084577086852525, 0.031583447413409314, 0.04353233910396632, 0.0450203113418285, 0.07617434028255918, 0.06330627070420095, 0.08156641170021048, 0.09891036616394157, 0.11017651743654873, 0.14795759641529777, 0.15437249455186391, 0.14527208567623093, 0.1595045931809655, 0.07953516904138332, 0.09183720754608363, 0.3417372105263158]], "elpd": [-58.43228239251508, -8.354920004878949], "expected_improvement": [null, null], "actual_improvement": [null, [[2.539073995636393]]], "mse": [0.9894636719087244, 0.8890004978562601], "nmse": [0.9818259638537847, 0.8821382688971877], "y_regret_pool": [0.12098434041167305, 0.12098434041167305, 0.12098434041167305, 0.12098434041167305, 0.12098434041167305, 0.12098434041167305, 0.12098434041167305, 0.12098434041167305, 0.12098434041167305, 0.12098434041167305, 0.12098434041167305, 0.12098434041167305, 0.12098434041167305, 0.12098434041167305, 0.12098434041167305, 0.12098434041167305, 0.12098434041167305, 0.12098434041167305, 0.12098434041167305, 0.12098434041167305, 0.12098434041167305, 0.12098434041167305, 0.12098434041167305, 0.12098434041167305, 0.12098434041167305, 0.12098434041167305, 0.12098434041167305, 0.12098434041167305, 0.12098434041167305, 0.12098434041167305, 0.12098434041167305, 0.12098434041167305, 0.12098434041167305, 0.12098434041167305, 0.12098434041167305, 0.12098434041167305, 0.12098434041167305, 0.12098434041167305, 0.12098434041167305, 0.12098434041167305, 0.12098434041167305, 0.12098434041167305, 0.12098434041167305, 0.12098434041167305, 0.12098434041167305, 0.12098434041167305, 0.12098434041167305, 0.12098434041167305, 0.12098434041167305, 0.12098434041167305, 0.12098434041167305, 0.12098434041167305, 0.12098434041167305, 0.12098434041167305, 0.12098434041167305, 0.12098434041167305, 0.12098434041167305, 0.12098434041167305, 0.12098434041167305, 0.12098434041167305, 0.12098434041167305, 0.12098434041167305, 0.12098434041167305, 0.12098434041167305, 0.12098434041167305, 0.12098434041167305, 0.12098434041167305, 0.12098434041167305, 0.12098434041167305, 0.12098434041167305, 0.12098434041167305, 0.12098434041167305, 0.12098434041167305, 0.12098434041167305, 0.12098434041167305, 0.12098434041167305, 0.12098434041167305, 0.12098434041167305, 0.12098434041167305, 0.12098434041167305, 0.12098434041167305, 0.12098434041167305, 0.12098434041167305, 0.12098434041167305, 0.08964021261524957, 0.08964021261524957, 0.08964021261524957, 0.08964021261524957, 0.08964021261524957, 0.08964021261524957, 0.08964021261524957, 0.08964021261524957, 0.08964021261524957, 0.08964021261524957, 0.08964021261524957, 0.08964021261524957, 0.08964021261524957, 0.08964021261524957, 0.08964021261524957, 0.08964021261524957, 0.08964021261524957], "y_regret_test": [0.1215832727899484, 0.1215832727899484, 0.1215832727899484, 0.1215832727899484, 0.1215832727899484, 0.1215832727899484, 0.1215832727899484, 0.1215832727899484, 0.1215832727899484, 0.1215832727899484, 0.1215832727899484, 0.1215832727899484, 0.1215832727899484, 0.1215832727899484, 0.1215832727899484, 0.1215832727899484, 0.1215832727899484, 0.1215832727899484, 0.1215832727899484, 0.1215832727899484, 0.1215832727899484, 0.1215832727899484, 0.1215832727899484, 0.1215832727899484, 0.1215832727899484, 0.1215832727899484, 0.1215832727899484, 0.1215832727899484, 0.1215832727899484, 0.1215832727899484, 0.1215832727899484, 0.1215832727899484, 0.1215832727899484, 0.1215832727899484, 0.1215832727899484, 0.1215832727899484, 0.1215832727899484, 0.1215832727899484, 0.1215832727899484, 0.1215832727899484, 0.1215832727899484, 0.1215832727899484, 0.1215832727899484, 0.1215832727899484, 0.1215832727899484, 0.1215832727899484, 0.1215832727899484, 0.1215832727899484, 0.1215832727899484, 0.1215832727899484, 0.1215832727899484, 0.1215832727899484, 0.1215832727899484, 0.1215832727899484, 0.1215832727899484, 0.1215832727899484, 0.1215832727899484, 0.1215832727899484, 0.1215832727899484, 0.1215832727899484, 0.1215832727899484, 0.1215832727899484, 0.1215832727899484, 0.1215832727899484, 0.1215832727899484, 0.1215832727899484, 0.1215832727899484, 0.1215832727899484, 0.1215832727899484, 0.1215832727899484, 0.1215832727899484, 0.1215832727899484, 0.1215832727899484, 0.1215832727899484, 0.1215832727899484, 0.1215832727899484, 0.1215832727899484, 0.1215832727899484, 0.1215832727899484, 0.1215832727899484, 0.1215832727899484, 0.1215832727899484, 0.1215832727899484, 0.1215832727899484, 0.09023914499352492, 0.09023914499352492, 0.09023914499352492, 0.09023914499352492, 0.09023914499352492, 0.09023914499352492, 0.09023914499352492, 0.09023914499352492, 0.09023914499352492, 0.09023914499352492, 0.09023914499352492, 0.09023914499352492, 0.09023914499352492, 0.09023914499352492, 0.09023914499352492, 0.09023914499352492, 0.09023914499352492], "f_regret_pool": [], "f_regret_test": [],