{"p_array": [0.001, 0.053526315789473686, 0.10605263157894737, 0.15857894736842104, 0.21110526315789474, 0.26363157894736844, 0.3161578947368421, 0.3686842105263158, 0.4212105263157895, 0.4737368421052632, 0.5262631578947369, 0.5787894736842105, 0.6313157894736842, 0.6838421052631579, 0.7363684210526316, 0.7888947368421053, 0.841421052631579, 0.8939473684210526, 0.9464736842105264, 0.999], "mean_sharpness": [-1.4594109250763854, -0.6179727793523144], "sharpness_error_true_minus_model": [], "posterior_variance": [1.084311023318117, 0.2518499137475104], "bias_mse": [], "bias_nmse": [], "f_calibration": [], "f_calibration_mse": [], "f_calibration_nmse": [], "y_calibration": [[0.0, 0.0, 0.0, 0.0, 0.19679999351501465, 0.34439998865127563, 0.42160001397132874, 0.47540000081062317, 0.5095999836921692, 0.5379999876022339, 0.5641999840736389, 0.5866000056266785, 0.6087999939918518, 0.6287999749183655, 0.6520000100135803, 0.6758000254631042, 0.7034000158309937, 0.7465999722480774, 1.0, 1.0], [0.01720000058412552, 0.1257999986410141, 0.19339999556541443, 0.2533999979496002, 0.30820000171661377, 0.35519999265670776, 0.4023999869823456, 0.45159998536109924, 0.49779999256134033, 0.545799970626831, 0.593999981880188, 0.6381999850273132, 0.6859999895095825, 0.7350000143051147, 0.7843999862670898, 0.8263999819755554, 0.8722000122070312, 0.9111999869346619, 0.9422000050544739, 0.9883999824523926]], "y_calibration_mse": [0.007450490500125107, 0.004205256134747111], "y_calibration_nmse": [0.0812155771619833, 0.04584024422173583], "calibration_local_dist_to_nearest_train_sample": [[0.5014892658615698, 0.6580701632790278, 0.8146510606964859, 0.9712319581139439, 1.127812855531402, 1.2843937529488598, 1.4409746503663179, 1.597555547783776, 1.754136445201234, 1.910717342618692, 2.06729824003615, 2.223879137453608, 2.3804600348710663, 2.5370409322885243, 2.6936218297059824, 2.8502027271234405, 3.0067836245408985, 3.1633645219583566, 3.3199454193758147, 3.4765263167932727], [0.464616687002664, 0.5843250055612162, 0.7040333241197685, 0.8237416426783207, 0.943449961236873, 1.063158279795425, 1.1828665983539774, 1.3025749169125298, 1.422283235471082, 1.541991554029634, 1.6616998725881866, 1.7814081911467388, 1.901116509705291, 2.020824828263843, 2.1405331468223956, 2.2602414653809477, 2.3799497839395, 2.499658102498052, 2.6193664210566046, 2.7390747396151567]], "calibration_local_y": [[0.02695142388743656, 0.010654838464196714, 0.025031081462625178, 0.015588501846096673, 0.015736204697879085, 0.017764134449491837, 0.01895805207479471, 0.01321911846865145, 0.005938518221507148, 0.0064122884328143125, 0.005816889913768535, 0.006763003284939917, 0.014732986350760379, 0.027255223869129586, 0.04432020414899886, 0.038335924998639234, 0.14417830280228144, 0.19725956472224332, 0.22131149562773222, 0.24718984210526312], [0.00634112661815876, 0.006996029063563879, 0.01483043216134074, 0.018284363610578582, 0.0186657494241251, 0.015404483941610097, 0.011853050313216425, 0.009953656505047617, 0.004609326036646402, 0.0034485447453675043, 0.003383311470602319, 0.005868707085306348, 0.0083795822748014, 0.014762750401632746, 0.026249024723890447, 0.03236751388060491, 0.029142802631578944, 0.047065632196043705, 0.06791878947368421, 0.07317142105263158]], "elpd": [-1.4205228691830039, -0.9985642831900728], "expected_improvement": [null, null], "actual_improvement": [null, [[0.7083347067031736]]], "mse": [0.9999775279569078, 0.40992874839040094], "nmse": [1.0193362353364632, 0.41786461741214875], "y_regret_pool": [0.10392094347921743, 0.10392094347921743, 0.10392094347921743, 0.04558983918915849, 0.04558983918915849, 0.04558983918915849, 0.04558983918915849, 0.04558983918915849, 0.04558983918915849, 0.04558983918915849, 0.04558983918915849, 0.04558983918915849, 0.04558983918915849, 0.04558983918915849, 0.04558983918915849, 0.04558983918915849, 0.04558983918915849, 0.04558983918915849, 0.04558983918915849, 0.016523828177729794, 0.016523828177729794, 0.016523828177729794, 0.016523828177729794, 0.016523828177729794, 0.016523828177729794, 0.016523828177729794, 0.016523828177729794, 0.016523828177729794, 0.016523828177729794, 0.016523828177729794, 0.016523828177729794, 0.008958702024070453, 0.008958702024070453, 0.008958702024070453, 0.008958702024070453, 0.008958702024070453, 0.008958702024070453, 0.008958702024070453, 0.008958702024070453, 0.008958702024070453, 0.008958702024070453, 0.008958702024070453, 0.008958702024070453, 0.008958702024070453, 0.008958702024070453, 0.008958702024070453, 0.008958702024070453, 0.008958702024070453, 0.008958702024070453, 0.008958702024070453, 0.008958702024070453, 0.008958702024070453, 0.008958702024070453, 0.008958702024070453, 0.008958702024070453, 0.008958702024070453, 0.008958702024070453, 0.008958702024070453, 0.008958702024070453, 0.008958702024070453, 0.008958702024070453, 0.008958702024070453, 0.008958702024070453, 0.008958702024070453, 0.008958702024070453, 0.00875961975686912, 0.00875961975686912, 0.00875961975686912, 0.00875961975686912, 0.00875961975686912, 0.00875961975686912, 0.00875961975686912, 0.00875961975686912, 0.00875961975686912, 0.00875961975686912, 0.00875961975686912, 0.00875961975686912, 0.00875961975686912, 0.00875961975686912, 0.00875961975686912, 0.00875961975686912, 0.00875961975686912, 0.00875961975686912, 0.00875961975686912, 0.00875961975686912, 0.00875961975686912, 0.00875961975686912, 0.00875961975686912, 0.00875961975686912, 0.00875961975686912, 0.00875961975686912, 0.00875961975686912, 0.00875961975686912, 0.00875961975686912, 0.00875961975686912, 0.00875961975686912, 0.00875961975686912, 0.00875961975686912, 0.00875961975686912, 0.00875961975686912, 0.00875961975686912], "y_regret_test": [0.10849983562485344, 0.10849983562485344, 0.10849983562485344, 0.05016873133479449, 0.05016873133479449, 0.05016873133479449, 0.05016873133479449, 0.05016873133479449, 0.05016873133479449, 0.05016873133479449, 0.05016873133479449, 0.05016873133479449, 0.05016873133479449, 0.05016873133479449, 0.05016873133479449, 0.05016873133479449, 0.05016873133479449, 0.05016873133479449, 0.05016873133479449, 0.021102720323365798, 0.021102720323365798, 0.021102720323365798, 0.021102720323365798, 0.021102720323365798, 0.021102720323365798, 0.021102720323365798, 0.021102720323365798, 0.021102720323365798, 0.021102720323365798, 0.021102720323365798, 0.021102720323365798, 0.013537594169706457, 0.013537594169706457, 0.013537594169706457, 0.013537594169706457, 0.013537594169706457, 0.013537594169706457, 0.013537594169706457, 0.013537594169706457, 0.013537594169706457, 0.013537594169706457, 0.013537594169706457, 0.013537594169706457, 0.013537594169706457, 0.013537594169706457, 0.013537594169706457, 0.013537594169706457, 0.013537594169706457, 0.013537594169706457, 0.013537594169706457, 0.013537594169706457, 0.013537594169706457, 0.013537594169706457, 0.013537594169706457, 0.013537594169706457, 0.013537594169706457, 0.013537594169706457, 0.013537594169706457, 0.013537594169706457, 0.013537594169706457, 0.013537594169706457, 0.013537594169706457, 0.013537594169706457, 0.013537594169706457, 0.013537594169706457, 0.013338511902505124, 0.013338511902505124, 0.013338511902505124, 0.013338511902505124, 0.013338511902505124, 0.013338511902505124, 0.013338511902505124, 0.013338511902505124, 0.013338511902505124, 0.013338511902505124, 0.013338511902505124, 0.013338511902505124, 0.013338511902505124, 0.013338511902505124, 0.013338511902505124, 0.013338511902505124, 0.013338511902505124, 0.013338511902505124, 0.013338511902505124, 0.013338511902505124, 0.013338511902505124, 0.013338511902505124, 0.013338511902505124, 0.013338511902505124, 0.013338511902505124, 0.013338511902505124, 0.013338511902505124, 0.013338511902505124, 0.013338511902505124, 0.013338511902505124, 0.013338511902505124, 0.013338511902505124, 0.013338511902505124, 0.013338511902505124, 0.013338511902505124, 0.013338511902505124], "f_regret_pool": [], "f_regret_test": [],