{"p_array": [0.001, 0.053526315789473686, 0.10605263157894737, 0.15857894736842104, 0.21110526315789474, 0.26363157894736844, 0.3161578947368421, 0.3686842105263158, 0.4212105263157895, 0.4737368421052632, 0.5262631578947369, 0.5787894736842105, 0.6313157894736842, 0.6838421052631579, 0.7363684210526316, 0.7888947368421053, 0.841421052631579, 0.8939473684210526, 0.9464736842105264, 0.999], "mean_sharpness": [1.3213993489622553, 0.8263573228664998], "sharpness_error_true_minus_model": [], "posterior_variance": [0.004352891028510312, 0.011744152092096083], "bias_mse": [], "bias_nmse": [], "f_calibration": [], "f_calibration_mse": [], "f_calibration_nmse": [], "y_calibration": [[0.5490000247955322, 0.5658000111579895, 0.5691999793052673, 0.5712000131607056, 0.5727999806404114, 0.5741999745368958, 0.5759999752044678, 0.5766000151634216, 0.5774000287055969, 0.5789999961853027, 0.5803999900817871, 0.58160001039505, 0.5834000110626221, 0.5860000252723694, 0.5870000123977661, 0.5885999798774719, 0.5920000076293945, 0.5946000218391418, 0.5983999967575073, 0.6154000163078308], [0.5442000031471252, 0.5685999989509583, 0.574999988079071, 0.5785999894142151, 0.5820000171661377, 0.5852000117301941, 0.5885999798774719, 0.5906000137329102, 0.5925999879837036, 0.5947999954223633, 0.597599983215332, 0.6003999710083008, 0.6025999784469604, 0.6046000123023987, 0.6065999865531921, 0.6100000143051147, 0.6129999756813049, 0.6169999837875366, 0.6226000189781189, 0.6474000215530396]], "y_calibration_mse": [0.09091743429737585, 0.08920316674443031], "y_calibration_nmse": [0.9910638635703363, 0.9723771437201203], "calibration_local_dist_to_nearest_train_sample": [[0.49935063497275534, 0.6550331511386791, 0.810715667304603, 0.9663981834705268, 1.1220806996364505, 1.2777632158023744, 1.433445731968298, 1.589128248134222, 1.7448107643001458, 1.9004932804660695, 2.0561757966319933, 2.2118583127979172, 2.367540828963841, 2.5232233451297645, 2.6789058612956884, 2.8345883774616123, 2.990270893627536, 3.14595340979346, 3.3016359259593835, 3.4573184421253074], [0.4406618090208816, 0.5376554992349316, 0.6346491894489815, 0.7316428796630315, 0.8286365698770816, 0.9256302600911315, 1.0226239503051815, 1.1196176405192315, 1.2166113307332815, 1.3136050209473316, 1.4105987111613816, 1.5075924013754314, 1.6045860915894814, 1.7015797818035314, 1.7985734720175814, 1.8955671622316315, 1.9925608524456815, 2.0895545426597315, 2.1865482328737817, 2.2835419230878315]], "calibration_local_y": [[0.10040769125132568, 0.19909328635787593, 0.09253486337498587, 0.12430185434334244, 0.11321260489014565, 0.10468422576487657, 0.09530966086970447, 0.09217920726736531, 0.09041071632495881, 0.08843379490149386, 0.08980243800010207, 0.09223349997844205, 0.09121492598509988, 0.08994802750071246, 0.0895062988344382, 0.10890892403631254, 0.10925572089165322, 0.0811810028912269, 0.09284832150497216, 0.0968392507344317], [0.09598070773142704, 0.08668257240303676, 0.08604160310566426, 0.08202418569721183, 0.0892222715066909, 0.09439176589144768, 0.08924425263509685, 0.09792785268260482, 0.09554100934074831, 0.08413128624565891, 0.08566196930090826, 0.0842760385180883, 0.08819594296731251, 0.09007043740838619, 0.0852081976070782, 0.1011368464297672, 0.11249054107800467, 0.09357394755572304, 0.0968392507344317, 0.3417372105263158]], "next_sample_train_distance": [[0.8483130507880932]], "elpd": [-126.19663351171022, -45.19680276080733], "expected_improvement": [null, null], "actual_improvement": [null, [[0.4786651505241182]]], "mse": [1.0128104012772705, 0.970588407179981], "nmse": [1.0031072699468078, 0.9612897795485752], "y_regret_pool": [0.19900914891866106, 0.03711360136083908], "y_regret_test": [0.20221897390122023, 0.04032342634339825], "f_regret_pool": [], "f_regret_test": [], "x_y_opt_dist_pool": [2.6240729891790138, 2.536012701528056], "x_f_opt_dist_pool": [], "x_y_opt_dist_test": [3.7080045672226705, 1.0419755271815627], "x_f_opt_dist_test": [], "uct_calibration": [0.5505620849353415, 0.538088993378059], "uct_sharpness": [0.06733283127454945, 0.11083399319239766]}