{"p_array": [0.001, 0.053526315789473686, 0.10605263157894737, 0.15857894736842104, 0.21110526315789474, 0.26363157894736844, 0.3161578947368421, 0.3686842105263158, 0.4212105263157895, 0.4737368421052632, 0.5262631578947369, 0.5787894736842105, 0.6313157894736842, 0.6838421052631579, 0.7363684210526316, 0.7888947368421053, 0.841421052631579, 0.8939473684210526, 0.9464736842105264, 0.999], "mean_sharpness": [-0.5250157301522308, -0.2681816078250549], "sharpness_error_true_minus_model": [], "posterior_variance": [0.18763658861905633, 0.1061173638109815], "bias_mse": [], "bias_nmse": [], "f_calibration": [], "f_calibration_mse": [], "f_calibration_nmse": [], "y_calibration": [[0.04439999908208847, 0.21299999952316284, 0.27079999446868896, 0.32280001044273376, 0.358599990606308, 0.39800000190734863, 0.4352000057697296, 0.47200000286102295, 0.5058000087738037, 0.5329999923706055, 0.5605999827384949, 0.5830000042915344, 0.5938000082969666, 0.6079999804496765, 0.6200000047683716, 0.6376000046730042, 0.6585999727249146, 0.6869999766349792, 0.727400004863739, 0.8866000175476074], [0.010200000368058681, 0.04800000041723251, 0.08460000157356262, 0.12680000066757202, 0.1712000072002411, 0.2248000055551529, 0.28439998626708984, 0.3463999927043915, 0.42559999227523804, 0.5198000073432922, 0.6151999831199646, 0.6833999752998352, 0.7269999980926514, 0.7552000284194946, 0.782800018787384, 0.8119999766349792, 0.8388000130653381, 0.8679999709129333, 0.8985999822616577, 0.9593999981880188]], "y_calibration_mse": [0.016920681431828306, 0.0024331161132965236], "y_calibration_nmse": [0.1844473069842736, 0.02652267383472008], "calibration_local_dist_to_nearest_train_sample": [[0.5186325294769967, 0.6914723781905316, 0.8643122269040667, 1.0371520756176018, 1.2099919243311366, 1.3828317730446718, 1.555671621758207, 1.7285114704717417, 1.901351319185277, 2.0741911678988116, 2.247031016612347, 2.419870865325882, 2.5927107140394168, 2.765550562752952, 2.9383904114664867, 3.111230260180022, 3.284070108893557, 3.456909957607092, 3.629749806320627, 3.8025896550341622], [0.4324517424645205, 0.5191108041655795, 0.6057698658666386, 0.6924289275676976, 0.7790879892687567, 0.8657470509698157, 0.9524061126708747, 1.0390651743719337, 1.1257242360729929, 1.2123832977740518, 1.299042359475111, 1.38570142117617, 1.472360482877229, 1.559019544578288, 1.6456786062793471, 1.7323376679804061, 1.818996729681465, 1.9056557913825243, 1.9923148530835832, 2.078973914784642]], "calibration_local_y": [[0.04178031600811117, 0.04040826339817616, 0.05226577582545259, 0.05013788395486398, 0.03648452312230381, 0.03981809481166971, 0.03542916760482091, 0.021403635308712737, 0.015714693650476164, 0.01417105060726363, 0.020352107880162194, 0.03663247900753001, 0.09708740812279112, 0.13127685949416906, 0.2034189811148181, 0.25205386249987355, 0.2428658289473684, 0.1982089599333272, 0.20285446187793968, 0.20779510526315786], [0.011880885608259636, 0.011971824463816302, 0.009238646333803427, 0.01617554822123412, 0.004676147759934954, 0.004944644403682845, 0.005673492549625437, 0.0032294421482801554, 0.003493963153634365, 0.001947648008968542, 0.001871769085671438, 0.0018218086988478488, 0.001508076121378622, 0.008703435186398541, 0.02411331558388158, 0.021243920652489867, 0.06348280750231348, 0.07194477631578947, 0.3042872105263158, 0.06226615789473684]], "elpd": [-2.5021498361115047, -0.7657729401059483], "expected_improvement": [null, null], "actual_improvement": [null, [[2.604049584080758]]], "mse": [0.6311083528096946, 0.18416691633628762], "nmse": [0.635369885426083, 0.18541049569525614], "y_regret_pool": [0.03176880926061121, 0.03176880926061121, 0.03176880926061121, 0.03176880926061121, 0.03176880926061121, 0.03176880926061121, 0.03176880926061121, 0.03176880926061121, 0.03176880926061121, 0.03176880926061121, 0.03176880926061121, 0.027797708103034946, 0.027797708103034946, 0.027797708103034946, 0.01747284509333613, 0.01747284509333613, 0.01747284509333613, 0.01747284509333613, 0.01747284509333613, 0.01747284509333613, 0.01747284509333613, 0.01747284509333613, 0.01747284509333613, 0.01747284509333613, 0.01747284509333613, 0.01747284509333613, 0.01747284509333613, 0.01747284509333613, 0.01747284509333613, 0.01747284509333613, 0.01747284509333613, 0.01747284509333613, 0.01747284509333613, 0.01747284509333613, 0.01747284509333613, 0.01747284509333613, 0.01747284509333613, 0.01747284509333613, 0.01747284509333613, 0.01747284509333613, 0.01747284509333613, 0.01747284509333613, 0.01747284509333613, 0.01747284509333613, 0.01747284509333613, 0.01747284509333613, 0.01747284509333613, 0.01747284509333613, 0.01747284509333613, 0.01747284509333613, 0.01747284509333613, 0.01747284509333613, 0.01747284509333613, 0.01747284509333613, 0.01747284509333613, 0.01747284509333613, 0.01747284509333613, 0.01747284509333613, 0.01747284509333613, 0.01747284509333613, 0.01747284509333613, 0.01747284509333613, 0.01747284509333613, 0.01747284509333613, 0.01747284509333613, 0.01747284509333613, 0.01747284509333613, 0.01747284509333613, 0.01747284509333613, 0.01747284509333613, 0.01747284509333613, 0.01747284509333613, 0.01747284509333613, 0.01747284509333613, 0.01747284509333613, 0.01747284509333613, 0.01747284509333613, 0.01747284509333613, 0.01747284509333613, 0.01747284509333613, 0.01747284509333613, 0.01747284509333613, 0.01747284509333613, 0.01747284509333613, 0.01747284509333613, 0.01747284509333613, 0.01747284509333613, 0.01747284509333613, 0.01747284509333613, 0.01747284509333613, 0.01747284509333613, 0.01747284509333613, 0.01747284509333613, 0.01747284509333613, 0.01747284509333613, 0.01747284509333613, 0.01747284509333613, 0.01747284509333613, 0.01747284509333613, 0.01747284509333613, 0.01747284509333613], "y_regret_test": [0.03335724972364207, 0.03335724972364207, 0.03335724972364207, 0.03335724972364207, 0.03335724972364207, 0.03335724972364207, 0.03335724972364207, 0.03335724972364207, 0.03335724972364207, 0.03335724972364207, 0.03335724972364207, 0.029386148566065806, 0.029386148566065806, 0.029386148566065806, 0.01906128555636699, 0.01906128555636699, 0.01906128555636699, 0.01906128555636699, 0.01906128555636699, 0.01906128555636699, 0.01906128555636699, 0.01906128555636699, 0.01906128555636699, 0.01906128555636699, 0.01906128555636699, 0.01906128555636699, 0.01906128555636699, 0.01906128555636699, 0.01906128555636699, 0.01906128555636699, 0.01906128555636699, 0.01906128555636699, 0.01906128555636699, 0.01906128555636699, 0.01906128555636699, 0.01906128555636699, 0.01906128555636699, 0.01906128555636699, 0.01906128555636699, 0.01906128555636699, 0.01906128555636699, 0.01906128555636699, 0.01906128555636699, 0.01906128555636699, 0.01906128555636699, 0.01906128555636699, 0.01906128555636699, 0.01906128555636699, 0.01906128555636699, 0.01906128555636699, 0.01906128555636699, 0.01906128555636699, 0.01906128555636699, 0.01906128555636699, 0.01906128555636699, 0.01906128555636699, 0.01906128555636699, 0.01906128555636699, 0.01906128555636699, 0.01906128555636699, 0.01906128555636699, 0.01906128555636699, 0.01906128555636699, 0.01906128555636699, 0.01906128555636699, 0.01906128555636699, 0.01906128555636699, 0.01906128555636699, 0.01906128555636699, 0.01906128555636699, 0.01906128555636699, 0.01906128555636699, 0.01906128555636699, 0.01906128555636699, 0.01906128555636699, 0.01906128555636699, 0.01906128555636699, 0.01906128555636699, 0.01906128555636699, 0.01906128555636699, 0.01906128555636699, 0.01906128555636699, 0.01906128555636699, 0.01906128555636699, 0.01906128555636699, 0.01906128555636699, 0.01906128555636699, 0.01906128555636699, 0.01906128555636699, 0.01906128555636699, 0.01906128555636699, 0.01906128555636699, 0.01906128555636699, 0.01906128555636699, 0.01906128555636699, 0.01906128555636699, 0.01906128555636699, 0.01906128555636699, 0.01906128555636699, 0.01906128555636699, 0.01906128555636699], "f_regret_pool": [], "f_regret_test": [],