{"p_array": [0.001, 0.053526315789473686, 0.10605263157894737, 0.15857894736842104, 0.21110526315789474, 0.26363157894736844, 0.3161578947368421, 0.3686842105263158, 0.4212105263157895, 0.4737368421052632, 0.5262631578947369, 0.5787894736842105, 0.6313157894736842, 0.6838421052631579, 0.7363684210526316, 0.7888947368421053, 0.841421052631579, 0.8939473684210526, 0.9464736842105264, 0.999], "mean_sharpness": [-0.6677728153826854, -0.2309607728128959], "sharpness_error_true_minus_model": [], "posterior_variance": [0.23840607249388446, 0.12138748004830097], "bias_mse": [], "bias_nmse": [], "f_calibration": [], "f_calibration_mse": [], "f_calibration_nmse": [], "y_calibration": [[0.015799999237060547, 0.16940000653266907, 0.24660000205039978, 0.3075999915599823, 0.35359999537467957, 0.39879998564720154, 0.43799999356269836, 0.47540000081062317, 0.5099999904632568, 0.5447999835014343, 0.5838000178337097, 0.625, 0.6650000214576721, 0.7062000036239624, 0.7347999811172485, 0.7570000290870667, 0.7775999903678894, 0.800000011920929, 0.8384000062942505, 0.9574000239372253], [0.2858000099658966, 0.46219998598098755, 0.5157999992370605, 0.5881999731063843, 0.6489999890327454, 0.6926000118255615, 0.722599983215332, 0.7508000135421753, 0.7781999707221985, 0.796999990940094, 0.8105999827384949, 0.8217999935150146, 0.8324000239372253, 0.8416000008583069, 0.852400004863739, 0.8636000156402588, 0.8723999857902527, 0.8822000026702881, 0.8948000073432922, 0.9344000220298767]], "y_calibration_mse": [0.00838794900526145, 0.08758577157766063], "y_calibration_nmse": [0.09143453302251082, 0.9547464008896992], "calibration_local_dist_to_nearest_train_sample": [[0.5069666794009249, 0.6694584842080392, 0.8319502890151536, 0.994442093822268, 1.1569338986293825, 1.319425703436497, 1.4819175082436111, 1.6444093130507256, 1.80690111785784, 1.9693929226649545, 2.1318847274720687, 2.294376532279183, 2.4568683370862976, 2.619360141893412, 2.7818519467005265, 2.944343751507641, 3.1068355563147554, 3.26932736112187, 3.4318191659289843, 3.5943109707360987], [0.49023655928083826, 0.6375537990694492, 0.7848710388580602, 0.9321882786466711, 1.079505518435282, 1.2268227582238929, 1.374139998012504, 1.5214572378011149, 1.6687744775897257, 1.8160917173783366, 1.9634089571669477, 2.1107261969555586, 2.2580434367441695, 2.405360676532781, 2.5526779163213913, 2.6999951561100026, 2.847312395898613, 2.9946296356872244, 3.141946875475835, 3.2892641152644457]], "calibration_local_y": [[0.004213361842105264, 0.0016346973455284945, 0.002805237891523113, 0.008327960297426143, 0.005715636861059975, 0.010469184151099565, 0.013256693895168157, 0.010249110594828753, 0.015851335456976375, 0.019053434297908615, 0.015452124637295736, 0.015436139204442567, 0.009642517213894409, 0.009858527590549766, 0.01972095604163037, 0.04972137355492968, 0.10368927543296588, 0.1016935251987671, 0.13634206586038383, 0.14665065765079632], [0.0515079486055264, 0.03314032301577412, 0.04564157237408696, 0.05721981394407568, 0.06679329894593847, 0.0806897942006619, 0.07938541977784665, 0.09824080533782543, 0.08907136797647, 0.10227615899988171, 0.12282375581502183, 0.11729833805317584, 0.1363835050627295, 0.15940926646015224, 0.1747794932411076, 0.1435985451911455, 0.1503610276249874, 0.14398817968656605, 0.08233990608984731, 0.1107645710136926]], "elpd": [-1.5195565329238776, -5.0195851684347], "expected_improvement": [null, null], "actual_improvement": [null, [[0.018259326985428537]]], "mse": [0.5825471741457526, 0.8027282685019727], "nmse": [0.5770197861308688, 0.7951117340693189], "y_regret_pool": [0.07383119172368935, 0.07383119172368935, 0.07383119172368935, 0.00337400607339422, 0.00337400607339422, 0.00337400607339422, 0.00337400607339422, 0.00337400607339422, 0.00337400607339422, 0.00337400607339422, 0.000992354727468836, 0.000992354727468836, 0.000992354727468836, 0.000992354727468836, 0.000992354727468836, 0.000992354727468836, 0.000992354727468836, 0.000992354727468836, 0.000992354727468836, 0.000992354727468836, 0.000992354727468836, 0.000992354727468836, 0.000992354727468836, 0.000992354727468836, 0.000992354727468836, 0.000992354727468836, 0.0, 0.0, 0.0, 0.0, 0.0, 0.0, 0.0, 0.0, 0.0, 0.0, 0.0, 0.0, 0.0, 0.0, 0.0, 0.0, 0.0, 0.0, 0.0, 0.0, 0.0, 0.0, 0.0, 0.0, 0.0, 0.0, 0.0, 0.0, 0.0, 0.0, 0.0, 0.0, 0.0, 0.0, 0.0, 0.0, 0.0, 0.0, 0.0, 0.0, 0.0, 0.0, 0.0, 0.0, 0.0, 0.0, 0.0, 0.0, 0.0, 0.0, 0.0, 0.0, 0.0, 0.0, 0.0, 0.0, 0.0, 0.0, 0.0, 0.0, 0.0, 0.0, 0.0, 0.0, 0.0, 0.0, 0.0, 0.0, 0.0, 0.0, 0.0, 0.0, 0.0, 0.0, 0.0], "y_regret_test": [0.07621284306961496, 0.07621284306961496, 0.07621284306961496, 0.005755657419319826, 0.005755657419319826, 0.005755657419319826, 0.005755657419319826, 0.005755657419319826, 0.005755657419319826, 0.005755657419319826, 0.003374006073394442, 0.003374006073394442, 0.003374006073394442, 0.003374006073394442, 0.003374006073394442, 0.003374006073394442, 0.003374006073394442, 0.003374006073394442, 0.003374006073394442, 0.003374006073394442, 0.003374006073394442, 0.003374006073394442, 0.003374006073394442, 0.003374006073394442, 0.003374006073394442, 0.003374006073394442, 0.002381651345925606, 0.002381651345925606, 0.002381651345925606, 0.002381651345925606, 0.002381651345925606, 0.002381651345925606, 0.002381651345925606, 0.002381651345925606, 0.002381651345925606, 0.002381651345925606, 0.002381651345925606, 0.002381651345925606, 0.002381651345925606, 0.002381651345925606, 0.002381651345925606, 0.002381651345925606, 0.002381651345925606, 0.002381651345925606, 0.002381651345925606, 0.002381651345925606, 0.002381651345925606, 0.002381651345925606, 0.002381651345925606, 0.002381651345925606, 0.002381651345925606, 0.002381651345925606, 0.002381651345925606, 0.002381651345925606, 0.002381651345925606, 0.002381651345925606, 0.002381651345925606, 0.002381651345925606, 0.002381651345925606, 0.002381651345925606, 0.002381651345925606, 0.002381651345925606, 0.002381651345925606, 0.002381651345925606, 0.002381651345925606, 0.002381651345925606, 0.002381651345925606, 0.002381651345925606, 0.002381651345925606, 0.002381651345925606, 0.002381651345925606, 0.002381651345925606, 0.002381651345925606, 0.002381651345925606, 0.002381651345925606, 0.002381651345925606, 0.002381651345925606, 0.002381651345925606, 0.002381651345925606, 0.002381651345925606, 0.002381651345925606, 0.002381651345925606, 0.002381651345925606, 0.002381651345925606, 0.002381651345925606, 0.002381651345925606, 0.002381651345925606, 0.002381651345925606, 0.002381651345925606, 0.002381651345925606, 0.002381651345925606, 0.002381651345925606, 0.002381651345925606, 0.002381651345925606, 0.002381651345925606, 0.002381651345925606, 0.002381651345925606, 0.002381651345925606, 0.002381651345925606, 0.002381651345925606, 0.002381651345925606], "f_regret_pool": [], "f_regret_test": [], "x_y_opt_dist_pool": [1.5064262902757881, 1.5064262902757881, 1.5064262902757881, 1.5064262902757881, 1.255541171505468, 1.255541171505468, 1.255541171505468, 1.255541171505468, 1.255541171505468, 1.255541171505468, 1.255541171505468, 2.247365554274796, 2.247365554274796, 2.247365554274796, 2.247365554274796, 2.247365554274796, 2.247365554274796, 2.247365554274796, 2.247365554274796, 2.247365554274796, 2.247365554274796, 2.247365554274796, 2.247365554274796, 2.247365554274796, 2.247365554274796, 2.247365554274796, 2.247365554274796, 0.0, 0.0, 0.0, 0.0, 0.0, 0.0, 0.0, 0.0, 0.0, 0.0, 0.0, 0.0, 0.0, 0.0, 0.0, 0.0, 0.0, 0.0, 0.0, 0.0, 0.0, 0.0, 0.0, 0.0, 0.0, 0.0, 0.0, 0.0, 0.0, 0.0, 0.0, 0.0, 0.0, 0.0, 0.0, 0.0, 0.0, 0.0, 0.0, 0.0, 0.0, 0.0, 0.0, 0.0, 0.0, 0.0, 0.0, 0.0, 0.0, 0.0, 0.0, 0.0, 0.0, 0.0, 0.0, 0.0, 0.0, 0.0, 0.0, 0.0, 0.0, 0.0, 0.0, 0.0, 0.0, 0.0, 0.0, 0.0, 0.0, 0.0, 0.0, 0.0, 0.0, 0.0, 0.0, 0.0], "x_f_opt_dist_pool": [],