{"p_array": [0.001, 0.053526315789473686, 0.10605263157894737, 0.15857894736842104, 0.21110526315789474, 0.26363157894736844, 0.3161578947368421, 0.3686842105263158, 0.4212105263157895, 0.4737368421052632, 0.5262631578947369, 0.5787894736842105, 0.6313157894736842, 0.6838421052631579, 0.7363684210526316, 0.7888947368421053, 0.841421052631579, 0.8939473684210526, 0.9464736842105264, 0.999], "mean_sharpness": [-0.7247814592615032, -0.0336548134690551], "sharpness_error_true_minus_model": [], "posterior_variance": [0.29136085273976187, 0.07139264369195954], "bias_mse": [], "bias_nmse": [], "f_calibration": [], "f_calibration_mse": [], "f_calibration_nmse": [], "y_calibration": [[0.021800000220537186, 0.16120000183582306, 0.22120000422000885, 0.2849999964237213, 0.34060001373291016, 0.3984000086784363, 0.4408000111579895, 0.48260000348091125, 0.515999972820282, 0.5397999882698059, 0.5568000078201294, 0.5699999928474426, 0.5848000049591064, 0.604200005531311, 0.6277999877929688, 0.6502000093460083, 0.6823999881744385, 0.7120000123977661, 0.7590000033378601, 0.9017999768257141], [0.2337999939918518, 0.41920000314712524, 0.47040000557899475, 0.5081999897956848, 0.5396000146865845, 0.5666000247001648, 0.5914000272750854, 0.6132000088691711, 0.6362000107765198, 0.65420001745224, 0.670799970626831, 0.6935999989509583, 0.7134000062942505, 0.7355999946594238, 0.7591999769210815, 0.7857999801635742, 0.8155999779701233, 0.8478000164031982, 0.8784000277519226, 0.9416000247001648]], "y_calibration_mse": [0.013079357937316474, 0.04558371386335329], "y_calibration_nmse": [0.14257418404459246, 0.4968944837305372], "calibration_local_dist_to_nearest_train_sample": [[0.49433791044584213, 0.6416179168603461, 0.7888979232748501, 0.936177929689354, 1.0834579361038579, 1.230737942518362, 1.3780179489328659, 1.5252979553473698, 1.6725779617618737, 1.8198579681763776, 1.9671379745908817, 2.114417981005386, 2.2616979874198897, 2.4089779938343936, 2.5562580002488975, 2.7035380066634014, 2.8508180130779053, 2.998098019492409, 3.145378025906913, 3.2926580323214174], [0.4765559510203989, 0.6109033978252311, 0.7452508446300632, 0.8795982914348954, 1.0139457382397277, 1.14829318504456, 1.282640631849392, 1.4169880786542242, 1.5513355254590564, 1.6856829722638886, 1.8200304190687207, 1.9543778658735529, 2.088725312678385, 2.223072759483217, 2.357420206288049, 2.4917676530928814, 2.6261150998977136, 2.760462546702546, 2.894809993507378, 3.0291574403122103]], "calibration_local_y": [[0.011879688202747183, 0.02163142146295481, 0.03788883995171031, 0.02564746012638263, 0.020986030086888405, 0.021810349527995827, 0.02304044989150998, 0.0197999812989025, 0.017334611999034997, 0.01651766341288679, 0.011997613318941416, 0.014478523817974187, 0.00911157912830671, 0.012416793058691214, 0.009082762095960258, 0.0065294421238436765, 0.008267417436060838, 0.004036976726759174, 0.012837368890080372, 0.02682129358264974], [0.06130646061522845, 0.04963894618610771, 0.03813233157046332, 0.06383099888068153, 0.05904339615227182, 0.08390953078227825, 0.04937619421249455, 0.05586189627744063, 0.058507311655461004, 0.052012517662560855, 0.04452081520941066, 0.04671627195545785, 0.05751931078162973, 0.02041466107822231, 0.013401859777197146, 0.014932131689599499, 0.011477012970147474, 0.04359324996522736, 0.014253000000000002, 0.08974714966653671]], "elpd": [-2.1695299385363986, -4.427541534281212], "expected_improvement": [null, null], "actual_improvement": [null, [[0.024916010302569847]]], "mse": [0.640574008842469, 0.3902531091573176], "nmse": [0.6442824725407208, 0.3925123945302209], "y_regret_pool": [0.217520724863708, 0.09590686505354373, 0.09590686505354373, 0.09590686505354373, 0.09590686505354373, 0.09590686505354373, 0.09590686505354373, 0.09590686505354373, 0.06367424855101245, 0.06367424855101245, 0.06367424855101245, 0.06367424855101245, 0.054775673442951645, 0.03598979265926805, 0.03598979265926805, 0.03598979265926805, 0.03598979265926805, 0.03598979265926805, 0.03598979265926805, 0.03598979265926805, 0.03203487038901898, 0.03203487038901898, 0.03203487038901898, 0.03203487038901898, 0.01878588078368404, 0.01878588078368404, 0.01878588078368404, 0.01878588078368404, 0.010085051789135546, 0.010085051789135546, 0.010085051789135546, 0.010085051789135546, 0.010085051789135546, 0.010085051789135546, 0.010085051789135546, 0.010085051789135546, 0.010085051789135546, 0.010085051789135546, 0.010085051789135546, 0.010085051789135546, 0.010085051789135546, 0.010085051789135546, 0.010085051789135546, 0.010085051789135546, 0.010085051789135546, 0.010085051789135546, 0.010085051789135546, 0.010085051789135546, 0.010085051789135546, 0.010085051789135546, 0.006921113972936155, 0.006921113972936155, 0.006921113972936155, 0.006921113972936155, 0.006921113972936155, 0.006921113972936155, 0.006921113972936155, 0.006921113972936155, 0.006921113972936155, 0.006921113972936155, 0.006921113972936155, 0.006921113972936155, 0.006921113972936155, 0.006921113972936155, 0.006921113972936155, 0.006921113972936155, 0.006921113972936155, 0.006921113972936155, 0.006921113972936155, 0.006921113972936155, 0.006921113972936155, 0.006921113972936155, 0.006921113972936155, 0.006921113972936155, 0.006921113972936155, 0.006921113972936155, 0.006921113972936155, 0.006921113972936155, 0.006921113972936155, 0.006921113972936155, 0.006921113972936155, 0.006921113972936155, 0.006921113972936155, 0.006921113972936155, 0.006921113972936155, 0.0033616839297117007, 0.0033616839297117007, 0.0033616839297117007, 0.0033616839297117007, 0.0033616839297117007, 0.0033616839297117007, 0.0033616839297117007, 0.0033616839297117007, 0.0033616839297117007, 0.0033616839297117007, 0.0033616839297117007, 0.00019774611351253135, 0.00019774611351253135, 0.00019774611351253135, 0.00019774611351253135, 0.00019774611351253135],