{"p_array": [0.001, 0.053526315789473686, 0.10605263157894737, 0.15857894736842104, 0.21110526315789474, 0.26363157894736844, 0.3161578947368421, 0.3686842105263158, 0.4212105263157895, 0.4737368421052632, 0.5262631578947369, 0.5787894736842105, 0.6313157894736842, 0.6838421052631579, 0.7363684210526316, 0.7888947368421053, 0.841421052631579, 0.8939473684210526, 0.9464736842105264, 0.999], "mean_sharpness": [-0.36771669473432694, -0.4174152408485177], "sharpness_error_true_minus_model": [], "posterior_variance": [0.12929916887932438, 0.14084376065828288], "bias_mse": [], "bias_nmse": [], "f_calibration": [], "f_calibration_mse": [], "f_calibration_nmse": [], "y_calibration": [[0.01360000018030405, 0.09939999878406525, 0.15000000596046448, 0.19460000097751617, 0.23440000414848328, 0.2720000147819519, 0.30660000443458557, 0.33820000290870667, 0.3693999946117401, 0.3991999924182892, 0.4296000003814697, 0.45879998803138733, 0.4893999993801117, 0.5203999876976013, 0.5491999983787537, 0.5735999941825867, 0.6037999987602234, 0.635200023651123, 0.6615999937057495, 0.7426000237464905], [0.010599999688565731, 0.05480000004172325, 0.09300000220537186, 0.14820000529289246, 0.2093999981880188, 0.2736000120639801, 0.3476000130176544, 0.428600013256073, 0.5109999775886536, 0.6007999777793884, 0.6880000233650208, 0.7516000270843506, 0.7924000024795532, 0.8240000009536743, 0.8533999919891357, 0.8795999884605408, 0.9088000059127808, 0.9399999976158142, 0.9674000144004822, 0.9972000122070312]], "y_calibration_mse": [0.021882592874203736, 0.007995013029659812], "y_calibration_nmse": [0.2385356252785393, 0.08715125502280623], "calibration_local_dist_to_nearest_train_sample": [[0.5126890179875845, 0.6811993323671673, 0.8497096467467502, 1.018219961126333, 1.1867302755059157, 1.3552405898854987, 1.5237509042650814, 1.6922612186446642, 1.860771533024247, 2.02928184740383, 2.1977921617834126, 2.3663024761629954, 2.5348127905425786, 2.703323104922161, 2.871833419301744, 3.0403437336813264, 3.2088540480609096, 3.377364362440492, 3.545874676820075, 3.7143849911996574], [0.43357910775662944, 0.5229795119052574, 0.6123799160538853, 0.7017803202025132, 0.7911807243511412, 0.8805811284997691, 0.969981532648397, 1.059381936797025, 1.1487823409456528, 1.2381827450942808, 1.3275831492429089, 1.4169835533915367, 1.5063839575401645, 1.5957843616887926, 1.6851847658374206, 1.7745851699860484, 1.8639855741346762, 1.9533859782833043, 2.0427863824319323, 2.13218678658056]], "calibration_local_y": [[0.016127737352893627, 0.011392165296052631, 0.0064432231613265984, 0.011012118061605078, 0.0033742601320090083, 0.004267445948878251, 0.011278978746043384, 0.02307341403834843, 0.024614489697640563, 0.047395775768042984, 0.050288099616103664, 0.056518298885460574, 0.07351964332339639, 0.09368363139429134, 0.05755133996937918, 0.10070521158707102, 0.13349870755928844, 0.27225965384656375, 0.297359432088251, 0.2918372105263158], [0.024476350138719093, 0.01710290090150484, 0.013557142352682872, 0.01377862115122383, 0.013878092000779435, 0.011264141196782937, 0.014101703870339119, 0.012519993720057165, 0.0028899542292683293, 0.004354372139135493, 0.004002885240453567, 0.002286695978020803, 0.002788340137713539, 0.0015222979393837185, 0.005724481893875243, 0.009580367778632283, 0.03220497368421053, 0.026960894736842107, 0.05701352631578947, 0.08604539417684018]], "elpd": [-4.005337833034426, -0.3859230491574913], "expected_improvement": [null, null], "actual_improvement": [null, [[0.05444146531149441]]], "mse": [1.13998637464299, 0.13584886412496375], "nmse": [1.138520492378814, 0.13567417919454813], "y_regret_pool": [0.06281707535941616, 0.06281707535941616, 0.06281707535941616, 0.06281707535941616, 0.06281707535941616, 0.06281707535941616, 0.06281707535941616, 0.06281707535941616, 0.06281707535941616, 0.06281707535941616, 0.06281707535941616, 0.06281707535941616, 0.06281707535941616, 0.06281707535941616, 0.06281707535941616, 0.06281707535941616, 0.06281707535941616, 0.06281707535941616, 0.06281707535941616, 0.06281707535941616, 0.06281707535941616, 0.06281707535941616, 0.06281707535941616, 0.05563798103262596, 0.05563798103262596, 0.05563798103262596, 0.05563798103262596, 0.05563798103262596, 0.05563798103262596, 0.05563798103262596, 0.05563798103262596, 0.05563798103262596, 0.05563798103262596, 0.05563798103262596, 0.05563798103262596, 0.05563798103262596, 0.05563798103262596, 0.05563798103262596, 0.05563798103262596, 0.05563798103262596, 0.05563798103262596, 0.05563798103262596, 0.05563798103262596, 0.05563798103262596, 0.05563798103262596, 0.048458886705835535, 0.048458886705835535, 0.048458886705835535, 0.048458886705835535, 0.048458886705835535, 0.048458886705835535, 0.048458886705835535, 0.048458886705835535, 0.048458886705835535, 0.048458886705835535, 0.048458886705835535, 0.048458886705835535, 0.048458886705835535, 0.048458886705835535, 0.048458886705835535, 0.048458886705835535, 0.007378513613645277, 0.007378513613645277, 0.007378513613645277, 0.007378513613645277, 0.007378513613645277, 0.007378513613645277, 0.007378513613645277, 0.007378513613645277, 0.007378513613645277, 0.007378513613645277, 0.007378513613645277, 0.007378513613645277, 0.007378513613645277, 0.007378513613645277, 0.007378513613645277, 0.007378513613645277, 0.007378513613645277, 0.007378513613645277, 0.007378513613645277, 0.007378513613645277, 0.007378513613645277, 0.007378513613645277, 0.007378513613645277, 0.007378513613645277, 0.007378513613645277, 0.007378513613645277, 0.007378513613645277, 0.007378513613645277, 0.007378513613645277, 0.007378513613645277, 0.007378513613645277, 0.007378513613645277, 0.007378513613645277, 0.007378513613645277, 0.007378513613645277, 0.007378513613645277, 0.007378513613645277, 0.007378513613645277, 0.007378513613645277, 0.007378513613645277],