{"p_array": [0.001, 0.053526315789473686, 0.10605263157894737, 0.15857894736842104, 0.21110526315789474, 0.26363157894736844, 0.3161578947368421, 0.3686842105263158, 0.4212105263157895, 0.4737368421052632, 0.5262631578947369, 0.5787894736842105, 0.6313157894736842, 0.6838421052631579, 0.7363684210526316, 0.7888947368421053, 0.841421052631579, 0.8939473684210526, 0.9464736842105264, 0.999], "mean_sharpness": [1.2544946091971123, 1.466642756381922, 1.4287847681935713], "sharpness_error_true_minus_model": [], "posterior_variance": [0.004932495516861689, 0.0032376894644418567, 0.0034770674148012783], "bias_mse": [], "bias_nmse": [], "f_calibration": [], "f_calibration_mse": [], "f_calibration_nmse": [], "y_calibration": [[0.5382000207901001, 0.5533999800682068, 0.5573999881744385, 0.5595999956130981, 0.5605999827384949, 0.5627999901771545, 0.5637999773025513, 0.5662000179290771, 0.5669999718666077, 0.5687999725341797, 0.5708000063896179, 0.5717999935150146, 0.5727999806404114, 0.574400007724762, 0.5758000016212463, 0.5781999826431274, 0.5807999968528748, 0.5834000110626221, 0.5875999927520752, 0.6037999987602234], [0.5446000099182129, 0.557200014591217, 0.5595999956130981, 0.5618000030517578, 0.5633999705314636, 0.5651999711990356, 0.5663999915122986, 0.5672000050544739, 0.569599986076355, 0.5708000063896179, 0.5723999738693237, 0.5734000205993652, 0.5745999813079834, 0.5756000280380249, 0.5770000219345093, 0.5784000158309937, 0.5799999833106995, 0.5825999975204468, 0.5856000185012817, 0.5997999906539917], [0.5401999950408936, 0.5540000200271606, 0.5569999814033508, 0.5594000220298767, 0.5604000091552734, 0.5626000165939331, 0.5631999969482422, 0.5641999840736389, 0.5662000179290771, 0.5667999982833862, 0.5684000253677368, 0.5694000124931335, 0.5712000131607056, 0.5722000002861023, 0.5735999941825867, 0.5753999948501587, 0.5770000219345093, 0.579800009727478, 0.5825999975204468, 0.5971999764442444]], "y_calibration_mse": [0.08911068650451132, 0.09038357887336851, 0.0899009475052109], "y_calibration_nmse": [0.971369044178087, 0.9852444646487373, 0.9799834438983933], "calibration_local_dist_to_nearest_train_sample": [[0.5186325294769967, 0.6914723781905316, 0.8643122269040667, 1.0371520756176018, 1.2099919243311366, 1.3828317730446718, 1.555671621758207, 1.7285114704717417, 1.901351319185277, 2.0741911678988116, 2.247031016612347, 2.419870865325882, 2.5927107140394168, 2.765550562752952, 2.9383904114664867, 3.111230260180022, 3.284070108893557, 3.456909957607092, 3.629749806320627, 3.8025896550341622], [0.4359218844675225, 0.5260510881715835, 0.6161802918756446, 0.7063094955797056, 0.7964386992837666, 0.8865679029878277, 0.9766971066918887, 1.0668263103959497, 1.156955514100011, 1.2470847178040718, 1.337213921508133, 1.427343125212194, 1.517472328916255, 1.607601532620316, 1.697730736324377, 1.787859940028438, 1.8779891437324991, 1.9681183474365602, 2.058247551140621, 2.148376754844682], [0.4359218844675225, 0.5260510881715835, 0.6161802918756446, 0.7063094955797056, 0.7964386992837666, 0.8865679029878277, 0.9766971066918887, 1.0668263103959497, 1.156955514100011, 1.2470847178040718, 1.337213921508133, 1.427343125212194, 1.517472328916255, 1.607601532620316, 1.697730736324377, 1.787859940028438, 1.8779891437324991, 1.9681183474365602, 2.058247551140621, 2.148376754844682]], "calibration_local_y": [[0.1266561527377875, 0.16443879297881403, 0.1587111061416621, 0.14895649776595318, 0.13398985055718318, 0.13788300798725875, 0.1394676463212219, 0.11648582353383585, 0.09153535282000702, 0.08575815164927811, 0.08475636571222957, 0.09409834987482849, 0.15677963211177132, 0.19874785192574257, 0.2933364950726204, 0.3417372105263158, 0.3417372105263158, 0.3417372105263158, 0.3417372105263158, 0.3417372105263158], [0.0953453456170571, 0.10594273482004238, 0.12413339200987379, 0.09848981259104991, 0.11239270211989541, 0.10312067116228815, 0.0941584787813838, 0.09867320644421998, 0.09429879301213798, 0.08591192521511921, 0.08867030654229138, 0.09163498961641518, 0.10742013144997697, 0.14144680564989023, 0.17903059975654345, 0.25880982677864417, 0.3417372105263158, 0.3417372105263158, NaN, 0.3417372105263158], [0.09292627564354902, 0.10618670307455029, 0.12174759462318333, 0.09751396389624478, 0.11178975194862259, 0.10206141826674428, 0.09349772583858806, 0.09783251267827649, 0.09322548821246097, 0.08577353980157854, 0.08867005262716657, 0.09228770252240706, 0.10928054620551853, 0.14656269617726672, 0.17903059975654345, 0.2715004752154679, 0.3417372105263158, 0.3417372105263158, NaN, 0.3417372105263158]], "elpd": [-103.77617633068834, -163.32720661382297, -149.51550887983618], "expected_improvement": [null, null, null], "actual_improvement": [null, null, null], "mse": [0.9910541163858728, 0.9806782636347158, 0.9839887541891558], "nmse": [0.9977461676363146, 0.9873002523757247, 0.9906330968784387], "y_regret_pool": [0.03176880926061121, 0.03176880926061121, 0.03176880926061121, 0.03176880926061121, 0.03176880926061121, 0.03176880926061121, 0.03176880926061121, 0.03176880926061121, 0.03176880926061121, 0.03176880926061121, 0.03176880926061121, 0.03176880926061121, 0.03176880926061121, 0.026209267640004086, 0.026209267640004086, 0.026209267640004086, 0.026209267640004086, 0.026209267640004086, 0.026209267640004086, 0.026209267640004086, 0.026209267640004086, 0.026209267640004086, 0.026209267640004086, 0.026209267640004086, 0.026209267640004086, 0.026209267640004086, 0.026209267640004086, 0.026209267640004086, 0.026209267640004086, 0.026209267640004086, 0.026209267640004086, 0.026209267640004086, 0.026209267640004086, 0.026209267640004086, 0.026209267640004086, 0.026209267640004086, 0.026209267640004086, 0.026209267640004086, 0.026209267640004086, 0.026209267640004086, 0.026209267640004086, 0.026209267640004086, 0.026209267640004086, 0.026209267640004086, 0.026209267640004086, 0.026209267640004086, 0.026209267640004086, 0.026209267640004086, 0.026209267640004086, 0.026209267640004086, 0.026209267640004086, 0.026209267640004086, 0.026209267640004086, 0.026209267640004086, 0.026209267640004086, 0.0111190832412138, 0.0111190832412138, 0.0111190832412138, 0.0111190832412138, 0.0111190832412138, 0.0111190832412138, 0.0111190832412138, 0.0111190832412138, 0.0111190832412138, 0.0111190832412138, 0.0111190832412138, 0.0111190832412138, 0.0111190832412138, 0.0111190832412138, 0.0111190832412138, 0.0111190832412138, 0.0111190832412138, 0.0111190832412138, 0.0111190832412138, 0.0111190832412138, 0.0111190832412138, 0.0111190832412138, 0.0111190832412138, 0.0111190832412138, 0.0111190832412138, 0.0111190832412138, 0.0111190832412138, 0.0111190832412138, 0.0111190832412138, 0.0111190832412138, 0.0111190832412138, 0.0111190832412138, 0.0111190832412138, 0.0111190832412138, 0.0111190832412138, 0.0111190832412138, 0.0111190832412138, 0.0111190832412138, 0.0111190832412138, 0.0111190832412138, 0.0111190832412138, 0.0111190832412138, 0.0111190832412138, 0.0111190832412138, 0.0111190832412138, 0.0111190832412138, 0.0111190832412138],