{"p_array": [0.001, 0.053526315789473686, 0.10605263157894737, 0.15857894736842104, 0.21110526315789474, 0.26363157894736844, 0.3161578947368421, 0.3686842105263158, 0.4212105263157895, 0.4737368421052632, 0.5262631578947369, 0.5787894736842105, 0.6313157894736842, 0.6838421052631579, 0.7363684210526316, 0.7888947368421053, 0.841421052631579, 0.8939473684210526, 0.9464736842105264, 0.999], "mean_sharpness": [-1.3687926827002546, -0.772694452227568, -0.772694452227568], "sharpness_error_true_minus_model": [], "posterior_variance": [0.9045735145406147, 0.2770833981584211, 0.2770833981584211], "bias_mse": [], "bias_nmse": [], "f_calibration": [], "f_calibration_mse": [], "f_calibration_nmse": [], "y_calibration": [[0.0, 0.0, 0.07819999754428864, 0.3068000078201294, 0.41260001063346863, 0.4666000008583069, 0.5058000087738037, 0.5343999862670898, 0.5582000017166138, 0.5794000029563904, 0.5996000170707703, 0.6182000041007996, 0.6362000107765198, 0.6570000052452087, 0.6765999794006348, 0.6941999793052673, 0.722599983215332, 0.7724000215530396, 1.0, 1.0], [0.0, 0.028599999845027924, 0.07940000295639038, 0.13819999992847443, 0.19419999420642853, 0.25940001010894775, 0.3230000138282776, 0.38359999656677246, 0.44760000705718994, 0.5127999782562256, 0.579200029373169, 0.6466000080108643, 0.6998000144958496, 0.7594000101089478, 0.8055999875068665, 0.8564000129699707, 0.8985999822616577, 0.9369999766349792, 0.9746000170707703, 1.0], [0.0, 0.028599999845027924, 0.07940000295639038, 0.13819999992847443, 0.19419999420642853, 0.25940001010894775, 0.3230000138282776, 0.38359999656677246, 0.44760000705718994, 0.5127999782562256, 0.579200029373169, 0.6466000080108643, 0.6998000144958496, 0.7594000101089478, 0.8055999875068665, 0.8564000129699707, 0.8985999822616577, 0.9369999766349792, 0.9746000170707703, 1.0]], "y_calibration_mse": [0.01263688873708702, 0.001880399747669148, 0.001880399747669148], "y_calibration_nmse": [0.13775095912102095, 0.02049767740790129, 0.02049767740790129], "calibration_local_dist_to_nearest_train_sample": [[0.4869501588052503, 0.6286464202047508, 0.7703426816042513, 0.9120389430037519, 1.0537352044032524, 1.195431465802753, 1.3371277272022535, 1.478823988601754, 1.6205202500012545, 1.762216511400755, 1.9039127728002556, 2.045609034199756, 2.1873052955992565, 2.329001556998757, 2.4706978183982575, 2.6123940797977583, 2.754090341197259, 2.8957866025967594, 3.0374828639962597, 3.1791791253957604], [0.43136861028741263, 0.5174833231690757, 0.6035980360507389, 0.689712748932402, 0.775827461814065, 0.8619421746957282, 0.9480568875773914, 1.0341716004590544, 1.1202863133407175, 1.2064010262223808, 1.2925157391040438, 1.3786304519857069, 1.46474516486737, 1.5508598777490332, 1.6369745906306963, 1.7230893035123593, 1.8092040163940224, 1.8953187292756855, 1.9814334421573487, 2.067548155039012], [0.43136861028741263, 0.5174833231690757, 0.6035980360507389, 0.689712748932402, 0.775827461814065, 0.8619421746957282, 0.9480568875773914, 1.0341716004590544, 1.1202863133407175, 1.2064010262223808, 1.2925157391040438, 1.3786304519857069, 1.46474516486737, 1.5508598777490332, 1.6369745906306963, 1.7230893035123593, 1.8092040163940224, 1.8953187292756855, 1.9814334421573487, 2.067548155039012]], "calibration_local_y": [[0.00999130381957779, 0.013500635271147202, 0.008796629251619831, 0.014526166338674157, 0.020134389868759487, 0.019709790357741362, 0.0166759927950378, 0.021188508869276885, 0.01564866677072456, 0.022205195566140232, 0.012047132193609516, 0.013007507040521227, 0.015520501346339342, 0.015965936475597818, 0.018846230605630926, 0.02702737792232828, 0.015364563703262196, 0.06417668154878686, 0.1508809227087139, 0.08195256707894231], [0.009536693375584224, 0.0025533269385866093, 0.003348298898798799, 0.0011620026083633355, 0.000762851916702201, 0.003014548877364824, 0.0019017288145570595, 0.0018106278483060547, 0.0012170495786335458, 0.001416948002430207, 0.0032253190007103657, 0.002303973626437857, 0.00362524873953935, 0.009021745297071015, 0.005678563635559817, 0.004846586705322977, 0.03401972511826529, 0.04955291776315789, 0.03013826598850376, 0.05216995991726651], [0.009536693375584224, 0.0025533269385866093, 0.003348298898798799, 0.0011620026083633355, 0.000762851916702201, 0.003014548877364824, 0.0019017288145570595, 0.0018106278483060547, 0.0012170495786335458, 0.001416948002430207, 0.0032253190007103657, 0.002303973626437857, 0.00362524873953935, 0.009021745297071015, 0.005678563635559817, 0.004846586705322977, 0.03401972511826529, 0.04955291776315789, 0.03013826598850376, 0.05216995991726651]], "elpd": [-1.4210797035985758, -0.6245663721665241, -0.6245663721665241], "expected_improvement": [null, null, null], "actual_improvement": [null, null, null], "mse": [0.9991684230583207, 0.19817486283465632, 0.19817486283465632], "nmse": [1.0095363115279792, 0.20023122773565127, 0.20023122773565127], "y_regret_pool": [0.13975357454785997, 0.13975357454785997, 0.13975357454785997, 0.1317904079069563, 0.1317904079069563, 0.02050515410032694, 0.02050515410032694, 0.02050515410032694, 0.02050515410032694, 0.02050515410032694, 0.02050515410032694, 0.02050515410032694, 0.02050515410032694, 0.02050515410032694, 0.02050515410032694, 0.02050515410032694, 0.02050515410032694, 0.02050515410032694, 0.02050515410032694, 0.02050515410032694, 0.02050515410032694, 0.02050515410032694, 0.02050515410032694, 0.02050515410032694, 0.02050515410032694, 0.02050515410032694, 0.02050515410032694, 0.02050515410032694, 0.02050515410032694, 0.02050515410032694, 0.02050515410032694, 0.02050515410032694, 0.02050515410032694, 0.02050515410032694, 0.02050515410032694, 0.02050515410032694, 0.02050515410032694, 0.02050515410032694, 0.02050515410032694, 0.02050515410032694, 0.02050515410032694, 0.02050515410032694, 0.02050515410032694, 0.02050515410032694, 0.02050515410032694, 0.02050515410032694, 0.02050515410032694, 0.02050515410032694, 0.02050515410032694, 0.02050515410032694, 0.02050515410032694, 0.02050515410032694, 0.02050515410032694, 0.02050515410032694, 0.02050515410032694, 0.02050515410032694, 0.02050515410032694, 0.02050515410032694, 0.02050515410032694, 0.02050515410032694, 0.02050515410032694, 0.02050515410032694, 0.02050515410032694, 0.02050515410032694, 0.02050515410032694, 0.02050515410032694, 0.02050515410032694, 0.02050515410032694, 0.02050515410032694, 0.02050515410032694, 0.02050515410032694, 0.02050515410032694, 0.02050515410032694, 0.02050515410032694, 0.02050515410032694, 0.02050515410032694, 0.02050515410032694, 0.02050515410032694, 0.02050515410032694, 0.02050515410032694, 0.02050515410032694, 0.02050515410032694, 0.02050515410032694, 0.02050515410032694, 0.02050515410032694, 0.02050515410032694, 0.02050515410032694, 0.02050515410032694, 0.02050515410032694, 0.02050515410032694, 0.02050515410032694, 0.02050515410032694, 0.02050515410032694, 0.02050515410032694, 0.02050515410032694, 0.02050515410032694, 0.02050515410032694, 0.02050515410032694, 0.02050515410032694, 0.02050515410032694, 0.02050515410032694, 0.02050515410032694],