{"p_array": [0.001, 0.053526315789473686, 0.10605263157894737, 0.15857894736842104, 0.21110526315789474, 0.26363157894736844, 0.3161578947368421, 0.3686842105263158, 0.4212105263157895, 0.4737368421052632, 0.5262631578947369, 0.5787894736842105, 0.6313157894736842, 0.6838421052631579, 0.7363684210526316, 0.7888947368421053, 0.841421052631579, 0.8939473684210526, 0.9464736842105264, 0.999], "mean_sharpness": [-0.36771669473432694, -0.3216811011951236, -0.3216811011951236], "sharpness_error_true_minus_model": [], "posterior_variance": [0.12929916887932438, 0.11733958721445582, 0.11733958721445582], "bias_mse": [], "bias_nmse": [], "f_calibration": [], "f_calibration_mse": [], "f_calibration_nmse": [], "y_calibration": [[0.01360000018030405, 0.09939999878406525, 0.15000000596046448, 0.19460000097751617, 0.23440000414848328, 0.2720000147819519, 0.30660000443458557, 0.33820000290870667, 0.3693999946117401, 0.3991999924182892, 0.4296000003814697, 0.45879998803138733, 0.4893999993801117, 0.5203999876976013, 0.5491999983787537, 0.5735999941825867, 0.6037999987602234, 0.635200023651123, 0.6615999937057495, 0.7426000237464905], [0.012600000016391277, 0.07100000232458115, 0.11840000003576279, 0.17560000717639923, 0.23240000009536743, 0.28760001063346863, 0.34459999203681946, 0.40119999647140503, 0.46239998936653137, 0.5332000255584717, 0.6133999824523926, 0.6876000165939331, 0.7419999837875366, 0.7807999849319458, 0.8101999759674072, 0.8360000252723694, 0.866599977016449, 0.8978000283241272, 0.9344000220298767, 0.993399977684021], [0.012600000016391277, 0.07100000232458115, 0.11840000003576279, 0.17560000717639923, 0.23240000009536743, 0.28760001063346863, 0.34459999203681946, 0.40119999647140503, 0.46239998936653137, 0.5332000255584717, 0.6133999824523926, 0.6876000165939331, 0.7419999837875366, 0.7807999849319458, 0.8101999759674072, 0.8360000252723694, 0.866599977016449, 0.8978000283241272, 0.9344000220298767, 0.993399977684021]], "y_calibration_mse": [0.021882592874203736, 0.0029294514882241126, 0.0029294514882241126], "y_calibration_nmse": [0.2385356252785393, 0.03193307787992712, 0.03193307787992712], "calibration_local_dist_to_nearest_train_sample": [[0.5126890179875845, 0.6811993323671673, 0.8497096467467502, 1.018219961126333, 1.1867302755059157, 1.3552405898854987, 1.5237509042650814, 1.6922612186446642, 1.860771533024247, 2.02928184740383, 2.1977921617834126, 2.3663024761629954, 2.5348127905425786, 2.703323104922161, 2.871833419301744, 3.0403437336813264, 3.2088540480609096, 3.377364362440492, 3.545874676820075, 3.7143849911996574], [0.44245602891212904, 0.5407333542162566, 0.6390106795203842, 0.7372880048245116, 0.8355653301286392, 0.9338426554327668, 1.0321199807368941, 1.1303973060410217, 1.2286746313451493, 1.326951956649277, 1.4252292819534045, 1.523506607257532, 1.6217839325616596, 1.720061257865787, 1.8183385831699146, 1.9166159084740422, 2.01489323377817, 2.113170559082297, 2.2114478843864247, 2.3097252096905523], [0.44245602891212904, 0.5407333542162566, 0.6390106795203842, 0.7372880048245116, 0.8355653301286392, 0.9338426554327668, 1.0321199807368941, 1.1303973060410217, 1.2286746313451493, 1.326951956649277, 1.4252292819534045, 1.523506607257532, 1.6217839325616596, 1.720061257865787, 1.8183385831699146, 1.9166159084740422, 2.01489323377817, 2.113170559082297, 2.2114478843864247, 2.3097252096905523]], "calibration_local_y": [[0.016127737352893627, 0.011392165296052631, 0.0064432231613265984, 0.011012118061605078, 0.0033742601320090083, 0.004267445948878251, 0.011278978746043384, 0.02307341403834843, 0.024614489697640563, 0.047395775768042984, 0.050288099616103664, 0.056518298885460574, 0.07351964332339639, 0.09368363139429134, 0.05755133996937918, 0.10070521158707102, 0.13349870755928844, 0.27225965384656375, 0.297359432088251, 0.2918372105263158], [0.00879738409639145, 0.005640630016343464, 0.003114198874748651, 0.005565077461504111, 0.0031869419382152845, 0.003331828451775951, 0.004119074726731465, 0.0012447593768045505, 0.00207772940670264, 0.0031226799752038055, 0.0022919377341955134, 0.0058994355559033205, 0.018806176795387163, 0.009314328125, 0.022006568389253373, 0.07818672485651465, 0.03235931648427569, 0.0896108947368421, NaN, 0.08173194736842104], [0.00879738409639145, 0.005640630016343464, 0.003114198874748651, 0.005565077461504111, 0.0031869419382152845, 0.003331828451775951, 0.004119074726731465, 0.0012447593768045505, 0.00207772940670264, 0.0031226799752038055, 0.0022919377341955134, 0.0058994355559033205, 0.018806176795387163, 0.009314328125, 0.022006568389253373, 0.07818672485651465, 0.03235931648427569, 0.0896108947368421, NaN, 0.08173194736842104]], "elpd": [-4.005337833034426, -0.4574989934807305, -0.4574989934807305], "expected_improvement": [null, null, null], "actual_improvement": [null, null, null], "mse": [1.13998637464299, 0.14566692546618296, 0.14566692546618296], "nmse": [1.138520492378814, 0.14547961571646353, 0.14547961571646353], "y_regret_pool": [0.06281707535941616, 0.06281707535941616, 0.06281707535941616, 0.06281707535941616, 0.06281707535941616, 0.06281707535941616, 0.06281707535941616, 0.05842985104859988, 0.05842985104859988, 0.05842985104859988, 0.05842985104859988, 0.05842985104859988, 0.05842985104859988, 0.05842985104859988, 0.05842985104859988, 0.05842985104859988, 0.05842985104859988, 0.05842985104859988, 0.05842985104859988, 0.05842985104859988, 0.05842985104859988, 0.05842985104859988, 0.05842985104859988, 0.05842985104859988, 0.05842985104859988, 0.05842985104859988, 0.05842985104859988, 0.05842985104859988, 0.05842985104859988, 0.05842985104859988, 0.05842985104859988, 0.05842985104859988, 0.05842985104859988, 0.05842985104859988, 0.05842985104859988, 0.05842985104859988, 0.05842985104859988, 0.05842985104859988, 0.05842985104859988, 0.05842985104859988, 0.05842985104859988, 0.05842985104859988, 0.05842985104859988, 0.05842985104859988, 0.05842985104859988, 0.05842985104859988, 0.05842985104859988, 0.05842985104859988, 0.05842985104859988, 0.05842985104859988, 0.05842985104859988, 0.05842985104859988, 0.04447050096872962, 0.04447050096872962, 0.04447050096872962, 0.04447050096872962, 0.04447050096872962, 0.04447050096872962, 0.04447050096872962, 0.04447050096872962, 0.04447050096872962, 0.04447050096872962, 0.04447050096872962, 0.04447050096872962, 0.04447050096872962, 0.04447050096872962, 0.04447050096872962, 0.04447050096872962, 0.04447050096872962, 0.04447050096872962, 0.04447050096872962, 0.04447050096872962, 0.0213378636935162, 0.0213378636935162, 0.0213378636935162, 0.0213378636935162, 0.0213378636935162, 0.0213378636935162, 0.0213378636935162, 0.0213378636935162, 0.0213378636935162, 0.0213378636935162, 0.0213378636935162, 0.0213378636935162, 0.0213378636935162, 0.0213378636935162, 0.0213378636935162, 0.0213378636935162, 0.0213378636935162, 0.0213378636935162, 0.0213378636935162, 0.0213378636935162, 0.0213378636935162, 0.0213378636935162, 0.0213378636935162, 0.0213378636935162, 0.0213378636935162, 0.0213378636935162, 0.0213378636935162, 0.0213378636935162, 0.0213378636935162, 0.0213378636935162],