{"p_array": [0.001, 0.053526315789473686, 0.10605263157894737, 0.15857894736842104, 0.21110526315789474, 0.26363157894736844, 0.3161578947368421, 0.3686842105263158, 0.4212105263157895, 0.4737368421052632, 0.5262631578947369, 0.5787894736842105, 0.6313157894736842, 0.6838421052631579, 0.7363684210526316, 0.7888947368421053, 0.841421052631579, 0.8939473684210526, 0.9464736842105264, 0.999], "mean_sharpness": [-1.431390370115572, -0.5107551853035635, -0.5107551853035635], "sharpness_error_true_minus_model": [], "posterior_variance": [1.0252163605940763, 0.16936658671216512, 0.16936658671216512], "bias_mse": [], "bias_nmse": [], "f_calibration": [], "f_calibration_mse": [], "f_calibration_nmse": [], "y_calibration": [[0.0, 0.0, 0.0, 0.0, 0.10599999874830246, 0.2818000018596649, 0.38199999928474426, 0.43320000171661377, 0.4742000102996826, 0.5055999755859375, 0.5342000126838684, 0.5564000010490417, 0.5788000226020813, 0.5989999771118164, 0.6230000257492065, 0.6456000208854675, 0.6723999977111816, 0.70660001039505, 0.8101999759674072, 1.0], [0.00839999970048666, 0.0835999995470047, 0.13500000536441803, 0.1850000023841858, 0.24860000610351562, 0.3163999915122986, 0.3806000053882599, 0.4440000057220459, 0.5054000020027161, 0.5640000104904175, 0.6194000244140625, 0.6700000166893005, 0.7200000286102295, 0.7653999924659729, 0.7983999848365784, 0.8324000239372253, 0.8654000163078308, 0.8944000005722046, 0.923799991607666, 0.9860000014305115], [0.00839999970048666, 0.0835999995470047, 0.13500000536441803, 0.1850000023841858, 0.24860000610351562, 0.3163999915122986, 0.3806000053882599, 0.4440000057220459, 0.5054000020027161, 0.5640000104904175, 0.6194000244140625, 0.6700000166893005, 0.7200000286102295, 0.7653999924659729, 0.7983999848365784, 0.8324000239372253, 0.8654000163078308, 0.8944000005722046, 0.923799991607666, 0.9860000014305115]], "y_calibration_mse": [0.009455157452616287, 0.003512773562820684, 0.003512773562820684], "y_calibration_nmse": [0.10306785434579978, 0.0382916980216333, 0.0382916980216333], "calibration_local_dist_to_nearest_train_sample": [[0.4987223717356208, 0.6563415065352174, 0.8139606413348139, 0.9715797761344106, 1.129198910934007, 1.2868180457336038, 1.4444371805332006, 1.602056315332797, 1.7596754501323937, 1.91729458493199, 2.074913719731587, 2.2325328545311836, 2.39015198933078, 2.5477711241303767, 2.705390258929973, 2.8630093937295698, 3.0206285285291665, 3.178247663328763, 3.3358667981283596, 3.4934859329279564], [0.432058359067815, 0.5230134811996059, 0.6139686033313969, 0.7049237254631878, 0.7958788475949787, 0.8868339697267698, 0.9777890918585607, 1.0687442139903516, 1.1596993361221424, 1.2506544582539334, 1.3416095803857244, 1.4325647025175154, 1.5235198246493062, 1.6144749467810973, 1.705430068912888, 1.796385191044679, 1.88734031317647, 1.978295435308261, 2.0692505574400517, 2.1602056795718427], [0.432058359067815, 0.5230134811996059, 0.6139686033313969, 0.7049237254631878, 0.7958788475949787, 0.8868339697267698, 0.9777890918585607, 1.0687442139903516, 1.1596993361221424, 1.2506544582539334, 1.3416095803857244, 1.4325647025175154, 1.5235198246493062, 1.6144749467810973, 1.705430068912888, 1.796385191044679, 1.88734031317647, 1.978295435308261, 2.0692505574400517, 2.1602056795718427]], "calibration_local_y": [[0.026922685902336867, 0.012077211946326166, 0.021931450400929798, 0.014599486972758502, 0.008683946073633094, 0.00899519079642935, 0.006423229356550229, 0.009713158150437298, 0.00801204796175747, 0.010740047809227788, 0.010490710183484606, 0.008517194152777855, 0.016951958479101387, 0.033242193985339445, 0.040166695978435314, 0.09866155379357315, 0.16087211836709833, 0.264031555262234, 0.2918372105263158, 0.2918372105263158], [0.005465420951649628, 0.006511431731260828, 0.001232857803549979, 0.004084517239153261, 0.0012386174443998641, 0.007462978838105619, 0.0015064958076944786, 0.003219773286438114, 0.003752710382157548, 0.003084427351135689, 0.004433105753280998, 0.004833809981401725, 0.015890778168694206, 0.02311509235998076, 0.04195859056440807, 0.0337235269235923, 0.08433157783480336, 0.16449569416564053, 0.17365300000000003, 0.1447635263157895], [0.005465420951649628, 0.006511431731260828, 0.001232857803549979, 0.004084517239153261, 0.0012386174443998641, 0.007462978838105619, 0.0015064958076944786, 0.003219773286438114, 0.003752710382157548, 0.003084427351135689, 0.004433105753280998, 0.004833809981401725, 0.015890778168694206, 0.02311509235998076, 0.04195859056440807, 0.0337235269235923, 0.08433157783480336, 0.16449569416564053, 0.17365300000000003, 0.1447635263157895]], "elpd": [-1.452215136376126, -0.7144894425747792, -0.7144894425747792], "expected_improvement": [null, null, null], "actual_improvement": [null, null, null], "mse": [1.0679161427458113, 0.255051344072362, 0.255051344072362], "nmse": [1.0721333379688993, 0.25605854048677207, 0.25605854048677207], "y_regret_pool": [0.05367168130955924, 0.05367168130955924, 0.05367168130955924, 0.05367168130955924, 0.05367168130955924, 0.05367168130955924, 0.05367168130955924, 0.05367168130955924, 0.05367168130955924, 0.05367168130955924, 0.05367168130955924, 0.05367168130955924, 0.05367168130955924, 0.05367168130955924, 0.05367168130955924, 0.05367168130955924, 0.05367168130955924, 0.05367168130955924, 0.05367168130955924, 0.05367168130955924, 0.05367168130955924, 0.05367168130955924, 0.04452761708644948, 0.04452761708644948, 0.04452761708644948, 0.04452761708644948, 0.04452761708644948, 0.04452761708644948, 0.04452761708644948, 0.04452761708644948, 0.04452761708644948, 0.04452761708644948, 0.04452761708644948, 0.04452761708644948, 0.04452761708644948, 0.04452761708644948, 0.04452761708644948, 0.04452761708644948, 0.04452761708644948, 0.04452761708644948, 0.04452761708644948, 0.04452761708644948, 0.04452761708644948, 0.04452761708644948, 0.04452761708644948, 0.04452761708644948, 0.04452761708644948, 0.04452761708644948, 0.04452761708644948, 0.04452761708644948, 0.04452761708644948, 0.04452761708644948, 0.04452761708644948, 0.04452761708644948, 0.04452761708644948, 0.04452761708644948, 0.04452761708644948, 0.04452761708644948, 0.04452761708644948, 0.04452761708644948, 0.04452761708644948, 0.04452761708644948, 0.04452761708644948, 0.04452761708644948, 0.04452761708644948, 0.04452761708644948, 0.04452761708644948, 0.04452761708644948, 0.04452761708644948, 0.04452761708644948, 0.04452761708644948, 0.04452761708644948, 0.04452761708644948, 0.04452761708644948, 0.04452761708644948, 0.04452761708644948, 0.04452761708644948, 0.04452761708644948, 0.04015436897974478, 0.04015436897974478, 0.04015436897974478, 0.04015436897974478, 0.04015436897974478, 0.04015436897974478, 0.04015436897974478, 0.04015436897974478, 0.04015436897974478, 0.04015436897974478, 0.012324608300713802, 0.012324608300713802, 0.012324608300713802, 0.012324608300713802, 0.012324608300713802, 0.012324608300713802, 0.012324608300713802, 0.012324608300713802, 0.012324608300713802, 0.012324608300713802, 0.012324608300713802, 0.012324608300713802, 0.012324608300713802, 0.012324608300713802],