{"p_array": [0.001, 0.053526315789473686, 0.10605263157894737, 0.15857894736842104, 0.21110526315789474, 0.26363157894736844, 0.3161578947368421, 0.3686842105263158, 0.4212105263157895, 0.4737368421052632, 0.5262631578947369, 0.5787894736842105, 0.6313157894736842, 0.6838421052631579, 0.7363684210526316, 0.7888947368421053, 0.841421052631579, 0.8939473684210526, 0.9464736842105264, 0.999], "mean_sharpness": [-0.5513633155338471, -0.07828770385641205], "sharpness_error_true_minus_model": [], "posterior_variance": [0.2121179337596447, 0.07489026617446108], "bias_mse": [], "bias_nmse": [], "f_calibration": [], "f_calibration_mse": [], "f_calibration_nmse": [], "y_calibration": [[0.026799999177455902, 0.09080000221729279, 0.12700000405311584, 0.15960000455379486, 0.19339999556541443, 0.22679999470710754, 0.26899999380111694, 0.30660000443458557, 0.34360000491142273, 0.3831999897956848, 0.41780000925064087, 0.451200008392334, 0.48420000076293945, 0.510200023651123, 0.5325999855995178, 0.553600013256073, 0.5776000022888184, 0.6043999791145325, 0.6380000114440918, 0.7811999917030334], [0.03799999877810478, 0.19939999282360077, 0.28139999508857727, 0.3434000015258789, 0.3977999985218048, 0.44279998540878296, 0.48159998655319214, 0.5156000256538391, 0.5461999773979187, 0.5681999921798706, 0.5866000056266785, 0.6000000238418579, 0.6111999750137329, 0.6251999735832214, 0.6394000053405762, 0.6582000255584717, 0.6764000058174133, 0.7003999948501587, 0.7360000014305115, 0.8507999777793884]], "y_calibration_mse": [0.02486093498055359, 0.01966918912759961], "y_calibration_nmse": [0.2710016452203108, 0.21440797049259847], "calibration_local_dist_to_nearest_train_sample": [[0.48706660928289025, 0.6299368491290879, 0.7728070889752855, 0.9156773288214831, 1.0585475686676808, 1.2014178085138782, 1.344288048360076, 1.4871582882062735, 1.6300285280524713, 1.7728987678986687, 1.9157690077448666, 2.058639247591064, 2.201509487437262, 2.3443797272834592, 2.487249967129657, 2.6301202069758545, 2.772990446822052, 2.9158606866682497, 3.0587309265144476, 3.201601166360645], [0.47511021335323483, 0.606024057269777, 0.7369379011863193, 0.8678517451028614, 0.9987655890194037, 1.1296794329359459, 1.2605932768524881, 1.3915071207690302, 1.5224209646855726, 1.6533348086021147, 1.7842486525186567, 1.9151624964351992, 2.0460763403517412, 2.1769901842682833, 2.3079040281848258, 2.438817872101368, 2.56973171601791, 2.7006455599344523, 2.8315594038509944, 2.962473247767537]], "calibration_local_y": [[0.06876352858139344, 0.015651144308167296, 0.010228128065854497, 0.01247641198537931, 0.014769058700779509, 0.009591875224280788, 0.009128141762221625, 0.01929067062047948, 0.020964256955359476, 0.030690902499983325, 0.037035593869481395, 0.03605701300214077, 0.055276231433167525, 0.05009505758537634, 0.061589417577320484, 0.11145322625601355, 0.19277901703507977, 0.20606249415636096, 0.2174855657894737, 0.28990153762436155], [0.05994646982771471, 0.05364817757994297, 0.06315403479469385, 0.051033830688164264, 0.04226544598250635, 0.06075911579624976, 0.05454718982925849, 0.04692957255967857, 0.03245758712655481, 0.03043447939869513, 0.0432256706509484, 0.0947628301642083, 0.11022640190669886, 0.13414882433941858, 0.13638446968015808, 0.11430381218385058, 0.1184336885321208, 0.060626574195752694, 0.20779510526315786, 0.03036878947368421]], "elpd": [-3.554553817457863, -2.9025973527098046], "expected_improvement": [null, null], "actual_improvement": [null, [[0.022540855543885296]]], "mse": [0.7945330210039312, 0.39784064350215165], "nmse": [0.8035462946978766, 0.4023537933797104], "y_regret_pool": [0.02432039677103437, 0.02432039677103437, 0.02432039677103437, 0.02432039677103437, 0.02432039677103437, 0.02432039677103437, 0.02432039677103437, 0.02432039677103437, 0.02432039677103437, 0.013247695802108161, 0.013247695802108161, 0.013247695802108161, 0.013247695802108161, 0.013247695802108161, 0.013247695802108161, 0.013247695802108161, 0.013247695802108161, 0.013247695802108161, 0.013247695802108161, 0.013247695802108161, 0.013247695802108161, 0.013247695802108161, 0.013247695802108161, 0.013247695802108161, 0.013247695802108161, 0.013247695802108161, 0.013247695802108161, 0.013247695802108161, 0.013247695802108161, 0.013247695802108161, 0.013247695802108161, 0.013247695802108161, 0.013247695802108161, 0.013247695802108161, 0.013247695802108161, 0.013247695802108161, 0.013247695802108161, 0.012654515393058618, 0.012654515393058618, 0.012654515393058618, 0.012654515393058618, 0.012654515393058618, 0.012654515393058618, 0.012654515393058618, 0.005734077287479877, 0.005734077287479877, 0.005734077287479877, 0.005734077287479877, 0.005734077287479877, 0.005734077287479877, 0.005734077287479877, 0.005734077287479877, 0.005734077287479877, 0.005734077287479877, 0.005734077287479877, 0.005734077287479877, 0.005734077287479877, 0.005734077287479877, 0.005734077287479877, 0.005734077287479877, 0.005734077287479877, 0.005734077287479877, 0.005734077287479877, 0.005734077287479877, 0.005734077287479877, 0.005734077287479877, 0.005734077287479877, 0.005734077287479877, 0.005734077287479877, 0.004152262863347467, 0.004152262863347467, 0.004152262863347467, 0.004152262863347467, 0.004152262863347467, 0.004152262863347467, 0.004152262863347467, 0.004152262863347467, 0.004152262863347467, 0.004152262863347467, 0.004152262863347467, 0.004152262863347467, 0.004152262863347467, 0.004152262863347467, 0.004152262863347467, 0.004152262863347467, 0.004152262863347467, 0.004152262863347467, 0.004152262863347467, 0.004152262863347467, 0.0, 0.0, 0.0, 0.0, 0.0, 0.0, 0.0, 0.0, 0.0, 0.0, 0.0, 0.0], "y_regret_test": [0.02689084521024898, 0.02689084521024898, 0.02689084521024898, 0.02689084521024898, 0.02689084521024898, 0.02689084521024898, 0.02689084521024898, 0.02689084521024898, 0.02689084521024898, 0.015818144241322774, 0.015818144241322774, 0.015818144241322774, 0.015818144241322774, 0.015818144241322774, 0.015818144241322774, 0.015818144241322774, 0.015818144241322774, 0.015818144241322774, 0.015818144241322774, 0.015818144241322774, 0.015818144241322774, 0.015818144241322774, 0.015818144241322774, 0.015818144241322774, 0.015818144241322774, 0.015818144241322774, 0.015818144241322774, 0.015818144241322774, 0.015818144241322774, 0.015818144241322774, 0.015818144241322774, 0.015818144241322774, 0.015818144241322774, 0.015818144241322774, 0.015818144241322774, 0.015818144241322774, 0.015818144241322774, 0.01522496383227323, 0.01522496383227323, 0.01522496383227323, 0.01522496383227323, 0.01522496383227323, 0.01522496383227323, 0.01522496383227323, 0.00830452572669449, 0.00830452572669449, 0.00830452572669449, 0.00830452572669449, 0.00830452572669449, 0.00830452572669449, 0.00830452572669449, 0.00830452572669449, 0.00830452572669449, 0.00830452572669449, 0.00830452572669449, 0.00830452572669449, 0.00830452572669449, 0.00830452572669449, 0.00830452572669449, 0.00830452572669449, 0.00830452572669449, 0.00830452572669449, 0.00830452572669449, 0.00830452572669449, 0.00830452572669449, 0.00830452572669449, 0.00830452572669449, 0.00830452572669449, 0.00830452572669449, 0.006722711302562079, 0.006722711302562079, 0.006722711302562079, 0.006722711302562079, 0.006722711302562079, 0.006722711302562079, 0.006722711302562079, 0.006722711302562079, 0.006722711302562079, 0.006722711302562079, 0.006722711302562079, 0.006722711302562079, 0.006722711302562079, 0.006722711302562079, 0.006722711302562079, 0.006722711302562079, 0.006722711302562079, 0.006722711302562079, 0.006722711302562079, 0.006722711302562079, 0.002570448439214612, 0.002570448439214612, 0.002570448439214612, 0.002570448439214612, 0.002570448439214612, 0.002570448439214612, 0.002570448439214612, 0.002570448439214612, 0.002570448439214612, 0.002570448439214612, 0.002570448439214612, 0.002570448439214612], "f_regret_pool": [], "f_regret_test": [],