{"p_array": [0.001, 0.053526315789473686, 0.10605263157894737, 0.15857894736842104, 0.21110526315789474, 0.26363157894736844, 0.3161578947368421, 0.3686842105263158, 0.4212105263157895, 0.4737368421052632, 0.5262631578947369, 0.5787894736842105, 0.6313157894736842, 0.6838421052631579, 0.7363684210526316, 0.7888947368421053, 0.841421052631579, 0.8939473684210526, 0.9464736842105264, 0.999], "mean_sharpness": [-1.102644205236517, -0.2841343569919848], "sharpness_error_true_minus_model": [], "posterior_variance": [0.6312450872180378, 0.2195461896385096], "bias_mse": [], "bias_nmse": [], "f_calibration": [], "f_calibration_mse": [], "f_calibration_nmse": [], "y_calibration": [[0.00019999999494757503, 0.002199999988079071, 0.01080000028014183, 0.03739999979734421, 0.11860000342130661, 0.23240000009536743, 0.328000009059906, 0.39640000462532043, 0.4505999982357025, 0.4864000082015991, 0.5163999795913696, 0.5428000092506409, 0.5673999786376953, 0.5917999744415283, 0.6259999871253967, 0.6790000200271606, 0.7656000256538391, 0.8370000123977661, 0.9093999862670898, 0.9876000285148621], [0.0, 0.0012000000569969416, 0.004600000102072954, 0.015200000256299973, 0.033799998462200165, 0.06939999759197235, 0.10939999669790268, 0.16179999709129333, 0.20880000293254852, 0.25119999051094055, 0.2896000146865845, 0.3255999982357025, 0.362199991941452, 0.40799999237060547, 0.48339998722076416, 0.5672000050544739, 0.6553999781608582, 0.7152000069618225, 0.7803999781608582, 0.9211999773979187]], "y_calibration_mse": [0.00432806803057341, 0.038244947607597606], "y_calibration_nmse": [0.047178980107879534, 0.4168967792695924], "calibration_local_dist_to_nearest_train_sample": [[0.4929206881397449, 0.6395164532955675, 0.7861122184513901, 0.9327079836072127, 1.0793037487630355, 1.225899513918858, 1.3724952790746805, 1.5190910442305032, 1.665686809386326, 1.8122825745421485, 1.958878339697971, 2.1054741048537937, 2.2520698700096164, 2.3986656351654387, 2.5452614003212615, 2.691857165477084, 2.838452930632907, 2.9850486957887297, 3.131644460944552, 3.2782402261003747], [0.46440770513109203, 0.5838710695530701, 0.7033344339750481, 0.8227977983970263, 0.9422611628190043, 1.0617245272409823, 1.1811878916629603, 1.3006512560849384, 1.4201146205069166, 1.5395779849288946, 1.6590413493508727, 1.7785047137728507, 1.8979680781948287, 2.017431442616807, 2.136894807038785, 2.256358171460763, 2.375821535882741, 2.4952849003047195, 2.614748264726697, 2.7342116291486755]], "calibration_local_y": [[0.009280893335960572, 0.011895292551547466, 0.005972964276778991, 0.010328677823406332, 0.011243929237754932, 0.006399752052295886, 0.006227794146815511, 0.00470870508509128, 0.003316815524313281, 0.0031117601067918825, 0.004260145945916304, 0.01192588026026806, 0.01898274108721301, 0.02921927557835883, 0.044758684598417475, 0.03695001016240159, 0.05134410584186185, 0.10279457763660746, 0.06892563040370063, 0.14328223952323654], [0.008856914616242295, 0.006920804251375404, 0.004223492042979722, 0.0046568742977262665, 0.006082567102201531, 0.012838192330373907, 0.02474791371751223, 0.049137906165768484, 0.08362238001117692, 0.10638766058663238, 0.1286774245014495, 0.14046309268148557, 0.16571234972516657, 0.14677454414848384, 0.15464288194233422, 0.1656265835740718, 0.16084744233554024, 0.20379615705032728, 0.15048399569314325, 0.1570556315789474]], "elpd": [-1.1591673479535387, -1.626637818386666], "expected_improvement": [null, null], "actual_improvement": [null, [[0.7427263682250852]]], "mse": [0.6132463089398409, 0.4481256354542749], "nmse": [0.6202285122331533, 0.4532278337750372], "y_regret_pool": [0.04133986743131279, 0.04133986743131279, 0.04133986743131279, 0.04133986743131279, 0.04133986743131279, 0.04133986743131279, 0.04133986743131279, 0.04133986743131279, 0.0363711333650496, 0.0363711333650496, 0.0363711333650496, 0.0363711333650496, 0.03299239419999034, 0.03299239419999034, 0.03299239419999034, 0.031799898024087, 0.031799898024087, 0.031799898024087, 0.031799898024087, 0.031799898024087, 0.0, 0.0, 0.0, 0.0, 0.0, 0.0, 0.0, 0.0, 0.0, 0.0, 0.0, 0.0, 0.0, 0.0, 0.0, 0.0, 0.0, 0.0, 0.0, 0.0, 0.0, 0.0, 0.0, 0.0, 0.0, 0.0, 0.0, 0.0, 0.0, 0.0, 0.0, 0.0, 0.0, 0.0, 0.0, 0.0, 0.0, 0.0, 0.0, 0.0, 0.0, 0.0, 0.0, 0.0, 0.0, 0.0, 0.0, 0.0, 0.0, 0.0, 0.0, 0.0, 0.0, 0.0, 0.0, 0.0, 0.0, 0.0, 0.0, 0.0, 0.0, 0.0, 0.0, 0.0, 0.0, 0.0, 0.0, 0.0, 0.0, 0.0, 0.0, 0.0, 0.0, 0.0, 0.0, 0.0, 0.0, 0.0, 0.0, 0.0, 0.0], "y_regret_test": [0.039352373804807605, 0.039352373804807605, 0.039352373804807605, 0.039352373804807605, 0.039352373804807605, 0.039352373804807605, 0.039352373804807605, 0.039352373804807605, 0.034383639738544414, 0.034383639738544414, 0.034383639738544414, 0.034383639738544414, 0.03100490057348515, 0.03100490057348515, 0.03100490057348515, 0.029812404397581815, 0.029812404397581815, 0.029812404397581815, 0.029812404397581815, 0.029812404397581815, 0.001987493626505188, 0.001987493626505188, 0.001987493626505188, 0.001987493626505188, 0.001987493626505188, 0.001987493626505188, 0.001987493626505188, 0.001987493626505188, 0.001987493626505188, 0.001987493626505188, 0.001987493626505188, 0.001987493626505188, 0.001987493626505188, 0.001987493626505188, 0.001987493626505188, 0.001987493626505188, 0.001987493626505188, 0.001987493626505188, 0.001987493626505188, 0.001987493626505188, 0.001987493626505188, 0.001987493626505188, 0.001987493626505188, 0.001987493626505188, 0.001987493626505188, 0.001987493626505188, 0.001987493626505188, 0.001987493626505188, 0.001987493626505188, 0.001987493626505188, 0.001987493626505188, 0.001987493626505188, 0.001987493626505188, 0.001987493626505188, 0.001987493626505188, 0.001987493626505188, 0.001987493626505188, 0.001987493626505188, 0.001987493626505188, 0.001987493626505188, 0.001987493626505188, 0.001987493626505188, 0.001987493626505188, 0.001987493626505188, 0.001987493626505188, 0.001987493626505188, 0.001987493626505188, 0.001987493626505188, 0.001987493626505188, 0.001987493626505188, 0.001987493626505188, 0.001987493626505188, 0.001987493626505188, 0.001987493626505188, 0.001987493626505188, 0.001987493626505188, 0.001987493626505188, 0.001987493626505188, 0.001987493626505188, 0.001987493626505188, 0.001987493626505188, 0.001987493626505188, 0.001987493626505188, 0.001987493626505188, 0.001987493626505188, 0.001987493626505188, 0.001987493626505188, 0.001987493626505188, 0.001987493626505188, 0.001987493626505188, 0.001987493626505188, 0.001987493626505188, 0.001987493626505188, 0.001987493626505188, 0.001987493626505188, 0.001987493626505188, 0.001987493626505188, 0.001987493626505188, 0.001987493626505188, 0.001987493626505188, 0.001987493626505188], "f_regret_pool": [], "f_regret_test": [], "x_y_opt_dist_pool": [1.9646848288219636, 1.9646848288219636, 1.9646848288219636, 1.9646848288219636, 1.9646848288219636, 1.9646848288219636, 1.9646848288219636, 1.9646848288219636, 1.9646848288219636, 1.202417458876815, 1.202417458876815, 1.202417458876815, 1.202417458876815, 0.8498605760433134, 0.8498605760433134, 0.8498605760433134, 1.041475646508941, 1.041475646508941, 1.041475646508941, 1.041475646508941, 1.041475646508941, 0.0, 0.0, 0.0, 0.0, 0.0, 0.0, 0.0, 0.0, 0.0, 0.0, 0.0, 0.0, 0.0, 0.0, 0.0, 0.0, 0.0, 0.0, 0.0, 0.0, 0.0, 0.0, 0.0, 0.0, 0.0, 0.0, 0.0, 0.0, 0.0, 0.0, 0.0, 0.0, 0.0, 0.0, 0.0, 0.0, 0.0, 0.0, 0.0, 0.0, 0.0, 0.0, 0.0, 0.0, 0.0, 0.0, 0.0, 0.0, 0.0, 0.0, 0.0, 0.0, 0.0, 0.0, 0.0, 0.0, 0.0, 0.0, 0.0, 0.0, 0.0, 0.0, 0.0, 0.0, 0.0, 0.0, 0.0, 0.0, 0.0, 0.0, 0.0, 0.0, 0.0, 0.0, 0.0, 0.0, 0.0, 0.0, 0.0, 0.0, 0.0, 0.0], "x_f_opt_dist_pool": [],