{"p_array": [0.001, 0.053526315789473686, 0.10605263157894737, 0.15857894736842104, 0.21110526315789474, 0.26363157894736844, 0.3161578947368421, 0.3686842105263158, 0.4212105263157895, 0.4737368421052632, 0.5262631578947369, 0.5787894736842105, 0.6313157894736842, 0.6838421052631579, 0.7363684210526316, 0.7888947368421053, 0.841421052631579, 0.8939473684210526, 0.9464736842105264, 0.999], "mean_sharpness": [-0.5058120218094926, 0.23498574895795074], "sharpness_error_true_minus_model": [], "posterior_variance": [0.18678138725985016, 0.04373665667399051], "bias_mse": [], "bias_nmse": [], "f_calibration": [], "f_calibration_mse": [], "f_calibration_nmse": [], "y_calibration": [[0.017799999564886093, 0.06840000301599503, 0.10679999738931656, 0.1404000073671341, 0.18060000240802765, 0.225600004196167, 0.26820001006126404, 0.3179999887943268, 0.36079999804496765, 0.40860000252723694, 0.444599986076355, 0.4747999906539917, 0.5008000135421753, 0.5198000073432922, 0.5353999733924866, 0.5486000180244446, 0.5612000226974487, 0.5812000036239624, 0.607200026512146, 0.699999988079071], [0.20280000567436218, 0.3109999895095825, 0.3610000014305115, 0.3984000086784363, 0.4415999948978424, 0.47920000553131104, 0.5162000060081482, 0.5496000051498413, 0.5820000171661377, 0.6055999994277954, 0.6223999857902527, 0.6376000046730042, 0.6535999774932861, 0.6679999828338623, 0.6797999739646912, 0.6955999732017517, 0.7106000185012817, 0.7247999906539917, 0.746399998664856, 0.8055999875068665]], "y_calibration_mse": [0.027818582693629627, 0.02968123902205174], "y_calibration_nmse": [0.30324208174663836, 0.3235463434277562], "calibration_local_dist_to_nearest_train_sample": [[0.49685635761900515, 0.6476408845226915, 0.7984254114263778, 0.9492099383300642, 1.0999944652337506, 1.2507789921374368, 1.4015635190411233, 1.5523480459448096, 1.7031325728484958, 1.8539170997521823, 2.0047016266558684, 2.155486153559555, 2.3062706804632414, 2.4570552073669276, 2.6078397342706143, 2.7586242611743, 2.909408788077987, 3.0601933149816727, 3.2109778418853594, 3.3617623687890457], [0.4894364584777646, 0.6328010862402106, 0.7761657140026565, 0.9195303417651024, 1.0628949695275485, 1.2062595972899943, 1.3496242250524404, 1.4929888528148862, 1.636353480577332, 1.7797181083397782, 1.923082736102224, 2.0664473638646697, 2.2098119916271157, 2.353176619389562, 2.4965412471520074, 2.6399058749144535, 2.7832705026768996, 2.926635130439345, 3.0699997582017913, 3.2133643859642373]], "calibration_local_y": [[0.00982078998316041, 0.008044192260414505, 0.005400833837052694, 0.004147914585563144, 0.013796062083762, 0.010013413629434139, 0.01748302700922345, 0.02089869436393936, 0.023393076378505455, 0.030809848419663822, 0.04021051680816244, 0.03812684242334238, 0.04884955411403939, 0.07187033826662519, 0.05917308286474736, 0.06197076446931584, 0.11904241135614926, 0.2599619351956891, 0.2055553383839132, 0.3417372105263158], [0.045048842739919416, 0.04530202837291448, 0.04807483955768145, 0.06012940342353059, 0.05019178524540672, 0.04486996873951753, 0.04291759380903809, 0.04275754863541643, 0.04546928997522719, 0.03784730182816096, 0.032418405208018725, 0.0335470830483419, 0.013700173707992012, 0.02588578482461749, 0.022702086402939102, 0.05202901536000778, 0.06829429110471921, 0.2139112076911648, 0.1721794289949558, 0.2570135263157895]], "elpd": [-3.6118705915806597, -10.6363496138954], "expected_improvement": [null, null], "actual_improvement": [null, [[0.006822528877946432]]], "mse": [1.3386352135460453, 0.5803226129037456], "nmse": [1.3103695590252966, 0.5680689396693], "y_regret_pool": [0.10695317329251108, 0.10695317329251108, 0.10695317329251108, 0.10695317329251108, 0.10695317329251108, 0.10695317329251108, 0.10695317329251108, 0.10695317329251108, 0.02869475381018627, 0.02869475381018627, 0.012039756843434724, 0.0014046382984009842, 0.0014046382984009842, 0.0014046382984009842, 0.0014046382984009842, 0.0014046382984009842, 0.0014046382984009842, 0.0014046382984009842, 0.0014046382984009842, 0.0014046382984009842, 0.0014046382984009842, 0.0014046382984009842, 0.0014046382984009842, 0.0014046382984009842, 0.0014046382984009842, 0.0014046382984009842, 0.0014046382984009842, 0.0014046382984009842, 0.0014046382984009842, 0.0014046382984009842, 0.0014046382984009842, 0.0014046382984009842, 0.0014046382984009842, 0.0014046382984009842, 0.0014046382984009842, 0.0014046382984009842, 0.0014046382984009842, 0.0014046382984009842, 0.0014046382984009842, 0.0014046382984009842, 0.0014046382984009842, 0.0014046382984009842, 0.0014046382984009842, 0.0014046382984009842, 0.0014046382984009842, 0.0014046382984009842, 0.0014046382984009842, 0.0014046382984009842, 0.0014046382984009842, 0.0014046382984009842, 0.0014046382984009842, 0.0014046382984009842, 0.0014046382984009842, 0.0012039756843436056, 0.0012039756843436056, 0.0012039756843436056, 0.0012039756843436056, 0.0012039756843436056, 0.0012039756843436056, 0.0012039756843436056, 0.0012039756843436056, 0.0012039756843436056, 0.0012039756843436056, 0.0012039756843436056, 0.0012039756843436056, 0.0012039756843436056, 0.0012039756843436056, 0.0012039756843436056, 0.0012039756843436056, 0.0012039756843436056, 0.0012039756843436056, 0.0012039756843436056, 0.0012039756843436056, 0.0012039756843436056, 0.0012039756843436056, 0.0012039756843436056, 0.0012039756843436056, 0.0012039756843436056, 0.0012039756843436056, 0.0012039756843436056, 0.0012039756843436056, 0.0012039756843436056, 0.0012039756843436056, 0.0012039756843436056, 0.0012039756843436056, 0.0012039756843436056, 0.0012039756843436056, 0.0012039756843436056, 0.0012039756843436056, 0.0012039756843436056, 0.0012039756843436056, 0.0012039756843436056, 0.0012039756843436056, 0.0012039756843436056, 0.0012039756843436056, 0.0012039756843436056, 0.0012039756843436056, 0.0012039756843436056, 0.0012039756843436056, 0.0012039756843436056, 0.0012039756843436056],