{"p_array": [0.001, 0.053526315789473686, 0.10605263157894737, 0.15857894736842104, 0.21110526315789474, 0.26363157894736844, 0.3161578947368421, 0.3686842105263158, 0.4212105263157895, 0.4737368421052632, 0.5262631578947369, 0.5787894736842105, 0.6313157894736842, 0.6838421052631579, 0.7363684210526316, 0.7888947368421053, 0.841421052631579, 0.8939473684210526, 0.9464736842105264, 0.999], "mean_sharpness": [-0.8076967866020877, -0.31996387683988803, -0.31996387683988803], "sharpness_error_true_minus_model": [], "posterior_variance": [0.5098841561544831, 0.19604462307161336, 0.19604462307161336], "bias_mse": [], "bias_nmse": [], "f_calibration": [], "f_calibration_mse": [], "f_calibration_nmse": [], "y_calibration": [[0.0010000000474974513, 0.01940000057220459, 0.03400000184774399, 0.04280000180006027, 0.047200001776218414, 0.05999999865889549, 0.14579999446868896, 0.23839999735355377, 0.31279999017715454, 0.3686000108718872, 0.4147999882698059, 0.4490000009536743, 0.4742000102996826, 0.5070000290870667, 0.5353999733924866, 0.5662000179290771, 0.6462000012397766, 0.728600025177002, 0.7864000201225281, 0.8996000289916992], [0.006399999838322401, 0.024000000208616257, 0.06840000301599503, 0.12600000202655792, 0.20880000293254852, 0.28700000047683716, 0.36579999327659607, 0.43479999899864197, 0.5005999803543091, 0.5491999983787537, 0.5932000279426575, 0.6380000114440918, 0.6862000226974487, 0.745199978351593, 0.8339999914169312, 0.9028000235557556, 0.948199987411499, 0.972599983215332, 0.9843999743461609, 0.9980000257492065], [0.006399999838322401, 0.024000000208616257, 0.06840000301599503, 0.12600000202655792, 0.20880000293254852, 0.28700000047683716, 0.36579999327659607, 0.43479999899864197, 0.5005999803543091, 0.5491999983787537, 0.5932000279426575, 0.6380000114440918, 0.6862000226974487, 0.745199978351593, 0.8339999914169312, 0.9028000235557556, 0.948199987411499, 0.972599983215332, 0.9843999743461609, 0.9980000257492065]], "y_calibration_mse": [0.02165290587297882, 0.00395308468043775, 0.00395308468043775], "y_calibration_nmse": [0.23603187571053794, 0.043091398329620736, 0.043091398329620736], "calibration_local_dist_to_nearest_train_sample": [[0.5126890179875845, 0.6811993323671673, 0.8497096467467502, 1.018219961126333, 1.1867302755059157, 1.3552405898854987, 1.5237509042650814, 1.6922612186446642, 1.860771533024247, 2.02928184740383, 2.1977921617834126, 2.3663024761629954, 2.5348127905425786, 2.703323104922161, 2.871833419301744, 3.0403437336813264, 3.2088540480609096, 3.377364362440492, 3.545874676820075, 3.7143849911996574], [0.43438610923708404, 0.5245935148661666, 0.614800920495249, 0.7050083261243316, 0.7952157317534141, 0.8854231373824966, 0.9756305430115791, 1.0658379486406617, 1.156045354269744, 1.2462527598988267, 1.3364601655279091, 1.4266675711569916, 1.516874976786074, 1.6070823824151568, 1.6972897880442392, 1.7874971936733217, 1.8777045993024042, 1.9679120049314867, 2.058119410560569, 2.148326816189652], [0.43438610923708404, 0.5245935148661666, 0.614800920495249, 0.7050083261243316, 0.7952157317534141, 0.8854231373824966, 0.9756305430115791, 1.0658379486406617, 1.156045354269744, 1.2462527598988267, 1.3364601655279091, 1.4266675711569916, 1.516874976786074, 1.6070823824151568, 1.6972897880442392, 1.7874971936733217, 1.8777045993024042, 1.9679120049314867, 2.058119410560569, 2.148326816189652]], "calibration_local_y": [[0.008514474189993711, 0.014211778782894735, 0.008481365281377575, 0.010441421621310433, 0.007868405898170054, 0.004723353519557353, 0.013190960150751909, 0.02404582776767108, 0.021976911102237675, 0.042480414806623686, 0.048446940199905586, 0.0537288131867061, 0.06820667303145558, 0.07782107924613298, 0.05795190678404364, 0.08525362686221927, 0.09376740459389725, 0.17242263898605914, 0.1739225902960691, 0.173653], [0.009202399577859755, 0.0056497251379486945, 0.0049301432921667445, 0.006269051888170713, 0.004766173007696287, 0.008160832318448786, 0.006133174274350452, 0.006305688816107088, 0.0036907825627940454, 0.0021538994367105518, 0.003650002297443225, 0.001644790515906028, 0.002637930733591509, 0.0031190820822946125, 0.005326665264893808, 0.008484052775818356, 0.038280173922288635, 0.017019081417792105, NaN, 0.0994345789473684], [0.009202399577859755, 0.0056497251379486945, 0.0049301432921667445, 0.006269051888170713, 0.004766173007696287, 0.008160832318448786, 0.006133174274350452, 0.006305688816107088, 0.0036907825627940454, 0.0021538994367105518, 0.003650002297443225, 0.001644790515906028, 0.002637930733591509, 0.0031190820822946125, 0.005326665264893808, 0.008484052775818356, 0.038280173922288635, 0.017019081417792105, NaN, 0.0994345789473684]], "elpd": [-19.24841513855361, -0.19775046805812144, -0.19775046805812144], "expected_improvement": [null, null, null], "actual_improvement": [null, null, null], "mse": [1.0410667835036826, 0.13273590262305557, 0.13273590262305557], "nmse": [1.0397280996670106, 0.13256522057825001, 0.13256522057825001], "y_regret_pool": [0.06281707535941616, 0.06281707535941616, 0.06281707535941616, 0.06281707535941616, 0.06281707535941616, 0.06281707535941616, 0.06281707535941616, 0.06281707535941616, 0.06281707535941616, 0.06281707535941616, 0.06281707535941616, 0.06281707535941616, 0.06281707535941616, 0.06281707535941616, 0.06281707535941616, 0.043273985247597624, 0.043273985247597624, 0.043273985247597624, 0.043273985247597624, 0.043273985247597624, 0.043273985247597624, 0.043273985247597624, 0.043273985247597624, 0.043273985247597624, 0.043273985247597624, 0.043273985247597624, 0.043273985247597624, 0.043273985247597624, 0.043273985247597624, 0.043273985247597624, 0.043273985247597624, 0.043273985247597624, 0.043273985247597624, 0.043273985247597624, 0.043273985247597624, 0.043273985247597624, 0.043273985247597624, 0.043273985247597624, 0.043273985247597624, 0.043273985247597624, 0.043273985247597624, 0.043273985247597624, 0.043273985247597624, 0.043273985247597624, 0.043273985247597624, 0.043273985247597624, 0.043273985247597624, 0.043273985247597624, 0.043273985247597624, 0.043273985247597624, 0.043273985247597624, 0.043273985247597624, 0.043273985247597624, 0.043273985247597624, 0.043273985247597624, 0.043273985247597624, 0.043273985247597624, 0.043273985247597624, 0.043273985247597624, 0.043273985247597624, 0.011366899350751414, 0.011366899350751414, 0.011366899350751414, 0.011366899350751414, 0.011366899350751414, 0.011366899350751414, 0.011366899350751414, 0.011366899350751414, 0.011366899350751414, 0.011366899350751414, 0.011366899350751414, 0.011366899350751414, 0.011366899350751414, 0.011366899350751414, 0.011366899350751414, 0.011366899350751414, 0.011366899350751414, 0.011366899350751414, 0.011366899350751414, 0.011366899350751414, 0.011366899350751414, 0.011366899350751414, 0.011366899350751414, 0.011366899350751414, 0.011366899350751414, 0.011366899350751414, 0.011366899350751414, 0.011366899350751414, 0.011366899350751414, 0.011366899350751414, 0.011366899350751414, 0.011366899350751414, 0.011366899350751414, 0.011366899350751414, 0.011366899350751414, 0.011366899350751414, 0.011366899350751414, 0.011366899350751414, 0.011366899350751414, 0.011366899350751414, 0.011366899350751414, 0.011366899350751414],