{"p_array": [0.001, 0.053526315789473686, 0.10605263157894737, 0.15857894736842104, 0.21110526315789474, 0.26363157894736844, 0.3161578947368421, 0.3686842105263158, 0.4212105263157895, 0.4737368421052632, 0.5262631578947369, 0.5787894736842105, 0.6313157894736842, 0.6838421052631579, 0.7363684210526316, 0.7888947368421053, 0.841421052631579, 0.8939473684210526, 0.9464736842105264, 0.999], "mean_sharpness": [-0.6194411259909198, -0.1302272806321164], "sharpness_error_true_minus_model": [], "posterior_variance": [0.24515228050371438, 0.08356357339750575], "bias_mse": [], "bias_nmse": [], "f_calibration": [], "f_calibration_mse": [], "f_calibration_nmse": [], "y_calibration": [[0.1412000060081482, 0.313400000333786, 0.3653999865055084, 0.40880000591278076, 0.44020000100135803, 0.47279998660087585, 0.503600001335144, 0.5275999903678894, 0.550599992275238, 0.5681999921798706, 0.5830000042915344, 0.5929999947547913, 0.6065999865531921, 0.6233999729156494, 0.6480000019073486, 0.682200014591217, 0.7260000109672546, 0.7874000072479248, 0.8521999716758728, 0.9577999711036682], [0.1777999997138977, 0.3197999894618988, 0.36880001425743103, 0.41600000858306885, 0.4544000029563904, 0.5022000074386597, 0.5519999861717224, 0.6028000116348267, 0.6543999910354614, 0.6913999915122986, 0.7166000008583069, 0.7401999831199646, 0.7581999897956848, 0.7771999835968018, 0.7911999821662903, 0.8068000078201294, 0.823199987411499, 0.8438000082969666, 0.8661999702453613, 0.9348000288009644]], "y_calibration_mse": [0.023074435871043384, 0.03347956636662177], "y_calibration_nmse": [0.2515275506924667, 0.3649507781470835], "calibration_local_dist_to_nearest_train_sample": [[0.48660499529629103, 0.6296100263009582, 0.7726150573056254, 0.9156200883102925, 1.0586251193149596, 1.2016301503196267, 1.344635181324294, 1.4876402123289612, 1.6306452433336283, 1.7736502743382954, 1.9166553053429627, 2.05966033634763, 2.2026653673522967, 2.3456703983569644, 2.4886754293616313, 2.631680460366298, 2.774685491370966, 2.917690522375633, 3.0606955533802997, 3.2037005843849666], [0.48394810054568393, 0.624296236799744, 0.764644373053804, 0.904992509307864, 1.045340645561924, 1.185688781815984, 1.3260369180700442, 1.4663850543241042, 1.606733190578164, 1.7470813268322243, 1.8874294630862842, 2.027777599340344, 2.1681257355944044, 2.3084738718484643, 2.4488220081025247, 2.5891701443565847, 2.7295182806106446, 2.8698664168647046, 3.0102145531187645, 3.1505626893728245]], "calibration_local_y": [[0.019389184210526315, 0.017529717501528173, 0.02157618843828652, 0.04317918494299087, 0.03317874605711223, 0.03991374691281955, 0.03917559657041615, 0.035327860878656116, 0.02304023893125482, 0.036568607763117995, 0.01991110415610933, 0.022207681050703688, 0.01519414542648714, 0.019330256143758627, 0.021230117119852173, 0.034011991891486064, 0.04609099643624888, 0.020650474490864573, 0.05137770398142644, 0.023524426090419166], [0.044020995351782666, 0.0456930393834193, 0.031442502741788406, 0.03184589909958072, 0.052266108355013406, 0.04628027115115208, 0.050294560268391374, 0.04527550601927775, 0.0279733586242978, 0.03360608650617934, 0.03750722036889269, 0.04470850048414762, 0.024688334993856895, 0.03913622585810688, 0.02636104883875831, 0.01936933141979243, 0.029790028144929915, 0.015275548141646713, 0.051288343262408, 0.036053]], "elpd": [-3.201658674999259, -3.172419509582855], "expected_improvement": [null, null], "actual_improvement": [null, [[0.04080413596911958]]], "mse": [0.6737982818927954, 0.4716343199916834], "nmse": [0.6699246751581553, 0.46892293599545964], "y_regret_pool": [0.009952228285151188, 0.009952228285151188, 0.009952228285151188, 0.009952228285151188, 0.009952228285151188, 0.009952228285151188, 0.009952228285151188, 0.009952228285151188, 0.009952228285151188, 0.009952228285151188, 0.009952228285151188, 0.009952228285151188, 0.009952228285151188, 0.009952228285151188, 0.009952228285151188, 0.009952228285151188, 0.009952228285151188, 0.009952228285151188, 0.009952228285151188, 0.009952228285151188, 0.009952228285151188, 0.009952228285151188, 0.009952228285151188, 0.009952228285151188, 0.009952228285151188, 0.009952228285151188, 0.009952228285151188, 0.009952228285151188, 0.009952228285151188, 0.009952228285151188, 0.009952228285151188, 0.009952228285151188, 0.009952228285151188, 0.0021894902227335145, 0.0021894902227335145, 0.0021894902227335145, 0.0021894902227335145, 0.0021894902227335145, 0.0021894902227335145, 0.0021894902227335145, 0.0021894902227335145, 0.0021894902227335145, 0.0021894902227335145, 0.0021894902227335145, 0.0021894902227335145, 0.0021894902227335145, 0.0021894902227335145, 0.0021894902227335145, 0.0021894902227335145, 0.0021894902227335145, 0.0021894902227335145, 0.0021894902227335145, 0.0021894902227335145, 0.0021894902227335145, 0.0021894902227335145, 0.0021894902227335145, 0.0021894902227335145, 0.0021894902227335145, 0.0021894902227335145, 0.0021894902227335145, 0.0021894902227335145, 0.0021894902227335145, 0.0021894902227335145, 0.0021894902227335145, 0.0021894902227335145, 0.0021894902227335145, 0.0021894902227335145, 0.0021894902227335145, 0.0021894902227335145, 0.0021894902227335145, 0.0021894902227335145, 0.0021894902227335145, 0.0021894902227335145, 0.0021894902227335145, 0.0021894902227335145, 0.0021894902227335145, 0.0021894902227335145, 0.0021894902227335145, 0.0021894902227335145, 0.0021894902227335145, 0.0021894902227335145, 0.0021894902227335145, 0.0021894902227335145, 0.0021894902227335145, 0.0021894902227335145, 0.0021894902227335145, 0.0021894902227335145, 0.0021894902227335145, 0.0021894902227335145, 0.0021894902227335145, 0.0021894902227335145, 0.0021894902227335145, 0.0021894902227335145, 0.0021894902227335145, 0.0021894902227335145, 0.0021894902227335145, 0.0021894902227335145, 0.0021894902227335145, 0.0021894902227335145, 0.0021894902227335145, 0.0021894902227335145],