{"p_array": [0.001, 0.053526315789473686, 0.10605263157894737, 0.15857894736842104, 0.21110526315789474, 0.26363157894736844, 0.3161578947368421, 0.3686842105263158, 0.4212105263157895, 0.4737368421052632, 0.5262631578947369, 0.5787894736842105, 0.6313157894736842, 0.6838421052631579, 0.7363684210526316, 0.7888947368421053, 0.841421052631579, 0.8939473684210526, 0.9464736842105264, 0.999], "mean_sharpness": [-0.015615115136618781, -0.2869932270502418], "sharpness_error_true_minus_model": [], "posterior_variance": [0.07033988443255618, 0.10818733365224416], "bias_mse": [], "bias_nmse": [], "f_calibration": [], "f_calibration_mse": [], "f_calibration_nmse": [], "y_calibration": [[0.15860000252723694, 0.2802000045776367, 0.32019999623298645, 0.3497999906539917, 0.3747999966144562, 0.3991999924182892, 0.4187999963760376, 0.4357999861240387, 0.45680001378059387, 0.47620001435279846, 0.4973999857902527, 0.5166000127792358, 0.5356000065803528, 0.5564000010490417, 0.5784000158309937, 0.6033999919891357, 0.631600022315979, 0.6732000112533569, 0.7307999730110168, 0.9118000268936157], [0.010400000028312206, 0.05620000138878822, 0.10859999805688858, 0.15299999713897705, 0.20600000023841858, 0.25200000405311584, 0.29820001125335693, 0.33899998664855957, 0.38659998774528503, 0.43939998745918274, 0.5001999735832214, 0.5612000226974487, 0.6276000142097473, 0.6794000267982483, 0.7329999804496765, 0.7817999720573425, 0.8256000280380249, 0.8637999892234802, 0.9034000039100647, 0.9904000163078308]], "y_calibration_mse": [0.022823492326037084, 0.0004023698864514992], "y_calibration_nmse": [0.24879208987382412, 0.004386114251163927], "calibration_local_dist_to_nearest_train_sample": [[0.48660499529629103, 0.6296100263009582, 0.7726150573056254, 0.9156200883102925, 1.0586251193149596, 1.2016301503196267, 1.344635181324294, 1.4876402123289612, 1.6306452433336283, 1.7736502743382954, 1.9166553053429627, 2.05966033634763, 2.2026653673522967, 2.3456703983569644, 2.4886754293616313, 2.631680460366298, 2.774685491370966, 2.917690522375633, 3.0606955533802997, 3.2037005843849666], [0.4403732833272155, 0.5371466023628071, 0.6339199213983988, 0.7306932404339903, 0.827466559469582, 0.9242398785051736, 1.0210131975407652, 1.117786516576357, 1.2145598356119485, 1.31133315464754, 1.4081064736831317, 1.5048797927187234, 1.601653111754315, 1.6984264307899066, 1.7951997498254981, 1.8919730688610898, 1.9887463878966816, 2.0855197069322733, 2.182293025967865, 2.2790663450034563]], "calibration_local_y": [[0.043790499999999996, 0.0229371827439897, 0.022988579324008662, 0.03679561351088293, 0.02776241247225556, 0.03231247371655679, 0.02578630710949311, 0.028958662768485154, 0.02561444174629431, 0.021593591315227735, 0.023222727958107127, 0.023248393987097694, 0.028320266881169724, 0.03699315882334116, 0.047345668419581766, 0.0744669809699092, 0.11052037128502519, 0.046082272206971246, 0.06428870779624231, 0.05679671619483895], [0.006489678321297788, 0.001467846681558502, 0.0005663435461945419, 0.0011452961534021739, 0.0006341514503265388, 0.0008072888584402815, 0.0007379286599547582, 0.0002781723394463057, 0.00012383782394672935, 0.0008716097037782675, 0.004381889092609427, 0.009095965837587325, 0.012342018400111046, 0.011619349301309773, 0.041700958280071726, 0.0862250167932414, 0.07317142105263158, 0.11246615789473684, NaN, 0.2918372105263158]], "elpd": [-4.918943579128143, -0.47983367560579754], "expected_improvement": [null, null], "actual_improvement": [null, [[1.027866137290413]]], "mse": [0.5538035690522057, 0.17728679394039704], "nmse": [0.550619801309845, 0.17626758784055194], "y_regret_pool": [0.009952228285151188, 0.009952228285151188, 0.009952228285151188, 0.009952228285151188, 0.009952228285151188, 0.009952228285151188, 0.009952228285151188, 0.009952228285151188, 0.009952228285151188, 0.009952228285151188, 0.009952228285151188, 0.009952228285151188, 0.009952228285151188, 0.009952228285151188, 0.009952228285151188, 0.009952228285151188, 0.009952228285151188, 0.009952228285151188, 0.009952228285151188, 0.009952228285151188, 0.009952228285151188, 0.009952228285151188, 0.009952228285151188, 0.009952228285151188, 0.009952228285151188, 0.009952228285151188, 0.009952228285151188, 0.009952228285151188, 0.009952228285151188, 0.009952228285151188, 0.009952228285151188, 0.009952228285151188, 0.009952228285151188, 0.009952228285151188, 0.009952228285151188, 0.009952228285151188, 0.009952228285151188, 0.009952228285151188, 0.009952228285151188, 0.009952228285151188, 0.009952228285151188, 0.009952228285151188, 0.009952228285151188, 0.009952228285151188, 0.009952228285151188, 0.009952228285151188, 0.009952228285151188, 0.009952228285151188, 0.009952228285151188, 0.009952228285151188, 0.009952228285151188, 0.009952228285151188, 0.009952228285151188, 0.009952228285151188, 0.009952228285151188, 0.009952228285151188, 0.009952228285151188, 0.009952228285151188, 0.009952228285151188, 0.009952228285151188, 0.009952228285151188, 0.009952228285151188, 0.009952228285151188, 0.009952228285151188, 0.009952228285151188, 0.009952228285151188, 0.009952228285151188, 0.009952228285151188, 0.009952228285151188, 0.009952228285151188, 0.009952228285151188, 0.009952228285151188, 0.009952228285151188, 0.009952228285151188, 0.009952228285151188, 0.009952228285151188, 0.009952228285151188, 0.009952228285151188, 0.009952228285151188, 0.009952228285151188, 0.009952228285151188, 0.009952228285151188, 0.009952228285151188, 0.009952228285151188, 0.009952228285151188, 0.009952228285151188, 0.009952228285151188, 0.009952228285151188, 0.009952228285151188, 0.009952228285151188, 0.009952228285151188, 0.009952228285151188, 0.009952228285151188, 0.009952228285151188, 0.009952228285151188, 0.009952228285151188, 0.009952228285151188, 0.009952228285151188, 0.009952228285151188, 0.009952228285151188, 0.009952228285151188],