{"p_array": [0.001, 0.053526315789473686, 0.10605263157894737, 0.15857894736842104, 0.21110526315789474, 0.26363157894736844, 0.3161578947368421, 0.3686842105263158, 0.4212105263157895, 0.4737368421052632, 0.5262631578947369, 0.5787894736842105, 0.6313157894736842, 0.6838421052631579, 0.7363684210526316, 0.7888947368421053, 0.841421052631579, 0.8939473684210526, 0.9464736842105264, 0.999], "mean_sharpness": [-0.9948391155056852, -0.6684042785438129], "sharpness_error_true_minus_model": [], "posterior_variance": [0.5416500515091741, 0.34095729420704174], "bias_mse": [], "bias_nmse": [], "f_calibration": [], "f_calibration_mse": [], "f_calibration_nmse": [], "y_calibration": [[0.014399999752640724, 0.12460000067949295, 0.1607999950647354, 0.23420000076293945, 0.2802000045776367, 0.334199994802475, 0.3919999897480011, 0.4429999887943268, 0.47940000891685486, 0.5109999775886536, 0.5382000207901001, 0.5655999779701233, 0.6087999939918518, 0.6502000093460083, 0.7081999778747559, 0.796999990940094, 0.8417999744415283, 0.8622000217437744, 0.8844000101089478, 0.9437999725341797], [0.00039999998989515007, 0.049400001764297485, 0.08340000361204147, 0.13420000672340393, 0.19920000433921814, 0.28760001063346863, 0.3776000142097473, 0.448199987411499, 0.5054000020027161, 0.5622000098228455, 0.604200005531311, 0.6510000228881836, 0.7125999927520752, 0.8032000064849854, 0.8895999789237976, 0.9509999752044678, 0.9783999919891357, 0.991599977016449, 0.996999979019165, 0.9998000264167786]], "y_calibration_mse": [0.0025236413690303138, 0.006980267360417926], "y_calibration_nmse": [0.027509462676613437, 0.07608981481310206], "calibration_local_dist_to_nearest_train_sample": [[0.5071285340475428, 0.6677195702996999, 0.8283106065518568, 0.9889016428040138, 1.1494926790561708, 1.310083715308328, 1.470674751560485, 1.631265787812642, 1.791856824064799, 1.952447860316956, 2.113038896569113, 2.27362993282127, 2.4342209690734276, 2.5948120053255845, 2.7554030415777415, 2.9159940778298985, 3.0765851140820555, 3.2371761503342125, 3.3977671865863694, 3.5583582228385264], [0.4356330692168082, 0.5263107383636718, 0.6169884075105355, 0.7076660766573991, 0.7983437458042627, 0.8890214149511264, 0.97969908409799, 1.0703767532448536, 1.1610544223917172, 1.2517320915385808, 1.3424097606854444, 1.4330874298323082, 1.5237650989791718, 1.6144427681260354, 1.705120437272899, 1.7957981064197626, 1.8864757755666262, 1.9771534447134897, 2.067831113860353, 2.158508783007217]], "calibration_local_y": [[0.006350952991584659, 0.004615781019217764, 0.004458380292683515, 0.0018659316660527895, 0.0011569818504682343, 0.006992757563336715, 0.010724743273966664, 0.008954512621882326, 0.0088982750678358, 0.008859959680720318, 0.0031139630291419215, 0.0035619418657620735, 0.0035527672553281433, 0.013803553563669696, 0.016633145297615236, 0.024849066464040517, 0.041782176346556184, 0.07612513731974212, 0.09791643643741471, 0.1531483218753053], [0.011091841330338668, 0.004848652934568081, 0.008786991338141275, 0.01417578066908787, 0.009154610204586673, 0.008920862486883478, 0.008462355510309027, 0.011635212139985337, 0.006190931694877298, 0.0066587675661241765, 0.005326436779720427, 0.004622962377191011, 0.006485287300736277, 0.003503842226461505, 0.006723043542263147, 0.009322472117797994, 0.016632502467105258, 0.021604195162934083, 0.016505631578947366, 0.05358194736842105]], "elpd": [-2.7504849777672815, -0.4840728704308618], "expected_improvement": [null, null], "actual_improvement": [null, [[2.576008158963389]]], "mse": [1.0697858763030088, 0.15348576011847626], "nmse": [1.0615281580699194, 0.15230099764598037], "y_regret_pool": [0.12098434041167305, 0.12098434041167305, 0.12098434041167305, 0.12098434041167305, 0.12098434041167305, 0.12098434041167305, 0.12098434041167305, 0.12098434041167305, 0.12098434041167305, 0.12098434041167305, 0.12098434041167305, 0.12098434041167305, 0.12098434041167305, 0.12098434041167305, 0.12098434041167305, 0.12098434041167305, 0.12098434041167305, 0.09822491003719969, 0.09822491003719969, 0.09822491003719969, 0.09822491003719969, 0.09822491003719969, 0.09822491003719969, 0.09822491003719969, 0.09822491003719969, 0.07107330888870567, 0.07107330888870567, 0.07107330888870567, 0.07107330888870567, 0.07107330888870567, 0.07107330888870567, 0.07107330888870567, 0.07107330888870567, 0.07107330888870567, 0.07107330888870567, 0.07107330888870567, 0.07107330888870567, 0.07107330888870567, 0.07107330888870567, 0.07107330888870567, 0.07107330888870567, 0.07107330888870567, 0.07107330888870567, 0.07107330888870567, 0.07107330888870567, 0.07107330888870567, 0.07107330888870567, 0.07107330888870567, 0.07107330888870567, 0.07107330888870567, 0.07107330888870567, 0.014574021204706522, 0.014574021204706522, 0.014574021204706522, 0.014574021204706522, 0.014574021204706522, 0.014574021204706522, 0.014574021204706522, 0.014574021204706522, 0.014574021204706522, 0.014574021204706522, 0.014574021204706522, 0.014574021204706522, 0.014574021204706522, 0.014574021204706522, 0.014574021204706522, 0.014574021204706522, 0.014574021204706522, 0.014574021204706522, 0.014574021204706522, 0.014574021204706522, 0.014574021204706522, 0.014574021204706522, 0.014574021204706522, 0.014574021204706522, 0.014574021204706522, 0.014574021204706522, 0.014574021204706522, 0.014574021204706522, 0.014574021204706522, 0.014574021204706522, 0.014574021204706522, 0.014574021204706522, 0.014574021204706522, 0.014574021204706522, 0.014574021204706522, 0.014574021204706522, 0.014574021204706522, 0.014574021204706522, 0.014574021204706522, 0.014574021204706522, 0.014574021204706522, 0.014574021204706522, 0.014574021204706522, 0.014574021204706522, 0.014574021204706522, 0.014574021204706522, 0.014574021204706522, 0.014574021204706522, 0.014574021204706522, 0.014574021204706522], "y_regret_test": [0.1215832727899484, 0.1215832727899484, 0.1215832727899484, 0.1215832727899484, 0.1215832727899484, 0.1215832727899484, 0.1215832727899484, 0.1215832727899484, 0.1215832727899484, 0.1215832727899484, 0.1215832727899484, 0.1215832727899484, 0.1215832727899484, 0.1215832727899484, 0.1215832727899484, 0.1215832727899484, 0.1215832727899484, 0.09882384241547504, 0.09882384241547504, 0.09882384241547504, 0.09882384241547504, 0.09882384241547504, 0.09882384241547504, 0.09882384241547504, 0.09882384241547504, 0.07167224126698102, 0.07167224126698102, 0.07167224126698102, 0.07167224126698102, 0.07167224126698102, 0.07167224126698102, 0.07167224126698102, 0.07167224126698102, 0.07167224126698102, 0.07167224126698102, 0.07167224126698102, 0.07167224126698102, 0.07167224126698102, 0.07167224126698102, 0.07167224126698102, 0.07167224126698102, 0.07167224126698102, 0.07167224126698102, 0.07167224126698102, 0.07167224126698102, 0.07167224126698102, 0.07167224126698102, 0.07167224126698102, 0.07167224126698102, 0.07167224126698102, 0.07167224126698102, 0.015172953582981874, 0.015172953582981874, 0.015172953582981874, 0.015172953582981874, 0.015172953582981874, 0.015172953582981874, 0.015172953582981874, 0.015172953582981874, 0.015172953582981874, 0.015172953582981874, 0.015172953582981874, 0.015172953582981874, 0.015172953582981874, 0.015172953582981874, 0.015172953582981874, 0.015172953582981874, 0.015172953582981874, 0.015172953582981874, 0.015172953582981874, 0.015172953582981874, 0.015172953582981874, 0.015172953582981874, 0.015172953582981874, 0.015172953582981874, 0.015172953582981874, 0.015172953582981874, 0.015172953582981874, 0.015172953582981874, 0.015172953582981874, 0.015172953582981874, 0.015172953582981874, 0.015172953582981874, 0.015172953582981874, 0.015172953582981874, 0.015172953582981874, 0.015172953582981874, 0.015172953582981874, 0.015172953582981874, 0.015172953582981874, 0.015172953582981874, 0.015172953582981874, 0.015172953582981874, 0.015172953582981874, 0.015172953582981874, 0.015172953582981874, 0.015172953582981874, 0.015172953582981874, 0.015172953582981874, 0.015172953582981874, 0.015172953582981874],