{"p_array": [0.001, 0.053526315789473686, 0.10605263157894737, 0.15857894736842104, 0.21110526315789474, 0.26363157894736844, 0.3161578947368421, 0.3686842105263158, 0.4212105263157895, 0.4737368421052632, 0.5262631578947369, 0.5787894736842105, 0.6313157894736842, 0.6838421052631579, 0.7363684210526316, 0.7888947368421053, 0.841421052631579, 0.8939473684210526, 0.9464736842105264, 0.999], "mean_sharpness": [-0.4741152759683262, -0.3819411785722137, -0.3819411785722137], "sharpness_error_true_minus_model": [], "posterior_variance": [0.17492409043327806, 0.13351165870876835, 0.13351165870876835], "bias_mse": [], "bias_nmse": [], "f_calibration": [], "f_calibration_mse": [], "f_calibration_nmse": [], "y_calibration": [[0.15399999916553497, 0.3889999985694885, 0.4551999866962433, 0.4975999891757965, 0.527400016784668, 0.5472000241279602, 0.5618000030517578, 0.5774000287055969, 0.5898000001907349, 0.6000000238418579, 0.6092000007629395, 0.6200000047683716, 0.6294000148773193, 0.6413999795913696, 0.6552000045776367, 0.6733999848365784, 0.7063999772071838, 0.7552000284194946, 0.8077999949455261, 0.9039999842643738], [0.004399999976158142, 0.052799999713897705, 0.09080000221729279, 0.13079999387264252, 0.17020000517368317, 0.21359999477863312, 0.26440000534057617, 0.32440000772476196, 0.3840000033378601, 0.45500001311302185, 0.5270000100135803, 0.5929999947547913, 0.6525999903678894, 0.704200029373169, 0.7465999722480774, 0.784600019454956, 0.8163999915122986, 0.8485999703407288, 0.88919997215271, 0.9810000061988831], [0.004399999976158142, 0.052799999713897705, 0.09080000221729279, 0.13079999387264252, 0.17020000517368317, 0.21359999477863312, 0.26440000534057617, 0.32440000772476196, 0.3840000033378601, 0.45500001311302185, 0.5270000100135803, 0.5929999947547913, 0.6525999903678894, 0.704200029373169, 0.7465999722480774, 0.784600019454956, 0.8163999915122986, 0.8485999703407288, 0.88919997215271, 0.9810000061988831]], "y_calibration_mse": [0.03987786999773951, 0.0009524126407230955, 0.0009524126407230955], "y_calibration_nmse": [0.4346967797358534, 0.010381966437162223, 0.010381966437162223], "calibration_local_dist_to_nearest_train_sample": [[0.5014892658615698, 0.6580701632790278, 0.8146510606964859, 0.9712319581139439, 1.127812855531402, 1.2843937529488598, 1.4409746503663179, 1.597555547783776, 1.754136445201234, 1.910717342618692, 2.06729824003615, 2.223879137453608, 2.3804600348710663, 2.5370409322885243, 2.6936218297059824, 2.8502027271234405, 3.0067836245408985, 3.1633645219583566, 3.3199454193758147, 3.4765263167932727], [0.4362107473576505, 0.5275131262711892, 0.6188155051847279, 0.7101178840982667, 0.8014202630118054, 0.8927226419253441, 0.9840250208388828, 1.0753273997524215, 1.1666297786659603, 1.257932157579499, 1.3492345364930376, 1.4405369154065766, 1.5318392943201151, 1.6231416732336537, 1.7144440521471926, 1.8057464310607312, 1.8970488099742702, 1.9883511888878087, 2.0796535678013472, 2.1709559467148862], [0.4362107473576505, 0.5275131262711892, 0.6188155051847279, 0.7101178840982667, 0.8014202630118054, 0.8927226419253441, 0.9840250208388828, 1.0753273997524215, 1.1666297786659603, 1.257932157579499, 1.3492345364930376, 1.4405369154065766, 1.5318392943201151, 1.6231416732336537, 1.7144440521471926, 1.8057464310607312, 1.8970488099742702, 1.9883511888878087, 2.0796535678013472, 2.1709559467148862]], "calibration_local_y": [[0.07532405917483605, 0.04657310756839918, 0.05826619189337244, 0.05406311603615641, 0.05960671710902125, 0.066577915854803, 0.06685184642791622, 0.06426155811527719, 0.03969385099220597, 0.04190310487779534, 0.04854463013872827, 0.039329615677088633, 0.031624881314390244, 0.03986369214346791, 0.05245492820376872, 0.04627659203720404, 0.15003891141753575, 0.20931430860908645, 0.2424854514499884, 0.2571343507801352], [0.011587285789237857, 0.005386719693038418, 0.0027633014788183917, 0.0015886424431045209, 0.0013659803213337746, 0.001248409282713643, 0.0008982823811447339, 0.0006883481087359364, 0.0010365397963092546, 0.004018166228265194, 0.0038266689212129246, 0.005571939881921084, 0.0027804657730609817, 0.004162936178706443, 0.01910965573662283, 0.0032140915573190066, 0.010254201511270624, 0.06791878947368421, 0.10705300161857989, 0.0835524216468601], [0.011587285789237857, 0.005386719693038418, 0.0027633014788183917, 0.0015886424431045209, 0.0013659803213337746, 0.001248409282713643, 0.0008982823811447339, 0.0006883481087359364, 0.0010365397963092546, 0.004018166228265194, 0.0038266689212129246, 0.005571939881921084, 0.0027804657730609817, 0.004162936178706443, 0.01910965573662283, 0.0032140915573190066, 0.010254201511270624, 0.06791878947368421, 0.10705300161857989, 0.0835524216468601]], "elpd": [-3.556816070233257, -0.5755223913215833, -0.5755223913215833], "expected_improvement": [null, null, null], "actual_improvement": [null, null, null], "mse": [0.7645721526437123, 0.1831652745237095, 0.1831652745237095], "nmse": [0.7793736138363724, 0.1867111971594362, 0.1867111971594362], "y_regret_pool": [0.10392094347921743, 0.10392094347921743, 0.10392094347921743, 0.10392094347921743, 0.10392094347921743, 0.029066011011428694, 0.029066011011428694, 0.029066011011428694, 0.029066011011428694, 0.029066011011428694, 0.029066011011428694, 0.029066011011428694, 0.029066011011428694, 0.029066011011428694, 0.029066011011428694, 0.029066011011428694, 0.029066011011428694, 0.029066011011428694, 0.029066011011428694, 0.029066011011428694, 0.029066011011428694, 0.029066011011428694, 0.029066011011428694, 0.029066011011428694, 0.029066011011428694, 0.029066011011428694, 0.02687610607221136, 0.02687610607221136, 0.02687610607221136, 0.02687610607221136, 0.02687610607221136, 0.02687610607221136, 0.02687610607221136, 0.02687610607221136, 0.02687610607221136, 0.02687610607221136, 0.02687610607221136, 0.02687610607221136, 0.02687610607221136, 0.02687610607221136, 0.02687610607221136, 0.02687610607221136, 0.02687610607221136, 0.02687610607221136, 0.02687610607221136, 0.02687610607221136, 0.02687610607221136, 0.02687610607221136, 0.02687610607221136, 0.02687610607221136, 0.02687610607221136, 0.02687610607221136, 0.02687610607221136, 0.02687610607221136, 0.02687610607221136, 0.02687610607221136, 0.02687610607221136, 0.02687610607221136, 0.02687610607221136, 0.02687610607221136, 0.02687610607221136, 0.02687610607221136, 0.02687610607221136, 0.02687610607221136, 0.02687610607221136, 0.02687610607221136, 0.02687610607221136, 0.02687610607221136, 0.02687610607221136, 0.02687610607221136, 0.02687610607221136, 0.02687610607221136, 0.02687610607221136, 0.02687610607221136, 0.02687610607221136, 0.02687610607221136, 0.02687610607221136, 0.02687610607221136, 0.02687610607221136, 0.02687610607221136, 0.02687610607221136, 0.02687610607221136, 0.02687610607221136, 0.02687610607221136, 0.02687610607221136, 0.02687610607221136, 0.02687610607221136, 0.02687610607221136, 0.02687610607221136, 0.02687610607221136, 0.02687610607221136, 0.02687610607221136, 0.02687610607221136, 0.02687610607221136, 0.02687610607221136, 0.02687610607221136, 0.02687610607221136, 0.02687610607221136, 0.02687610607221136, 0.02687610607221136, 0.02687610607221136, 0.02687610607221136],