{"p_array": [0.001, 0.053526315789473686, 0.10605263157894737, 0.15857894736842104, 0.21110526315789474, 0.26363157894736844, 0.3161578947368421, 0.3686842105263158, 0.4212105263157895, 0.4737368421052632, 0.5262631578947369, 0.5787894736842105, 0.6313157894736842, 0.6838421052631579, 0.7363684210526316, 0.7888947368421053, 0.841421052631579, 0.8939473684210526, 0.9464736842105264, 0.999], "mean_sharpness": [-0.04649878718615639, 1.3308989202974792], "sharpness_error_true_minus_model": [], "posterior_variance": [0.07550755450902182, 0.00427981305431712], "bias_mse": [], "bias_nmse": [], "f_calibration": [], "f_calibration_mse": [], "f_calibration_nmse": [], "y_calibration": [[0.11999999731779099, 0.3837999999523163, 0.44679999351501465, 0.4790000021457672, 0.5008000135421753, 0.5152000188827515, 0.5249999761581421, 0.5324000120162964, 0.5392000079154968, 0.5460000038146973, 0.5511999726295471, 0.5565999746322632, 0.5626000165939331, 0.5667999982833862, 0.5712000131607056, 0.5758000016212463, 0.5824000239372253, 0.5899999737739563, 0.6029999852180481, 0.6499999761581421], [0.5440000295639038, 0.5591999888420105, 0.5630000233650208, 0.5651999711990356, 0.567799985408783, 0.5694000124931335, 0.5699999928474426, 0.5705999732017517, 0.5720000267028809, 0.5730000138282776, 0.5738000273704529, 0.5748000144958496, 0.5759999752044678, 0.5771999955177307, 0.5788000226020813, 0.5806000232696533, 0.5825999975204468, 0.5852000117301941, 0.5881999731063843, 0.6018000245094299]], "y_calibration_mse": [0.05351336113417169, 0.0908291023032264], "y_calibration_nmse": [0.5833332060911184, 0.9901009828195191], "calibration_local_dist_to_nearest_train_sample": [[0.5126890179875845, 0.6811993323671673, 0.8497096467467502, 1.018219961126333, 1.1867302755059157, 1.3552405898854987, 1.5237509042650814, 1.6922612186446642, 1.860771533024247, 2.02928184740383, 2.1977921617834126, 2.3663024761629954, 2.5348127905425786, 2.703323104922161, 2.871833419301744, 3.0403437336813264, 3.2088540480609096, 3.377364362440492, 3.545874676820075, 3.7143849911996574], [0.4933039153368517, 0.6424291270657019, 0.7915543387945522, 0.9406795505234024, 1.0898047622522524, 1.2389299739811028, 1.388055185709953, 1.5371803974388032, 1.6863056091676534, 1.8354308208965036, 1.9845560326253537, 2.133681244354204, 2.2828064560830543, 2.4319316678119045, 2.5810568795407547, 2.730182091269605, 2.879307302998455, 3.0284325147273052, 3.1775577264561554, 3.3266829381850056]], "calibration_local_y": [[0.15757594637867495, 0.18695865378289475, 0.16471703147478212, 0.14184933173672667, 0.10310921982263821, 0.08452709593804078, 0.0634852379264965, 0.0493983218362465, 0.053276404569887394, 0.06271152212904686, 0.07130720060743412, 0.08097608276650432, 0.1080879962736431, 0.1139789397190494, 0.08804813687942756, 0.13162603107538634, 0.14504164168186479, 0.3417372105263158, 0.3417372105263158, 0.3417372105263158], [0.19487382803832146, 0.21544828530145982, 0.2183945366721968, 0.17753723072074093, 0.1881629455275337, 0.1392502178944579, 0.1334299385722563, 0.10720579742071787, 0.08620784414147577, 0.08548266564176432, 0.0958136713107122, 0.1052323399280686, 0.13567391805250859, 0.1795443447347911, 0.24954651172179557, 0.26147229113436277, 0.28157970631550816, 0.3417372105263158, 0.3417372105263158, 0.3417372105263158]], "elpd": [-10.662211310862459, -130.20622859249298], "expected_improvement": [null, null], "actual_improvement": [null, [[2.398415763008573]]], "mse": [0.9914626885508891, 0.9963047443569376], "nmse": [0.9901877894792277, 0.9950236189970624], "y_regret_pool": [0.06281707535941616, 0.06281707535941616, 0.06281707535941616, 0.06281707535941616, 0.06281707535941616, 0.06281707535941616, 0.06281707535941616, 0.06281707535941616, 0.06281707535941616, 0.06281707535941616, 0.06281707535941616, 0.06281707535941616, 0.06281707535941616, 0.06281707535941616, 0.06281707535941616, 0.06281707535941616, 0.06281707535941616, 0.06281707535941616, 0.06281707535941616, 0.06281707535941616, 0.06281707535941616, 0.06281707535941616, 0.06281707535941616, 0.06281707535941616, 0.06281707535941616, 0.06281707535941616, 0.06281707535941616, 0.06281707535941616, 0.06281707535941616, 0.06281707535941616, 0.06281707535941616, 0.06281707535941616, 0.06281707535941616, 0.06281707535941616, 0.06281707535941616, 0.06281707535941616, 0.06281707535941616, 0.06281707535941616, 0.06281707535941616, 0.06281707535941616, 0.06281707535941616, 0.06281707535941616, 0.06281707535941616, 0.06281707535941616, 0.06281707535941616, 0.06281707535941616, 0.06281707535941616, 0.06281707535941616, 0.06281707535941616, 0.05823043176174436, 0.05823043176174436, 0.04686353241099295, 0.04686353241099295, 0.04686353241099295, 0.04686353241099295, 0.04686353241099295, 0.04686353241099295, 0.04686353241099295, 0.04686353241099295, 0.04048211523162348, 0.04048211523162348, 0.04048211523162348, 0.04048211523162348, 0.04048211523162348, 0.04048211523162348, 0.04048211523162348, 0.04048211523162348, 0.04048211523162348, 0.04048211523162348, 0.04048211523162348, 0.04048211523162348, 0.03449953662596483, 0.03449953662596483, 0.03449953662596483, 0.03449953662596483, 0.03449953662596483, 0.03449953662596483, 0.03449953662596483, 0.03449953662596483, 0.03449953662596483, 0.03449953662596483, 0.03449953662596483, 0.03449953662596483, 0.03449953662596483, 0.03449953662596483, 0.02213554084093694, 0.02213554084093694, 0.02213554084093694, 0.02213554084093694, 0.02213554084093694, 0.02213554084093694, 0.02213554084093694, 0.02213554084093694, 0.02213554084093694, 0.02213554084093694, 0.02213554084093694, 0.02213554084093694, 0.02213554084093694, 0.02213554084093694, 0.02213554084093694, 0.02213554084093694], "y_regret_test": [0.0622188174988505, 0.0622188174988505, 0.0622188174988505, 0.0622188174988505, 0.0622188174988505, 0.0622188174988505, 0.0622188174988505, 0.0622188174988505, 0.0622188174988505, 0.0622188174988505, 0.0622188174988505, 0.0622188174988505, 0.0622188174988505, 0.0622188174988505, 0.0622188174988505, 0.0622188174988505, 0.0622188174988505, 0.0622188174988505, 0.0622188174988505, 0.0622188174988505, 0.0622188174988505, 0.0622188174988505, 0.0622188174988505, 0.0622188174988505, 0.0622188174988505, 0.0622188174988505, 0.0622188174988505, 0.0622188174988505, 0.0622188174988505, 0.0622188174988505, 0.0622188174988505, 0.0622188174988505, 0.0622188174988505, 0.0622188174988505, 0.0622188174988505, 0.0622188174988505, 0.0622188174988505, 0.0622188174988505, 0.0622188174988505, 0.0622188174988505, 0.0622188174988505, 0.0622188174988505, 0.0622188174988505, 0.0622188174988505, 0.0622188174988505, 0.0622188174988505, 0.0622188174988505, 0.0622188174988505, 0.0622188174988505, 0.057632173901178696, 0.057632173901178696, 0.04626527455042728, 0.04626527455042728, 0.04626527455042728, 0.04626527455042728, 0.04626527455042728, 0.04626527455042728, 0.04626527455042728, 0.04626527455042728, 0.03988385737105782, 0.03988385737105782, 0.03988385737105782, 0.03988385737105782, 0.03988385737105782, 0.03988385737105782, 0.03988385737105782, 0.03988385737105782, 0.03988385737105782, 0.03988385737105782, 0.03988385737105782, 0.03988385737105782, 0.03390127876539917, 0.03390127876539917, 0.03390127876539917, 0.03390127876539917, 0.03390127876539917, 0.03390127876539917, 0.03390127876539917, 0.03390127876539917, 0.03390127876539917, 0.03390127876539917, 0.03390127876539917, 0.03390127876539917, 0.03390127876539917, 0.03390127876539917, 0.021537282980371275, 0.021537282980371275, 0.021537282980371275, 0.021537282980371275, 0.021537282980371275, 0.021537282980371275, 0.021537282980371275, 0.021537282980371275, 0.021537282980371275, 0.021537282980371275, 0.021537282980371275, 0.021537282980371275, 0.021537282980371275, 0.021537282980371275, 0.021537282980371275, 0.021537282980371275], "f_regret_pool": [], "f_regret_test": [],