{"p_array": [0.001, 0.053526315789473686, 0.10605263157894737, 0.15857894736842104, 0.21110526315789474, 0.26363157894736844, 0.3161578947368421, 0.3686842105263158, 0.4212105263157895, 0.4737368421052632, 0.5262631578947369, 0.5787894736842105, 0.6313157894736842, 0.6838421052631579, 0.7363684210526316, 0.7888947368421053, 0.841421052631579, 0.8939473684210526, 0.9464736842105264, 0.999], "mean_sharpness": [-1.4605320367718644, -0.610570548749015, -0.610570548749015], "sharpness_error_true_minus_model": [], "posterior_variance": [1.0867450186185161, 0.21317612870182448, 0.21317612870182448], "bias_mse": [], "bias_nmse": [], "f_calibration": [], "f_calibration_mse": [], "f_calibration_nmse": [], "y_calibration": [[0.0, 0.0, 0.0, 0.12240000069141388, 0.3203999996185303, 0.41620001196861267, 0.47040000557899475, 0.5094000101089478, 0.5404000282287598, 0.5648000240325928, 0.5842000246047974, 0.6064000129699707, 0.6254000067710876, 0.6470000147819519, 0.6705999970436096, 0.6934000253677368, 0.7218000292778015, 0.7670000195503235, 1.0, 1.0], [0.008200000040233135, 0.07720000296831131, 0.13680000603199005, 0.18060000240802765, 0.23399999737739563, 0.2865999937057495, 0.3425999879837036, 0.4050000011920929, 0.46399998664855957, 0.5156000256538391, 0.5722000002861023, 0.6299999952316284, 0.6854000091552734, 0.7390000224113464, 0.7864000201225281, 0.8320000171661377, 0.873199999332428, 0.9125999808311462, 0.9458000063896179, 0.9886000156402588], [0.008200000040233135, 0.07720000296831131, 0.13680000603199005, 0.18060000240802765, 0.23399999737739563, 0.2865999937057495, 0.3425999879837036, 0.4050000011920929, 0.46399998664855957, 0.5156000256538391, 0.5722000002861023, 0.6299999952316284, 0.6854000091552734, 0.7390000224113464, 0.7864000201225281, 0.8320000171661377, 0.873199999332428, 0.9125999808311462, 0.9458000063896179, 0.9886000156402588]], "y_calibration_mse": [0.008449089205589648, 0.0012611841981273399, 0.0012611841981273399], "y_calibration_nmse": [0.09210100413033527, 0.013747793189826234, 0.013747793189826234], "calibration_local_dist_to_nearest_train_sample": [[0.49935063497275534, 0.6550331511386791, 0.810715667304603, 0.9663981834705268, 1.1220806996364505, 1.2777632158023744, 1.433445731968298, 1.589128248134222, 1.7448107643001458, 1.9004932804660695, 2.0561757966319933, 2.2118583127979172, 2.367540828963841, 2.5232233451297645, 2.6789058612956884, 2.8345883774616123, 2.990270893627536, 3.14595340979346, 3.3016359259593835, 3.4573184421253074], [0.440895277017561, 0.5381224352282904, 0.6353495934390198, 0.7325767516497492, 0.8298039098604786, 0.9270310680712079, 1.0242582262819373, 1.1214853844926669, 1.218712542703396, 1.3159397009141256, 1.413166859124855, 1.5103940173355843, 1.6076211755463137, 1.7048483337570433, 1.8020754919677726, 1.899302650178502, 1.9965298083892313, 2.093756966599961, 2.19098412481069, 2.2882112830214196], [0.440895277017561, 0.5381224352282904, 0.6353495934390198, 0.7325767516497492, 0.8298039098604786, 0.9270310680712079, 1.0242582262819373, 1.1214853844926669, 1.218712542703396, 1.3159397009141256, 1.413166859124855, 1.5103940173355843, 1.6076211755463137, 1.7048483337570433, 1.8020754919677726, 1.899302650178502, 1.9965298083892313, 2.093756966599961, 2.19098412481069, 2.2882112830214196]], "calibration_local_y": [[0.009818680468015182, 0.04402721335864107, 0.009829594598939078, 0.0201835590528554, 0.012067131857274899, 0.011708900090939386, 0.008397489508479964, 0.008613830223048992, 0.007523028696627819, 0.007936712749995349, 0.01097691037942753, 0.014930922981602096, 0.012992345077125201, 0.014577425318884622, 0.02229486959499625, 0.04828043744062985, 0.03439628076920178, 0.010572578919081418, 0.03071744324280265, 0.017260516282012743], [0.0069410448190789465, 0.007287759747207237, 0.0028097869610029715, 0.0014434435065873716, 0.0005234197766552599, 0.0005254253605464817, 0.0010791927775337278, 0.0018759291257382528, 0.0018349763780392005, 0.003684293661574792, 0.004653127534923947, 0.002674802087455957, 0.004979662032689743, 0.0024979731584924563, 0.011001005395980347, 0.0049091771853991975, 0.05553837610621145, 0.06126060232211904, 0.14476352631578948, 0.14476352631578948], [0.0069410448190789465, 0.007287759747207237, 0.0028097869610029715, 0.0014434435065873716, 0.0005234197766552599, 0.0005254253605464817, 0.0010791927775337278, 0.0018759291257382528, 0.0018349763780392005, 0.003684293661574792, 0.004653127534923947, 0.002674802087455957, 0.004979662032689743, 0.0024979731584924563, 0.011001005395980347, 0.0049091771853991975, 0.05553837610621145, 0.06126060232211904, 0.14476352631578948, 0.14476352631578948]], "elpd": [-1.4251223513764883, -0.7443647295118466, -0.7443647295118466], "expected_improvement": [null, null, null], "actual_improvement": [null, null, null], "mse": [1.0097824201899694, 0.2774461579302322, 0.2774461579302322], "nmse": [1.0001082981371752, 0.2747881120569529, 0.2747881120569529], "y_regret_pool": [0.19900914891866106, 0.19900914891866106, 0.19900914891866106, 0.09428860886267199, 0.09428860886267199, 0.09428860886267199, 0.07202044804616858, 0.07202044804616858, 0.07202044804616858, 0.07202044804616858, 0.07202044804616858, 0.07202044804616858, 0.07202044804616858, 0.07202044804616858, 0.07202044804616858, 0.07202044804616858, 0.07202044804616858, 0.07202044804616858, 0.07202044804616858, 0.07202044804616858, 0.07202044804616858, 0.07202044804616858, 0.07202044804616858, 0.07202044804616858, 0.07202044804616858, 0.07202044804616858, 0.07202044804616858, 0.07202044804616858, 0.07202044804616858, 0.07202044804616858, 0.07202044804616858, 0.07202044804616858, 0.07202044804616858, 0.07202044804616858, 0.023271231123552782, 0.023271231123552782, 0.023271231123552782, 0.023271231123552782, 0.023271231123552782, 0.023271231123552782, 0.023271231123552782, 0.023271231123552782, 0.023271231123552782, 0.023271231123552782, 0.023271231123552782, 0.023271231123552782, 0.023271231123552782, 0.023271231123552782, 0.023271231123552782, 0.023271231123552782, 0.023271231123552782, 0.023271231123552782, 0.023271231123552782, 0.023271231123552782, 0.023271231123552782, 0.023271231123552782, 0.023271231123552782, 0.023271231123552782, 0.023271231123552782, 0.023271231123552782, 0.023271231123552782, 0.023271231123552782, 0.023271231123552782, 0.023271231123552782, 0.023271231123552782, 0.023271231123552782, 0.023271231123552782, 0.023271231123552782, 0.023271231123552782, 0.023271231123552782, 0.023271231123552782, 0.023271231123552782, 0.023271231123552782, 0.023271231123552782, 0.023271231123552782, 0.023271231123552782, 0.023271231123552782, 0.023271231123552782, 0.023271231123552782, 0.023271231123552782, 0.023271231123552782, 0.023271231123552782, 0.023271231123552782, 0.023271231123552782, 0.023271231123552782, 0.023271231123552782, 0.023271231123552782, 0.023271231123552782, 0.023271231123552782, 0.023271231123552782, 0.023271231123552782, 0.023271231123552782, 0.023271231123552782, 0.023271231123552782, 0.023271231123552782, 0.023271231123552782, 0.023271231123552782, 0.023271231123552782, 0.023271231123552782, 0.023271231123552782, 0.023271231123552782, 0.023271231123552782],