{"p_array": [0.001, 0.053526315789473686, 0.10605263157894737, 0.15857894736842104, 0.21110526315789474, 0.26363157894736844, 0.3161578947368421, 0.3686842105263158, 0.4212105263157895, 0.4737368421052632, 0.5262631578947369, 0.5787894736842105, 0.6313157894736842, 0.6838421052631579, 0.7363684210526316, 0.7888947368421053, 0.841421052631579, 0.8939473684210526, 0.9464736842105264, 0.999], "mean_sharpness": [-1.0909267928115813, -0.5904026937532663, -0.5904026937532663], "sharpness_error_true_minus_model": [], "posterior_variance": [0.663556638043039, 0.26256137384261496, 0.26256137384261496], "bias_mse": [], "bias_nmse": [], "f_calibration": [], "f_calibration_mse": [], "f_calibration_nmse": [], "y_calibration": [[0.0, 0.00860000029206276, 0.026399999856948853, 0.05000000074505806, 0.08780000358819962, 0.16820000112056732, 0.2784000039100647, 0.3612000048160553, 0.415800005197525, 0.45820000767707825, 0.49779999256134033, 0.525600016117096, 0.5529999732971191, 0.5871999859809875, 0.6259999871253967, 0.6832000017166138, 0.7627999782562256, 0.8381999731063843, 0.8826000094413757, 0.9580000042915344], [0.0, 0.004000000189989805, 0.021400000900030136, 0.10159999877214432, 0.22519999742507935, 0.33160001039505005, 0.41040000319480896, 0.460999995470047, 0.5037999749183655, 0.5406000018119812, 0.5717999935150146, 0.6075999736785889, 0.6610000133514404, 0.7301999926567078, 0.8163999915122986, 0.8777999877929688, 0.9200000166893005, 0.9480000138282776, 0.9696000218391418, 0.9861999750137329], [0.0, 0.004000000189989805, 0.021400000900030136, 0.10159999877214432, 0.22519999742507935, 0.33160001039505005, 0.41040000319480896, 0.460999995470047, 0.5037999749183655, 0.5406000018119812, 0.5717999935150146, 0.6075999736785889, 0.6610000133514404, 0.7301999926567078, 0.8163999915122986, 0.8777999877929688, 0.9200000166893005, 0.9480000138282776, 0.9696000218391418, 0.9861999750137329]], "y_calibration_mse": [0.005186590550673935, 0.0038209216603398593, 0.0038209216603398593], "y_calibration_nmse": [0.05653747831351495, 0.0416507286238422, 0.0416507286238422], "calibration_local_dist_to_nearest_train_sample": [[0.49935063497275534, 0.6550331511386791, 0.810715667304603, 0.9663981834705268, 1.1220806996364505, 1.2777632158023744, 1.433445731968298, 1.589128248134222, 1.7448107643001458, 1.9004932804660695, 2.0561757966319933, 2.2118583127979172, 2.367540828963841, 2.5232233451297645, 2.6789058612956884, 2.8345883774616123, 2.990270893627536, 3.14595340979346, 3.3016359259593835, 3.4573184421253074], [0.43705578176432475, 0.5304434447218179, 0.623831107679311, 0.7172187706368043, 0.8106064335942974, 0.9039940965517905, 0.9973817595092838, 1.090769422466777, 1.18415708542427, 1.2775447483817632, 1.3709324113392565, 1.4643200742967495, 1.5577077372542427, 1.651095400211736, 1.744483063169229, 1.8378707261267222, 1.9312583890842154, 2.0246460520417084, 2.1180337149992017, 2.211421377956695], [0.43705578176432475, 0.5304434447218179, 0.623831107679311, 0.7172187706368043, 0.8106064335942974, 0.9039940965517905, 0.9973817595092838, 1.090769422466777, 1.18415708542427, 1.2775447483817632, 1.3709324113392565, 1.4643200742967495, 1.5577077372542427, 1.651095400211736, 1.744483063169229, 1.8378707261267222, 1.9312583890842154, 2.0246460520417084, 2.1180337149992017, 2.211421377956695]], "calibration_local_y": [[0.007214982931133334, 0.025931559272447353, 0.004421212844614346, 0.004694173980244146, 0.002488577106374126, 0.0022450938988448224, 0.002379262939580261, 0.003054457901056011, 0.0037350291326715807, 0.006893627000988457, 0.006746973353956342, 0.00935759870485748, 0.015108663175136063, 0.01149610138593962, 0.031657089139138, 0.05515851905311607, 0.06497560549576518, 0.0539041564322601, 0.07485276338326761, 0.09774418926904774], [0.00964824035442704, 0.0028269677774239647, 0.008671973220371568, 0.0045636347507870155, 0.004602776188466341, 0.00847689351361495, 0.003174455959956584, 0.003366838722089086, 0.004945591255621936, 0.0035040191983973625, 0.004660589821936305, 0.0035967393841844137, 0.002397320466523507, 0.0062826490073075655, 0.004598480483777876, 0.016201653422352805, 0.009652999566219428, 0.02079948925628066, 0.20779510526315786, 0.14670826315789476], [0.00964824035442704, 0.0028269677774239647, 0.008671973220371568, 0.0045636347507870155, 0.004602776188466341, 0.00847689351361495, 0.003174455959956584, 0.003366838722089086, 0.004945591255621936, 0.0035040191983973625, 0.004660589821936305, 0.0035967393841844137, 0.002397320466523507, 0.0062826490073075655, 0.004598480483777876, 0.016201653422352805, 0.009652999566219428, 0.02079948925628066, 0.20779510526315786, 0.14670826315789476]], "elpd": [-1.7948098147453875, -0.5553064915620567, -0.5553064915620567], "expected_improvement": [null, null, null], "actual_improvement": [null, null, null], "mse": [0.7828610200273457, 0.20853787019524717, 0.20853787019524717], "nmse": [0.7753608963307035, 0.2065399934560987, 0.2065399934560987], "y_regret_pool": [0.19900914891866106, 0.19900914891866106, 0.19900914891866106, 0.19900914891866106, 0.08867141514319399, 0.08867141514319399, 0.08867141514319399, 0.08867141514319399, 0.08867141514319399, 0.08867141514319399, 0.08867141514319399, 0.08867141514319399, 0.08867141514319399, 0.08867141514319399, 0.08867141514319399, 0.08867141514319399, 0.08867141514319399, 0.08867141514319399, 0.08867141514319399, 0.08867141514319399, 0.08867141514319399, 0.08867141514319399, 0.08867141514319399, 0.08867141514319399, 0.08867141514319399, 0.08867141514319399, 0.08867141514319399, 0.08867141514319399, 0.08867141514319399, 0.08867141514319399, 0.08867141514319399, 0.08867141514319399, 0.08867141514319399, 0.08867141514319399, 0.08867141514319399, 0.08867141514319399, 0.08867141514319399, 0.08867141514319399, 0.08867141514319399, 0.08867141514319399, 0.08867141514319399, 0.08867141514319399, 0.08867141514319399, 0.03992219822057819, 0.03992219822057819, 0.03992219822057819, 0.03992219822057819, 0.03992219822057819, 0.03992219822057819, 0.03992219822057819, 0.03992219822057819, 0.03992219822057819, 0.03992219822057819, 0.03992219822057819, 0.03992219822057819, 0.01624973897420534, 0.01624973897420534, 0.01624973897420534, 0.01624973897420534, 0.01624973897420534, 0.01624973897420534, 0.01624973897420534, 0.01624973897420534, 0.01624973897420534, 0.01624973897420534, 0.01624973897420534, 0.01624973897420534, 0.01624973897420534, 0.01624973897420534, 0.01624973897420534, 0.01624973897420534, 0.01624973897420534, 0.01624973897420534, 0.01624973897420534, 0.01624973897420534, 0.01624973897420534, 0.01624973897420534, 0.01624973897420534, 0.01624973897420534, 0.01624973897420534, 0.01624973897420534, 0.01624973897420534, 0.01624973897420534, 0.01624973897420534, 0.01624973897420534, 0.01624973897420534, 0.01624973897420534, 0.01624973897420534, 0.01624973897420534, 0.01624973897420534, 0.01624973897420534, 0.01624973897420534, 0.01624973897420534, 0.01624973897420534, 0.01624973897420534, 0.01624973897420534, 0.01624973897420534, 0.01624973897420534, 0.01624973897420534, 0.01624973897420534, 0.01624973897420534, 0.01624973897420534],