{"p_array": [0.001, 0.053526315789473686, 0.10605263157894737, 0.15857894736842104, 0.21110526315789474, 0.26363157894736844, 0.3161578947368421, 0.3686842105263158, 0.4212105263157895, 0.4737368421052632, 0.5262631578947369, 0.5787894736842105, 0.6313157894736842, 0.6838421052631579, 0.7363684210526316, 0.7888947368421053, 0.841421052631579, 0.8939473684210526, 0.9464736842105264, 0.999], "mean_sharpness": [-0.8076967866020877, -0.028259862370808138], "sharpness_error_true_minus_model": [], "posterior_variance": [0.5098841561544831, 0.1404511723344372], "bias_mse": [], "bias_nmse": [], "f_calibration": [], "f_calibration_mse": [], "f_calibration_nmse": [], "y_calibration": [[0.0010000000474974513, 0.01940000057220459, 0.03400000184774399, 0.04280000180006027, 0.047200001776218414, 0.05999999865889549, 0.14579999446868896, 0.23839999735355377, 0.31279999017715454, 0.3686000108718872, 0.4147999882698059, 0.4490000009536743, 0.4742000102996826, 0.5070000290870667, 0.5353999733924866, 0.5662000179290771, 0.6462000012397766, 0.728600025177002, 0.7864000201225281, 0.8996000289916992], [0.0, 0.00139999995008111, 0.006000000052154064, 0.015799999237060547, 0.040800001472234726, 0.07739999890327454, 0.133200004696846, 0.18960000574588776, 0.24079999327659607, 0.2865999937057495, 0.329800009727478, 0.3723999857902527, 0.41200000047683716, 0.4634000062942505, 0.5284000039100647, 0.6140000224113464, 0.6988000273704529, 0.7767999768257141, 0.8600000143051147, 0.9332000017166138]], "y_calibration_mse": [0.02165290587297882, 0.026375632334667803], "y_calibration_nmse": [0.23603187571053794, 0.2875129097924955], "calibration_local_dist_to_nearest_train_sample": [[0.5126890179875845, 0.6811993323671673, 0.8497096467467502, 1.018219961126333, 1.1867302755059157, 1.3552405898854987, 1.5237509042650814, 1.6922612186446642, 1.860771533024247, 2.02928184740383, 2.1977921617834126, 2.3663024761629954, 2.5348127905425786, 2.703323104922161, 2.871833419301744, 3.0403437336813264, 3.2088540480609096, 3.377364362440492, 3.545874676820075, 3.7143849911996574], [0.46905066407341534, 0.5939226245388292, 0.7187945850042431, 0.8436665454696569, 0.9685385059350707, 1.0934104664004847, 1.2182824268658985, 1.3431543873313123, 1.4680263477967261, 1.59289830826214, 1.7177702687275538, 1.8426422291929678, 1.9675141896583817, 2.0923861501237955, 2.217258110589209, 2.342130071054623, 2.467002031520037, 2.5918739919854508, 2.716745952450865, 2.8416179129162784]], "calibration_local_y": [[0.008514474189993711, 0.014211778782894735, 0.008481365281377575, 0.010441421621310433, 0.007868405898170054, 0.004723353519557353, 0.013190960150751909, 0.02404582776767108, 0.021976911102237675, 0.042480414806623686, 0.048446940199905586, 0.0537288131867061, 0.06820667303145558, 0.07782107924613298, 0.05795190678404364, 0.08525362686221927, 0.09376740459389725, 0.17242263898605914, 0.1739225902960691, 0.173653], [0.012011219741646543, 0.00713134878955152, 0.005744584413350524, 0.004098408103725382, 0.004777615965610148, 0.011484039708359189, 0.029771305592239415, 0.05519548842607867, 0.07686884717045823, 0.09522358306396903, 0.10319890251219659, 0.12295637597461087, 0.13016578537093287, 0.1305752497004192, 0.14549609369900124, 0.12204722926667573, 0.11229314709510459, 0.12365727631578949, 0.14476352631578948, 0.12044510526315791]], "elpd": [-19.24841513855361, -1.6262641251971395], "expected_improvement": [null, null], "actual_improvement": [null, [[0.1577406559025345]]], "mse": [1.0410667835036826, 0.22528597149532426], "nmse": [1.0397280996670106, 0.2249962814452251], "y_regret_pool": [0.06281707535941616, 0.06281707535941616, 0.06281707535941616, 0.06281707535941616, 0.06281707535941616, 0.06281707535941616, 0.06281707535941616, 0.05842985104859988, 0.05842985104859988, 0.05842985104859988, 0.05842985104859988, 0.05842985104859988, 0.05842985104859988, 0.05842985104859988, 0.034898375199675424, 0.034898375199675424, 0.034898375199675424, 0.034898375199675424, 0.034898375199675424, 0.034898375199675424, 0.034898375199675424, 0.034898375199675424, 0.034898375199675424, 0.034898375199675424, 0.034898375199675424, 0.034898375199675424, 0.034898375199675424, 0.034898375199675424, 0.034898375199675424, 0.034898375199675424, 0.034898375199675424, 0.034898375199675424, 0.034898375199675424, 0.034898375199675424, 0.010968060777040822, 0.010968060777040822, 0.00638141717936902, 0.00638141717936902, 0.00638141717936902, 0.00638141717936902, 0.00638141717936902, 0.00638141717936902, 0.00638141717936902, 0.00638141717936902, 0.00638141717936902, 0.00638141717936902, 0.00638141717936902, 0.00638141717936902, 0.00638141717936902, 0.00638141717936902, 0.00638141717936902, 0.00638141717936902, 0.00638141717936902, 0.00638141717936902, 0.00638141717936902, 0.00638141717936902, 0.00638141717936902, 0.00638141717936902, 0.00638141717936902, 0.00638141717936902, 0.00638141717936902, 0.00638141717936902, 0.00638141717936902, 0.00638141717936902, 0.00638141717936902, 0.00638141717936902, 0.00638141717936902, 0.00638141717936902, 0.00638141717936902, 0.00638141717936902, 0.00638141717936902, 0.00638141717936902, 0.00638141717936902, 0.00638141717936902, 0.00638141717936902, 0.00638141717936902, 0.00638141717936902, 0.00638141717936902, 0.00638141717936902, 0.00638141717936902, 0.00638141717936902, 0.00638141717936902, 0.00638141717936902, 0.00638141717936902, 0.00638141717936902, 0.00638141717936902, 0.00638141717936902, 0.00638141717936902, 0.00638141717936902, 0.00638141717936902, 0.00638141717936902, 0.00638141717936902, 0.00638141717936902, 0.00638141717936902, 0.00638141717936902, 0.00638141717936902, 0.00638141717936902, 0.00638141717936902, 0.00638141717936902, 0.00638141717936902, 0.00638141717936902], "y_regret_test": [0.0622188174988505, 0.0622188174988505, 0.0622188174988505, 0.0622188174988505, 0.0622188174988505, 0.0622188174988505, 0.0622188174988505, 0.057831593188034214, 0.057831593188034214, 0.057831593188034214, 0.057831593188034214, 0.057831593188034214, 0.057831593188034214, 0.057831593188034214, 0.03430011733910976, 0.03430011733910976, 0.03430011733910976, 0.03430011733910976, 0.03430011733910976, 0.03430011733910976, 0.03430011733910976, 0.03430011733910976, 0.03430011733910976, 0.03430011733910976, 0.03430011733910976, 0.03430011733910976, 0.03430011733910976, 0.03430011733910976, 0.03430011733910976, 0.03430011733910976, 0.03430011733910976, 0.03430011733910976, 0.03430011733910976, 0.03430011733910976, 0.010369802916475157, 0.010369802916475157, 0.005783159318803355, 0.005783159318803355, 0.005783159318803355, 0.005783159318803355, 0.005783159318803355, 0.005783159318803355, 0.005783159318803355, 0.005783159318803355, 0.005783159318803355, 0.005783159318803355, 0.005783159318803355, 0.005783159318803355, 0.005783159318803355, 0.005783159318803355, 0.005783159318803355, 0.005783159318803355, 0.005783159318803355, 0.005783159318803355, 0.005783159318803355, 0.005783159318803355, 0.005783159318803355, 0.005783159318803355, 0.005783159318803355, 0.005783159318803355, 0.005783159318803355, 0.005783159318803355, 0.005783159318803355, 0.005783159318803355, 0.005783159318803355, 0.005783159318803355, 0.005783159318803355, 0.005783159318803355, 0.005783159318803355, 0.005783159318803355, 0.005783159318803355, 0.005783159318803355, 0.005783159318803355, 0.005783159318803355, 0.005783159318803355, 0.005783159318803355, 0.005783159318803355, 0.005783159318803355, 0.005783159318803355, 0.005783159318803355, 0.005783159318803355, 0.005783159318803355, 0.005783159318803355, 0.005783159318803355, 0.005783159318803355, 0.005783159318803355, 0.005783159318803355, 0.005783159318803355, 0.005783159318803355, 0.005783159318803355, 0.005783159318803355, 0.005783159318803355, 0.005783159318803355, 0.005783159318803355, 0.005783159318803355, 0.005783159318803355, 0.005783159318803355, 0.005783159318803355, 0.005783159318803355, 0.005783159318803355, 0.005783159318803355], "f_regret_pool": [], "f_regret_test": [],