{"p_array": [0.001, 0.053526315789473686, 0.10605263157894737, 0.15857894736842104, 0.21110526315789474, 0.26363157894736844, 0.3161578947368421, 0.3686842105263158, 0.4212105263157895, 0.4737368421052632, 0.5262631578947369, 0.5787894736842105, 0.6313157894736842, 0.6838421052631579, 0.7363684210526316, 0.7888947368421053, 0.841421052631579, 0.8939473684210526, 0.9464736842105264, 0.999], "mean_sharpness": [-0.7497831775162868, -0.2511019876516724], "sharpness_error_true_minus_model": [], "posterior_variance": [0.30020512000833355, 0.10203388841323495], "bias_mse": [], "bias_nmse": [], "f_calibration": [], "f_calibration_mse": [], "f_calibration_nmse": [], "y_calibration": [[0.08179999887943268, 0.27880001068115234, 0.3294000029563904, 0.36899998784065247, 0.39980000257492065, 0.4302000105381012, 0.4607999920845032, 0.48899999260902405, 0.5135999917984009, 0.5396000146865845, 0.5709999799728394, 0.6100000143051147, 0.6456000208854675, 0.6840000152587891, 0.7275999784469604, 0.770799994468689, 0.8176000118255615, 0.8686000108718872, 0.9139999747276306, 0.9918000102043152], [0.01360000018030405, 0.07339999824762344, 0.11699999868869781, 0.1581999957561493, 0.20080000162124634, 0.24480000138282776, 0.29420000314712524, 0.3594000041484833, 0.43799999356269836, 0.5134000182151794, 0.5952000021934509, 0.6665999889373779, 0.7148000001907349, 0.7491999864578247, 0.7825999855995178, 0.8158000111579895, 0.8428000211715698, 0.8697999715805054, 0.9017999768257141, 0.9684000015258789]], "y_calibration_mse": [0.013447992221685887, 0.0016820264278372215], "y_calibration_nmse": [0.14659255654855766, 0.01833526895124759], "calibration_local_dist_to_nearest_train_sample": [[0.5052561895343232, 0.6689007158742097, 0.8325452422140962, 0.9961897685539828, 1.1598342948938694, 1.3234788212337558, 1.4871233475736425, 1.650767873913529, 1.8144124002534154, 1.9780569265933021, 2.1417014529331886, 2.305345979273075, 2.4689905056129615, 2.6326350319528484, 2.796279558292735, 2.9599240846326214, 3.123568610972508, 3.2872131373123943, 3.450857663652281, 3.6145021899921677], [0.4302391685097864, 0.5188666738251362, 0.6074941791404861, 0.6961216844558359, 0.7847491897711857, 0.8733766950865356, 0.9620042004018854, 1.0506317057172352, 1.139259211032585, 1.2278867163479348, 1.3165142216632848, 1.4051417269786346, 1.4937692322939844, 1.5823967376093342, 1.671024242924684, 1.7596517482400338, 1.8482792535553836, 1.9369067588707334, 2.025534264186083, 2.114161769501433]], "calibration_local_y": [[0.02596385111416826, 0.08343257841137328, 0.08475269487751887, 0.05983597888576333, 0.05224831351551129, 0.05068698347457494, 0.04863297693063594, 0.04310924488035184, 0.025228798487232713, 0.02709182523608359, 0.008827076854409985, 0.005149360828414948, 0.022220501383664406, 0.05476347568854123, 0.06261850140313463, 0.06719839310001767, 0.07703715541923858, 0.06932619993814326, 0.06946177222507675, 0.07288352636635934], [0.01449954112251865, 0.001773904559294157, 0.004619344510801221, 0.008092864009652409, 0.005546833338504474, 0.004374770222013187, 0.002984748720839752, 0.001143142645029636, 0.0018418928322832388, 0.0012968174595234254, 0.0016087618314071096, 0.0027292491638292414, 0.005517187464536751, 0.02056081013811699, 0.0035777668494341706, 0.015311408312627053, 0.0021030001080514496, 0.04636036665545333, 0.07113457894736842, 0.009997736842105264]], "elpd": [-1.9249059596099676, -0.6860388457790415], "expected_improvement": [null, null], "actual_improvement": [null, [[0.19578192693800034]]], "mse": [0.5918517155120797, 0.21022825872888862], "nmse": [0.5961707629546475, 0.2117624028386728], "y_regret_pool": [0.05820008748207517, 0.05820008748207517, 0.05820008748207517, 0.05820008748207517, 0.05820008748207517, 0.05820008748207517, 0.05820008748207517, 0.03286127388443694, 0.03286127388443694, 0.03286127388443694, 0.03286127388443694, 0.03286127388443694, 0.03286127388443694, 0.03286127388443694, 0.03286127388443694, 0.03286127388443694, 0.03286127388443694, 0.03286127388443694, 0.03286127388443694, 0.03286127388443694, 0.03286127388443694, 0.03286127388443694, 0.03286127388443694, 0.03286127388443694, 0.03286127388443694, 0.03286127388443694, 0.03286127388443694, 0.03286127388443694, 0.03286127388443694, 0.03286127388443694, 0.03286127388443694, 0.03286127388443694, 0.03286127388443694, 0.03286127388443694, 0.03286127388443694, 0.03286127388443694, 0.03286127388443694, 0.03286127388443694, 0.03286127388443694, 0.03286127388443694, 0.03286127388443694, 0.03286127388443694, 0.03286127388443694, 0.03286127388443694, 0.03286127388443694, 0.03286127388443694, 0.03286127388443694, 0.03286127388443694, 0.03286127388443694, 0.03286127388443694, 0.03286127388443694, 0.03286127388443694, 0.03286127388443694, 0.03286127388443694, 0.03286127388443694, 0.03286127388443694, 0.03286127388443694, 0.03286127388443694, 0.03286127388443694, 0.03286127388443694, 0.03286127388443694, 0.03286127388443694, 0.03286127388443694, 0.03286127388443694, 0.03286127388443694, 0.03286127388443694, 0.03286127388443694, 0.03286127388443694, 0.03286127388443694, 0.03286127388443694, 0.03286127388443694, 0.03286127388443694, 0.03286127388443694, 0.03286127388443694, 0.03286127388443694, 0.03286127388443694, 0.03286127388443694, 0.03286127388443694, 0.03286127388443694, 0.03286127388443694, 0.03286127388443694, 0.03286127388443694, 0.03286127388443694, 0.03286127388443694, 0.03286127388443694, 0.03286127388443694, 0.03286127388443694, 0.03286127388443694, 0.03286127388443694, 0.03286127388443694, 0.03286127388443694, 0.03286127388443694, 0.03286127388443694, 0.03286127388443694, 0.0, 0.0, 0.0, 0.0, 0.0, 0.0, 0.0], "y_regret_test": [0.055428654744833494, 0.055428654744833494, 0.055428654744833494, 0.055428654744833494, 0.055428654744833494, 0.055428654744833494, 0.055428654744833494, 0.030089841147195262, 0.030089841147195262, 0.030089841147195262, 0.030089841147195262, 0.030089841147195262, 0.030089841147195262, 0.030089841147195262, 0.030089841147195262, 0.030089841147195262, 0.030089841147195262, 0.030089841147195262, 0.030089841147195262, 0.030089841147195262, 0.030089841147195262, 0.030089841147195262, 0.030089841147195262, 0.030089841147195262, 0.030089841147195262, 0.030089841147195262, 0.030089841147195262, 0.030089841147195262, 0.030089841147195262, 0.030089841147195262, 0.030089841147195262, 0.030089841147195262, 0.030089841147195262, 0.030089841147195262, 0.030089841147195262, 0.030089841147195262, 0.030089841147195262, 0.030089841147195262, 0.030089841147195262, 0.030089841147195262, 0.030089841147195262, 0.030089841147195262, 0.030089841147195262, 0.030089841147195262, 0.030089841147195262, 0.030089841147195262, 0.030089841147195262, 0.030089841147195262, 0.030089841147195262, 0.030089841147195262, 0.030089841147195262, 0.030089841147195262, 0.030089841147195262, 0.030089841147195262, 0.030089841147195262, 0.030089841147195262, 0.030089841147195262, 0.030089841147195262, 0.030089841147195262, 0.030089841147195262, 0.030089841147195262, 0.030089841147195262, 0.030089841147195262, 0.030089841147195262, 0.030089841147195262, 0.030089841147195262, 0.030089841147195262, 0.030089841147195262, 0.030089841147195262, 0.030089841147195262, 0.030089841147195262, 0.030089841147195262, 0.030089841147195262, 0.030089841147195262, 0.030089841147195262, 0.030089841147195262, 0.030089841147195262, 0.030089841147195262, 0.030089841147195262, 0.030089841147195262, 0.030089841147195262, 0.030089841147195262, 0.030089841147195262, 0.030089841147195262, 0.030089841147195262, 0.030089841147195262, 0.030089841147195262, 0.030089841147195262, 0.030089841147195262, 0.030089841147195262, 0.030089841147195262, 0.030089841147195262, 0.030089841147195262, 0.030089841147195262, 0.0027714327372416747, 0.0027714327372416747, 0.0027714327372416747, 0.0027714327372416747, 0.0027714327372416747, 0.0027714327372416747, 0.0027714327372416747], "f_regret_pool": [], "f_regret_test": [],