{"p_array": [0.001, 0.053526315789473686, 0.10605263157894737, 0.15857894736842104, 0.21110526315789474, 0.26363157894736844, 0.3161578947368421, 0.3686842105263158, 0.4212105263157895, 0.4737368421052632, 0.5262631578947369, 0.5787894736842105, 0.6313157894736842, 0.6838421052631579, 0.7363684210526316, 0.7888947368421053, 0.841421052631579, 0.8939473684210526, 0.9464736842105264, 0.999], "mean_sharpness": [-0.9797419361601626, -0.6658737287804444, -0.6658737287804444], "sharpness_error_true_minus_model": [], "posterior_variance": [0.4154499230512416, 0.22402449587149964, 0.22402449587149964], "bias_mse": [], "bias_nmse": [], "f_calibration": [], "f_calibration_mse": [], "f_calibration_nmse": [], "y_calibration": [[0.0, 0.0, 0.06639999896287918, 0.23100000619888306, 0.3319999873638153, 0.3912000060081482, 0.42739999294281006, 0.4593999981880188, 0.4819999933242798, 0.5013999938964844, 0.5203999876976013, 0.5357999801635742, 0.5508000254631042, 0.5631999969482422, 0.5788000226020813, 0.5961999893188477, 0.6164000034332275, 0.6424000263214111, 0.6747999787330627, 1.0], [0.0, 0.049400001764297485, 0.10320000350475311, 0.16539999842643738, 0.2298000007867813, 0.29339998960494995, 0.3553999960422516, 0.4212000072002411, 0.4821999967098236, 0.545199990272522, 0.6033999919891357, 0.652400016784668, 0.7034000158309937, 0.751800000667572, 0.7924000024795532, 0.8312000036239624, 0.873199999332428, 0.9083999991416931, 0.9484000205993652, 1.0], [0.0, 0.049400001764297485, 0.10320000350475311, 0.16539999842643738, 0.2298000007867813, 0.29339998960494995, 0.3553999960422516, 0.4212000072002411, 0.4821999967098236, 0.545199990272522, 0.6033999919891357, 0.652400016784668, 0.7034000158309937, 0.751800000667572, 0.7924000024795532, 0.8312000036239624, 0.873199999332428, 0.9083999991416931, 0.9484000205993652, 1.0]], "y_calibration_mse": [0.016911709959166906, 0.0020884334790892264, 0.0020884334790892264], "y_calibration_nmse": [0.18434951163372906, 0.022765391133079384, 0.022765391133079384], "calibration_local_dist_to_nearest_train_sample": [[0.5186325294769967, 0.6914723781905316, 0.8643122269040667, 1.0371520756176018, 1.2099919243311366, 1.3828317730446718, 1.555671621758207, 1.7285114704717417, 1.901351319185277, 2.0741911678988116, 2.247031016612347, 2.419870865325882, 2.5927107140394168, 2.765550562752952, 2.9383904114664867, 3.111230260180022, 3.284070108893557, 3.456909957607092, 3.629749806320627, 3.8025896550341622], [0.4359218844675225, 0.5260510881715835, 0.6161802918756446, 0.7063094955797056, 0.7964386992837666, 0.8865679029878277, 0.9766971066918887, 1.0668263103959497, 1.156955514100011, 1.2470847178040718, 1.337213921508133, 1.427343125212194, 1.517472328916255, 1.607601532620316, 1.697730736324377, 1.787859940028438, 1.8779891437324991, 1.9681183474365602, 2.058247551140621, 2.148376754844682], [0.4359218844675225, 0.5260510881715835, 0.6161802918756446, 0.7063094955797056, 0.7964386992837666, 0.8865679029878277, 0.9766971066918887, 1.0668263103959497, 1.156955514100011, 1.2470847178040718, 1.337213921508133, 1.427343125212194, 1.517472328916255, 1.607601532620316, 1.697730736324377, 1.787859940028438, 1.8779891437324991, 1.9681183474365602, 2.058247551140621, 2.148376754844682]], "calibration_local_y": [[0.00983176071652946, 0.03420984217779276, 0.014639897249750391, 0.017994800287847668, 0.01865453473155368, 0.022342060863276357, 0.027198697005451, 0.01658170768959213, 0.01439906674039528, 0.018078284120440415, 0.031447385302772544, 0.05264477203867239, 0.1271763285997713, 0.1705920871114637, 0.25091956040881513, 0.2886391803395908, 0.28892830838815786, 0.2918372105263158, 0.2918372105263158, 0.2918372105263158], [0.003721957125125896, 0.012425594108063098, 0.005125953375854043, 0.004887061523855362, 0.004653793820143407, 0.0031844012373002926, 0.001660763383515235, 0.005460363509131597, 0.003197017082892879, 0.001645220913368356, 0.0004634785571871141, 0.0011476237208476513, 0.001782469724055211, 0.0029151343566251463, 0.013547324769823283, 0.009676575018500033, 0.028983083367605265, 0.021708263157894737, NaN, 0.1447635263157895], [0.003721957125125896, 0.012425594108063098, 0.005125953375854043, 0.004887061523855362, 0.004653793820143407, 0.0031844012373002926, 0.001660763383515235, 0.005460363509131597, 0.003197017082892879, 0.001645220913368356, 0.0004634785571871141, 0.0011476237208476513, 0.001782469724055211, 0.0029151343566251463, 0.013547324769823283, 0.009676575018500033, 0.028983083367605265, 0.021708263157894737, NaN, 0.1447635263157895]], "elpd": [-1.7936591376934192, -0.627530156092672, -0.627530156092672], "expected_improvement": [null, null, null], "actual_improvement": [null, null, null], "mse": [1.0917336005453888, 0.2089546245132893, 0.2089546245132893], "nmse": [1.099105485779388, 0.21036558182948425, 0.21036558182948425], "y_regret_pool": [0.03176880926061121, 0.03176880926061121, 0.03176880926061121, 0.03176880926061121, 0.03176880926061121, 0.03176880926061121, 0.03176880926061121, 0.03176880926061121, 0.03176880926061121, 0.03176880926061121, 0.03176880926061121, 0.03176880926061121, 0.03176880926061121, 0.026209267640004086, 0.026209267640004086, 0.026209267640004086, 0.026209267640004086, 0.026209267640004086, 0.026209267640004086, 0.026209267640004086, 0.026209267640004086, 0.026209267640004086, 0.026209267640004086, 0.026209267640004086, 0.026209267640004086, 0.026209267640004086, 0.026209267640004086, 0.026209267640004086, 0.026209267640004086, 0.026209267640004086, 0.026209267640004086, 0.026209267640004086, 0.026209267640004086, 0.026209267640004086, 0.026209267640004086, 0.026209267640004086, 0.026209267640004086, 0.026209267640004086, 0.026209267640004086, 0.026209267640004086, 0.026209267640004086, 0.026209267640004086, 0.026209267640004086, 0.026209267640004086, 0.026209267640004086, 0.026209267640004086, 0.026209267640004086, 0.026209267640004086, 0.026209267640004086, 0.026209267640004086, 0.026209267640004086, 0.026209267640004086, 0.026209267640004086, 0.026209267640004086, 0.026209267640004086, 0.0111190832412138, 0.0111190832412138, 0.0111190832412138, 0.0111190832412138, 0.0111190832412138, 0.0111190832412138, 0.0111190832412138, 0.0111190832412138, 0.0111190832412138, 0.0111190832412138, 0.0111190832412138, 0.0111190832412138, 0.0111190832412138, 0.0111190832412138, 0.0111190832412138, 0.0111190832412138, 0.0111190832412138, 0.0111190832412138, 0.0111190832412138, 0.0111190832412138, 0.0111190832412138, 0.0111190832412138, 0.0111190832412138, 0.0111190832412138, 0.0111190832412138, 0.0111190832412138, 0.0111190832412138, 0.0111190832412138, 0.0111190832412138, 0.0111190832412138, 0.0111190832412138, 0.0111190832412138, 0.0111190832412138, 0.0111190832412138, 0.0111190832412138, 0.0111190832412138, 0.0111190832412138, 0.0111190832412138, 0.0111190832412138, 0.0111190832412138, 0.0111190832412138, 0.0111190832412138, 0.0111190832412138, 0.0111190832412138, 0.0111190832412138, 0.0111190832412138, 0.0111190832412138],