{"p_array": [0.001, 0.053526315789473686, 0.10605263157894737, 0.15857894736842104, 0.21110526315789474, 0.26363157894736844, 0.3161578947368421, 0.3686842105263158, 0.4212105263157895, 0.4737368421052632, 0.5262631578947369, 0.5787894736842105, 0.6313157894736842, 0.6838421052631579, 0.7363684210526316, 0.7888947368421053, 0.841421052631579, 0.8939473684210526, 0.9464736842105264, 0.999], "mean_sharpness": [-1.5213109161749796, -0.5545893863837417, -0.5545893863837417], "sharpness_error_true_minus_model": [], "posterior_variance": [1.2272117987376543, 0.18213784771219313, 0.18213784771219313], "bias_mse": [], "bias_nmse": [], "f_calibration": [], "f_calibration_mse": [], "f_calibration_nmse": [], "y_calibration": [[0.0, 0.0, 0.0, 0.0, 0.18080000579357147, 0.34139999747276306, 0.4196000099182129, 0.4697999954223633, 0.503600001335144, 0.5285999774932861, 0.5546000003814697, 0.5812000036239624, 0.6025999784469604, 0.6255999803543091, 0.6510000228881836, 0.6732000112533569, 0.7057999968528748, 0.7674000263214111, 1.0, 1.0], [0.0010000000474974513, 0.06019999831914902, 0.11180000007152557, 0.16740000247955322, 0.2240000069141388, 0.28679999709129333, 0.34779998660087585, 0.4142000079154968, 0.4740000069141388, 0.5297999978065491, 0.58160001039505, 0.6380000114440918, 0.6952000260353088, 0.741599977016449, 0.7832000255584717, 0.8202000260353088, 0.8628000020980835, 0.8989999890327454, 0.9336000084877014, 0.9954000115394592], [0.0010000000474974513, 0.06019999831914902, 0.11180000007152557, 0.16740000247955322, 0.2240000069141388, 0.28679999709129333, 0.34779998660087585, 0.4142000079154968, 0.4740000069141388, 0.5297999978065491, 0.58160001039505, 0.6380000114440918, 0.6952000260353088, 0.741599977016449, 0.7832000255584717, 0.8202000260353088, 0.8628000020980835, 0.8989999890327454, 0.9336000084877014, 0.9954000115394592]], "y_calibration_mse": [0.006996071889940782, 0.0013840435229327025, 0.0013840435229327025], "y_calibration_nmse": [0.07626209528067004, 0.015087046085139845, 0.015087046085139845], "calibration_local_dist_to_nearest_train_sample": [[0.5052561895343232, 0.6689007158742097, 0.8325452422140962, 0.9961897685539828, 1.1598342948938694, 1.3234788212337558, 1.4871233475736425, 1.650767873913529, 1.8144124002534154, 1.9780569265933021, 2.1417014529331886, 2.305345979273075, 2.4689905056129615, 2.6326350319528484, 2.796279558292735, 2.9599240846326214, 3.123568610972508, 3.2872131373123943, 3.450857663652281, 3.6145021899921677], [0.44172467491149614, 0.5418376866285557, 0.6419506983456152, 0.7420637100626748, 0.8421767217797343, 0.9422897334967939, 1.0424027452138533, 1.142515756930913, 1.2426287686479727, 1.3427417803650321, 1.4428547920820916, 1.5429678037991512, 1.6430808155162109, 1.7431938272332703, 1.8433068389503298, 1.9434198506673894, 2.043532862384449, 2.1436458741015088, 2.243758885818568, 2.3438718975356276], [0.44172467491149614, 0.5418376866285557, 0.6419506983456152, 0.7420637100626748, 0.8421767217797343, 0.9422897334967939, 1.0424027452138533, 1.142515756930913, 1.2426287686479727, 1.3427417803650321, 1.4428547920820916, 1.5429678037991512, 1.6430808155162109, 1.7431938272332703, 1.8433068389503298, 1.9434198506673894, 2.043532862384449, 2.1436458741015088, 2.243758885818568, 2.3438718975356276]], "calibration_local_y": [[0.027290649415889778, 0.05667771498380715, 0.06644556587729873, 0.04401161237841948, 0.029658353102400187, 0.028815339218096488, 0.029326384326023757, 0.019449865455558088, 0.010416387809188991, 0.008512949343249164, 0.0062540276281030415, 0.018239350945110613, 0.07055868984023553, 0.14495755804180435, 0.15997791746209017, 0.20027682950176282, 0.24718984210526312, 0.24718984210526312, 0.24718984210526312, 0.24718984210526312], [0.0022369615248156636, 0.008791737243156886, 0.0028157656420138713, 0.002200549998518026, 0.0006564801919074528, 0.001603164160872133, 0.0008184651738840547, 0.0016572088506828977, 0.0032524246099395007, 0.00032234955789341304, 0.002091445510113025, 0.0012399806078423389, 0.003238608024914948, 0.01251654961202354, 0.012218263863849086, 0.024076158279767206, 0.030823176224279925, NaN, 0.0896108947368421, 0.07910563157894737], [0.0022369615248156636, 0.008791737243156886, 0.0028157656420138713, 0.002200549998518026, 0.0006564801919074528, 0.001603164160872133, 0.0008184651738840547, 0.0016572088506828977, 0.0032524246099395007, 0.00032234955789341304, 0.002091445510113025, 0.0012399806078423389, 0.003238608024914948, 0.01251654961202354, 0.012218263863849086, 0.024076158279767206, 0.030823176224279925, NaN, 0.0896108947368421, 0.07910563157894737]], "elpd": [-1.4320372590085302, -0.6153345311200005, -0.6153345311200005], "expected_improvement": [null, null, null], "actual_improvement": [null, null, null], "mse": [1.0080964279554003, 0.21629959877287427, 0.21629959877287427], "nmse": [1.0154530279024925, 0.21787804858458115, 0.21787804858458115], "y_regret_pool": [0.05820008748207517, 0.05820008748207517, 0.05820008748207517, 0.05820008748207517, 0.05820008748207517, 0.05820008748207517, 0.05820008748207517, 0.04513476172079267, 0.04513476172079267, 0.04513476172079267, 0.04513476172079267, 0.04513476172079267, 0.04513476172079267, 0.04513476172079267, 0.04513476172079267, 0.04513476172079267, 0.04513476172079267, 0.04513476172079267, 0.04513476172079267, 0.04513476172079267, 0.04513476172079267, 0.04513476172079267, 0.04513476172079267, 0.04513476172079267, 0.04513476172079267, 0.04513476172079267, 0.04513476172079267, 0.04513476172079267, 0.04513476172079267, 0.04513476172079267, 0.04513476172079267, 0.04513476172079267, 0.04513476172079267, 0.04513476172079267, 0.04513476172079267, 0.04513476172079267, 0.04513476172079267, 0.04513476172079267, 0.04513476172079267, 0.04513476172079267, 0.04513476172079267, 0.04513476172079267, 0.04513476172079267, 0.04513476172079267, 0.04513476172079267, 0.04513476172079267, 0.04513476172079267, 0.04513476172079267, 0.04513476172079267, 0.04513476172079267, 0.04513476172079267, 0.04513476172079267, 0.04513476172079267, 0.04513476172079267, 0.04513476172079267, 0.04513476172079267, 0.04513476172079267, 0.04513476172079267, 0.04513476172079267, 0.04513476172079267, 0.04513476172079267, 0.04513476172079267, 0.04513476172079267, 0.04513476172079267, 0.04513476172079267, 0.04513476172079267, 0.04513476172079267, 0.04513476172079267, 0.04513476172079267, 0.04513476172079267, 0.033653111809363256, 0.033653111809363256, 0.033653111809363256, 0.033653111809363256, 0.033653111809363256, 0.033653111809363256, 0.033653111809363256, 0.033653111809363256, 0.033653111809363256, 0.033653111809363256, 0.033653111809363256, 0.033653111809363256, 0.033653111809363256, 0.033653111809363256, 0.033653111809363256, 0.033653111809363256, 0.033653111809363256, 0.033653111809363256, 0.033653111809363256, 0.033653111809363256, 0.033653111809363256, 0.033653111809363256, 0.033653111809363256, 0.033653111809363256, 0.033653111809363256, 0.033653111809363256, 0.033653111809363256, 0.033653111809363256, 0.033653111809363256, 0.033653111809363256, 0.033653111809363256, 0.033653111809363256],