{"p_array": [0.001, 0.053526315789473686, 0.10605263157894737, 0.15857894736842104, 0.21110526315789474, 0.26363157894736844, 0.3161578947368421, 0.3686842105263158, 0.4212105263157895, 0.4737368421052632, 0.5262631578947369, 0.5787894736842105, 0.6313157894736842, 0.6838421052631579, 0.7363684210526316, 0.7888947368421053, 0.841421052631579, 0.8939473684210526, 0.9464736842105264, 0.999], "mean_sharpness": [0.9959292026557011, 0.31692792465103237], "sharpness_error_true_minus_model": [], "posterior_variance": [0.00857210413680722, 0.042193973087642625], "bias_mse": [], "bias_nmse": [], "f_calibration": [], "f_calibration_mse": [], "f_calibration_nmse": [], "y_calibration": [[0.5299999713897705, 0.5511999726295471, 0.5569999814033508, 0.5600000023841858, 0.5630000233650208, 0.5644000172615051, 0.5662000179290771, 0.567799985408783, 0.569599986076355, 0.5712000131607056, 0.5723999738693237, 0.5756000280380249, 0.5777999758720398, 0.5802000164985657, 0.5817999839782715, 0.5838000178337097, 0.5866000056266785, 0.590399980545044, 0.5950000286102295, 0.6161999702453613], [0.5090000033378601, 0.5601999759674072, 0.5720000267028809, 0.5802000164985657, 0.5848000049591064, 0.5893999934196472, 0.5950000286102295, 0.5989999771118164, 0.6018000245094299, 0.6057999730110168, 0.6111999750137329, 0.6155999898910522, 0.621399998664856, 0.6273999810218811, 0.6348000168800354, 0.6431999802589417, 0.6546000242233276, 0.6692000031471252, 0.7002000212669373, 0.8234000205993652]], "y_calibration_mse": [0.0874417335670579, 0.0778286904174918], "y_calibration_nmse": [0.9531762854504313, 0.8483873661622381], "calibration_local_dist_to_nearest_train_sample": [[0.500644532059779, 0.6588144097790954, 0.8169842874984119, 0.9751541652177285, 1.133324042937045, 1.2914939206563614, 1.449663798375678, 1.6078336760949945, 1.766003553814311, 1.9241734315336276, 2.082343309252944, 2.2405131869722608, 2.398683064691577, 2.5568529424108934, 2.7150228201302102, 2.8731926978495266, 3.031362575568843, 3.1895324532881597, 3.347702331007476, 3.505872208726793], [0.4112085538786129, 0.5740855883443066, 0.7369626228100002, 0.8998396572756939, 1.0627166917413877, 1.2255937262070813, 1.3884707606727749, 1.5513477951384687, 1.7142248296041624, 1.877101864069856, 2.0399788985355496, 2.2028559330012434, 2.365732967466937, 2.5286100019326305, 2.6914870363983243, 2.854364070864018, 3.017241105329712, 3.1801181397954057, 3.342995174261099, 3.505872208726793]], "calibration_local_y": [[0.10355195617288451, 0.09363191609991359, 0.08449277733032695, 0.07503265396539094, 0.08744907077375166, 0.0931801423975613, 0.0969884390042731, 0.0898253371629675, 0.09293736958417778, 0.0949353163396639, 0.0870959431867316, 0.0903995508760982, 0.08372602826058685, 0.08540922111306196, 0.09683027615638336, 0.10605530649220847, 0.10145962974514473, 0.07538104826773197, 0.11951498499272453, 0.1548277348317975], [0.14471003971686627, 0.0944387562701899, 0.05958854291676463, 0.04533514498556255, 0.05118306105985082, 0.06383231921216465, 0.07891816770149403, 0.09517684581596166, 0.10818287811299605, 0.10949728624932262, 0.10553205162869575, 0.12035888883949067, 0.09843664409827509, 0.09348806917880872, 0.09233929852826914, 0.07755355589897174, 0.08818213240131578, 0.07964940277777058, 0.09175149581400258, 0.03547288119855981]], "elpd": [-68.97935061682607, -29.230282973363384], "expected_improvement": [null, null], "actual_improvement": [null, [[2.546975632795247]]], "mse": [1.0086923168816073, 0.9084730856224571], "nmse": [0.9845346349314952, 0.8867156046786618], "y_regret_pool": [0.10303946982635881, 0.10303946982635881, 0.10303946982635881, 0.10303946982635881, 0.10303946982635881, 0.10303946982635881, 0.10303946982635881, 0.10303946982635881, 0.10303946982635881, 0.10303946982635881, 0.10303946982635881, 0.10303946982635881, 0.10303946982635881, 0.10303946982635881, 0.10303946982635881, 0.10303946982635881, 0.10303946982635881, 0.10303946982635881, 0.10303946982635881, 0.10303946982635881, 0.10303946982635881, 0.10303946982635881, 0.10303946982635881, 0.10303946982635881, 0.10303946982635881, 0.10303946982635881, 0.10303946982635881, 0.10303946982635881, 0.10303946982635881, 0.10303946982635881, 0.10303946982635881, 0.10303946982635881, 0.10303946982635881, 0.10303946982635881, 0.10303946982635881, 0.10303946982635881, 0.10303946982635881, 0.10303946982635881, 0.10303946982635881, 0.10303946982635881, 0.10303946982635881, 0.10303946982635881, 0.10303946982635881, 0.10303946982635881, 0.10303946982635881, 0.10303946982635881, 0.10303946982635881, 0.10303946982635881, 0.10303946982635881, 0.10303946982635881, 0.10303946982635881, 0.10303946982635881, 0.10303946982635881, 0.10303946982635881, 0.10303946982635881, 0.10303946982635881, 0.10303946982635881, 0.10303946982635881, 0.10303946982635881, 0.10303946982635881, 0.10303946982635881, 0.10303946982635881, 0.10303946982635881, 0.10303946982635881, 0.10303946982635881, 0.10303946982635881, 0.10303946982635881, 0.10303946982635881, 0.10303946982635881, 0.10303946982635881, 0.10303946982635881, 0.10303946982635881, 0.10303946982635881, 0.10303946982635881, 0.10303946982635881, 0.10303946982635881, 0.10303946982635881, 0.10303946982635881, 0.10303946982635881, 0.10303946982635881, 0.10303946982635881, 0.10303946982635881, 0.10303946982635881, 0.10303946982635881, 0.10303946982635881, 0.10303946982635881, 0.10303946982635881, 0.10303946982635881, 0.10303946982635881, 0.10303946982635881, 0.10303946982635881, 0.10303946982635881, 0.10303946982635881, 0.10303946982635881, 0.10303946982635881, 0.10303946982635881, 0.10303946982635881, 0.10303946982635881, 0.10303946982635881, 0.10303946982635881, 0.10303946982635881], "y_regret_test": [0.10303946982635881, 0.10303946982635881, 0.10303946982635881, 0.10303946982635881, 0.10303946982635881, 0.10303946982635881, 0.10303946982635881, 0.10303946982635881, 0.10303946982635881, 0.10303946982635881, 0.10303946982635881, 0.10303946982635881, 0.10303946982635881, 0.10303946982635881, 0.10303946982635881, 0.10303946982635881, 0.10303946982635881, 0.10303946982635881, 0.10303946982635881, 0.10303946982635881, 0.10303946982635881, 0.10303946982635881, 0.10303946982635881, 0.10303946982635881, 0.10303946982635881, 0.10303946982635881, 0.10303946982635881, 0.10303946982635881, 0.10303946982635881, 0.10303946982635881, 0.10303946982635881, 0.10303946982635881, 0.10303946982635881, 0.10303946982635881, 0.10303946982635881, 0.10303946982635881, 0.10303946982635881, 0.10303946982635881, 0.10303946982635881, 0.10303946982635881, 0.10303946982635881, 0.10303946982635881, 0.10303946982635881, 0.10303946982635881, 0.10303946982635881, 0.10303946982635881, 0.10303946982635881, 0.10303946982635881, 0.10303946982635881, 0.10303946982635881, 0.10303946982635881, 0.10303946982635881, 0.10303946982635881, 0.10303946982635881, 0.10303946982635881, 0.10303946982635881, 0.10303946982635881, 0.10303946982635881, 0.10303946982635881, 0.10303946982635881, 0.10303946982635881, 0.10303946982635881, 0.10303946982635881, 0.10303946982635881, 0.10303946982635881, 0.10303946982635881, 0.10303946982635881, 0.10303946982635881, 0.10303946982635881, 0.10303946982635881, 0.10303946982635881, 0.10303946982635881, 0.10303946982635881, 0.10303946982635881, 0.10303946982635881, 0.10303946982635881, 0.10303946982635881, 0.10303946982635881, 0.10303946982635881, 0.10303946982635881, 0.10303946982635881, 0.10303946982635881, 0.10303946982635881, 0.10303946982635881, 0.10303946982635881, 0.10303946982635881, 0.10303946982635881, 0.10303946982635881, 0.10303946982635881, 0.10303946982635881, 0.10303946982635881, 0.10303946982635881, 0.10303946982635881, 0.10303946982635881, 0.10303946982635881, 0.10303946982635881, 0.10303946982635881, 0.10303946982635881, 0.10303946982635881, 0.10303946982635881, 0.10303946982635881], "f_regret_pool": [], "f_regret_test": [],