{"p_array": [0.001, 0.053526315789473686, 0.10605263157894737, 0.15857894736842104, 0.21110526315789474, 0.26363157894736844, 0.3161578947368421, 0.3686842105263158, 0.4212105263157895, 0.4737368421052632, 0.5262631578947369, 0.5787894736842105, 0.6313157894736842, 0.6838421052631579, 0.7363684210526316, 0.7888947368421053, 0.841421052631579, 0.8939473684210526, 0.9464736842105264, 0.999], "mean_sharpness": [-0.6465960227124189, -0.5376894443778921], "sharpness_error_true_minus_model": [], "posterior_variance": [0.22076983177635623, 0.20639872107057747], "bias_mse": [], "bias_nmse": [], "f_calibration": [], "f_calibration_mse": [], "f_calibration_nmse": [], "y_calibration": [[0.0, 0.006599999964237213, 0.03959999978542328, 0.10360000282526016, 0.2054000049829483, 0.2948000133037567, 0.35760000348091125, 0.3962000012397766, 0.41920000314712524, 0.446399986743927, 0.46700000762939453, 0.4848000109195709, 0.4991999864578247, 0.5134000182151794, 0.5306000113487244, 0.5475999712944031, 0.5651999711990356, 0.5843999981880188, 0.607200026512146, 0.7487999796867371], [0.0, 0.00039999998989515007, 0.00800000037997961, 0.021800000220537186, 0.05640000104904175, 0.12439999729394913, 0.20520000159740448, 0.2782000005245209, 0.352400004863739, 0.3952000141143799, 0.4307999908924103, 0.46160000562667847, 0.4869999885559082, 0.5138000249862671, 0.5374000072479248, 0.5640000104904175, 0.6230000257492065, 0.6952000260353088, 0.7534000277519226, 0.954200029373169]], "y_calibration_mse": [0.026155550402453136, 0.01975570316606639], "y_calibration_nmse": [0.2851138622200654, 0.21535103425015584], "calibration_local_dist_to_nearest_train_sample": [[0.49685635761900515, 0.6476408845226915, 0.7984254114263778, 0.9492099383300642, 1.0999944652337506, 1.2507789921374368, 1.4015635190411233, 1.5523480459448096, 1.7031325728484958, 1.8539170997521823, 2.0047016266558684, 2.155486153559555, 2.3062706804632414, 2.4570552073669276, 2.6078397342706143, 2.7586242611743, 2.909408788077987, 3.0601933149816727, 3.2109778418853594, 3.3617623687890457], [0.47295131924021977, 0.5998308077651209, 0.726710296290022, 0.8535897848149231, 0.9804692733398243, 1.1073487618647253, 1.2342282503896262, 1.3611077389145274, 1.4879872274394286, 1.6148667159643297, 1.741746204489231, 1.868625693014132, 1.9955051815390332, 2.122384670063934, 2.249264158588835, 2.3761436471137363, 2.5030231356386374, 2.6299026241635386, 2.7567821126884398, 2.883661601213341]], "calibration_local_y": [[0.012302674123908203, 0.007766744569284561, 0.004374806872195847, 0.010196784906249177, 0.013874384277803154, 0.011895818632324553, 0.01874525435200884, 0.020284252767820483, 0.021920664649853407, 0.02981262810773072, 0.03549938688571587, 0.03449875393150474, 0.038329412588367806, 0.052888655380043635, 0.04234234328418745, 0.03846162341630636, 0.0731001349010693, 0.2154771223028292, 0.15033867177908639, 0.3417372105263158], [0.04025162914903531, 0.03597769173576897, 0.027108261301257274, 0.013103613709782816, 0.004503987986213201, 0.005552380941493265, 0.00802675368194387, 0.03020444322258357, 0.0602116007066695, 0.0735156301215262, 0.11882228131612234, 0.15866546442136636, 0.17968179486711014, 0.18674861438625678, 0.22900746580375358, 0.22458932549634575, 0.24484931540445903, 0.2571264680641431, 0.24718984210526312, 0.2149924736842105]], "elpd": [-2.6757735416430433, -1.3275028899102586], "expected_improvement": [null, null], "actual_improvement": [null, [[0.017858972651094707]]], "mse": [1.1739969054538848, 0.5663083166341148], "nmse": [1.1492076345590279, 0.554350559159766], "y_regret_pool": [0.10695317329251108, 0.10695317329251108, 0.10695317329251108, 0.06300806081397448, 0.06300806081397448, 0.06300806081397448, 0.06300806081397448, 0.06300806081397448, 0.06300806081397448, 0.06300806081397448, 0.046353063847223375, 0.046353063847223375, 0.046353063847223375, 0.046353063847223375, 0.046353063847223375, 0.046353063847223375, 0.037323246214647554, 0.027089452897727906, 0.027089452897727906, 0.027089452897727906, 0.027089452897727906, 0.027089452897727906, 0.027089452897727906, 0.027089452897727906, 0.027089452897727906, 0.027089452897727906, 0.027089452897727906, 0.027089452897727906, 0.027089452897727906, 0.027089452897727906, 0.027089452897727906, 0.027089452897727906, 0.027089452897727906, 0.027089452897727906, 0.027089452897727906, 0.027089452897727906, 0.027089452897727906, 0.012039756843434724, 0.012039756843434724, 0.012039756843434724, 0.012039756843434724, 0.010635118545033961, 0.010635118545033961, 0.010635118545033961, 0.010635118545033961, 0.010635118545033961, 0.010635118545033961, 0.010635118545033961, 0.010635118545033961, 0.010635118545033961, 0.010635118545033961, 0.010635118545033961, 0.010635118545033961, 0.010635118545033961, 0.010635118545033961, 0.010635118545033961, 0.010635118545033961, 0.010635118545033961, 0.010635118545033961, 0.010635118545033961, 0.010635118545033961, 0.010635118545033961, 0.010635118545033961, 0.010635118545033961, 0.010635118545033961, 0.010635118545033961, 0.010635118545033961, 0.010635118545033961, 0.010635118545033961, 0.010635118545033961, 0.010635118545033961, 0.010635118545033961, 0.010635118545033961, 0.002407951368687211, 0.002407951368687211, 0.002407951368687211, 0.002407951368687211, 0.002407951368687211, 0.002407951368687211, 0.002407951368687211, 0.002407951368687211, 0.002407951368687211, 0.002407951368687211, 0.002407951368687211, 0.002407951368687211, 0.002407951368687211, 0.0, 0.0, 0.0, 0.0, 0.0, 0.0, 0.0, 0.0, 0.0, 0.0, 0.0, 0.0, 0.0, 0.0, 0.0], "y_regret_test": [0.10815714897685447, 0.10815714897685447, 0.10815714897685447, 0.06421203649831786, 0.06421203649831786, 0.06421203649831786, 0.06421203649831786, 0.06421203649831786, 0.06421203649831786, 0.06421203649831786, 0.04755703953156676, 0.04755703953156676, 0.04755703953156676, 0.04755703953156676, 0.04755703953156676, 0.04755703953156676, 0.03852722189899094, 0.02829342858207129, 0.02829342858207129, 0.02829342858207129, 0.02829342858207129, 0.02829342858207129, 0.02829342858207129, 0.02829342858207129, 0.02829342858207129, 0.02829342858207129, 0.02829342858207129, 0.02829342858207129, 0.02829342858207129, 0.02829342858207129, 0.02829342858207129, 0.02829342858207129, 0.02829342858207129, 0.02829342858207129, 0.02829342858207129, 0.02829342858207129, 0.02829342858207129, 0.013243732527778107, 0.013243732527778107, 0.013243732527778107, 0.013243732527778107, 0.011839094229377345, 0.011839094229377345, 0.011839094229377345, 0.011839094229377345, 0.011839094229377345, 0.011839094229377345, 0.011839094229377345, 0.011839094229377345, 0.011839094229377345, 0.011839094229377345, 0.011839094229377345, 0.011839094229377345, 0.011839094229377345, 0.011839094229377345, 0.011839094229377345, 0.011839094229377345, 0.011839094229377345, 0.011839094229377345, 0.011839094229377345, 0.011839094229377345, 0.011839094229377345, 0.011839094229377345, 0.011839094229377345, 0.011839094229377345, 0.011839094229377345, 0.011839094229377345, 0.011839094229377345, 0.011839094229377345, 0.011839094229377345, 0.011839094229377345, 0.011839094229377345, 0.011839094229377345, 0.0036119270530305947, 0.0036119270530305947, 0.0036119270530305947, 0.0036119270530305947, 0.0036119270530305947, 0.0036119270530305947, 0.0036119270530305947, 0.0036119270530305947, 0.0036119270530305947, 0.0036119270530305947, 0.0036119270530305947, 0.0036119270530305947, 0.0036119270530305947, 0.0012039756843433835, 0.0012039756843433835, 0.0012039756843433835, 0.0012039756843433835, 0.0012039756843433835, 0.0012039756843433835, 0.0012039756843433835, 0.0012039756843433835, 0.0012039756843433835, 0.0012039756843433835, 0.0012039756843433835, 0.0012039756843433835, 0.0012039756843433835, 0.0012039756843433835, 0.0012039756843433835], "f_regret_pool": [], "f_regret_test": [],