{"p_array": [0.001, 0.053526315789473686, 0.10605263157894737, 0.15857894736842104, 0.21110526315789474, 0.26363157894736844, 0.3161578947368421, 0.3686842105263158, 0.4212105263157895, 0.4737368421052632, 0.5262631578947369, 0.5787894736842105, 0.6313157894736842, 0.6838421052631579, 0.7363684210526316, 0.7888947368421053, 0.841421052631579, 0.8939473684210526, 0.9464736842105264, 0.999], "mean_sharpness": [-0.6260698575155711, -0.2918365777542586], "sharpness_error_true_minus_model": [], "posterior_variance": [0.20479673027912296, 0.14596309357624726], "bias_mse": [], "bias_nmse": [], "f_calibration": [], "f_calibration_mse": [], "f_calibration_nmse": [], "y_calibration": [[0.0, 0.0, 0.023000000044703484, 0.15399999916553497, 0.2508000135421753, 0.3142000138759613, 0.3610000014305115, 0.3959999978542328, 0.4221999943256378, 0.446399986743927, 0.46560001373291016, 0.48420000076293945, 0.4986000061035156, 0.5162000060081482, 0.5303999781608582, 0.5461999773979187, 0.5604000091552734, 0.5789999961853027, 0.6021999716758728, 0.6868000030517578], [0.01979999989271164, 0.13500000536441803, 0.21979999542236328, 0.28619998693466187, 0.34880000352859497, 0.3977999985218048, 0.4472000002861023, 0.48980000615119934, 0.527400016784668, 0.5658000111579895, 0.6029999852180481, 0.6376000046730042, 0.6743999719619751, 0.7106000185012817, 0.7419999837875366, 0.776199996471405, 0.8073999881744385, 0.8398000001907349, 0.8755999803543091, 0.9480000138282776]], "y_calibration_mse": [0.02856245236582452, 0.007429833948147347], "y_calibration_nmse": [0.3113507834166276, 0.08099040624323343], "calibration_local_dist_to_nearest_train_sample": [[0.48574772489633683, 0.6261761368284074, 0.766604548760478, 0.9070329606925487, 1.0474613726246194, 1.18788978455669, 1.3283181964887605, 1.4687466084208312, 1.6091750203529018, 1.7496034322849725, 1.890031844217043, 2.0304602561491136, 2.1708886680811843, 2.3113170800132545, 2.451745491945325, 2.592173903877396, 2.7326023158094666, 2.8730307277415372, 3.013459139673608, 3.1538875516056786], [0.45393727999873823, 0.5625552470332105, 0.6711732140676826, 0.7797911811021547, 0.8884091481366269, 0.9970271151710991, 1.1056450822055712, 1.2142630492400435, 1.3228810162745155, 1.4314989833089875, 1.5401169503434597, 1.648734917377932, 1.7573528844124042, 1.8659708514468765, 1.9745888184813483, 2.0832067855158205, 2.1918247525502927, 2.300442719584765, 2.409060686619237, 2.517678653653709]], "calibration_local_y": [[0.1111877383334449, 0.0071223398772203945, 0.014627452783756318, 0.006411604779336204, 0.0070950892817663825, 0.007244790996067348, 0.016372122369586163, 0.02059371569780463, 0.01663248950157139, 0.027656169840098537, 0.027917975385885575, 0.05621039277171301, 0.06198481522309788, 0.09641035965842024, 0.09788599469244368, 0.12960078668248348, 0.12137929925885158, 0.1318148061227276, 0.17903457700719802, 0.3417372105263158], [0.015608038974521288, 0.001355913239101354, 0.00416141195526077, 0.012467066759045261, 0.031404381657137714, 0.017767698606334342, 0.027246102735399652, 0.01671987978342041, 0.008702018946009115, 0.00829314505130734, 0.0035434759760686364, 0.005101146614984036, 0.0062780322720527165, 0.004979643686810066, 0.008030865535238586, 0.01939266411727296, 0.024058620148264362, 0.03026393044789581, NaN, 0.03892931578947368]], "elpd": [-3.3906225350388617, -1.368129638304445], "expected_improvement": [null, null], "actual_improvement": [null, [[0.04641758194701251]]], "mse": [1.3371394283614522, 0.41733462332329263], "nmse": [1.3207636773465183, 0.4122235872290028], "y_regret_pool": [0.04980427247533581, 0.04980427247533581, 0.04980427247533581, 0.0466167990369144, 0.0466167990369144, 0.0466167990369144, 0.0466167990369144, 0.0466167990369144, 0.0466167990369144, 0.0466167990369144, 0.0466167990369144, 0.0466167990369144, 0.0466167990369144, 0.0466167990369144, 0.0466167990369144, 0.0466167990369144, 0.0466167990369144, 0.0466167990369144, 0.0466167990369144, 0.02051936025983836, 0.02051936025983836, 0.02051936025983836, 0.02051936025983836, 0.02051936025983836, 0.02051936025983836, 0.02051936025983836, 0.02051936025983836, 0.02051936025983836, 0.02051936025983836, 0.015937367192107477, 0.015937367192107477, 0.015937367192107477, 0.012152242483981945, 0.012152242483981945, 0.012152242483981945, 0.012152242483981945, 0.012152242483981945, 0.012152242483981945, 0.012152242483981945, 0.012152242483981945, 0.012152242483981945, 0.012152242483981945, 0.012152242483981945, 0.012152242483981945, 0.012152242483981945, 0.012152242483981945, 0.012152242483981945, 0.012152242483981945, 0.012152242483981945, 0.012152242483981945, 0.012152242483981945, 0.012152242483981945, 0.012152242483981945, 0.012152242483981945, 0.012152242483981945, 0.012152242483981945, 0.012152242483981945, 0.012152242483981945, 0.006574163966744262, 0.006574163966744262, 0.0055780785172376834, 0.0055780785172376834, 0.0055780785172376834, 0.0055780785172376834, 0.0055780785172376834, 0.0055780785172376834, 0.0055780785172376834, 0.0055780785172376834, 0.0055780785172376834, 0.0055780785172376834, 0.0055780785172376834, 0.0055780785172376834, 0.0055780785172376834, 0.0055780785172376834, 0.0055780785172376834, 0.0055780785172376834, 0.0055780785172376834, 0.0055780785172376834, 0.0055780785172376834, 0.0055780785172376834, 0.0055780785172376834, 0.0055780785172376834, 0.0055780785172376834, 0.0055780785172376834, 0.0055780785172376834, 0.0055780785172376834, 0.0055780785172376834, 0.0055780785172376834, 0.0027890392586189527, 0.0027890392586189527, 0.0027890392586189527, 0.0027890392586189527, 0.0027890392586189527, 0.0027890392586189527, 0.0027890392586189527, 0.0027890392586189527, 0.0027890392586189527, 0.0027890392586189527, 0.0027890392586189527, 0.0027890392586189527, 0.0027890392586189527],