{"p_array": [0.001, 0.053526315789473686, 0.10605263157894737, 0.15857894736842104, 0.21110526315789474, 0.26363157894736844, 0.3161578947368421, 0.3686842105263158, 0.4212105263157895, 0.4737368421052632, 0.5262631578947369, 0.5787894736842105, 0.6313157894736842, 0.6838421052631579, 0.7363684210526316, 0.7888947368421053, 0.841421052631579, 0.8939473684210526, 0.9464736842105264, 0.999], "mean_sharpness": [0.9888552569457794, 1.0683964068600569], "sharpness_error_true_minus_model": [], "posterior_variance": [0.008508029912572088, 0.007123682326460858], "bias_mse": [], "bias_nmse": [], "f_calibration": [], "f_calibration_mse": [], "f_calibration_nmse": [], "y_calibration": [[0.5422000288963318, 0.5644000172615051, 0.5680000185966492, 0.5722000002861023, 0.5756000280380249, 0.578000009059906, 0.5807999968528748, 0.5825999975204468, 0.5843999981880188, 0.5870000123977661, 0.5896000266075134, 0.5911999940872192, 0.5935999751091003, 0.5961999893188477, 0.5978000164031982, 0.5989999771118164, 0.6015999913215637, 0.6050000190734863, 0.6086000204086304, 0.6276000142097473], [0.5442000031471252, 0.5640000104904175, 0.569599986076355, 0.5738000273704529, 0.5759999752044678, 0.5766000151634216, 0.5781999826431274, 0.5817999839782715, 0.5839999914169312, 0.5861999988555908, 0.5870000123977661, 0.5889999866485596, 0.5916000008583069, 0.5942000150680542, 0.59579998254776, 0.5983999967575073, 0.6000000238418579, 0.6029999852180481, 0.6078000068664551, 0.6222000122070312]], "y_calibration_mse": [0.08934687864627035, 0.08981655342121597], "y_calibration_nmse": [0.973943704344926, 0.97906348913292], "calibration_local_dist_to_nearest_train_sample": [[0.5034046110189745, 0.6631495549223997, 0.8228944988258249, 0.98263944272925, 1.142384386632675, 1.3021293305361001, 1.4618742744395254, 1.6216192183429505, 1.7813641622463756, 1.9411091061498007, 2.100854050053226, 2.260598993956651, 2.4203439378600766, 2.5800888817635013, 2.739833825666927, 2.8995787695703514, 3.059323713473777, 3.2190686573772016, 3.378813601280627, 3.538558545184052], [0.43040000167016507, 0.5171403362247808, 0.6038806707793966, 0.6906210053340123, 0.7773613398886281, 0.8641016744432438, 0.9508420089978596, 1.0375823435524754, 1.1243226781070912, 1.211063012661707, 1.2978033472163226, 1.3845436817709382, 1.471284016325554, 1.5580243508801699, 1.6447646854347857, 1.7315050199894015, 1.8182453545440174, 1.9049856890986328, 1.9917260236532486, 2.0784663582078644]], "calibration_local_y": [[0.10171300277086363, 0.061169459663703074, 0.08172402120246003, 0.09235527211684084, 0.09191153822469571, 0.09204242132209187, 0.1080943752099764, 0.09781277976720665, 0.10287871272958642, 0.0903215391526613, 0.08752384769931865, 0.08628361392473036, 0.08634975530926489, 0.08070862161179723, 0.07788281307228426, 0.07897771296082971, 0.08163219988745438, 0.1136511705666678, 0.12514189802631578, 0.3139927654205909], [0.0848187374595343, 0.08319577988377894, 0.08493179545279497, 0.07820478559473658, 0.08597720492045866, 0.09208545041027398, 0.09518154792365738, 0.09607818619759763, 0.0886751221196777, 0.10070322528123243, 0.09461867512512445, 0.08587976663046222, 0.08696857472108226, 0.07960803507504884, 0.08456392569709956, 0.09150520884260384, 0.06947497058296317, 0.19036497803487595, 0.3417372105263158, 0.3417372105263158]], "elpd": [-59.42306686697602, -69.51050054497006], "expected_improvement": [null, null], "actual_improvement": [null, [[2.5551291889607652]]], "mse": [0.9663675784278488, 0.9806701564891835], "nmse": [0.97707060434418, 0.9915315909315022], "y_regret_pool": [0.010208506747904522, 0.010208506747904522, 0.010208506747904522, 0.010208506747904522, 0.010208506747904522, 0.010208506747904522, 0.010208506747904522, 0.010208506747904522, 0.010208506747904522, 0.010208506747904522, 0.010208506747904522, 0.010208506747904522, 0.010208506747904522, 0.010208506747904522, 0.010208506747904522, 0.010208506747904522, 0.010208506747904522, 0.010208506747904522, 0.010208506747904522, 0.010208506747904522, 0.010208506747904522, 0.010208506747904522, 0.010208506747904522, 0.010208506747904522, 0.010208506747904522, 0.010208506747904522, 0.010208506747904522, 0.010208506747904522, 0.010208506747904522, 0.010208506747904522, 0.010208506747904522, 0.010208506747904522, 0.010208506747904522, 0.010208506747904522, 0.010208506747904522, 0.010208506747904522, 0.010208506747904522, 0.010208506747904522, 0.010208506747904522, 0.010208506747904522, 0.010208506747904522, 0.010208506747904522, 0.010208506747904522, 0.010208506747904522, 0.010208506747904522, 0.010208506747904522, 0.010208506747904522, 0.010208506747904522, 0.010208506747904522, 0.010208506747904522, 0.010208506747904522, 0.010208506747904522, 0.010208506747904522, 0.010208506747904522, 0.010208506747904522, 0.010208506747904522, 0.010208506747904522, 0.010208506747904522, 0.010208506747904522, 0.010208506747904522, 0.010208506747904522, 0.010208506747904522, 0.010208506747904522, 0.010208506747904522, 0.010208506747904522, 0.010208506747904522, 0.010208506747904522, 0.010208506747904522, 0.010208506747904522, 0.010208506747904522, 0.010208506747904522, 0.010208506747904522, 0.010208506747904522, 0.010208506747904522, 0.010208506747904522, 0.010208506747904522, 0.010208506747904522, 0.010208506747904522, 0.010208506747904522, 0.010208506747904522, 0.010208506747904522, 0.010208506747904522, 0.010208506747904522, 0.010208506747904522, 0.010208506747904522, 0.010208506747904522, 0.010208506747904522, 0.010208506747904522, 0.010208506747904522, 0.010208506747904522, 0.010208506747904522, 0.010208506747904522, 0.010208506747904522, 0.010208506747904522, 0.010208506747904522, 0.010208506747904522, 0.010208506747904522, 0.010208506747904522, 0.010208506747904522, 0.010208506747904522, 0.010208506747904522],