{"p_array": [0.001, 0.053526315789473686, 0.10605263157894737, 0.15857894736842104, 0.21110526315789474, 0.26363157894736844, 0.3161578947368421, 0.3686842105263158, 0.4212105263157895, 0.4737368421052632, 0.5262631578947369, 0.5787894736842105, 0.6313157894736842, 0.6838421052631579, 0.7363684210526316, 0.7888947368421053, 0.841421052631579, 0.8939473684210526, 0.9464736842105264, 0.999], "mean_sharpness": [-0.8076967866020877, -0.5063517120882621], "sharpness_error_true_minus_model": [], "posterior_variance": [0.5098841561544831, 0.28025422225412794], "bias_mse": [], "bias_nmse": [], "f_calibration": [], "f_calibration_mse": [], "f_calibration_nmse": [], "y_calibration": [[0.0010000000474974513, 0.01940000057220459, 0.03400000184774399, 0.04280000180006027, 0.047200001776218414, 0.05999999865889549, 0.14579999446868896, 0.23839999735355377, 0.31279999017715454, 0.3686000108718872, 0.4147999882698059, 0.4490000009536743, 0.4742000102996826, 0.5070000290870667, 0.5353999733924866, 0.5662000179290771, 0.6462000012397766, 0.728600025177002, 0.7864000201225281, 0.8996000289916992], [0.0, 0.0, 0.004999999888241291, 0.03099999949336052, 0.08380000293254852, 0.13519999384880066, 0.1868000030517578, 0.2556000053882599, 0.32359999418258667, 0.37940001487731934, 0.42340001463890076, 0.46779999136924744, 0.5076000094413757, 0.5475999712944031, 0.5971999764442444, 0.6672000288963318, 0.751800000667572, 0.8294000029563904, 0.9297999739646912, 0.9869999885559082]], "y_calibration_mse": [0.02165290587297882, 0.01067844577724285], "y_calibration_nmse": [0.23603187571053794, 0.11640255590919264], "calibration_local_dist_to_nearest_train_sample": [[0.5126890179875845, 0.6811993323671673, 0.8497096467467502, 1.018219961126333, 1.1867302755059157, 1.3552405898854987, 1.5237509042650814, 1.6922612186446642, 1.860771533024247, 2.02928184740383, 2.1977921617834126, 2.3663024761629954, 2.5348127905425786, 2.703323104922161, 2.871833419301744, 3.0403437336813264, 3.2088540480609096, 3.377364362440492, 3.545874676820075, 3.7143849911996574], [0.4642517942393506, 0.5843248848706997, 0.7043979755020486, 0.8244710661333977, 0.9445441567647468, 1.0646172473960958, 1.184690338027445, 1.304763428658794, 1.4248365192901429, 1.544909609921492, 1.664982700552841, 1.78505579118419, 1.9051288818155392, 2.0252019724468884, 2.1452750630782376, 2.2653481537095863, 2.3854212443409355, 2.5054943349722842, 2.6255674256036334, 2.7456405162349826]], "calibration_local_y": [[0.008514474189993711, 0.014211778782894735, 0.008481365281377575, 0.010441421621310433, 0.007868405898170054, 0.004723353519557353, 0.013190960150751909, 0.02404582776767108, 0.021976911102237675, 0.042480414806623686, 0.048446940199905586, 0.0537288131867061, 0.06820667303145558, 0.07782107924613298, 0.05795190678404364, 0.08525362686221927, 0.09376740459389725, 0.17242263898605914, 0.1739225902960691, 0.173653], [0.0075064906403697045, 0.009070036123693285, 0.005700288979556189, 0.003061322734270264, 0.0021664422586091608, 0.0037078085008523153, 0.018578078854433203, 0.025545031643734128, 0.03540834735943686, 0.03791926139384847, 0.05805551396428517, 0.06878747693403553, 0.07072525804601561, 0.10954972394081171, 0.10288971875000004, 0.10000472110994851, 0.11794859466998417, 0.12108668402327365, 0.173653, 0.14476352631578948]], "next_sample_train_distance": [[0.7715877652990765]], "elpd": [-19.24841513855361, -0.574780376838232], "expected_improvement": [null, null], "actual_improvement": [null, [[0.04466992025558514]]], "mse": [1.0410667835036826, 0.34807758227864416], "nmse": [1.0397280996670106, 0.34762999731993854], "y_regret_pool": [0.06281707535941616, 0.0], "y_regret_test": [0.0622188174988505, 0.0005982578605656652], "f_regret_pool": [], "f_regret_test": [], "x_y_opt_dist_pool": [3.6393937876081304, 0.0], "x_f_opt_dist_pool": [], "x_y_opt_dist_test": [2.81290427892387, 1.2019661474516667], "x_f_opt_dist_test": [], "uct_calibration": [0.06838115354591034, 0.02154972541170453], "uct_sharpness": [0.8020172486560309, 0.6098616998970603]}