{"p_array": [0.001, 0.053526315789473686, 0.10605263157894737, 0.15857894736842104, 0.21110526315789474, 0.26363157894736844, 0.3161578947368421, 0.3686842105263158, 0.4212105263157895, 0.4737368421052632, 0.5262631578947369, 0.5787894736842105, 0.6313157894736842, 0.6838421052631579, 0.7363684210526316, 0.7888947368421053, 0.841421052631579, 0.8939473684210526, 0.9464736842105264, 0.999], "mean_sharpness": [-0.4261622152144913, -0.3410003322833714, -0.3410003322833714], "sharpness_error_true_minus_model": [], "posterior_variance": [0.1632577706347472, 0.12208003902353569, 0.12208003902353569], "bias_mse": [], "bias_nmse": [], "f_calibration": [], "f_calibration_mse": [], "f_calibration_nmse": [], "y_calibration": [[0.024000000208616257, 0.11919999867677689, 0.17260000109672546, 0.2313999980688095, 0.28119999170303345, 0.33500000834465027, 0.3799999952316284, 0.42320001125335693, 0.4580000042915344, 0.48339998722076416, 0.5094000101089478, 0.5271999835968018, 0.5404000282287598, 0.5515999794006348, 0.5627999901771545, 0.576200008392334, 0.5899999737739563, 0.602400004863739, 0.6218000054359436, 0.703000009059906], [0.006000000052154064, 0.052400000393390656, 0.09059999883174896, 0.1387999951839447, 0.18780000507831573, 0.2443999946117401, 0.31060001254081726, 0.38839998841285706, 0.47519999742507935, 0.5618000030517578, 0.6377999782562256, 0.7044000029563904, 0.7509999871253967, 0.7925999760627747, 0.823199987411499, 0.848800003528595, 0.8736000061035156, 0.8999999761581421, 0.9383999705314636, 0.9860000014305115], [0.006000000052154064, 0.052400000393390656, 0.09059999883174896, 0.1387999951839447, 0.18780000507831573, 0.2443999946117401, 0.31060001254081726, 0.38839998841285706, 0.47519999742507935, 0.5618000030517578, 0.6377999782562256, 0.7044000029563904, 0.7509999871253967, 0.7925999760627747, 0.823199987411499, 0.848800003528595, 0.8736000061035156, 0.8999999761581421, 0.9383999705314636, 0.9860000014305115]], "y_calibration_mse": [0.023919040169016748, 0.003973227417420839, 0.003973227417420839], "y_calibration_nmse": [0.260734330505453, 0.0433109683041984, 0.0433109683041984], "calibration_local_dist_to_nearest_train_sample": [[0.48574772489633683, 0.6261761368284074, 0.766604548760478, 0.9070329606925487, 1.0474613726246194, 1.18788978455669, 1.3283181964887605, 1.4687466084208312, 1.6091750203529018, 1.7496034322849725, 1.890031844217043, 2.0304602561491136, 2.1708886680811843, 2.3113170800132545, 2.451745491945325, 2.592173903877396, 2.7326023158094666, 2.8730307277415372, 3.013459139673608, 3.1538875516056786], [0.4367137776068819, 0.5281082422494976, 0.6195027068921133, 0.710897171534729, 0.8022916361773447, 0.8936861008199602, 0.9850805654625759, 1.0764750301051915, 1.1678694947478072, 1.259263959390423, 1.3506584240330386, 1.4420528886756543, 1.53344735331827, 1.6248418179608857, 1.7162362826035014, 1.807630747246117, 1.8990252118887327, 1.9904196765313484, 2.081814141173964, 2.17320860581658], [0.4367137776068819, 0.5281082422494976, 0.6195027068921133, 0.710897171534729, 0.8022916361773447, 0.8936861008199602, 0.9850805654625759, 1.0764750301051915, 1.1678694947478072, 1.259263959390423, 1.3506584240330386, 1.4420528886756543, 1.53344735331827, 1.6248418179608857, 1.7162362826035014, 1.807630747246117, 1.8990252118887327, 1.9904196765313484, 2.081814141173964, 2.17320860581658]], "calibration_local_y": [[0.1418151071046121, 0.02200841047577402, 0.025950079652291007, 0.021785961211061362, 0.01590289784023472, 0.016118956811830346, 0.01637443335467097, 0.019809435006146507, 0.01749015442831648, 0.024831113611601258, 0.023517316652573603, 0.04866931471654529, 0.055828178995422716, 0.0870210470933526, 0.0902726161318326, 0.11353552650434448, 0.1067862235690569, 0.12722806419625135, 0.1732414185127914, 0.3198872105263158], [0.009060289707982462, 0.00364349124125163, 0.008301412346278531, 0.008214868808819378, 0.003513656818206188, 0.004100532351760033, 0.005462119362198206, 0.0015972136120289645, 0.00439988616379309, 0.00390786815635272, 0.0036216866897639055, 0.0024329732977461265, 0.0021430424219882256, 0.010724228039340674, 0.0037546310460841075, 0.006938189467526662, 0.012645740816829471, 0.031698615394753424, 0.01976352631578947, 0.0896108947368421], [0.009060289707982462, 0.00364349124125163, 0.008301412346278531, 0.008214868808819378, 0.003513656818206188, 0.004100532351760033, 0.005462119362198206, 0.0015972136120289645, 0.00439988616379309, 0.00390786815635272, 0.0036216866897639055, 0.0024329732977461265, 0.0021430424219882256, 0.010724228039340674, 0.0037546310460841075, 0.006938189467526662, 0.012645740816829471, 0.031698615394753424, 0.01976352631578947, 0.0896108947368421]], "elpd": [-5.93323186105899, -0.42035240033276894, -0.42035240033276894], "expected_improvement": [null, null, null], "actual_improvement": [null, null, null], "mse": [0.9448681462094163, 0.15737540314494078, 0.15737540314494078], "nmse": [0.9332964842151034, 0.15544804959966804, 0.15544804959966804], "y_regret_pool": [0.04980427247533581, 0.04980427247533581, 0.04980427247533581, 0.04980427247533581, 0.04980427247533581, 0.04980427247533581, 0.04980427247533581, 0.04980427247533581, 0.04980427247533581, 0.04980427247533581, 0.04980427247533581, 0.04980427247533581, 0.04980427247533581, 0.04980427247533581, 0.04980427247533581, 0.04980427247533581, 0.04980427247533581, 0.04980427247533581, 0.04980427247533581, 0.04980427247533581, 0.04980427247533581, 0.04980427247533581, 0.04980427247533581, 0.04980427247533581, 0.04980427247533581, 0.04980427247533581, 0.04980427247533581, 0.04980427247533581, 0.04980427247533581, 0.04980427247533581, 0.04980427247533581, 0.04980427247533581, 0.04980427247533581, 0.04980427247533581, 0.04980427247533581, 0.04980427247533581, 0.04980427247533581, 0.04980427247533581, 0.04980427247533581, 0.04980427247533581, 0.04980427247533581, 0.04980427247533581, 0.04980427247533581, 0.04980427247533581, 0.04980427247533581, 0.04980427247533581, 0.04980427247533581, 0.04980427247533581, 0.04980427247533581, 0.04980427247533581, 0.04980427247533581, 0.04980427247533581, 0.04980427247533581, 0.04980427247533581, 0.04980427247533581, 0.04980427247533581, 0.04980427247533581, 0.04980427247533581, 0.04980427247533581, 0.04980427247533581, 0.04980427247533581, 0.04980427247533581, 0.04980427247533581, 0.04980427247533581, 0.04980427247533581, 0.04980427247533581, 0.04980427247533581, 0.04980427247533581, 0.04980427247533581, 0.04980427247533581, 0.02310918242855564, 0.02310918242855564, 0.02310918242855564, 0.02310918242855564, 0.02310918242855564, 0.02310918242855564, 0.02310918242855564, 0.02310918242855564, 0.02310918242855564, 0.02310918242855564, 0.02310918242855564, 0.02310918242855564, 0.02310918242855564, 0.02310918242855564, 0.02310918242855564, 0.02310918242855564, 0.02310918242855564, 0.02310918242855564, 0.02310918242855564, 0.02310918242855564, 0.02310918242855564, 0.02310918242855564, 0.017929538091120634, 0.017929538091120634, 0.017929538091120634, 0.017929538091120634, 0.017929538091120634, 0.017929538091120634, 0.017929538091120634, 0.015937367192107477, 0.015937367192107477, 0.015937367192107477],