{"p_array": [0.001, 0.053526315789473686, 0.10605263157894737, 0.15857894736842104, 0.21110526315789474, 0.26363157894736844, 0.3161578947368421, 0.3686842105263158, 0.4212105263157895, 0.4737368421052632, 0.5262631578947369, 0.5787894736842105, 0.6313157894736842, 0.6838421052631579, 0.7363684210526316, 0.7888947368421053, 0.841421052631579, 0.8939473684210526, 0.9464736842105264, 0.999], "mean_sharpness": [-0.7081924296442687, -0.41794002212870335], "sharpness_error_true_minus_model": [], "posterior_variance": [0.3510687514258549, 0.32452781352918636], "bias_mse": [], "bias_nmse": [], "f_calibration": [], "f_calibration_mse": [], "f_calibration_nmse": [], "y_calibration": [[0.005400000140070915, 0.0835999995470047, 0.11259999871253967, 0.13660000264644623, 0.15600000321865082, 0.18140000104904175, 0.22300000488758087, 0.3172000050544739, 0.4009999930858612, 0.46219998598098755, 0.5152000188827515, 0.557200014591217, 0.6000000238418579, 0.657800018787384, 0.7128000259399414, 0.7662000060081482, 0.7928000092506409, 0.8105999827384949, 0.8295999765396118, 0.9399999976158142], [0.0017999999690800905, 0.044199999421834946, 0.05719999969005585, 0.07980000227689743, 0.11460000276565552, 0.16040000319480896, 0.20160000026226044, 0.24740000069141388, 0.2948000133037567, 0.3384000062942505, 0.3824000060558319, 0.4244000017642975, 0.47620001435279846, 0.5397999882698059, 0.6276000142097473, 0.7373999953269958, 0.840399980545044, 0.8974000215530396, 0.9279999732971191, 0.9728000164031982]], "y_calibration_mse": [0.002644403639614322, 0.009782204955900198], "y_calibration_nmse": [0.02882585620865098, 0.10663290173940997], "calibration_local_dist_to_nearest_train_sample": [[0.5069666794009249, 0.6694584842080392, 0.8319502890151536, 0.994442093822268, 1.1569338986293825, 1.319425703436497, 1.4819175082436111, 1.6444093130507256, 1.80690111785784, 1.9693929226649545, 2.1318847274720687, 2.294376532279183, 2.4568683370862976, 2.619360141893412, 2.7818519467005265, 2.944343751507641, 3.1068355563147554, 3.26932736112187, 3.4318191659289843, 3.5943109707360987], [0.46912944760095815, 0.595339575709689, 0.7215497038184198, 0.8477598319271507, 0.9739699600358815, 1.1001800881446124, 1.226390216253343, 1.352600344362074, 1.4788104724708049, 1.6050206005795358, 1.7312307286882664, 1.8574408567969973, 1.9836509849057282, 2.1098611130144587, 2.23607124112319, 2.362281369231921, 2.488491497340651, 2.6147016254493822, 2.7409117535581133, 2.8671218816668445]], "calibration_local_y": [[0.022776519736842103, 0.024387291869925325, 0.006692090524295762, 0.006885486768453982, 0.005952862580554349, 0.004646398029773765, 0.005676920875946536, 0.0022988414599120132, 0.002102387910831477, 0.0021686844512328, 0.005556614958856421, 0.0076903172774845634, 0.019956243133896618, 0.03167105100033958, 0.04235291061586978, 0.06234447831530887, 0.12405101740038929, 0.13517510403222008, 0.16699335900024775, 0.17937814367513144], [0.02644962324082283, 0.0036110160159241664, 0.003892584630177867, 0.00045963872324953584, 0.0034141009894112923, 0.0073415395410226635, 0.015627058648965318, 0.02328637205798164, 0.03224626761057456, 0.04297128159202047, 0.040611701507312775, 0.040096644636709915, 0.0446406965576116, 0.05226011814478201, 0.07090532920560323, 0.05673911102224884, 0.08060188684709958, 0.14670826315789476, 0.14476352631578948, 0.14476352631578948]], "next_sample_train_distance": [[1.0980322831344287]], "elpd": [-6.608689594285024, -0.887272734572008], "expected_improvement": [null, null], "actual_improvement": [null, [[0.06013669648461817]]], "mse": [0.870636707799746, 0.29719588190153545], "nmse": [0.862375837062424, 0.29437599532650527], "y_regret_pool": [0.07383119172368935, 0.004167889855369422], "y_regret_test": [0.07621284306961496, 0.006549541201295028], "f_regret_pool": [], "f_regret_test": [], "x_y_opt_dist_pool": [1.5064262902757881, 1.7232468743684382], "x_f_opt_dist_pool": [], "x_y_opt_dist_test": [1.9270158849469121, 1.414270658015155], "x_f_opt_dist_test": [], "uct_calibration": [0.06972417126979182, 0.03918650487488981], "uct_sharpness": [0.6437603230678451, 0.7022600863550537]}