{"p_array": [0.001, 0.053526315789473686, 0.10605263157894737, 0.15857894736842104, 0.21110526315789474, 0.26363157894736844, 0.3161578947368421, 0.3686842105263158, 0.4212105263157895, 0.4737368421052632, 0.5262631578947369, 0.5787894736842105, 0.6313157894736842, 0.6838421052631579, 0.7363684210526316, 0.7888947368421053, 0.841421052631579, 0.8939473684210526, 0.9464736842105264, 0.999], "mean_sharpness": [1.3331032182234437, 1.330972994661257, 1.2462967274895655], "sharpness_error_true_minus_model": [], "posterior_variance": [0.004243514627035699, 0.00424434489180208, 0.004999216599090809], "bias_mse": [], "bias_nmse": [], "f_calibration": [], "f_calibration_mse": [], "f_calibration_nmse": [], "y_calibration": [[0.527999997138977, 0.5414000153541565, 0.5472000241279602, 0.5493999719619751, 0.5519999861717224, 0.5550000071525574, 0.5568000078201294, 0.5583999752998352, 0.5598000288009644, 0.5618000030517578, 0.5627999901771545, 0.5648000240325928, 0.5655999779701233, 0.5680000185966492, 0.5694000124931335, 0.5705999732017517, 0.5717999935150146, 0.574999988079071, 0.5813999772071838, 0.5947999954223633], [0.5231999754905701, 0.5382000207901001, 0.5414000153541565, 0.5442000031471252, 0.5475999712944031, 0.5490000247955322, 0.5509999990463257, 0.5537999868392944, 0.5558000206947327, 0.5577999949455261, 0.5586000084877014, 0.5598000288009644, 0.5626000165939331, 0.5631999969482422, 0.5641999840736389, 0.5667999982833862, 0.5698000192642212, 0.5716000199317932, 0.5753999948501587, 0.5916000008583069], [0.520799994468689, 0.5368000268936157, 0.5406000018119812, 0.5440000295639038, 0.5468000173568726, 0.5493999719619751, 0.5508000254631042, 0.553600013256073, 0.5558000206947327, 0.5573999881744385, 0.5600000023841858, 0.5609999895095825, 0.5623999834060669, 0.5637999773025513, 0.5651999711990356, 0.567799985408783, 0.5699999928474426, 0.5723999738693237, 0.5767999887466431, 0.5943999886512756]], "y_calibration_mse": [0.08754742688954698, 0.0868051369011675, 0.08630315596211288], "y_calibration_nmse": [0.9543284168688895, 0.9462369348615253, 0.9407649902037941], "calibration_local_dist_to_nearest_train_sample": [[0.4929206881397449, 0.6395164532955675, 0.7861122184513901, 0.9327079836072127, 1.0793037487630355, 1.225899513918858, 1.3724952790746805, 1.5190910442305032, 1.665686809386326, 1.8122825745421485, 1.958878339697971, 2.1054741048537937, 2.2520698700096164, 2.3986656351654387, 2.5452614003212615, 2.691857165477084, 2.838452930632907, 2.9850486957887297, 3.131644460944552, 3.2782402261003747], [0.43179704869478985, 0.5186497566804658, 0.6055024646661418, 0.6923551726518176, 0.7792078806374936, 0.8660605886231695, 0.9529132966088454, 1.0397660045945214, 1.1266187125801972, 1.213471420565873, 1.300324128551549, 1.387176836537225, 1.4740295445229008, 1.5608822525085768, 1.6477349604942526, 1.7345876684799286, 1.8214403764656046, 1.9082930844512804, 1.9951457924369564, 2.0819985004226322], [0.43179704869478985, 0.5186497566804658, 0.6055024646661418, 0.6923551726518176, 0.7792078806374936, 0.8660605886231695, 0.9529132966088454, 1.0397660045945214, 1.1266187125801972, 1.213471420565873, 1.300324128551549, 1.387176836537225, 1.4740295445229008, 1.5608822525085768, 1.6477349604942526, 1.7345876684799286, 1.8214403764656046, 1.9082930844512804, 1.9951457924369564, 2.0819985004226322]], "calibration_local_y": [[0.11423720337375898, 0.1478852271241844, 0.11361359660959372, 0.1295364558678458, 0.13146211094579863, 0.1204725574529022, 0.10816081061260623, 0.11237278907454917, 0.09701197907538042, 0.09614013992764311, 0.08678151340118648, 0.0848484802867662, 0.09073241401301568, 0.09766696252789767, 0.12830766750535488, 0.12677811420610088, 0.17863605719676046, 0.25985563045194904, 0.18173720873817648, 0.3417372105263158], [0.10682076182503356, 0.1144110210078227, 0.09543242434869925, 0.1929768764996008, 0.08828407349534907, 0.09594908151740554, 0.08897835084422516, 0.08958482172057676, 0.08726080052477932, 0.08424095756342495, 0.08529384674775539, 0.0842929781661512, 0.0825794404551423, 0.08582860184934724, 0.08792095624133796, 0.10037784055541081, 0.07972497158834307, 0.13863721052631578, 0.10173720933422292, 0.10288165166038461], [0.10461795272976593, 0.11346288128422181, 0.09481061622435658, 0.1929768764996008, 0.08789573438382149, 0.09543238802373334, 0.08909029335886713, 0.08923676233532772, 0.08698159775484575, 0.08351598773683591, 0.08461166420144037, 0.08335159223620311, 0.08143361163195739, 0.0844838051915667, 0.08840898268838313, 0.09822184097896142, 0.08092276033250556, 0.13863721052631578, 0.09575720915570701, 0.10288165166038461]], "elpd": [-126.41547134474482, -121.66416481639696, -101.80944505603475], "expected_improvement": [null, null, null], "actual_improvement": [null, null, null], "mse": [0.9945114754394272, 1.0008998053554539, 0.998934508367025], "nmse": [1.0058346276505745, 1.012295692807773, 1.0103080196502505], "y_regret_pool": [0.04133986743131279, 0.04133986743131279, 0.04133986743131279, 0.04133986743131279, 0.04133986743131279, 0.04133986743131279, 0.04133986743131279, 0.04133986743131279, 0.04133986743131279, 0.04133986743131279, 0.04133986743131279, 0.04133986743131279, 0.04133986743131279, 0.04133986743131279, 0.04133986743131279, 0.04133986743131279, 0.04133986743131279, 0.023054926067462844, 0.023054926067462844, 0.023054926067462844, 0.023054926067462844, 0.023054926067462844, 0.023054926067462844, 0.023054926067462844, 0.023054926067462844, 0.023054926067462844, 0.023054926067462844, 0.023054926067462844, 0.023054926067462844, 0.023054926067462844, 0.023054926067462844, 0.023054926067462844, 0.023054926067462844, 0.023054926067462844, 0.023054926067462844, 0.023054926067462844, 0.023054926067462844, 0.023054926067462844, 0.023054926067462844, 0.023054926067462844, 0.023054926067462844, 0.023054926067462844, 0.023054926067462844, 0.023054926067462844, 0.023054926067462844, 0.023054926067462844, 0.023054926067462844, 0.023054926067462844, 0.023054926067462844, 0.023054926067462844, 0.023054926067462844, 0.023054926067462844, 0.023054926067462844, 0.023054926067462844, 0.023054926067462844, 0.023054926067462844, 0.023054926067462844, 0.023054926067462844, 0.023054926067462844, 0.023054926067462844, 0.023054926067462844, 0.023054926067462844, 0.023054926067462844, 0.023054926067462844, 0.023054926067462844, 0.023054926067462844, 0.023054926067462844, 0.023054926067462844, 0.023054926067462844, 0.023054926067462844, 0.023054926067462844, 0.023054926067462844, 0.023054926067462844, 0.023054926067462844, 0.023054926067462844, 0.023054926067462844, 0.023054926067462844, 0.023054926067462844, 0.023054926067462844, 0.023054926067462844, 0.023054926067462844, 0.023054926067462844, 0.023054926067462844, 0.023054926067462844, 0.023054926067462844, 0.023054926067462844, 0.023054926067462844, 0.023054926067462844, 0.023054926067462844, 0.023054926067462844, 0.023054926067462844, 0.023054926067462844, 0.023054926067462844, 0.023054926067462844, 0.023054926067462844, 0.023054926067462844, 0.023054926067462844, 0.023054926067462844, 0.023054926067462844, 0.023054926067462844, 0.023054926067462844, 0.023054926067462844],