{"p_array": [0.001, 0.053526315789473686, 0.10605263157894737, 0.15857894736842104, 0.21110526315789474, 0.26363157894736844, 0.3161578947368421, 0.3686842105263158, 0.4212105263157895, 0.4737368421052632, 0.5262631578947369, 0.5787894736842105, 0.6313157894736842, 0.6838421052631579, 0.7363684210526316, 0.7888947368421053, 0.841421052631579, 0.8939473684210526, 0.9464736842105264, 0.999], "mean_sharpness": [0.30992466468084967, -0.2160500088015566, -0.2160500088015566], "sharpness_error_true_minus_model": [], "posterior_variance": [0.036642773304937516, 0.09496180237556211, 0.09496180237556211], "bias_mse": [], "bias_nmse": [], "f_calibration": [], "f_calibration_mse": [], "f_calibration_nmse": [], "y_calibration": [[0.0737999975681305, 0.17180000245571136, 0.2003999948501587, 0.21819999814033508, 0.23520000278949738, 0.24779999256134033, 0.2653999924659729, 0.28060001134872437, 0.2946000099182129, 0.30660000443458557, 0.3197999894618988, 0.3346000015735626, 0.35019999742507935, 0.3659999966621399, 0.3815999925136566, 0.40119999647140503, 0.4196000099182129, 0.44279998540878296, 0.4742000102996826, 0.5871999859809875], [0.004600000102072954, 0.052000001072883606, 0.08860000222921371, 0.12680000066757202, 0.16439999639987946, 0.21160000562667847, 0.25760000944137573, 0.31520000100135803, 0.3776000142097473, 0.4415999948978424, 0.5085999965667725, 0.5830000042915344, 0.6549999713897705, 0.7149999737739563, 0.7627999782562256, 0.8019999861717224, 0.8313999772071838, 0.8646000027656555, 0.9039999842643738, 0.9801999926567078], [0.004600000102072954, 0.052000001072883606, 0.08860000222921371, 0.12680000066757202, 0.16439999639987946, 0.21160000562667847, 0.25760000944137573, 0.31520000100135803, 0.3776000142097473, 0.4415999948978424, 0.5085999965667725, 0.5830000042915344, 0.6549999713897705, 0.7149999737739563, 0.7627999782562256, 0.8019999861717224, 0.8313999772071838, 0.8646000027656555, 0.9039999842643738, 0.9801999926567078]], "y_calibration_mse": [0.07097188206270694, 0.001064684069138827, 0.001064684069138827], "y_calibration_nmse": [0.773643341186485, 0.011605803828462945, 0.011605803828462945], "calibration_local_dist_to_nearest_train_sample": [[0.48574772489633683, 0.6261761368284074, 0.766604548760478, 0.9070329606925487, 1.0474613726246194, 1.18788978455669, 1.3283181964887605, 1.4687466084208312, 1.6091750203529018, 1.7496034322849725, 1.890031844217043, 2.0304602561491136, 2.1708886680811843, 2.3113170800132545, 2.451745491945325, 2.592173903877396, 2.7326023158094666, 2.8730307277415372, 3.013459139673608, 3.1538875516056786], [0.4377697693355833, 0.5302202257069004, 0.6226706820782176, 0.7151211384495348, 0.8075715948208521, 0.9000220511921692, 0.9924725075634864, 1.0849229639348037, 1.1773734203061208, 1.269823876677438, 1.362274333048755, 1.454724789420072, 1.5471752457913897, 1.6396257021627068, 1.7320761585340239, 1.824526614905341, 1.916977071276658, 2.0094275276479756, 2.1018779840192927, 2.19432844039061], [0.4377697693355833, 0.5302202257069004, 0.6226706820782176, 0.7151211384495348, 0.8075715948208521, 0.9000220511921692, 0.9924725075634864, 1.0849229639348037, 1.1773734203061208, 1.269823876677438, 1.362274333048755, 1.454724789420072, 1.5471752457913897, 1.6396257021627068, 1.7320761585340239, 1.824526614905341, 1.916977071276658, 2.0094275276479756, 2.1018779840192927, 2.19432844039061]], "calibration_local_y": [[0.056442478991769254, 0.03665244647360395, 0.035414556975254655, 0.038333665601555364, 0.036626433726226156, 0.04535173087520082, 0.04578960630697498, 0.056556662432419434, 0.052861091620736364, 0.06758293188329698, 0.06907665129008973, 0.11477335235816657, 0.12460560342908147, 0.1599182659962073, 0.15625379453472155, 0.17918994688903267, 0.1576207076997135, 0.20661129394148245, 0.19217562970048346, 0.3417372105263158], [0.0041106061025350275, 0.006683489787120138, 0.00368547184265769, 0.0022402652556331526, 0.0020361642300399012, 0.0010649954059287416, 0.0012400688670225857, 0.001650880265666018, 0.0008479342523407141, 0.0013901544567217535, 0.0016489039513327484, 0.003752301839733764, 0.0022591449313364986, 0.0025990464623462804, 0.0019620114065869334, 0.017233649069601474, 0.015516157894736843, 0.08601826116383704, 0.05701352631578947, 0.08416615789473683], [0.0041106061025350275, 0.006683489787120138, 0.00368547184265769, 0.0022402652556331526, 0.0020361642300399012, 0.0010649954059287416, 0.0012400688670225857, 0.001650880265666018, 0.0008479342523407141, 0.0013901544567217535, 0.0016489039513327484, 0.003752301839733764, 0.0022591449313364986, 0.0025990464623462804, 0.0019620114065869334, 0.017233649069601474, 0.015516157894736843, 0.08601826116383704, 0.05701352631578947, 0.08416615789473683]], "elpd": [-14.252106256050512, -0.3872360550560335, -0.3872360550560335], "expected_improvement": [null, null, null], "actual_improvement": [null, null, null], "mse": [1.1082810300891743, 0.16190423299353798, 0.16190423299353798], "nmse": [1.0947080744060451, 0.15992141553147649, 0.15992141553147649], "y_regret_pool": [0.04980427247533581, 0.04980427247533581, 0.04980427247533581, 0.04980427247533581, 0.04980427247533581, 0.04980427247533581, 0.04980427247533581, 0.04980427247533581, 0.04980427247533581, 0.04980427247533581, 0.04980427247533581, 0.04980427247533581, 0.04980427247533581, 0.04980427247533581, 0.04980427247533581, 0.04980427247533581, 0.04980427247533581, 0.04980427247533581, 0.04980427247533581, 0.04980427247533581, 0.04980427247533581, 0.04980427247533581, 0.04980427247533581, 0.04980427247533581, 0.04980427247533581, 0.04980427247533581, 0.04980427247533581, 0.04980427247533581, 0.04980427247533581, 0.04980427247533581, 0.04980427247533581, 0.04980427247533581, 0.04980427247533581, 0.04980427247533581, 0.04980427247533581, 0.04980427247533581, 0.04980427247533581, 0.04980427247533581, 0.04980427247533581, 0.04980427247533581, 0.04980427247533581, 0.04980427247533581, 0.04980427247533581, 0.04980427247533581, 0.04980427247533581, 0.04980427247533581, 0.04980427247533581, 0.04980427247533581, 0.04980427247533581, 0.04980427247533581, 0.04980427247533581, 0.029882563485201352, 0.029882563485201352, 0.027691175496286524, 0.027691175496286524, 0.027691175496286524, 0.027691175496286524, 0.027691175496286524, 0.027691175496286524, 0.027691175496286524, 0.027691175496286524, 0.027691175496286524, 0.027691175496286524, 0.027691175496286524, 0.027691175496286524, 0.027691175496286524, 0.027691175496286524, 0.027691175496286524, 0.027691175496286524, 0.027691175496286524, 0.027691175496286524, 0.027691175496286524, 0.027691175496286524, 0.027691175496286524, 0.027691175496286524, 0.027691175496286524, 0.027691175496286524, 0.027691175496286524, 0.027691175496286524, 0.027691175496286524, 0.027691175496286524, 0.027691175496286524, 0.027691175496286524, 0.02530057041747047, 0.02530057041747047, 0.02530057041747047, 0.02530057041747047, 0.02530057041747047, 0.02530057041747047, 0.02530057041747047, 0.02530057041747047, 0.02530057041747047, 0.02530057041747047, 0.02530057041747047, 0.02530057041747047, 0.02530057041747047, 0.02530057041747047, 0.02530057041747047, 0.02530057041747047, 0.02530057041747047, 0.02530057041747047, 0.02530057041747047],