{"p_array": [0.001, 0.053526315789473686, 0.10605263157894737, 0.15857894736842104, 0.21110526315789474, 0.26363157894736844, 0.3161578947368421, 0.3686842105263158, 0.4212105263157895, 0.4737368421052632, 0.5262631578947369, 0.5787894736842105, 0.6313157894736842, 0.6838421052631579, 0.7363684210526316, 0.7888947368421053, 0.841421052631579, 0.8939473684210526, 0.9464736842105264, 0.999], "mean_sharpness": [-0.2716368201600928, -0.3956863371486336], "sharpness_error_true_minus_model": [], "posterior_variance": [0.11679900452078538, 0.13803146966268265], "bias_mse": [], "bias_nmse": [], "f_calibration": [], "f_calibration_mse": [], "f_calibration_nmse": [], "y_calibration": [[0.20579999685287476, 0.3662000000476837, 0.41339999437332153, 0.4447999894618988, 0.4715999960899353, 0.4943999946117401, 0.5131999850273132, 0.5320000052452087, 0.5514000058174133, 0.5694000124931335, 0.5863999724388123, 0.6082000136375427, 0.6259999871253967, 0.6453999876976013, 0.6672000288963318, 0.6905999779701233, 0.7164000272750854, 0.7432000041007996, 0.7865999937057495, 0.8996000289916992], [0.012199999764561653, 0.06679999828338623, 0.1111999973654747, 0.1679999977350235, 0.21119999885559082, 0.2685999870300293, 0.3264000117778778, 0.3905999958515167, 0.4713999927043915, 0.5550000071525574, 0.6269999742507935, 0.696399986743927, 0.7504000067710876, 0.7936000227928162, 0.8241999745368958, 0.8528000116348267, 0.8804000020027161, 0.906000018119812, 0.9336000084877014, 0.9905999898910522]], "y_calibration_mse": [0.031151563734872555, 0.0037028318054158496], "y_calibration_nmse": [0.33957391505747164, 0.04036346629870169], "calibration_local_dist_to_nearest_train_sample": [[0.5182002032062423, 0.6872734658020533, 0.8563467283978643, 1.0254199909936754, 1.1944932535894865, 1.3635665161852975, 1.5326397787811086, 1.7017130413769197, 1.8707863039727308, 2.039859566568542, 2.208932829164353, 2.378006091760164, 2.547079354355975, 2.716152616951786, 2.8852258795475976, 3.0542991421434085, 3.2233724047392194, 3.3924456673350303, 3.561518929930841, 3.7305921925266525], [0.435266366958823, 0.5240572417552744, 0.6128481165517257, 0.7016389913481771, 0.7904298661446284, 0.8792207409410797, 0.9680116157375311, 1.0568024905339826, 1.1455933653304338, 1.2343842401268852, 1.3231751149233366, 1.4119659897197878, 1.5007568645162392, 1.5895477393126907, 1.6783386141091419, 1.7671294889055933, 1.8559203637020447, 1.944711238498496, 2.033502113294947, 2.1222929880913988]], "calibration_local_y": [[0.005542848957524774, 0.008949079959705042, 0.01198651101261186, 0.02080216642793536, 0.043360564338173806, 0.042077119728686205, 0.04829750024056724, 0.04960325594645354, 0.04748199528916819, 0.03908005266089143, 0.03310085643701236, 0.028346325225402553, 0.026518804023215974, 0.02537472013132395, 0.04746752091659486, 0.07797381816757379, 0.038286354374343655, 0.10316572071535927, 0.05973984210526316, 0.2918372105263158], [0.011037225740025072, 0.005117248651291576, 0.0044496051671272735, 0.004562552992045334, 0.004365818843919522, 0.006265322781515958, 0.00488230665178986, 0.004805951710870967, 0.0034411246409052293, 0.002693575847521445, 0.0037316202991472176, 0.002339082812910731, 0.00873696579760733, 0.0035347692069626854, 0.004876154580436389, 0.0036204009359298585, 0.024433124243615705, 0.02181405417915091, 0.021126684210526315, 0.03542142105263158]], "elpd": [-4.34027635348294, -0.525464014477095], "expected_improvement": [null, null], "actual_improvement": [null, [[2.0793100222820207]]], "mse": [0.644187579018709, 0.15795733488010688], "nmse": [0.6441524143186158, 0.15794871235696378], "y_regret_pool": [0.06509663736584193, 0.06410127593822956, 0.06410127593822956, 0.06410127593822956, 0.06410127593822956, 0.06410127593822956, 0.06410127593822956, 0.06410127593822956, 0.06410127593822956, 0.06410127593822956, 0.06410127593822956, 0.06410127593822956, 0.06410127593822956, 0.06410127593822956, 0.06410127593822956, 0.06410127593822956, 0.06410127593822956, 0.06410127593822956, 0.06410127593822956, 0.06410127593822956, 0.06410127593822956, 0.06410127593822956, 0.06410127593822956, 0.06410127593822956, 0.058726324229123605, 0.058726324229123605, 0.058726324229123605, 0.058726324229123605, 0.058726324229123605, 0.058726324229123605, 0.058726324229123605, 0.058726324229123605, 0.058726324229123605, 0.058726324229123605, 0.058726324229123605, 0.058726324229123605, 0.058726324229123605, 0.058726324229123605, 0.058726324229123605, 0.058726324229123605, 0.058726324229123605, 0.058726324229123605, 0.058726324229123605, 0.058726324229123605, 0.058726324229123605, 0.058726324229123605, 0.058726324229123605, 0.058726324229123605, 0.058726324229123605, 0.058726324229123605, 0.058726324229123605, 0.058726324229123605, 0.058726324229123605, 0.058726324229123605, 0.058726324229123605, 0.058726324229123605, 0.058726324229123605, 0.058726324229123605, 0.058726324229123605, 0.058726324229123605, 0.058726324229123605, 0.058726324229123605, 0.058726324229123605, 0.058726324229123605, 0.058726324229123605, 0.058726324229123605, 0.058726324229123605, 0.058726324229123605, 0.058726324229123605, 0.058726324229123605, 0.058726324229123605, 0.058726324229123605, 0.058726324229123605, 0.058726324229123605, 0.058726324229123605, 0.058726324229123605, 0.058726324229123605, 0.058726324229123605, 0.058726324229123605, 0.058726324229123605, 0.058726324229123605, 0.058726324229123605, 0.058726324229123605, 0.058726324229123605, 0.058726324229123605, 0.058726324229123605, 0.058726324229123605, 0.058726324229123605, 0.058726324229123605, 0.058726324229123605, 0.058726324229123605, 0.058726324229123605, 0.058726324229123605, 0.058726324229123605, 0.058726324229123605, 0.058726324229123605, 0.058726324229123605, 0.058726324229123605, 0.058726324229123605, 0.058726324229123605, 0.058726324229123605], "y_regret_test": [0.06449942050927482, 0.06350405908166246, 0.06350405908166246, 0.06350405908166246, 0.06350405908166246, 0.06350405908166246, 0.06350405908166246, 0.06350405908166246, 0.06350405908166246, 0.06350405908166246, 0.06350405908166246, 0.06350405908166246, 0.06350405908166246, 0.06350405908166246, 0.06350405908166246, 0.06350405908166246, 0.06350405908166246, 0.06350405908166246, 0.06350405908166246, 0.06350405908166246, 0.06350405908166246, 0.06350405908166246, 0.06350405908166246, 0.06350405908166246, 0.0581291073725565, 0.0581291073725565, 0.0581291073725565, 0.0581291073725565, 0.0581291073725565, 0.0581291073725565, 0.0581291073725565, 0.0581291073725565, 0.0581291073725565, 0.0581291073725565, 0.0581291073725565, 0.0581291073725565, 0.0581291073725565, 0.0581291073725565, 0.0581291073725565, 0.0581291073725565, 0.0581291073725565, 0.0581291073725565, 0.0581291073725565, 0.0581291073725565, 0.0581291073725565, 0.0581291073725565, 0.0581291073725565, 0.0581291073725565, 0.0581291073725565, 0.0581291073725565, 0.0581291073725565, 0.0581291073725565, 0.0581291073725565, 0.0581291073725565, 0.0581291073725565, 0.0581291073725565, 0.0581291073725565, 0.0581291073725565, 0.0581291073725565, 0.0581291073725565, 0.0581291073725565, 0.0581291073725565, 0.0581291073725565, 0.0581291073725565, 0.0581291073725565, 0.0581291073725565, 0.0581291073725565, 0.0581291073725565, 0.0581291073725565, 0.0581291073725565, 0.0581291073725565, 0.0581291073725565, 0.0581291073725565, 0.0581291073725565, 0.0581291073725565, 0.0581291073725565, 0.0581291073725565, 0.0581291073725565, 0.0581291073725565, 0.0581291073725565, 0.0581291073725565, 0.0581291073725565, 0.0581291073725565, 0.0581291073725565, 0.0581291073725565, 0.0581291073725565, 0.0581291073725565, 0.0581291073725565, 0.0581291073725565, 0.0581291073725565, 0.0581291073725565, 0.0581291073725565, 0.0581291073725565, 0.0581291073725565, 0.0581291073725565, 0.0581291073725565, 0.0581291073725565, 0.0581291073725565, 0.0581291073725565, 0.0581291073725565, 0.0581291073725565], "f_regret_pool": [], "f_regret_test": [],