{"p_array": [0.001, 0.053526315789473686, 0.10605263157894737, 0.15857894736842104, 0.21110526315789474, 0.26363157894736844, 0.3161578947368421, 0.3686842105263158, 0.4212105263157895, 0.4737368421052632, 0.5262631578947369, 0.5787894736842105, 0.6313157894736842, 0.6838421052631579, 0.7363684210526316, 0.7888947368421053, 0.841421052631579, 0.8939473684210526, 0.9464736842105264, 0.999], "mean_sharpness": [0.8699147543953095, 2.153575429181838], "sharpness_error_true_minus_model": [], "posterior_variance": [0.010948554853164386, 0.00081438335987492], "bias_mse": [], "bias_nmse": [], "f_calibration": [], "f_calibration_mse": [], "f_calibration_nmse": [], "y_calibration": [[0.4973999857902527, 0.5306000113487244, 0.5388000011444092, 0.5422000288963318, 0.5442000031471252, 0.546999990940094, 0.5486000180244446, 0.5519999861717224, 0.5551999807357788, 0.5569999814033508, 0.5595999956130981, 0.5608000159263611, 0.5626000165939331, 0.5655999779701233, 0.5685999989509583, 0.5712000131607056, 0.574999988079071, 0.5794000029563904, 0.5831999778747559, 0.6086000204086304], [0.5450000166893005, 0.550599992275238, 0.5529999732971191, 0.5540000200271606, 0.5547999739646912, 0.5562000274658203, 0.5565999746322632, 0.5569999814033508, 0.557200014591217, 0.5577999949455261, 0.5586000084877014, 0.5587999820709229, 0.5591999888420105, 0.5595999956130981, 0.5604000091552734, 0.5609999895095825, 0.5622000098228455, 0.5630000233650208, 0.5648000240325928, 0.573199987411499]], "y_calibration_mse": [0.08310963981848421, 0.09205746239012289], "y_calibration_nmse": [0.9059534221900428, 1.0034909701523487], "calibration_local_dist_to_nearest_train_sample": [[0.5182002032062423, 0.6872734658020533, 0.8563467283978643, 1.0254199909936754, 1.1944932535894865, 1.3635665161852975, 1.5326397787811086, 1.7017130413769197, 1.8707863039727308, 2.039859566568542, 2.208932829164353, 2.378006091760164, 2.547079354355975, 2.716152616951786, 2.8852258795475976, 3.0542991421434085, 3.2233724047392194, 3.3924456673350303, 3.561518929930841, 3.7305921925266525], [0.43640054909448855, 0.5263256060266053, 0.6162506629587221, 0.7061757198908387, 0.7961007768229555, 0.8860258337550724, 0.975950890687189, 1.0658759476193058, 1.1558010045514224, 1.2457260614835393, 1.335651118415656, 1.425576175347773, 1.5155012322798895, 1.6054262892120064, 1.695351346144123, 1.7852764030762398, 1.8752014600083566, 1.9651265169404732, 2.05505157387259, 2.144976630804707]], "calibration_local_y": [[0.0775699676019254, 0.08649060011155826, 0.09093408640512293, 0.10204326138627448, 0.1170333430418348, 0.10447173884222738, 0.10009353104772353, 0.09589987911526274, 0.09136447678257527, 0.08491221038499712, 0.0804637337905454, 0.07840303904163674, 0.08285155985943712, 0.0853633845248601, 0.12514468753447924, 0.16077713281583178, 0.10359552063352925, 0.188532074131491, 0.13473984210526313, 0.3417372105263158], [0.09413012400361712, 0.10237680355622476, 0.09972994233260174, 0.10674608324594033, 0.10547320243631768, 0.1039179785336601, 0.11310995462170056, 0.10147367344390061, 0.09033920023422948, 0.0896774500035496, 0.09587779334540204, 0.09830841711141516, 0.10263276267311912, 0.12708934239152228, 0.22203390236371773, 0.308443512667318, 0.3417372105263158, 0.2432472092300638, 0.0917372105263158, 0.3417372105263158]], "elpd": [-53.14329865931824, -625.080004174455], "expected_improvement": [null, null], "actual_improvement": [null, [[0.69874372218381]]], "mse": [0.9803634796861647, 1.0011492327784768], "nmse": [0.9803099639263637, 1.0010945823728095], "y_regret_pool": [0.06509663736584193, 0.06509663736584193, 0.008161963706420305, 0.008161963706420305, 0.008161963706420305, 0.008161963706420305, 0.008161963706420305, 0.008161963706420305, 0.008161963706420305, 0.008161963706420305, 0.008161963706420305, 0.008161963706420305, 0.008161963706420305, 0.008161963706420305, 0.008161963706420305, 0.008161963706420305, 0.008161963706420305, 0.008161963706420305, 0.008161963706420305, 0.008161963706420305, 0.008161963706420305, 0.008161963706420305, 0.008161963706420305, 0.008161963706420305, 0.008161963706420305, 0.008161963706420305, 0.008161963706420305, 0.008161963706420305, 0.008161963706420305, 0.008161963706420305, 0.008161963706420305, 0.008161963706420305, 0.008161963706420305, 0.008161963706420305, 0.008161963706420305, 0.008161963706420305, 0.008161963706420305, 0.008161963706420305, 0.008161963706420305, 0.008161963706420305, 0.008161963706420305, 0.008161963706420305, 0.008161963706420305, 0.008161963706420305, 0.008161963706420305, 0.008161963706420305, 0.008161963706420305, 0.008161963706420305, 0.008161963706420305, 0.008161963706420305, 0.008161963706420305, 0.008161963706420305, 0.008161963706420305, 0.008161963706420305, 0.008161963706420305, 0.008161963706420305, 0.008161963706420305, 0.008161963706420305, 0.008161963706420305, 0.008161963706420305, 0.008161963706420305, 0.008161963706420305, 0.008161963706420305, 0.008161963706420305, 0.008161963706420305, 0.008161963706420305, 0.008161963706420305, 0.008161963706420305, 0.008161963706420305, 0.008161963706420305, 0.008161963706420305, 0.008161963706420305, 0.008161963706420305, 0.008161963706420305, 0.008161963706420305, 0.008161963706420305, 0.008161963706420305, 0.008161963706420305, 0.008161963706420305, 0.008161963706420305, 0.008161963706420305, 0.008161963706420305, 0.008161963706420305, 0.008161963706420305, 0.008161963706420305, 0.008161963706420305, 0.008161963706420305, 0.008161963706420305, 0.008161963706420305, 0.008161963706420305, 0.008161963706420305, 0.008161963706420305, 0.008161963706420305, 0.008161963706420305, 0.008161963706420305, 0.008161963706420305, 0.008161963706420305, 0.008161963706420305, 0.008161963706420305, 0.008161963706420305, 0.008161963706420305],