{"p_array": [0.001, 0.053526315789473686, 0.10605263157894737, 0.15857894736842104, 0.21110526315789474, 0.26363157894736844, 0.3161578947368421, 0.3686842105263158, 0.4212105263157895, 0.4737368421052632, 0.5262631578947369, 0.5787894736842105, 0.6313157894736842, 0.6838421052631579, 0.7363684210526316, 0.7888947368421053, 0.841421052631579, 0.8939473684210526, 0.9464736842105264, 0.999], "mean_sharpness": [2.219406683637344, 1.9470594919127333], "sharpness_error_true_minus_model": [], "posterior_variance": [0.0007218899865277018, 0.0012436958345311687], "bias_mse": [], "bias_nmse": [], "f_calibration": [], "f_calibration_mse": [], "f_calibration_nmse": [], "y_calibration": [[0.5649999976158142, 0.5720000267028809, 0.573199987411499, 0.5745999813079834, 0.5759999752044678, 0.5771999955177307, 0.5776000022888184, 0.578000009059906, 0.5784000158309937, 0.5785999894142151, 0.579200029373169, 0.579800009727478, 0.5803999900817871, 0.5806000232696533, 0.5807999968528748, 0.58160001039505, 0.5824000239372253, 0.5830000042915344, 0.5845999717712402, 0.5916000008583069], [0.5605999827384949, 0.5694000124931335, 0.5712000131607056, 0.5735999941825867, 0.574400007724762, 0.5758000016212463, 0.5776000022888184, 0.5781999826431274, 0.5781999826431274, 0.5788000226020813, 0.5795999765396118, 0.5803999900817871, 0.5803999900817871, 0.5812000036239624, 0.5824000239372253, 0.5824000239372253, 0.5839999914169312, 0.5849999785423279, 0.5874000191688538, 0.59579998254776]], "y_calibration_mse": [0.09507445768065328, 0.09403935828044022], "y_calibration_nmse": [1.0363783369386423, 1.0250950267717593], "calibration_local_dist_to_nearest_train_sample": [[0.5014892658615698, 0.6580701632790278, 0.8146510606964859, 0.9712319581139439, 1.127812855531402, 1.2843937529488598, 1.4409746503663179, 1.597555547783776, 1.754136445201234, 1.910717342618692, 2.06729824003615, 2.223879137453608, 2.3804600348710663, 2.5370409322885243, 2.6936218297059824, 2.8502027271234405, 3.0067836245408985, 3.1633645219583566, 3.3199454193758147, 3.4765263167932727], [0.43543964349742315, 0.5259709185507345, 0.6165021936040459, 0.7070334686573573, 0.7975647437106687, 0.88809601876398, 0.9786272938172914, 1.069158568870603, 1.159689843923914, 1.2502211189772257, 1.3407523940305368, 1.4312836690838484, 1.5218149441371596, 1.6123462191904712, 1.7028774942437823, 1.793408769297094, 1.883940044350405, 1.9744713194037167, 2.065002594457028, 2.1555338695103394]], "calibration_local_y": [[0.18173721767887333, 0.11581568661510847, 0.14610114292697424, 0.14115479555757177, 0.12883941220537978, 0.1371630522889104, 0.12891573475512141, 0.12224158557496981, 0.0960965432189934, 0.09230678261208058, 0.09826059072708118, 0.09107495589897786, 0.08847258672530918, 0.0945682467141635, 0.11724561399107554, 0.1031990660291636, 0.22690156523179641, 0.28637388853365364, 0.3360337502981008, 0.3417372105263158], [0.09461042643653986, 0.09123625849435887, 0.09916218398905437, 0.09217145918542682, 0.10086378400851467, 0.10326034025577217, 0.10506014314134504, 0.09740029533076983, 0.08925866787817772, 0.09964320251080032, 0.08916725070108074, 0.0892923804699816, 0.08669541092851583, 0.08785754337632835, 0.09614415115202753, 0.11109598330928676, 0.09599051662672509, 0.0917372105263158, 0.2918372105263158, 0.3417372105263158]], "elpd": [-719.7659014254639, -406.7218677535994], "expected_improvement": [null, null], "actual_improvement": [null, [[2.4222339450414614]]], "mse": [0.9785799379983376, 0.9804360991344921], "nmse": [0.997524406386461, 0.9994165012104029], "y_regret_pool": [0.10392094347921743, 0.10392094347921743, 0.10392094347921743, 0.10392094347921743, 0.10392094347921743, 0.10392094347921743, 0.10392094347921743, 0.10392094347921743, 0.10392094347921743, 0.10392094347921743, 0.015528416841722015, 0.015528416841722015, 0.015528416841722015, 0.015528416841722015, 0.015528416841722015, 0.015528416841722015, 0.015528416841722015, 0.015528416841722015, 0.015528416841722015, 0.015528416841722015, 0.015528416841722015, 0.015528416841722015, 0.015528416841722015, 0.015528416841722015, 0.015528416841722015, 0.015528416841722015, 0.015528416841722015, 0.015528416841722015, 0.015528416841722015, 0.015528416841722015, 0.015528416841722015, 0.015528416841722015, 0.015528416841722015, 0.015528416841722015, 0.015528416841722015, 0.015528416841722015, 0.015528416841722015, 0.015528416841722015, 0.015528416841722015, 0.015528416841722015, 0.015528416841722015, 0.015528416841722015, 0.015528416841722015, 0.015528416841722015, 0.015528416841722015, 0.015528416841722015, 0.015528416841722015, 0.015528416841722015, 0.015528416841722015, 0.015528416841722015, 0.015528416841722015, 0.015528416841722015, 0.015528416841722015, 0.015528416841722015, 0.015528416841722015, 0.015528416841722015, 0.015528416841722015, 0.015528416841722015, 0.015528416841722015, 0.015528416841722015, 0.015528416841722015, 0.015528416841722015, 0.015528416841722015, 0.015528416841722015, 0.015528416841722015, 0.015528416841722015, 0.015528416841722015, 0.015528416841722015, 0.015528416841722015, 0.015528416841722015, 0.015528416841722015, 0.015528416841722015, 0.015528416841722015, 0.015528416841722015, 0.015528416841722015, 0.015528416841722015, 0.015528416841722015, 0.015528416841722015, 0.015528416841722015, 0.015528416841722015, 0.015528416841722015, 0.015528416841722015, 0.015528416841722015, 0.015528416841722015, 0.015528416841722015, 0.015528416841722015, 0.015528416841722015, 0.015528416841722015, 0.015528416841722015, 0.015528416841722015, 0.015528416841722015, 0.015528416841722015, 0.015528416841722015, 0.015528416841722015, 0.015528416841722015, 0.015528416841722015, 0.015528416841722015, 0.015528416841722015, 0.015528416841722015, 0.015528416841722015, 0.015528416841722015], "y_regret_test": [0.10849983562485344, 0.10849983562485344, 0.10849983562485344, 0.10849983562485344, 0.10849983562485344, 0.10849983562485344, 0.10849983562485344, 0.10849983562485344, 0.10849983562485344, 0.10849983562485344, 0.02010730898735802, 0.02010730898735802, 0.02010730898735802, 0.02010730898735802, 0.02010730898735802, 0.02010730898735802, 0.02010730898735802, 0.02010730898735802, 0.02010730898735802, 0.02010730898735802, 0.02010730898735802, 0.02010730898735802, 0.02010730898735802, 0.02010730898735802, 0.02010730898735802, 0.02010730898735802, 0.02010730898735802, 0.02010730898735802, 0.02010730898735802, 0.02010730898735802, 0.02010730898735802, 0.02010730898735802, 0.02010730898735802, 0.02010730898735802, 0.02010730898735802, 0.02010730898735802, 0.02010730898735802, 0.02010730898735802, 0.02010730898735802, 0.02010730898735802, 0.02010730898735802, 0.02010730898735802, 0.02010730898735802, 0.02010730898735802, 0.02010730898735802, 0.02010730898735802, 0.02010730898735802, 0.02010730898735802, 0.02010730898735802, 0.02010730898735802, 0.02010730898735802, 0.02010730898735802, 0.02010730898735802, 0.02010730898735802, 0.02010730898735802, 0.02010730898735802, 0.02010730898735802, 0.02010730898735802, 0.02010730898735802, 0.02010730898735802, 0.02010730898735802, 0.02010730898735802, 0.02010730898735802, 0.02010730898735802, 0.02010730898735802, 0.02010730898735802, 0.02010730898735802, 0.02010730898735802, 0.02010730898735802, 0.02010730898735802, 0.02010730898735802, 0.02010730898735802, 0.02010730898735802, 0.02010730898735802, 0.02010730898735802, 0.02010730898735802, 0.02010730898735802, 0.02010730898735802, 0.02010730898735802, 0.02010730898735802, 0.02010730898735802, 0.02010730898735802, 0.02010730898735802, 0.02010730898735802, 0.02010730898735802, 0.02010730898735802, 0.02010730898735802, 0.02010730898735802, 0.02010730898735802, 0.02010730898735802, 0.02010730898735802, 0.02010730898735802, 0.02010730898735802, 0.02010730898735802, 0.02010730898735802, 0.02010730898735802, 0.02010730898735802, 0.02010730898735802, 0.02010730898735802, 0.02010730898735802, 0.02010730898735802], "f_regret_pool": [], "f_regret_test": [],