{"p_array": [0.001, 0.053526315789473686, 0.10605263157894737, 0.15857894736842104, 0.21110526315789474, 0.26363157894736844, 0.3161578947368421, 0.3686842105263158, 0.4212105263157895, 0.4737368421052632, 0.5262631578947369, 0.5787894736842105, 0.6313157894736842, 0.6838421052631579, 0.7363684210526316, 0.7888947368421053, 0.841421052631579, 0.8939473684210526, 0.9464736842105264, 0.999], "mean_sharpness": [-0.6404524948545816, -0.09803714193759722], "sharpness_error_true_minus_model": [], "posterior_variance": [0.24346164419831032, 0.07792991921084519], "bias_mse": [], "bias_nmse": [], "f_calibration": [], "f_calibration_mse": [], "f_calibration_nmse": [], "y_calibration": [[0.018799999728798866, 0.052000001072883606, 0.10300000011920929, 0.17260000109672546, 0.25459998846054077, 0.32019999623298645, 0.37560001015663147, 0.4228000044822693, 0.4586000144481659, 0.48500001430511475, 0.5058000087738037, 0.5212000012397766, 0.5350000262260437, 0.5509999990463257, 0.5662000179290771, 0.5852000117301941, 0.6061999797821045, 0.6313999891281128, 0.6601999998092651, 0.7842000126838684], [0.16140000522136688, 0.3384000062942505, 0.3864000141620636, 0.4212000072002411, 0.4553999900817871, 0.48739999532699585, 0.5239999890327454, 0.5613999962806702, 0.6046000123023987, 0.6309999823570251, 0.6507999897003174, 0.6733999848365784, 0.6890000104904175, 0.7099999785423279, 0.7287999987602234, 0.7508000135421753, 0.7731999754905701, 0.8051999807357788, 0.8453999757766724, 0.9441999793052673]], "y_calibration_mse": [0.018353158716445148, 0.027931444950315826], "y_calibration_nmse": [0.2000623150753025, 0.3044723595808856], "calibration_local_dist_to_nearest_train_sample": [[0.4929206881397449, 0.6395164532955675, 0.7861122184513901, 0.9327079836072127, 1.0793037487630355, 1.225899513918858, 1.3724952790746805, 1.5190910442305032, 1.665686809386326, 1.8122825745421485, 1.958878339697971, 2.1054741048537937, 2.2520698700096164, 2.3986656351654387, 2.5452614003212615, 2.691857165477084, 2.838452930632907, 2.9850486957887297, 3.131644460944552, 3.2782402261003747], [0.4764314024955495, 0.607918464281985, 0.7394055260684205, 0.870892587854856, 1.0023796496412916, 1.133866711427727, 1.2653537732141626, 1.396840835000598, 1.5283278967870335, 1.6598149585734692, 1.7913020203599046, 1.92278908214634, 2.0542761439327757, 2.185763205719211, 2.3172502675056466, 2.448737329292082, 2.5802243910785174, 2.711711452864953, 2.843198514651389, 2.974685576437824]], "calibration_local_y": [[0.02379510553473172, 0.0523641062341195, 0.023788408044931663, 0.02881052266669095, 0.03297007127254926, 0.020540801643081617, 0.017430914283342057, 0.01599563152166631, 0.012762558632591578, 0.013363600089896833, 0.018138871470369418, 0.03482626312857935, 0.0598814210909982, 0.07766829135759032, 0.12152130720207266, 0.12665039321296917, 0.15223807864930583, 0.23794194627456994, 0.2079982618206802, 0.2918372105263158], [0.059779903937860104, 0.048524213392458264, 0.040275831890381836, 0.05592866328171435, 0.05994239701405031, 0.065936145400945, 0.054703217850074606, 0.06241205089945928, 0.049941349584757724, 0.04386063290781123, 0.03164889579042082, 0.021958535975283893, 0.014742846294555028, 0.014138574946328331, 0.021800262345053154, 0.003887034826196907, 0.010520250813979639, 0.007235709785424285, 0.0227684969555943, 0.07317142105263157]], "elpd": [-3.7577921669505887, -2.8872074213939105], "expected_improvement": [null, null], "actual_improvement": [null, [[0.027029913320473886]]], "mse": [0.9182909132580426, 0.33996786086050246], "nmse": [0.9287462453901731, 0.34383861341639504], "y_regret_pool": [0.04133986743131279, 0.04133986743131279, 0.0, 0.0, 0.0, 0.0, 0.0, 0.0, 0.0, 0.0, 0.0, 0.0, 0.0, 0.0, 0.0, 0.0, 0.0, 0.0, 0.0, 0.0, 0.0, 0.0, 0.0, 0.0, 0.0, 0.0, 0.0, 0.0, 0.0, 0.0, 0.0, 0.0, 0.0, 0.0, 0.0, 0.0, 0.0, 0.0, 0.0, 0.0, 0.0, 0.0, 0.0, 0.0, 0.0, 0.0, 0.0, 0.0, 0.0, 0.0, 0.0, 0.0, 0.0, 0.0, 0.0, 0.0, 0.0, 0.0, 0.0, 0.0, 0.0, 0.0, 0.0, 0.0, 0.0, 0.0, 0.0, 0.0, 0.0, 0.0, 0.0, 0.0, 0.0, 0.0, 0.0, 0.0, 0.0, 0.0, 0.0, 0.0, 0.0, 0.0, 0.0, 0.0, 0.0, 0.0, 0.0, 0.0, 0.0, 0.0, 0.0, 0.0, 0.0, 0.0, 0.0, 0.0, 0.0, 0.0, 0.0, 0.0, 0.0], "y_regret_test": [0.039352373804807605, 0.039352373804807605, 0.001987493626505188, 0.001987493626505188, 0.001987493626505188, 0.001987493626505188, 0.001987493626505188, 0.001987493626505188, 0.001987493626505188, 0.001987493626505188, 0.001987493626505188, 0.001987493626505188, 0.001987493626505188, 0.001987493626505188, 0.001987493626505188, 0.001987493626505188, 0.001987493626505188, 0.001987493626505188, 0.001987493626505188, 0.001987493626505188, 0.001987493626505188, 0.001987493626505188, 0.001987493626505188, 0.001987493626505188, 0.001987493626505188, 0.001987493626505188, 0.001987493626505188, 0.001987493626505188, 0.001987493626505188, 0.001987493626505188, 0.001987493626505188, 0.001987493626505188, 0.001987493626505188, 0.001987493626505188, 0.001987493626505188, 0.001987493626505188, 0.001987493626505188, 0.001987493626505188, 0.001987493626505188, 0.001987493626505188, 0.001987493626505188, 0.001987493626505188, 0.001987493626505188, 0.001987493626505188, 0.001987493626505188, 0.001987493626505188, 0.001987493626505188, 0.001987493626505188, 0.001987493626505188, 0.001987493626505188, 0.001987493626505188, 0.001987493626505188, 0.001987493626505188, 0.001987493626505188, 0.001987493626505188, 0.001987493626505188, 0.001987493626505188, 0.001987493626505188, 0.001987493626505188, 0.001987493626505188, 0.001987493626505188, 0.001987493626505188, 0.001987493626505188, 0.001987493626505188, 0.001987493626505188, 0.001987493626505188, 0.001987493626505188, 0.001987493626505188, 0.001987493626505188, 0.001987493626505188, 0.001987493626505188, 0.001987493626505188, 0.001987493626505188, 0.001987493626505188, 0.001987493626505188, 0.001987493626505188, 0.001987493626505188, 0.001987493626505188, 0.001987493626505188, 0.001987493626505188, 0.001987493626505188, 0.001987493626505188, 0.001987493626505188, 0.001987493626505188, 0.001987493626505188, 0.001987493626505188, 0.001987493626505188, 0.001987493626505188, 0.001987493626505188, 0.001987493626505188, 0.001987493626505188, 0.001987493626505188, 0.001987493626505188, 0.001987493626505188, 0.001987493626505188, 0.001987493626505188, 0.001987493626505188, 0.001987493626505188, 0.001987493626505188, 0.001987493626505188, 0.001987493626505188], "f_regret_pool": [], "f_regret_test": [], "x_y_opt_dist_pool": [1.9646848288219636, 1.9646848288219636, 1.9646848288219636, 0.0, 0.0, 0.0, 0.0, 0.0, 0.0, 0.0, 0.0, 0.0, 0.0, 0.0, 0.0, 0.0, 0.0, 0.0, 0.0, 0.0, 0.0, 0.0, 0.0, 0.0, 0.0, 0.0, 0.0, 0.0, 0.0, 0.0, 0.0, 0.0, 0.0, 0.0, 0.0, 0.0, 0.0, 0.0, 0.0, 0.0, 0.0, 0.0, 0.0, 0.0, 0.0, 0.0, 0.0, 0.0, 0.0, 0.0, 0.0, 0.0, 0.0, 0.0, 0.0, 0.0, 0.0, 0.0, 0.0, 0.0, 0.0, 0.0, 0.0, 0.0, 0.0, 0.0, 0.0, 0.0, 0.0, 0.0, 0.0, 0.0, 0.0, 0.0, 0.0, 0.0, 0.0, 0.0, 0.0, 0.0, 0.0, 0.0, 0.0, 0.0, 0.0, 0.0, 0.0, 0.0, 0.0, 0.0, 0.0, 0.0, 0.0, 0.0, 0.0, 0.0, 0.0, 0.0, 0.0, 0.0, 0.0, 0.0, 0.0], "x_f_opt_dist_pool": [],