{"p_array": [0.001, 0.053526315789473686, 0.10605263157894737, 0.15857894736842104, 0.21110526315789474, 0.26363157894736844, 0.3161578947368421, 0.3686842105263158, 0.4212105263157895, 0.4737368421052632, 0.5262631578947369, 0.5787894736842105, 0.6313157894736842, 0.6838421052631579, 0.7363684210526316, 0.7888947368421053, 0.841421052631579, 0.8939473684210526, 0.9464736842105264, 0.999], "mean_sharpness": [1.1177799310273946, 0.103389875863063], "sharpness_error_true_minus_model": [], "posterior_variance": [0.006592985346706617, 0.05886116864087131], "bias_mse": [], "bias_nmse": [], "f_calibration": [], "f_calibration_mse": [], "f_calibration_nmse": [], "y_calibration": [[0.524399995803833, 0.5432000160217285, 0.550599992275238, 0.5541999936103821, 0.5565999746322632, 0.5583999752998352, 0.5601999759674072, 0.5619999766349792, 0.5641999840736389, 0.5655999779701233, 0.5673999786376953, 0.5684000253677368, 0.5702000260353088, 0.5722000002861023, 0.5745999813079834, 0.576200008392334, 0.5785999894142151, 0.5830000042915344, 0.5863999724388123, 0.6039999723434448], [0.5031999945640564, 0.5623999834060669, 0.5759999752044678, 0.5843999981880188, 0.5914000272750854, 0.5965999960899353, 0.6025999784469604, 0.6069999933242798, 0.6105999946594238, 0.6150000095367432, 0.6191999912261963, 0.6237999796867371, 0.6313999891281128, 0.6377999782562256, 0.6453999876976013, 0.6538000106811523, 0.6693999767303467, 0.6962000131607056, 0.743399977684021, 0.9147999882698059]], "y_calibration_mse": [0.08703911139391604, 0.07599116449625712], "y_calibration_nmse": [0.9487874210972215, 0.8283570435625819], "calibration_local_dist_to_nearest_train_sample": [[0.48660499529629103, 0.6296100263009582, 0.7726150573056254, 0.9156200883102925, 1.0586251193149596, 1.2016301503196267, 1.344635181324294, 1.4876402123289612, 1.6306452433336283, 1.7736502743382954, 1.9166553053429627, 2.05966033634763, 2.2026653673522967, 2.3456703983569644, 2.4886754293616313, 2.631680460366298, 2.774685491370966, 2.917690522375633, 3.0606955533802997, 3.2037005843849666], [0.48660499529629103, 0.6296100263009582, 0.7726150573056254, 0.9156200883102925, 1.0586251193149596, 1.2016301503196267, 1.344635181324294, 1.4876402123289612, 1.6306452433336283, 1.7736502743382954, 1.9166553053429627, 2.05966033634763, 2.2026653673522967, 2.3456703983569644, 2.4886754293616313, 2.631680460366298, 2.774685491370966, 2.917690522375633, 3.0606955533802997, 3.2037005843849666]], "calibration_local_y": [[0.10736221052631581, 0.07978420105600349, 0.09044738201578152, 0.11392726563234815, 0.10631923458053631, 0.10663762039453997, 0.10044307157021863, 0.0953452840773851, 0.08900969114594948, 0.09600415417514506, 0.08498036266581246, 0.08709789881401772, 0.0836296330284586, 0.08599076012388158, 0.08446264606305703, 0.11291149526220239, 0.10311166405696182, 0.089448436034439, 0.11033224889302776, 0.12848618531243697], [0.0983655699772212, 0.082631557669332, 0.05588052971763306, 0.04434768146827187, 0.06161148253941103, 0.0658484573112147, 0.07904121921944925, 0.09275622541986529, 0.10058728514501988, 0.13852802776244272, 0.09864274912948043, 0.12161495387440686, 0.09642586257922563, 0.08279774500366807, 0.05598970875940854, 0.0675609409950658, 0.07193879217446494, 0.0688483947368421, 0.11951498499272453, 0.09175720873996465]], "elpd": [-80.45413647354965, -15.504169207753197], "expected_improvement": [null, null], "actual_improvement": [null, [[2.5706605660545474]]], "mse": [1.0121002912541777, 0.8990727473853741], "nmse": [1.0062818161857636, 0.8939040576709686], "y_regret_pool": [0.009952228285151188, 0.009952228285151188, 0.009952228285151188, 0.009952228285151188, 0.009952228285151188, 0.009952228285151188, 0.009952228285151188, 0.009952228285151188, 0.009952228285151188, 0.009952228285151188, 0.009952228285151188, 0.009952228285151188, 0.009952228285151188, 0.009952228285151188, 0.009952228285151188, 0.009952228285151188, 0.009952228285151188, 0.009952228285151188, 0.009952228285151188, 0.009952228285151188, 0.009952228285151188, 0.009952228285151188, 0.009952228285151188, 0.009952228285151188, 0.009952228285151188, 0.009952228285151188, 0.009952228285151188, 0.009952228285151188, 0.009952228285151188, 0.009952228285151188, 0.009952228285151188, 0.009952228285151188, 0.009952228285151188, 0.009952228285151188, 0.009952228285151188, 0.009952228285151188, 0.009952228285151188, 0.009952228285151188, 0.009952228285151188, 0.009952228285151188, 0.009952228285151188, 0.009952228285151188, 0.009952228285151188, 0.009952228285151188, 0.009952228285151188, 0.009952228285151188, 0.009952228285151188, 0.009952228285151188, 0.009952228285151188, 0.009952228285151188, 0.009952228285151188, 0.009952228285151188, 0.009952228285151188, 0.009952228285151188, 0.009952228285151188, 0.009952228285151188, 0.009952228285151188, 0.009952228285151188, 0.009952228285151188, 0.009952228285151188, 0.009952228285151188, 0.009952228285151188, 0.009952228285151188, 0.009952228285151188, 0.009952228285151188, 0.009952228285151188, 0.009952228285151188, 0.009952228285151188, 0.009952228285151188, 0.009952228285151188, 0.009952228285151188, 0.009952228285151188, 0.009952228285151188, 0.009952228285151188, 0.009952228285151188, 0.009952228285151188, 0.009952228285151188, 0.009952228285151188, 0.009952228285151188, 0.009952228285151188, 0.009952228285151188, 0.009952228285151188, 0.009952228285151188, 0.009952228285151188, 0.009952228285151188, 0.009952228285151188, 0.009952228285151188, 0.009952228285151188, 0.009952228285151188, 0.009952228285151188, 0.009952228285151188, 0.009952228285151188, 0.009952228285151188, 0.009952228285151188, 0.009952228285151188, 0.009952228285151188, 0.009952228285151188, 0.009952228285151188, 0.009952228285151188, 0.009952228285151188, 0.009952228285151188],