{"p_array": [0.001, 0.053526315789473686, 0.10605263157894737, 0.15857894736842104, 0.21110526315789474, 0.26363157894736844, 0.3161578947368421, 0.3686842105263158, 0.4212105263157895, 0.4737368421052632, 0.5262631578947369, 0.5787894736842105, 0.6313157894736842, 0.6838421052631579, 0.7363684210526316, 0.7888947368421053, 0.841421052631579, 0.8939473684210526, 0.9464736842105264, 0.999], "mean_sharpness": [1.106208636652102, 0.8301424494681942], "sharpness_error_true_minus_model": [], "posterior_variance": [0.006683079068566656, 0.011796370791949059], "bias_mse": [], "bias_nmse": [], "f_calibration": [], "f_calibration_mse": [], "f_calibration_nmse": [], "y_calibration": [[0.5338000059127808, 0.5555999875068665, 0.5605999827384949, 0.5637999773025513, 0.5667999982833862, 0.5694000124931335, 0.5708000063896179, 0.5738000273704529, 0.5745999813079834, 0.5771999955177307, 0.5785999894142151, 0.579800009727478, 0.5812000036239624, 0.5827999711036682, 0.5843999981880188, 0.5867999792098999, 0.5889999866485596, 0.5920000076293945, 0.5971999764442444, 0.6128000020980835], [0.5392000079154968, 0.5698000192642212, 0.5767999887466431, 0.5813999772071838, 0.5849999785423279, 0.5881999731063843, 0.5906000137329102, 0.5934000015258789, 0.5960000157356262, 0.5983999967575073, 0.6001999974250793, 0.603600025177002, 0.6057999730110168, 0.607200026512146, 0.6092000007629395, 0.6123999953269958, 0.6158000230789185, 0.6197999715805054, 0.6273999810218811, 0.6507999897003174]], "y_calibration_mse": [0.08866807273715453, 0.08913353599691014], "y_calibration_nmse": [0.9665442433713324, 0.9716181196870078], "calibration_local_dist_to_nearest_train_sample": [[0.5014892658615698, 0.6580701632790278, 0.8146510606964859, 0.9712319581139439, 1.127812855531402, 1.2843937529488598, 1.4409746503663179, 1.597555547783776, 1.754136445201234, 1.910717342618692, 2.06729824003615, 2.223879137453608, 2.3804600348710663, 2.5370409322885243, 2.6936218297059824, 2.8502027271234405, 3.0067836245408985, 3.1633645219583566, 3.3199454193758147, 3.4765263167932727], [0.44743934492935067, 0.5499703214145895, 0.6525012978998284, 0.7550322743850673, 0.8575632508703062, 0.960094227355545, 1.062625203840784, 1.1651561803260226, 1.2676871568112618, 1.3702181332965004, 1.4727491097817396, 1.5752800862669782, 1.677811062752217, 1.780342039237456, 1.8828730157226947, 1.9854039922079338, 2.0879349686931725, 2.1904659451784116, 2.2929969216636503, 2.3955278981488894]], "calibration_local_y": [[0.17638984813192032, 0.111548177046855, 0.142291877880472, 0.13463306918018636, 0.12415790069848012, 0.1310348190479924, 0.12655780549737586, 0.11498801233922325, 0.08745054297965668, 0.08518228821887805, 0.08965714292287921, 0.08377624713519985, 0.08022563693535621, 0.09002361645572428, 0.11401457801825758, 0.09956533560397204, 0.22545554446854243, 0.28637388853365364, 0.3163096926784849, 0.3417372105263158], [0.06843919853988382, 0.07728673122971498, 0.07820100817197698, 0.0779987646865697, 0.08461552626896028, 0.08825650684145864, 0.09293793233015854, 0.09047548175662587, 0.09954664152486103, 0.09692794965519708, 0.08698544416386263, 0.09288968127273386, 0.0909013724029141, 0.08560729254566526, 0.10183773816989498, 0.09784882605132382, 0.09935547484436932, 0.09439318637804019, 0.0917372105263158, 0.0917372105263158]], "next_sample_train_distance": [[1.1619330401791466]], "elpd": [-74.747671831625, -46.35653434940418], "expected_improvement": [null, null], "actual_improvement": [null, [[1.422442799155194]]], "mse": [0.9789519692432676, 0.9244332222789872], "nmse": [0.9979036398372458, 0.9423294566859763], "y_regret_pool": [0.10392094347921743, 0.02966325781303314], "y_regret_test": [0.10849983562485344, 0.034242149958669144], "f_regret_pool": [], "f_regret_test": [], "x_y_opt_dist_pool": [2.4197892767415907, 0.9840354122462114], "x_f_opt_dist_pool": [], "x_y_opt_dist_test": [2.9701914607264723, 1.2574894887537398], "x_f_opt_dist_test": [], "uct_calibration": [0.5460819440735041, 0.5368128800923062], "uct_sharpness": [0.08340815966641264, 0.11165962883932061]}