{"p_array": [0.001, 0.053526315789473686, 0.10605263157894737, 0.15857894736842104, 0.21110526315789474, 0.26363157894736844, 0.3161578947368421, 0.3686842105263158, 0.4212105263157895, 0.4737368421052632, 0.5262631578947369, 0.5787894736842105, 0.6313157894736842, 0.6838421052631579, 0.7363684210526316, 0.7888947368421053, 0.841421052631579, 0.8939473684210526, 0.9464736842105264, 0.999], "mean_sharpness": [-1.2303624941738396, -0.2638963175280727, -0.2638963175280727], "sharpness_error_true_minus_model": [], "posterior_variance": [0.705204793633512, 0.1550939506472827, 0.1550939506472827], "bias_mse": [], "bias_nmse": [], "f_calibration": [], "f_calibration_mse": [], "f_calibration_nmse": [], "y_calibration": [[0.0, 0.0, 0.012400000356137753, 0.12139999866485596, 0.29280000925064087, 0.39419999718666077, 0.4514000117778778, 0.49140000343322754, 0.521399974822998, 0.548799991607666, 0.5705999732017517, 0.5896000266075134, 0.6092000007629395, 0.626800000667572, 0.6466000080108643, 0.6661999821662903, 0.6913999915122986, 0.7343999743461609, 0.8745999932289124, 0.9950000047683716], [0.00419999985024333, 0.0406000018119812, 0.09179999679327011, 0.1581999957561493, 0.22920000553131104, 0.3084000051021576, 0.4018000066280365, 0.46639999747276306, 0.5162000060081482, 0.550599992275238, 0.5985999703407288, 0.6448000073432922, 0.70660001039505, 0.771399974822998, 0.8330000042915344, 0.8790000081062317, 0.9074000120162964, 0.932200014591217, 0.9524000287055969, 0.991599977016449], [0.00419999985024333, 0.0406000018119812, 0.09179999679327011, 0.1581999957561493, 0.22920000553131104, 0.3084000051021576, 0.4018000066280365, 0.46639999747276306, 0.5162000060081482, 0.550599992275238, 0.5985999703407288, 0.6448000073432922, 0.70660001039505, 0.771399974822998, 0.8330000042915344, 0.8790000081062317, 0.9074000120162964, 0.932200014591217, 0.9524000287055969, 0.991599977016449]], "y_calibration_mse": [0.008392235824545714, 0.004040661303484236, 0.004040661303484236], "y_calibration_nmse": [0.09148126236232475, 0.04404604500509779, 0.04404604500509779], "calibration_local_dist_to_nearest_train_sample": [[0.5014892658615698, 0.6580701632790278, 0.8146510606964859, 0.9712319581139439, 1.127812855531402, 1.2843937529488598, 1.4409746503663179, 1.597555547783776, 1.754136445201234, 1.910717342618692, 2.06729824003615, 2.223879137453608, 2.3804600348710663, 2.5370409322885243, 2.6936218297059824, 2.8502027271234405, 3.0067836245408985, 3.1633645219583566, 3.3199454193758147, 3.4765263167932727], [0.4387849233409902, 0.5326614782378685, 0.6265380331347469, 0.7204145880316253, 0.8142911429285037, 0.908167697825382, 1.0020442527222604, 1.0959208076191387, 1.1897973625160172, 1.2836739174128957, 1.3775504723097738, 1.4714270272066523, 1.5653035821035308, 1.659180137000409, 1.7530566918972874, 1.846933246794166, 1.940809801691044, 2.0346863565879225, 2.128562911484801, 2.2224394663816796], [0.4387849233409902, 0.5326614782378685, 0.6265380331347469, 0.7204145880316253, 0.8142911429285037, 0.908167697825382, 1.0020442527222604, 1.0959208076191387, 1.1897973625160172, 1.2836739174128957, 1.3775504723097738, 1.4714270272066523, 1.5653035821035308, 1.659180137000409, 1.7530566918972874, 1.846933246794166, 1.940809801691044, 2.0346863565879225, 2.128562911484801, 2.2224394663816796]], "calibration_local_y": [[0.01853615780380462, 0.016077606336381868, 0.022337379034654554, 0.018898996812353536, 0.017620621939138194, 0.021848280620051716, 0.023235115354487752, 0.015078619739116861, 0.00663505813494233, 0.007180457761036816, 0.006842622412010499, 0.0070370753242159035, 0.01580541985603955, 0.028315265978482572, 0.04608264277055708, 0.038311449058145035, 0.14653143544420832, 0.20781603829762915, 0.24360129629894475, 0.25468743691113926], [0.0036673729966227725, 0.0022031883446904164, 0.006653985510850771, 0.008012055036234367, 0.005065567977440893, 0.007329815263538882, 0.005492454943282759, 0.005285454423296678, 0.006423210041208265, 0.007728541315027935, 0.003597526746265662, 0.0006080125128138001, 0.009609023089749941, 0.008331718887459724, 0.0302481558023532, 0.02825039491701224, 0.10521878947368421, 0.06992142105263158, NaN, 0.173653], [0.0036673729966227725, 0.0022031883446904164, 0.006653985510850771, 0.008012055036234367, 0.005065567977440893, 0.007329815263538882, 0.005492454943282759, 0.005285454423296678, 0.006423210041208265, 0.007728541315027935, 0.003597526746265662, 0.0006080125128138001, 0.009609023089749941, 0.008331718887459724, 0.0302481558023532, 0.02825039491701224, 0.10521878947368421, 0.06992142105263158, NaN, 0.173653]], "elpd": [-1.3649590989983351, -0.28498476633625824, -0.28498476633625824], "expected_improvement": [null, null, null], "actual_improvement": [null, null, null], "mse": [0.8837356865643398, 0.17654864830937692, 0.17654864830937692], "nmse": [0.9008440515813252, 0.1799664787358868, 0.1799664787358868], "y_regret_pool": [0.10392094347921743, 0.10392094347921743, 0.10392094347921743, 0.10392094347921743, 0.10392094347921743, 0.10392094347921743, 0.10392094347921743, 0.10392094347921743, 0.10392094347921743, 0.09237417198152698, 0.09237417198152698, 0.09237417198152698, 0.09237417198152698, 0.09237417198152698, 0.09237417198152698, 0.09237417198152698, 0.09237417198152698, 0.09237417198152698, 0.0680861353829354, 0.0680861353829354, 0.0680861353829354, 0.029464175545831806, 0.029464175545831806, 0.029464175545831806, 0.029464175545831806, 0.029464175545831806, 0.029464175545831806, 0.029464175545831806, 0.029464175545831806, 0.029464175545831806, 0.029464175545831806, 0.029464175545831806, 0.029464175545831806, 0.029464175545831806, 0.029464175545831806, 0.029464175545831806, 0.029464175545831806, 0.029464175545831806, 0.029464175545831806, 0.023690789796986467, 0.023690789796986467, 0.023690789796986467, 0.023690789796986467, 0.023690789796986467, 0.023690789796986467, 0.023690789796986467, 0.023690789796986467, 0.023690789796986467, 0.023690789796986467, 0.023690789796986467, 0.023690789796986467, 0.023690789796986467, 0.006569714817651784, 0.006569714817651784, 0.006569714817651784, 0.006569714817651784, 0.006569714817651784, 0.006569714817651784, 0.006569714817651784, 0.006569714817651784, 0.006569714817651784, 0.006569714817651784, 0.006569714817651784, 0.006569714817651784, 0.006569714817651784, 0.006569714817651784, 0.006569714817651784, 0.006569714817651784, 0.006569714817651784, 0.006569714817651784, 0.006569714817651784, 0.006569714817651784, 0.006569714817651784, 0.006569714817651784, 0.006569714817651784, 0.006569714817651784, 0.006569714817651784, 0.006569714817651784, 0.006569714817651784, 0.006569714817651784, 0.006569714817651784, 0.006569714817651784, 0.006569714817651784, 0.006569714817651784, 0.006569714817651784, 0.006569714817651784, 0.006569714817651784, 0.006569714817651784, 0.006569714817651784, 0.006569714817651784, 0.006569714817651784, 0.006569714817651784, 0.006569714817651784, 0.006569714817651784, 0.006569714817651784, 0.006569714817651784, 0.006569714817651784, 0.006569714817651784, 0.006569714817651784, 0.006569714817651784, 0.006569714817651784, 0.006569714817651784],