{"p_array": [0.001, 0.053526315789473686, 0.10605263157894737, 0.15857894736842104, 0.21110526315789474, 0.26363157894736844, 0.3161578947368421, 0.3686842105263158, 0.4212105263157895, 0.4737368421052632, 0.5262631578947369, 0.5787894736842105, 0.6313157894736842, 0.6838421052631579, 0.7363684210526316, 0.7888947368421053, 0.841421052631579, 0.8939473684210526, 0.9464736842105264, 0.999], "mean_sharpness": [0.870007097340466, -0.19681744109138943], "sharpness_error_true_minus_model": [], "posterior_variance": [0.012934690704926165, 0.11927174744624598], "bias_mse": [], "bias_nmse": [], "f_calibration": [], "f_calibration_mse": [], "f_calibration_nmse": [], "y_calibration": [[0.5284000039100647, 0.5537999868392944, 0.5582000017166138, 0.5630000233650208, 0.5667999982833862, 0.5691999793052673, 0.571399986743927, 0.5738000273704529, 0.5763999819755554, 0.5777999758720398, 0.5799999833106995, 0.5817999839782715, 0.5843999981880188, 0.5861999988555908, 0.5889999866485596, 0.5910000205039978, 0.5964000225067139, 0.5996000170707703, 0.6051999926567078, 0.6266000270843506], [0.4569999873638153, 0.5529999732971191, 0.5722000002861023, 0.5834000110626221, 0.5965999960899353, 0.6047999858856201, 0.6128000020980835, 0.6205999851226807, 0.6294000148773193, 0.6366000175476074, 0.6448000073432922, 0.6589999794960022, 0.6740000247955322, 0.6953999996185303, 0.7179999947547913, 0.7483999729156494, 0.7799999713897705, 0.819599986076355, 0.8651999831199646, 0.9488000273704529]], "y_calibration_mse": [0.08678897884183581, 0.0692173335977485], "y_calibration_nmse": [0.9460608006708409, 0.7545175311156073], "calibration_local_dist_to_nearest_train_sample": [[0.5071285340475428, 0.6677195702996999, 0.8283106065518568, 0.9889016428040138, 1.1494926790561708, 1.310083715308328, 1.470674751560485, 1.631265787812642, 1.791856824064799, 1.952447860316956, 2.113038896569113, 2.27362993282127, 2.4342209690734276, 2.5948120053255845, 2.7554030415777415, 2.9159940778298985, 3.0765851140820555, 3.2371761503342125, 3.3977671865863694, 3.5583582228385264], [0.5051231100040039, 0.6652908199380633, 0.8254585298721226, 0.9856262398061819, 1.1457939497402412, 1.3059616596743004, 1.46612936960836, 1.6262970795424192, 1.7864647894764785, 1.9466324994105377, 2.1068002093445974, 2.2669679192786565, 2.4271356292127155, 2.587303339146775, 2.7474710490808345, 2.907638759014894, 3.0678064689489535, 3.227974178883012, 3.3881418888170716, 3.5483095987511306]], "calibration_local_y": [[0.1542372105263158, 0.1110626672856336, 0.08786235275227043, 0.0860976286434017, 0.08407818598341579, 0.09488721607295066, 0.09829382197911156, 0.09811778756717722, 0.09623702466535408, 0.10230894649065665, 0.09057966513757931, 0.08995992568942801, 0.07957383406122465, 0.09062765569972268, 0.08441516909816399, 0.0918577170257179, 0.11036368409752359, 0.20740466705390032, 0.21155969176565156, 0.3417372105263158], [0.029372617937864748, 0.025192300903910086, 0.013311827798970569, 0.02186152166092104, 0.036550762986370985, 0.06066547668429976, 0.07679633284258537, 0.09785231451440438, 0.0937684838609333, 0.1275182889208113, 0.08897745168984267, 0.10772369195355513, 0.09610747030784551, 0.08542704662213454, 0.08052724261639883, 0.08584282999559369, 0.09358977496963275, 0.15596221556006729, 0.3042872105263158, 0.3417372105263158]], "elpd": [-58.43228239251508, -10.869466966972038], "expected_improvement": [null, null], "actual_improvement": [null, [[2.4697974838825143]]], "mse": [0.9894636719087244, 0.9354056982206858], "nmse": [0.9818259638537847, 0.9281852657391629], "y_regret_pool": [0.12098434041167305, 0.12098434041167305, 0.12098434041167305, 0.12098434041167305, 0.12098434041167305, 0.12098434041167305, 0.12098434041167305, 0.12098434041167305, 0.12098434041167305, 0.12098434041167305, 0.12098434041167305, 0.12098434041167305, 0.12098434041167305, 0.12098434041167305, 0.12098434041167305, 0.12098434041167305, 0.12098434041167305, 0.12098434041167305, 0.12098434041167305, 0.12098434041167305, 0.12098434041167305, 0.12098434041167305, 0.12098434041167305, 0.12098434041167305, 0.12098434041167305, 0.12098434041167305, 0.12098434041167305, 0.12098434041167305, 0.12098434041167305, 0.12098434041167305, 0.12098434041167305, 0.12098434041167305, 0.12098434041167305, 0.12098434041167305, 0.12098434041167305, 0.12098434041167305, 0.12098434041167305, 0.12098434041167305, 0.12098434041167305, 0.12098434041167305, 0.12098434041167305, 0.12098434041167305, 0.12098434041167305, 0.12098434041167305, 0.12098434041167305, 0.12098434041167305, 0.12098434041167305, 0.12098434041167305, 0.12098434041167305, 0.12098434041167305, 0.12098434041167305, 0.12098434041167305, 0.12098434041167305, 0.12098434041167305, 0.12098434041167305, 0.12098434041167305, 0.12098434041167305, 0.12098434041167305, 0.12098434041167305, 0.12098434041167305, 0.12098434041167305, 0.12098434041167305, 0.12098434041167305, 0.12098434041167305, 0.12098434041167305, 0.12098434041167305, 0.12098434041167305, 0.12098434041167305, 0.12098434041167305, 0.12098434041167305, 0.12098434041167305, 0.12098434041167305, 0.12098434041167305, 0.12098434041167305, 0.12098434041167305, 0.12098434041167305, 0.12098434041167305, 0.12098434041167305, 0.12098434041167305, 0.12098434041167305, 0.12098434041167305, 0.12098434041167305, 0.12098434041167305, 0.12098434041167305, 0.12098434041167305, 0.12098434041167305, 0.12098434041167305, 0.12098434041167305, 0.12098434041167305, 0.12098434041167305, 0.12098434041167305, 0.12098434041167305, 0.12098434041167305, 0.12098434041167305, 0.12098434041167305, 0.12098434041167305, 0.12098434041167305, 0.12098434041167305, 0.12098434041167305, 0.12098434041167305, 0.12098434041167305], "y_regret_test": [0.1215832727899484, 0.1215832727899484, 0.1215832727899484, 0.1215832727899484, 0.1215832727899484, 0.1215832727899484, 0.1215832727899484, 0.1215832727899484, 0.1215832727899484, 0.1215832727899484, 0.1215832727899484, 0.1215832727899484, 0.1215832727899484, 0.1215832727899484, 0.1215832727899484, 0.1215832727899484, 0.1215832727899484, 0.1215832727899484, 0.1215832727899484, 0.1215832727899484, 0.1215832727899484, 0.1215832727899484, 0.1215832727899484, 0.1215832727899484, 0.1215832727899484, 0.1215832727899484, 0.1215832727899484, 0.1215832727899484, 0.1215832727899484, 0.1215832727899484, 0.1215832727899484, 0.1215832727899484, 0.1215832727899484, 0.1215832727899484, 0.1215832727899484, 0.1215832727899484, 0.1215832727899484, 0.1215832727899484, 0.1215832727899484, 0.1215832727899484, 0.1215832727899484, 0.1215832727899484, 0.1215832727899484, 0.1215832727899484, 0.1215832727899484, 0.1215832727899484, 0.1215832727899484, 0.1215832727899484, 0.1215832727899484, 0.1215832727899484, 0.1215832727899484, 0.1215832727899484, 0.1215832727899484, 0.1215832727899484, 0.1215832727899484, 0.1215832727899484, 0.1215832727899484, 0.1215832727899484, 0.1215832727899484, 0.1215832727899484, 0.1215832727899484, 0.1215832727899484, 0.1215832727899484, 0.1215832727899484, 0.1215832727899484, 0.1215832727899484, 0.1215832727899484, 0.1215832727899484, 0.1215832727899484, 0.1215832727899484, 0.1215832727899484, 0.1215832727899484, 0.1215832727899484, 0.1215832727899484, 0.1215832727899484, 0.1215832727899484, 0.1215832727899484, 0.1215832727899484, 0.1215832727899484, 0.1215832727899484, 0.1215832727899484, 0.1215832727899484, 0.1215832727899484, 0.1215832727899484, 0.1215832727899484, 0.1215832727899484, 0.1215832727899484, 0.1215832727899484, 0.1215832727899484, 0.1215832727899484, 0.1215832727899484, 0.1215832727899484, 0.1215832727899484, 0.1215832727899484, 0.1215832727899484, 0.1215832727899484, 0.1215832727899484, 0.1215832727899484, 0.1215832727899484, 0.1215832727899484, 0.1215832727899484], "f_regret_pool": [], "f_regret_test": [],