{"p_array": [0.001, 0.053526315789473686, 0.10605263157894737, 0.15857894736842104, 0.21110526315789474, 0.26363157894736844, 0.3161578947368421, 0.3686842105263158, 0.4212105263157895, 0.4737368421052632, 0.5262631578947369, 0.5787894736842105, 0.6313157894736842, 0.6838421052631579, 0.7363684210526316, 0.7888947368421053, 0.841421052631579, 0.8939473684210526, 0.9464736842105264, 0.999], "mean_sharpness": [0.9959292026557011, 0.3621776745276397], "sharpness_error_true_minus_model": [], "posterior_variance": [0.00857210413680722, 0.03460251629583569], "bias_mse": [], "bias_nmse": [], "f_calibration": [], "f_calibration_mse": [], "f_calibration_nmse": [], "y_calibration": [[0.5299999713897705, 0.5511999726295471, 0.5569999814033508, 0.5600000023841858, 0.5630000233650208, 0.5644000172615051, 0.5662000179290771, 0.567799985408783, 0.569599986076355, 0.5712000131607056, 0.5723999738693237, 0.5756000280380249, 0.5777999758720398, 0.5802000164985657, 0.5817999839782715, 0.5838000178337097, 0.5866000056266785, 0.590399980545044, 0.5950000286102295, 0.6161999702453613], [0.5008000135421753, 0.545199990272522, 0.5558000206947327, 0.5616000294685364, 0.5666000247001648, 0.5703999996185303, 0.5758000016212463, 0.579800009727478, 0.5842000246047974, 0.5870000123977661, 0.5888000130653381, 0.592199981212616, 0.5971999764442444, 0.6001999974250793, 0.6051999926567078, 0.6111999750137329, 0.616599977016449, 0.6236000061035156, 0.6322000026702881, 0.7156000137329102]], "y_calibration_mse": [0.0874417335670579, 0.07959250328640134], "y_calibration_nmse": [0.9531762854504313, 0.8676141647403742], "calibration_local_dist_to_nearest_train_sample": [[0.500644532059779, 0.6588144097790954, 0.8169842874984119, 0.9751541652177285, 1.133324042937045, 1.2914939206563614, 1.449663798375678, 1.6078336760949945, 1.766003553814311, 1.9241734315336276, 2.082343309252944, 2.2405131869722608, 2.398683064691577, 2.5568529424108934, 2.7150228201302102, 2.8731926978495266, 3.031362575568843, 3.1895324532881597, 3.347702331007476, 3.505872208726793], [0.46779240934217536, 0.5931101643438883, 0.7184279193456012, 0.8437456743473142, 0.9690634293490271, 1.09438118435074, 1.2196989393524529, 1.345016694354166, 1.470334449355879, 1.5956522043575918, 1.7209699593593046, 1.8462877143610177, 1.9716054693627307, 2.096923224364444, 2.2222409793661564, 2.3475587343678694, 2.4728764893695825, 2.5981942443712955, 2.723511999373008, 2.848829754374721]], "calibration_local_y": [[0.10355195617288451, 0.09363191609991359, 0.08449277733032695, 0.07503265396539094, 0.08744907077375166, 0.0931801423975613, 0.0969884390042731, 0.0898253371629675, 0.09293736958417778, 0.0949353163396639, 0.0870959431867316, 0.0903995508760982, 0.08372602826058685, 0.08540922111306196, 0.09683027615638336, 0.10605530649220847, 0.10145962974514473, 0.07538104826773197, 0.11951498499272453, 0.1548277348317975], [0.1395443808629527, 0.10139886638163302, 0.09121745372006075, 0.07473063014320766, 0.07621890480435083, 0.07003482410236006, 0.07298090510365605, 0.06971252016414402, 0.08270718208822923, 0.09508010108035579, 0.12814532729749065, 0.12812932530115245, 0.1754066202683808, 0.1914988713375181, 0.1924479165352535, 0.2475543726583151, 0.34173721052631584, 0.34173721052631584, 0.34173721052631584, 0.34173721052631584]], "elpd": [-68.97935061682607, -25.415189802590145], "expected_improvement": [null, null], "actual_improvement": [null, [[2.4953558595618475]]], "mse": [1.0086923168816073, 0.937294081369396], "nmse": [0.9845346349314952, 0.9148463518363257], "y_regret_pool": [0.10303946982635881, 0.10303946982635881, 0.10303946982635881, 0.10303946982635881, 0.10303946982635881, 0.10303946982635881, 0.10303946982635881, 0.10303946982635881, 0.10303946982635881, 0.10303946982635881, 0.10303946982635881, 0.10303946982635881, 0.10303946982635881, 0.10303946982635881, 0.10303946982635881, 0.10303946982635881, 0.10303946982635881, 0.10303946982635881, 0.10303946982635881, 0.10303946982635881, 0.10303946982635881, 0.10303946982635881, 0.10303946982635881, 0.10303946982635881, 0.10303946982635881, 0.10303946982635881, 0.10303946982635881, 0.10303946982635881, 0.10303946982635881, 0.10303946982635881, 0.10303946982635881, 0.10303946982635881, 0.10303946982635881, 0.10303946982635881, 0.10303946982635881, 0.10303946982635881, 0.10303946982635881, 0.10303946982635881, 0.10303946982635881, 0.10303946982635881, 0.10303946982635881, 0.10303946982635881, 0.10303946982635881, 0.10303946982635881, 0.10303946982635881, 0.10303946982635881, 0.10303946982635881, 0.10303946982635881, 0.10303946982635881, 0.10303946982635881, 0.10303946982635881, 0.10303946982635881, 0.10303946982635881, 0.10303946982635881, 0.10303946982635881, 0.10303946982635881, 0.10303946982635881, 0.10303946982635881, 0.10303946982635881, 0.10303946982635881, 0.10303946982635881, 0.10303946982635881, 0.10303946982635881, 0.10303946982635881, 0.10303946982635881, 0.10303946982635881, 0.10303946982635881, 0.10303946982635881, 0.10303946982635881, 0.10303946982635881, 0.10303946982635881, 0.10303946982635881, 0.10303946982635881, 0.10303946982635881, 0.10303946982635881, 0.10303946982635881, 0.10303946982635881, 0.10303946982635881, 0.10303946982635881, 0.10303946982635881, 0.10303946982635881, 0.10303946982635881, 0.10303946982635881, 0.10303946982635881, 0.10303946982635881, 0.10303946982635881, 0.10303946982635881, 0.10303946982635881, 0.10303946982635881, 0.10303946982635881, 0.10303946982635881, 0.10303946982635881, 0.10303946982635881, 0.10303946982635881, 0.10303946982635881, 0.10303946982635881, 0.10303946982635881, 0.10303946982635881, 0.10303946982635881, 0.10303946982635881, 0.10303946982635881], "y_regret_test": [0.10303946982635881, 0.10303946982635881, 0.10303946982635881, 0.10303946982635881, 0.10303946982635881, 0.10303946982635881, 0.10303946982635881, 0.10303946982635881, 0.10303946982635881, 0.10303946982635881, 0.10303946982635881, 0.10303946982635881, 0.10303946982635881, 0.10303946982635881, 0.10303946982635881, 0.10303946982635881, 0.10303946982635881, 0.10303946982635881, 0.10303946982635881, 0.10303946982635881, 0.10303946982635881, 0.10303946982635881, 0.10303946982635881, 0.10303946982635881, 0.10303946982635881, 0.10303946982635881, 0.10303946982635881, 0.10303946982635881, 0.10303946982635881, 0.10303946982635881, 0.10303946982635881, 0.10303946982635881, 0.10303946982635881, 0.10303946982635881, 0.10303946982635881, 0.10303946982635881, 0.10303946982635881, 0.10303946982635881, 0.10303946982635881, 0.10303946982635881, 0.10303946982635881, 0.10303946982635881, 0.10303946982635881, 0.10303946982635881, 0.10303946982635881, 0.10303946982635881, 0.10303946982635881, 0.10303946982635881, 0.10303946982635881, 0.10303946982635881, 0.10303946982635881, 0.10303946982635881, 0.10303946982635881, 0.10303946982635881, 0.10303946982635881, 0.10303946982635881, 0.10303946982635881, 0.10303946982635881, 0.10303946982635881, 0.10303946982635881, 0.10303946982635881, 0.10303946982635881, 0.10303946982635881, 0.10303946982635881, 0.10303946982635881, 0.10303946982635881, 0.10303946982635881, 0.10303946982635881, 0.10303946982635881, 0.10303946982635881, 0.10303946982635881, 0.10303946982635881, 0.10303946982635881, 0.10303946982635881, 0.10303946982635881, 0.10303946982635881, 0.10303946982635881, 0.10303946982635881, 0.10303946982635881, 0.10303946982635881, 0.10303946982635881, 0.10303946982635881, 0.10303946982635881, 0.10303946982635881, 0.10303946982635881, 0.10303946982635881, 0.10303946982635881, 0.10303946982635881, 0.10303946982635881, 0.10303946982635881, 0.10303946982635881, 0.10303946982635881, 0.10303946982635881, 0.10303946982635881, 0.10303946982635881, 0.10303946982635881, 0.10303946982635881, 0.10303946982635881, 0.10303946982635881, 0.10303946982635881, 0.10303946982635881], "f_regret_pool": [], "f_regret_test": [],