{"p_array": [0.001, 0.053526315789473686, 0.10605263157894737, 0.15857894736842104, 0.21110526315789474, 0.26363157894736844, 0.3161578947368421, 0.3686842105263158, 0.4212105263157895, 0.4737368421052632, 0.5262631578947369, 0.5787894736842105, 0.6313157894736842, 0.6838421052631579, 0.7363684210526316, 0.7888947368421053, 0.841421052631579, 0.8939473684210526, 0.9464736842105264, 0.999], "mean_sharpness": [0.9803275160845678, 1.2534685913571826, 1.2160811029023866], "sharpness_error_true_minus_model": [], "posterior_variance": [0.008697726982014257, 0.004957662861111295, 0.005347255059120947], "bias_mse": [], "bias_nmse": [], "f_calibration": [], "f_calibration_mse": [], "f_calibration_nmse": [], "y_calibration": [[0.5365999937057495, 0.5604000091552734, 0.567799985408783, 0.5708000063896179, 0.5740000009536743, 0.5763999819755554, 0.5784000158309937, 0.5799999833106995, 0.5820000171661377, 0.5839999914169312, 0.5852000117301941, 0.5871999859809875, 0.5902000069618225, 0.5917999744415283, 0.5942000150680542, 0.5960000157356262, 0.599399983882904, 0.6032000184059143, 0.6064000129699707, 0.6273999810218811], [0.5379999876022339, 0.557200014591217, 0.5618000030517578, 0.5641999840736389, 0.5666000247001648, 0.5685999989509583, 0.571399986743927, 0.5723999738693237, 0.5752000212669373, 0.5771999955177307, 0.5781999826431274, 0.5788000226020813, 0.5799999833106995, 0.58160001039505, 0.5830000042915344, 0.5849999785423279, 0.5871999859809875, 0.5898000001907349, 0.5943999886512756, 0.6104000210762024], [0.5351999998092651, 0.555400013923645, 0.5601999759674072, 0.5630000233650208, 0.5663999915122986, 0.567799985408783, 0.5691999793052673, 0.571399986743927, 0.5734000205993652, 0.5753999948501587, 0.5771999955177307, 0.578000009059906, 0.5795999765396118, 0.5806000232696533, 0.5817999839782715, 0.5834000110626221, 0.5866000056266785, 0.5892000198364258, 0.5938000082969666, 0.6082000136375427]], "y_calibration_mse": [0.08879249813869407, 0.08938587506345443, 0.08906915178040078], "y_calibration_nmse": [0.9679005676025324, 0.974368792670158, 0.9709162865253065], "calibration_local_dist_to_nearest_train_sample": [[0.4869501588052503, 0.6286464202047508, 0.7703426816042513, 0.9120389430037519, 1.0537352044032524, 1.195431465802753, 1.3371277272022535, 1.478823988601754, 1.6205202500012545, 1.762216511400755, 1.9039127728002556, 2.045609034199756, 2.1873052955992565, 2.329001556998757, 2.4706978183982575, 2.6123940797977583, 2.754090341197259, 2.8957866025967594, 3.0374828639962597, 3.1791791253957604], [0.43136861028741263, 0.5174833231690757, 0.6035980360507389, 0.689712748932402, 0.775827461814065, 0.8619421746957282, 0.9480568875773914, 1.0341716004590544, 1.1202863133407175, 1.2064010262223808, 1.2925157391040438, 1.3786304519857069, 1.46474516486737, 1.5508598777490332, 1.6369745906306963, 1.7230893035123593, 1.8092040163940224, 1.8953187292756855, 1.9814334421573487, 2.067548155039012], [0.43136861028741263, 0.5174833231690757, 0.6035980360507389, 0.689712748932402, 0.775827461814065, 0.8619421746957282, 0.9480568875773914, 1.0341716004590544, 1.1202863133407175, 1.2064010262223808, 1.2925157391040438, 1.3786304519857069, 1.46474516486737, 1.5508598777490332, 1.6369745906306963, 1.7230893035123593, 1.8092040163940224, 1.8953187292756855, 1.9814334421573487, 2.067548155039012]], "calibration_local_y": [[0.07974159754476659, 0.08694601808031169, 0.0777311167346523, 0.09745289870661875, 0.11607382057146817, 0.10775774146769516, 0.10345629491531058, 0.10593377704324106, 0.0986638436360386, 0.101018597261694, 0.08836073878390213, 0.0847530954538905, 0.08318236142016991, 0.0866247847651206, 0.08345148329595554, 0.09243095671876897, 0.08245922173561408, 0.13173720575794434, 0.25909258021044057, 0.21928822637289916], [0.07780515580058153, 0.0858839417409368, 0.09065716485808514, 0.09029662622461505, 0.08880282519674423, 0.09443113178355751, 0.10321305374407475, 0.09407006037710941, 0.0929343822777238, 0.08839346273014873, 0.08944724654547145, 0.08759239218079436, 0.09336904867903142, 0.08126407527521422, 0.09068294491624804, 0.1117638420384921, 0.09185625346372124, 0.09564346052631578, 0.09575721600875156, 0.11951499492683226], [0.07934339449538123, 0.08502310550697086, 0.09031888691283034, 0.08967432658989818, 0.08850962581291663, 0.09359701004268242, 0.10252823254602332, 0.0937576732171869, 0.09261852105246146, 0.08836054377293304, 0.08946923650490828, 0.0877567249640449, 0.09330469212225151, 0.08119935893543281, 0.09124853720467987, 0.1117638420384921, 0.09232002050936162, 0.09232939802631579, 0.09575721600875156, 0.11951499492683226]], "elpd": [-61.03994465022597, -104.92393035790289, -95.20853025253443], "expected_improvement": [null, null, null], "actual_improvement": [null, null, null], "mse": [0.9871234391069414, 0.9913072218869226, 0.9943463959534647], "nmse": [0.9973663425917418, 1.0015935384662955, 1.004664248575245], "y_regret_pool": [0.13975357454785997, 0.13975357454785997, 0.13975357454785997, 0.1317904079069563, 0.1317904079069563, 0.02050515410032694, 0.02050515410032694, 0.02050515410032694, 0.02050515410032694, 0.02050515410032694, 0.02050515410032694, 0.02050515410032694, 0.02050515410032694, 0.02050515410032694, 0.02050515410032694, 0.02050515410032694, 0.02050515410032694, 0.02050515410032694, 0.02050515410032694, 0.02050515410032694, 0.02050515410032694, 0.02050515410032694, 0.02050515410032694, 0.02050515410032694, 0.02050515410032694, 0.02050515410032694, 0.02050515410032694, 0.02050515410032694, 0.02050515410032694, 0.02050515410032694, 0.02050515410032694, 0.02050515410032694, 0.02050515410032694, 0.02050515410032694, 0.02050515410032694, 0.02050515410032694, 0.02050515410032694, 0.02050515410032694, 0.02050515410032694, 0.02050515410032694, 0.02050515410032694, 0.02050515410032694, 0.02050515410032694, 0.02050515410032694, 0.02050515410032694, 0.02050515410032694, 0.02050515410032694, 0.02050515410032694, 0.02050515410032694, 0.02050515410032694, 0.02050515410032694, 0.02050515410032694, 0.02050515410032694, 0.02050515410032694, 0.02050515410032694, 0.02050515410032694, 0.02050515410032694, 0.02050515410032694, 0.02050515410032694, 0.02050515410032694, 0.02050515410032694, 0.02050515410032694, 0.02050515410032694, 0.02050515410032694, 0.02050515410032694, 0.02050515410032694, 0.02050515410032694, 0.02050515410032694, 0.02050515410032694, 0.02050515410032694, 0.02050515410032694, 0.02050515410032694, 0.02050515410032694, 0.02050515410032694, 0.02050515410032694, 0.02050515410032694, 0.02050515410032694, 0.02050515410032694, 0.02050515410032694, 0.02050515410032694, 0.02050515410032694, 0.02050515410032694, 0.02050515410032694, 0.02050515410032694, 0.02050515410032694, 0.02050515410032694, 0.02050515410032694, 0.02050515410032694, 0.02050515410032694, 0.02050515410032694, 0.02050515410032694, 0.02050515410032694, 0.02050515410032694, 0.02050515410032694, 0.02050515410032694, 0.02050515410032694, 0.02050515410032694, 0.02050515410032694, 0.02050515410032694, 0.02050515410032694, 0.02050515410032694, 0.02050515410032694],