{"p_array": [0.001, 0.053526315789473686, 0.10605263157894737, 0.15857894736842104, 0.21110526315789474, 0.26363157894736844, 0.3161578947368421, 0.3686842105263158, 0.4212105263157895, 0.4737368421052632, 0.5262631578947369, 0.5787894736842105, 0.6313157894736842, 0.6838421052631579, 0.7363684210526316, 0.7888947368421053, 0.841421052631579, 0.8939473684210526, 0.9464736842105264, 0.999], "mean_sharpness": [-0.9636339074855694, -0.09104284817364605], "sharpness_error_true_minus_model": [], "posterior_variance": [0.4458366084364458, 0.07871008876943437], "bias_mse": [], "bias_nmse": [], "f_calibration": [], "f_calibration_mse": [], "f_calibration_nmse": [], "y_calibration": [[0.004399999976158142, 0.0414000004529953, 0.07119999825954437, 0.10920000076293945, 0.15639999508857727, 0.2037999927997589, 0.2651999890804291, 0.3319999873638153, 0.39559999108314514, 0.45339998602867126, 0.5058000087738037, 0.5436000227928162, 0.5644000172615051, 0.5857999920845032, 0.602400004863739, 0.6262000203132629, 0.6488000154495239, 0.6949999928474426, 0.7462000250816345, 0.9556000232696533], [0.0729999989271164, 0.2896000146865845, 0.3630000054836273, 0.41040000319480896, 0.4456000030040741, 0.4742000102996826, 0.49799999594688416, 0.5303999781608582, 0.5519999861717224, 0.5776000022888184, 0.5960000157356262, 0.6158000230789185, 0.6326000094413757, 0.6534000039100647, 0.6732000112533569, 0.6955999732017517, 0.7203999757766724, 0.7522000074386597, 0.7947999835014343, 0.9070000052452087]], "y_calibration_mse": [0.009711807355682148, 0.023142614069415677], "y_calibration_nmse": [0.10586551847351204, 0.25227074092008683], "calibration_local_dist_to_nearest_train_sample": [[0.49935063497275534, 0.6550331511386791, 0.810715667304603, 0.9663981834705268, 1.1220806996364505, 1.2777632158023744, 1.433445731968298, 1.589128248134222, 1.7448107643001458, 1.9004932804660695, 2.0561757966319933, 2.2118583127979172, 2.367540828963841, 2.5232233451297645, 2.6789058612956884, 2.8345883774616123, 2.990270893627536, 3.14595340979346, 3.3016359259593835, 3.4573184421253074], [0.47038143457652615, 0.5970947503462207, 0.7238080661159153, 0.8505213818856099, 0.9772346976553045, 1.103948013424999, 1.2306613291946937, 1.3573746449643882, 1.4840879607340827, 1.6108012765037774, 1.737514592273472, 1.8642279080431665, 1.990941223812861, 2.1176545395825555, 2.2443678553522504, 2.371081171121945, 2.4977944868916393, 2.6245078026613338, 2.7512211184310287, 2.877934434200723]], "calibration_local_y": [[0.005909132606567769, 0.0112250497225426, 0.0015888532235971225, 0.0030093402307745745, 0.003681582476566593, 0.003056820653097942, 0.005281194135330157, 0.0070588918938561205, 0.009778748630796353, 0.01086316083615287, 0.012076244349299289, 0.017224496438121715, 0.018390236164644892, 0.02078905642301488, 0.048501089915689626, 0.08727918041126323, 0.08951474941173891, 0.0688193168093406, 0.07910796967198731, 0.08403881857839737], [0.0417025865270228, 0.023313049737919776, 0.05054032208617415, 0.05434011592674509, 0.047117207539796306, 0.057312642138369375, 0.05590594425525501, 0.04133785990793234, 0.03532986865540378, 0.031566636704319403, 0.025932981625927304, 0.023724871803563488, 0.027292906490585973, 0.04259958866506257, 0.04999926282569995, 0.05187758929279542, 0.03947716959364446, 0.11372741975828775, 0.03640071748042688, 0.10663984210526316]], "elpd": [-1.6530176163804682, -2.678302111112418], "expected_improvement": [null, null], "actual_improvement": [null, [[0.014644826482925533]]], "mse": [0.8731324778641752, 0.4146371949297727], "nmse": [0.864767517264517, 0.41066480369857633], "y_regret_pool": [0.19900914891866106, 0.19900914891866106, 0.19900914891866106, 0.19519748175187224, 0.19519748175187224, 0.19519748175187224, 0.10291501350329924, 0.09368676667844222, 0.09368676667844222, 0.09368676667844222, 0.09368676667844222, 0.09368676667844222, 0.09368676667844222, 0.09368676667844222, 0.09368676667844222, 0.09368676667844222, 0.03911974197493828, 0.03911974197493828, 0.03911974197493828, 0.03911974197493828, 0.03911974197493828, 0.028286582658801462, 0.028286582658801462, 0.028286582658801462, 0.028286582658801462, 0.028286582658801462, 0.028286582658801462, 0.028286582658801462, 0.028286582658801462, 0.023471845184963147, 0.023471845184963147, 0.023471845184963147, 0.023471845184963147, 0.012237457746006264, 0.012237457746006264, 0.012237457746006264, 0.012237457746006264, 0.012237457746006264, 0.012237457746006264, 0.012237457746006264, 0.012237457746006264, 0.012237457746006264, 0.012237457746006264, 0.012237457746006264, 0.012237457746006264, 0.012237457746006264, 0.012237457746006264, 0.012237457746006264, 0.012237457746006264, 0.012237457746006264, 0.012237457746006264, 0.012237457746006264, 0.012237457746006264, 0.012237457746006264, 0.012237457746006264, 0.012237457746006264, 0.012237457746006264, 0.012237457746006264, 0.012237457746006264, 0.012237457746006264, 0.012237457746006264, 0.012237457746006264, 0.012237457746006264, 0.012237457746006264, 0.012237457746006264, 0.012237457746006264, 0.012237457746006264, 0.012237457746006264, 0.012237457746006264, 0.012237457746006264, 0.012237457746006264, 0.012237457746006264, 0.012237457746006264, 0.012237457746006264, 0.012237457746006264, 0.012237457746006264, 0.012237457746006264, 0.012237457746006264, 0.012237457746006264, 0.012237457746006264, 0.012237457746006264, 0.012237457746006264, 0.012237457746006264, 0.012237457746006264, 0.012237457746006264, 0.012237457746006264, 0.012237457746006264, 0.012237457746006264, 0.012237457746006264, 0.012237457746006264, 0.012237457746006264, 0.012237457746006264, 0.012237457746006264, 0.012237457746006264, 0.012237457746006264, 0.012237457746006264, 0.0, 0.0, 0.0, 0.0, 0.0], "y_regret_test": [0.20221897390122023, 0.20221897390122023, 0.20221897390122023, 0.1984073067344314, 0.1984073067344314, 0.1984073067344314, 0.10612483848585841, 0.0968965916610014, 0.0968965916610014, 0.0968965916610014, 0.0968965916610014, 0.0968965916610014, 0.0968965916610014, 0.0968965916610014, 0.0968965916610014, 0.0968965916610014, 0.042329566957497455, 0.042329566957497455, 0.042329566957497455, 0.042329566957497455, 0.042329566957497455, 0.031496407641360635, 0.031496407641360635, 0.031496407641360635, 0.031496407641360635, 0.031496407641360635, 0.031496407641360635, 0.031496407641360635, 0.031496407641360635, 0.02668167016752232, 0.02668167016752232, 0.02668167016752232, 0.02668167016752232, 0.015447282728565437, 0.015447282728565437, 0.015447282728565437, 0.015447282728565437, 0.015447282728565437, 0.015447282728565437, 0.015447282728565437, 0.015447282728565437, 0.015447282728565437, 0.015447282728565437, 0.015447282728565437, 0.015447282728565437, 0.015447282728565437, 0.015447282728565437, 0.015447282728565437, 0.015447282728565437, 0.015447282728565437, 0.015447282728565437, 0.015447282728565437, 0.015447282728565437, 0.015447282728565437, 0.015447282728565437, 0.015447282728565437, 0.015447282728565437, 0.015447282728565437, 0.015447282728565437, 0.015447282728565437, 0.015447282728565437, 0.015447282728565437, 0.015447282728565437, 0.015447282728565437, 0.015447282728565437, 0.015447282728565437, 0.015447282728565437, 0.015447282728565437, 0.015447282728565437, 0.015447282728565437, 0.015447282728565437, 0.015447282728565437, 0.015447282728565437, 0.015447282728565437, 0.015447282728565437, 0.015447282728565437, 0.015447282728565437, 0.015447282728565437, 0.015447282728565437, 0.015447282728565437, 0.015447282728565437, 0.015447282728565437, 0.015447282728565437, 0.015447282728565437, 0.015447282728565437, 0.015447282728565437, 0.015447282728565437, 0.015447282728565437, 0.015447282728565437, 0.015447282728565437, 0.015447282728565437, 0.015447282728565437, 0.015447282728565437, 0.015447282728565437, 0.015447282728565437, 0.015447282728565437, 0.003209824982559173, 0.003209824982559173, 0.003209824982559173, 0.003209824982559173, 0.003209824982559173], "f_regret_pool": [], "f_regret_test": [],